Jan 02 2014,52.12,52.33,51.52,51.98,43.06,4569100
Jan 02 2015,65.44,66.40,65.44,65.89,56.34,5086100
Jan 02 2018,97.14,98.90,96.75,98.41,93.57,4561300
Jan 02 2019,91.24,91.26,88.42,89.23,88.15,6908400
Jan 03 2013,35.00,35.00,34.16,34.83,27.74,16739300
Jan 03 2014,52.25,52.67,51.97,52.30,43.32,4794300
Jan 03 2017,62.92,63.03,61.94,62.41,57.25,9328200
Jan 03 2018,98.55,100.10,98.04,99.95,95.03,4702300
Jan 03 2019,88.64,88.80,86.08,86.29,85.24,7653200
Jan 04 2013,34.62,34.89,34.25,34.39,27.39,21372100
Jan 04 2016,58.06,58.32,56.40,57.61,50.88,10308400
Jan 04 2017,62.64,63.80,62.64,63.29,58.06,8674800
Jan 04 2018,100.07,100.12,98.35,99.38,94.49,3579000
Jan 04 2019,87.75,89.14,86.27,89.07,87.99,8910600
Jan 05 2015,65.50,66.10,63.88,64.65,55.28,8007400
Jan 05 2016,57.99,58.25,56.82,57.37,50.67,7179600
Jan 05 2017,63.38,63.95,63.03,63.77,58.50,5359400
Jan 05 2018,99.34,101.20,98.56,101.11,96.14,4599300
Jan 06 2014,52.70,52.70,50.03,50.39,41.74,11871100
Jan 06 2015,65.62,65.75,63.70,64.33,55.01,5483700
Jan 06 2016,56.37,57.56,56.18,57.38,50.68,8952700
Jan 06 2017,63.88,64.00,63.52,63.79,58.52,4722300
Jan 07 2013,34.15,35.45,34.15,34.46,27.45,17897100
Jan 07 2014,50.84,51.21,50.30,50.49,41.82,9719900
Jan 07 2015,64.57,67.05,64.48,66.93,57.23,8283300
Jan 07 2016,56.52,57.84,56.34,57.21,50.53,9292600
Jan 07 2019,90.07,90.76,89.20,90.37,89.28,7281500
Jan 08 2013,34.29,34.64,33.36,33.71,26.85,17863300
Jan 08 2014,50.63,51.11,50.24,50.36,41.72,6811100
Jan 08 2015,68.16,68.29,67.42,67.63,57.83,7949000
Jan 08 2016,57.55,57.81,55.48,55.65,49.15,7985200
Jan 08 2018,101.28,101.28,98.18,99.49,94.60,5582000
Jan 08 2019,91.20,92.30,90.40,90.79,89.69,7478300
Jan 09 2013,33.61,33.95,33.61,33.90,27.00,18800400
Jan 09 2014,50.59,51.65,49.87,51.22,42.43,6960300
Jan 09 2015,66.69,67.20,65.11,65.78,56.25,8775500
Jan 09 2017,63.80,64.38,63.75,64.21,58.90,8784800
Jan 09 2018,99.49,100.66,98.70,100.24,95.31,4055400
Jan 10 2013,33.66,34.00,33.33,34.00,27.08,15658100
Jan 10 2014,51.27,51.49,50.76,50.90,42.16,5517700
Jan 10 2017,64.05,64.50,63.77,64.07,58.77,6523500
Jan 10 2018,99.65,100.20,99.18,99.69,94.79,4608600
Jan 11 2013,33.59,33.90,33.35,33.85,27.28,11191500
Jan 11 2016,55.86,55.98,52.83,53.88,47.59,10468000
Jan 11 2017,63.38,63.65,60.59,61.14,56.65,13565200
Jan 11 2018,99.37,99.49,98.56,99.27,95.06,4240900
Jan 12 2015,66.34,66.93,65.31,65.76,56.23,6159800
Jan 12 2016,54.47,54.97,53.57,54.84,48.43,6799600
Jan 12 2017,60.77,61.43,60.42,61.28,56.78,8194400
Jan 12 2018,99.34,100.64,98.66,100.34,96.09,4372600
Jan 13 2014,50.66,50.74,49.64,49.83,41.60,7055200
Jan 13 2015,65.72,66.07,62.91,63.39,54.61,13908400
Jan 13 2016,54.55,54.62,50.98,51.18,45.68,10432200
Jan 13 2017,61.35,62.41,61.05,61.99,57.44,7295100
Jan 14 2013,34.01,34.25,33.80,34.09,27.48,11584900
Jan 14 2014,49.94,50.88,49.63,50.60,42.25,6610800
Jan 14 2015,62.62,64.07,61.86,63.70,54.88,9448300
Jan 14 2016,51.32,56.83,50.71,54.56,48.69,16704900
Jan 15 2013,33.71,34.72,33.71,34.60,27.89,13040200
Jan 15 2014,50.65,50.67,50.07,50.11,41.84,4728400
Jan 15 2015,64.00,64.11,62.87,62.89,54.18,6149100
Jan 15 2016,53.01,57.41,53.01,57.34,51.17,27008800
Jan 16 2013,34.47,35.54,34.45,35.54,28.65,16512700
Jan 16 2014,50.10,50.62,50.02,50.50,42.16,4972300
Jan 16 2015,62.95,64.62,62.64,64.54,55.60,8106000
Jan 16 2018,100.26,103.00,100.00,102.49,98.15,8528600
Jan 17 2013,35.75,36.70,35.75,36.42,29.36,14424800
Jan 17 2014,50.64,50.66,50.01,50.06,41.80,8606800
Jan 17 2017,61.75,62.04,61.10,61.86,57.32,7765000
Jan 17 2018,103.00,104.84,102.55,104.36,99.94,5350800
Jan 18 2013,36.43,37.32,36.04,37.32,30.08,17842200
Jan 18 2017,61.76,62.14,61.32,61.66,57.13,5519400
Jan 18 2018,104.29,104.85,103.44,103.81,99.41,6371200
Jan 19 2016,57.53,57.73,54.23,54.99,49.08,13644500
Jan 19 2017,61.45,61.88,61.12,61.38,56.87,5384200
Jan 19 2018,104.33,104.87,103.55,104.64,100.21,4991300
Jan 20 2015,65.06,65.29,62.75,63.45,54.66,9061000
Jan 20 2016,54.21,57.93,53.70,57.15,51.00,11993100
Jan 20 2017,61.41,61.77,61.08,61.15,56.66,6730000
Jan 21 2014,50.26,50.92,49.91,50.00,41.75,5823000
Jan 21 2015,63.10,63.45,62.28,62.70,54.02,7979500
Jan 21 2016,57.29,58.77,56.92,58.36,52.08,12097000
Jan 22 2013,36.98,37.25,35.93,36.42,29.36,15809700
Jan 22 2014,49.98,50.00,48.62,49.08,40.98,8181700
Jan 22 2015,63.20,63.45,61.88,62.98,54.26,8941700
Jan 22 2016,59.10,59.43,57.82,58.83,52.50,10383800
Jan 22 2018,104.70,106.54,104.46,106.49,101.98,4538100
Jan 23 2013,36.91,37.84,36.50,37.80,30.47,10981600
Jan 23 2014,48.74,49.06,48.39,48.87,40.80,7270500
Jan 23 2015,63.66,63.66,62.35,62.43,53.78,6868600
Jan 23 2017,61.02,61.26,60.68,60.96,56.48,5244700
Jan 23 2018,106.17,106.97,105.03,105.38,100.91,5095300
Jan 24 2013,37.79,38.52,37.23,37.46,30.19,11327100
Jan 24 2014,48.42,49.10,47.77,47.79,39.90,9197900
Jan 24 2017,60.91,60.93,59.67,60.58,56.13,6642000
Jan 24 2018,105.26,106.23,104.10,105.51,101.04,4436500
Jan 25 2013,37.52,37.84,36.64,37.60,30.31,8934600
Jan 25 2016,59.03,59.81,58.18,58.65,52.34,9681900
Jan 25 2017,60.60,61.63,60.34,61.38,56.87,8052800
Jan 25 2018,105.95,108.37,105.74,108.30,103.71,6327500
Jan 26 2015,62.26,63.04,61.68,62.83,54.13,8178600
Jan 26 2016,59.01,59.27,57.21,58.26,52.00,7419000
Jan 26 2017,61.16,61.90,61.07,61.27,56.77,7765300
Jan 26 2018,114.50,125.86,113.50,123.21,117.99,19614500
Jan 27 2014,47.79,47.83,46.42,46.83,39.10,10749800
Jan 27 2015,62.33,63.50,62.20,63.10,54.36,6532300
Jan 27 2016,58.36,58.93,56.45,57.11,50.97,9077700
Jan 27 2017,60.00,61.25,59.52,60.00,55.60,14151200
Jan 28 2013,37.65,37.87,36.71,36.89,29.73,7140100
Jan 28 2014,47.08,48.47,47.08,47.69,39.82,12298600
Jan 28 2015,63.44,63.56,61.69,61.85,53.29,6910100
Jan 28 2016,57.23,57.73,54.78,55.85,49.84,10521100
Jan 29 2013,36.71,37.46,36.25,37.31,30.07,8838500
Jan 29 2014,47.15,47.84,46.98,47.61,39.75,7608500
Jan 29 2015,62.12,63.38,61.59,63.12,54.38,8485600
Jan 29 2016,53.42,55.31,53.42,54.90,49.00,17768700
Jan 29 2018,121.50,124.15,118.98,122.31,117.13,10182700
Jan 30 2013,36.81,37.53,36.81,36.93,29.77,10841800
Jan 30 2014,47.97,48.88,47.90,48.31,40.33,7669500
Jan 30 2015,62.09,62.68,60.12,60.35,51.99,17582500
Jan 30 2017,59.91,60.47,59.27,60.43,55.99,7792700
Jan 30 2018,119.42,121.45,115.87,115.88,110.97,11851400
Jan 31 2013,36.84,36.93,36.27,36.69,29.57,10720700
Jan 31 2014,49.94,50.55,49.07,49.23,41.10,12863500
Jan 31 2017,60.01,61.32,59.75,61.11,56.62,8149800
Jan 31 2018,116.21,116.50,111.29,112.22,107.46,15744800
Feb 01 2013,36.84,37.20,36.52,37.18,29.97,9527500
Feb 01 2016,54.16,54.88,52.51,54.39,48.54,11693300
Feb 01 2017,61.07,61.10,60.27,60.89,56.42,5888700
Feb 01 2018,112.24,117.53,112.23,116.34,111.41,9943500
Feb 02 2015,61.49,61.49,58.65,60.70,52.29,11491100
Feb 02 2016,53.64,54.78,53.32,53.95,48.15,7918300
Feb 02 2017,60.65,61.12,60.48,60.89,56.42,5365300
Feb 02 2018,115.50,117.93,114.92,115.17,110.29,7184400
Feb 03 2014,49.40,49.49,47.06,47.35,39.53,10314600
Feb 03 2015,61.60,61.76,59.98,61.65,53.11,10715300
Feb 03 2016,54.53,57.18,54.05,56.84,50.73,16435700
Feb 03 2017,60.90,61.06,60.44,60.67,56.22,6470300
Feb 04 2013,36.64,37.30,36.55,37.28,30.05,6348000
Feb 04 2014,47.18,47.97,46.95,47.95,40.03,9606100
Feb 04 2015,58.95,58.95,56.65,56.91,49.03,31250600
Feb 04 2016,56.74,57.31,55.36,56.76,50.66,10231000
Feb 05 2013,37.42,37.73,37.18,37.20,29.98,7284400
Feb 05 2014,47.76,48.07,47.16,47.73,39.85,6987100
Feb 05 2015,57.55,58.26,56.15,57.99,49.96,18964700
Feb 05 2016,56.25,56.34,52.62,53.12,47.41,13263200
Feb 05 2018,113.00,115.54,109.40,109.51,104.87,9827800
Feb 06 2013,36.96,37.28,36.86,37.14,29.94,5738900
Feb 06 2014,47.89,48.18,47.45,47.93,40.02,4957800
Feb 06 2015,57.71,57.83,56.69,56.90,49.02,13822200
Feb 06 2017,60.51,60.97,60.35,60.65,56.20,5358100
Feb 06 2018,104.91,113.52,101.00,111.20,106.49,14107800
Feb 07 2013,37.57,37.57,35.80,36.42,29.36,9872500
Feb 07 2014,48.00,49.03,47.66,48.89,40.82,6979500
Feb 07 2017,60.65,60.87,60.40,60.56,56.11,4210300
Feb 07 2018,111.52,116.85,111.38,113.62,108.81,10030800
Feb 08 2013,36.37,36.42,35.83,36.25,29.22,13858700
Feb 08 2016,52.58,54.10,51.94,52.89,47.20,9369400
Feb 08 2017,60.14,61.02,60.05,60.52,56.08,5357800
Feb 08 2018,113.33,114.00,108.32,108.48,103.88,7212400
Feb 09 2015,55.67,56.35,55.18,55.48,47.80,22522000
Feb 09 2016,52.31,53.94,52.06,53.48,47.73,7547500
Feb 09 2017,60.52,61.00,60.42,60.84,56.37,4324600
Feb 09 2018,109.57,112.75,106.41,111.30,106.58,8909300
Feb 10 2014,48.75,50.19,48.72,49.55,41.37,7907500
Feb 10 2015,55.93,57.01,55.60,56.89,49.01,18917000
Feb 10 2016,54.11,54.69,52.55,52.72,47.05,9302800
Feb 10 2017,60.85,61.00,60.27,60.42,55.98,5749200
Feb 11 2013,36.13,36.18,35.75,35.85,28.90,6032100
Feb 11 2014,49.41,49.97,49.04,49.66,41.46,7217600
Feb 11 2015,57.36,57.83,56.26,56.69,48.84,14681600
Feb 11 2016,52.30,53.12,51.82,52.18,46.57,8551100
Feb 12 2013,35.77,35.90,35.20,35.42,28.55,7473800
Feb 12 2014,49.63,50.93,49.59,50.56,42.21,6534500
Feb 12 2015,57.40,57.58,56.16,57.05,49.15,11940900
Feb 12 2016,52.53,52.97,51.60,52.58,46.93,9976200
Feb 12 2018,112.57,113.33,110.65,111.93,107.19,4823300
Feb 13 2013,35.42,35.57,35.15,35.27,28.43,4859800
Feb 13 2014,50.30,50.52,49.88,50.35,42.04,4946000
Feb 13 2015,57.35,58.10,56.90,58.05,50.01,11303200
Feb 13 2017,60.58,60.86,60.43,60.51,56.07,6396000
Feb 13 2018,111.54,112.41,110.39,111.86,107.12,5316200
Feb 14 2013,35.05,36.73,35.01,36.57,29.48,7570100
Feb 14 2014,50.56,50.91,50.17,50.73,42.35,4118700
Feb 14 2017,60.44,60.98,60.15,60.82,56.36,10265000
Feb 14 2018,111.04,113.67,110.28,113.08,108.29,6189100
Feb 15 2013,36.93,37.81,36.93,37.58,30.29,13296300
Feb 15 2017,60.92,61.84,60.40,61.65,57.12,8927600
Feb 15 2018,113.62,116.33,112.38,114.90,110.03,7401100
Feb 16 2016,53.44,53.87,52.73,53.51,47.76,8313000
Feb 16 2017,61.67,61.91,60.81,61.48,56.97,5662000
Feb 16 2018,115.23,119.20,115.20,118.60,113.57,8828700
Feb 17 2015,58.95,59.00,57.90,58.72,50.59,12789700
Feb 17 2016,54.34,55.15,53.35,55.01,49.09,10005600
Feb 17 2017,61.54,62.08,61.17,61.77,57.24,8124400
Feb 18 2014,50.64,51.56,50.56,51.46,42.96,4984900
Feb 18 2015,59.15,59.48,58.31,59.24,51.04,10718600
Feb 18 2016,55.53,55.53,54.17,54.55,48.68,6555000
Feb 19 2013,37.54,38.33,37.11,38.19,30.78,8292700
Feb 19 2014,51.17,51.86,50.64,51.19,42.74,5242800
Feb 19 2015,58.92,59.08,58.65,59.00,50.83,8665500
Feb 19 2016,54.50,55.00,53.98,54.29,48.45,8532500
Feb 20 2013,38.16,39.13,37.61,38.61,31.12,8096400
Feb 20 2014,51.19,52.11,50.73,51.86,43.30,6078900
Feb 20 2015,59.61,61.34,59.22,61.30,52.81,15534000
Feb 20 2018,117.72,121.55,117.22,117.98,112.98,8751400
Feb 21 2013,38.49,39.03,38.19,38.78,31.26,7260900
Feb 21 2014,51.82,51.97,51.01,51.04,42.61,5842700
Feb 21 2017,61.84,62.11,61.50,61.83,57.29,8503500
Feb 21 2018,118.49,121.30,117.85,117.91,112.91,5122500
Feb 22 2013,38.79,38.85,38.14,38.46,31.00,4490400
Feb 22 2016,54.29,55.32,53.74,55.28,49.34,9381800
Feb 22 2017,61.72,61.95,61.30,61.36,56.86,6422200
Feb 22 2018,118.57,119.73,116.58,117.56,112.58,5185700
Feb 23 2015,61.54,61.90,60.24,60.57,52.18,11582700
Feb 23 2016,55.70,56.31,55.00,55.07,49.15,8629700
Feb 23 2017,61.68,62.24,61.45,61.94,57.39,8057700
Feb 23 2018,118.41,119.31,116.89,118.75,113.72,4685700
Feb 24 2014,51.01,51.56,50.83,50.85,42.46,5693000
Feb 24 2015,60.85,61.30,60.52,60.87,52.44,7748200
Feb 24 2016,54.66,55.07,54.01,54.89,48.99,6633800
Feb 24 2017,61.92,62.23,61.49,62.09,57.53,6536400
Feb 25 2013,38.54,38.61,37.37,37.37,30.12,4665600
Feb 25 2014,50.93,51.13,50.50,50.72,42.35,5425000
Feb 25 2015,61.10,61.10,60.21,60.62,52.23,9983900
Feb 25 2016,55.17,56.23,54.43,56.20,50.16,6587100
Feb 26 2013,37.60,37.60,36.96,37.09,29.90,4463000
Feb 26 2014,49.95,50.97,49.93,50.74,42.36,5710700
Feb 26 2015,60.35,60.81,60.27,60.52,52.14,7328200
Feb 26 2016,56.26,56.79,55.80,56.00,49.98,5298000
Feb 26 2018,119.27,121.72,119.04,121.54,116.39,4473500
Feb 27 2013,36.97,36.98,36.40,36.73,29.60,12238400
Feb 27 2014,50.60,50.92,50.47,50.91,42.51,5052900
Feb 27 2015,60.53,60.99,60.37,60.50,52.12,8649100
Feb 27 2017,62.02,62.37,61.68,62.22,57.65,5214100
Feb 27 2018,121.21,122.00,118.16,118.26,113.25,4754300
Feb 28 2013,36.66,37.14,36.50,36.92,29.76,10321000
Feb 28 2014,50.84,51.96,50.51,50.91,42.51,7095600
Feb 28 2017,62.11,62.40,61.69,61.84,57.30,6756100
Feb 28 2018,119.00,120.00,115.78,115.83,110.92,6660000
Feb 29 2016,55.87,56.00,54.47,54.61,48.74,8395100
Mar 01 2013,36.80,38.07,36.55,37.81,30.48,8929400
Mar 01 2016,54.78,56.34,54.24,56.34,50.28,7106000
Mar 01 2017,62.16,62.93,61.95,62.83,58.22,7737400
Mar 01 2018,115.91,116.61,111.81,113.84,109.02,7148900
Mar 02 2015,60.50,60.75,60.06,60.46,52.09,6150900
Mar 02 2016,56.17,56.43,55.40,55.70,49.71,7054800
Mar 02 2017,62.78,63.60,62.60,63.25,58.61,8190000
Mar 02 2018,112.94,115.47,111.89,115.04,110.17,5439700
Mar 03 2014,50.34,50.86,49.79,50.09,41.82,6817700
Mar 03 2015,60.35,60.45,59.44,59.62,51.36,7421000
Mar 03 2016,55.69,56.09,55.15,55.93,49.92,9262400
Mar 03 2017,63.11,63.53,62.83,63.34,58.69,6125800
Mar 04 2013,37.53,38.25,37.53,38.24,30.82,5420800
Mar 04 2014,50.73,51.73,50.53,51.59,43.07,6198000
Mar 04 2015,59.32,60.42,59.03,60.27,51.92,8469900
Mar 04 2016,56.00,56.70,55.30,56.15,50.11,6439700
Mar 05 2013,38.45,38.57,37.29,37.51,30.23,6650400
Mar 05 2014,51.68,52.12,51.30,51.70,43.16,5251100
Mar 05 2015,57.21,59.48,56.65,56.86,48.99,47051800
Mar 05 2018,114.00,116.32,112.89,115.66,110.76,3975700
Mar 06 2013,37.56,37.86,37.37,37.74,30.42,5489500
Mar 06 2014,52.04,52.77,51.97,52.04,43.45,6529000
Mar 06 2015,56.95,57.40,55.44,55.64,47.94,22853000
Mar 06 2017,63.00,63.85,62.88,63.55,58.88,6837000
Mar 06 2018,116.01,116.30,113.83,114.56,109.71,3650500
Mar 07 2013,37.65,38.01,37.44,37.49,30.22,4442500
Mar 07 2014,52.25,52.50,51.01,51.46,42.96,5860700
Mar 07 2016,55.70,56.50,54.83,56.40,50.34,7741800
Mar 07 2017,63.14,64.14,62.97,63.69,59.01,9638000
Mar 07 2018,112.58,114.99,112.21,114.72,109.86,5286200
Mar 08 2013,37.64,37.65,37.16,37.34,30.10,4114500
Mar 08 2016,56.18,56.47,55.23,55.32,49.37,5303700
Mar 08 2017,63.75,64.68,63.50,64.14,59.43,7049700
Mar 08 2018,115.00,117.75,114.35,117.01,112.05,6179400
Mar 09 2015,55.93,56.03,55.26,55.54,47.85,14779900
Mar 09 2016,55.51,56.65,55.04,56.39,50.33,8402500
Mar 09 2017,64.14,64.72,64.05,64.50,59.77,6957000
Mar 09 2018,117.85,119.66,117.67,119.29,114.24,5835600
Mar 10 2014,51.90,51.90,50.86,51.66,43.13,3086000
Mar 10 2015,55.22,56.30,54.78,55.84,48.11,17828600
Mar 10 2016,56.56,57.37,55.32,56.23,50.18,5375300
Mar 10 2017,65.30,66.45,65.11,65.88,61.04,12788100
Mar 11 2013,37.25,38.15,37.08,37.67,30.36,4614400
Mar 11 2014,51.68,52.14,51.50,51.75,43.21,3629800
Mar 11 2015,56.19,56.88,55.66,56.62,48.78,14629000
Mar 11 2016,56.40,57.87,56.35,57.73,51.52,6537400
Mar 12 2013,37.70,38.30,37.05,37.17,29.96,6523900
Mar 12 2014,51.46,51.74,51.07,51.64,43.11,3924800
Mar 12 2015,56.78,58.91,56.65,58.00,49.97,18227800
Mar 12 2018,119.40,119.59,117.93,118.30,113.29,4892900
Mar 13 2013,37.20,37.59,37.04,37.17,29.96,3710600
Mar 13 2014,51.89,52.10,51.14,51.32,42.85,4839400
Mar 13 2015,58.12,58.87,57.35,58.00,49.97,10114500
Mar 13 2017,65.87,65.94,65.30,65.85,61.02,7577400
Mar 13 2018,119.26,121.45,118.73,119.75,114.68,5403200
Mar 14 2013,37.43,37.59,36.86,37.56,30.27,9859700
Mar 14 2014,51.25,51.42,50.80,51.21,42.76,5466700
Mar 14 2016,57.67,57.73,56.97,57.21,51.06,4650800
Mar 14 2017,65.88,66.05,65.60,65.67,60.85,3727200
Mar 14 2018,120.34,120.67,117.95,118.94,113.90,3556100
Mar 15 2013,37.44,38.54,37.28,38.50,31.03,12208300
Mar 15 2016,56.65,56.93,55.13,55.62,49.64,5779600
Mar 15 2017,65.70,66.79,65.68,66.55,61.66,5241200
Mar 15 2018,119.00,119.50,114.88,114.93,110.06,5812400
Mar 16 2015,58.46,59.70,58.33,59.12,50.93,12098700
Mar 16 2016,55.58,56.54,55.25,56.31,50.25,6245400
Mar 16 2017,66.40,66.45,65.55,65.90,61.06,5162800
Mar 16 2018,114.89,116.73,113.59,113.71,108.89,8879300
Mar 17 2014,51.47,52.19,51.26,51.98,43.40,3875500
Mar 17 2015,58.72,60.18,58.70,59.73,51.46,10727900
Mar 17 2016,56.46,56.46,54.41,55.32,49.37,8308800
Mar 17 2017,66.04,66.09,65.50,65.69,60.87,11288000
Mar 18 2013,38.05,38.49,37.99,38.16,30.76,5178700
Mar 18 2014,52.08,53.22,51.97,53.10,44.33,4712300
Mar 18 2015,59.76,60.42,59.25,59.89,51.60,11759500
Mar 18 2016,55.59,56.60,54.80,56.57,50.49,11029800
Mar 19 2013,38.25,38.40,37.84,38.36,30.92,5108400
Mar 19 2014,53.09,53.53,52.44,53.11,44.34,6408600
Mar 19 2015,60.09,61.48,59.99,61.19,52.72,14110500
Mar 19 2018,113.74,114.98,110.44,112.03,107.28,8598900
Mar 20 2013,38.50,39.19,38.41,39.06,31.48,7072900
Mar 20 2014,52.86,53.80,52.52,53.68,44.82,6922700
Mar 20 2015,61.50,61.73,60.32,60.40,52.04,13313100
Mar 20 2017,65.78,66.01,65.56,65.80,60.97,4252100
Mar 20 2018,112.90,114.15,112.09,112.65,107.88,4933800
Mar 21 2013,38.82,38.97,38.48,38.49,31.02,4736100
Mar 21 2014,54.22,54.73,53.09,53.46,44.63,12930500
Mar 21 2016,56.52,56.78,55.73,56.01,49.99,6632900
Mar 21 2017,65.96,66.00,65.04,65.35,60.55,5187400
Mar 21 2018,113.08,113.79,111.73,112.45,107.69,4618000
Mar 22 2013,38.57,38.97,38.30,38.97,31.41,3323400
Mar 22 2016,55.75,57.54,55.75,57.50,51.32,7661600
Mar 22 2017,65.38,65.73,65.10,65.52,60.71,5662600
Mar 22 2018,104.19,104.50,95.52,98.10,93.94,26861200
Mar 23 2015,60.05,61.19,59.62,60.48,52.10,7915900
Mar 23 2016,57.16,57.50,56.22,56.36,50.30,5116400
Mar 23 2017,65.52,66.07,65.36,65.65,60.83,4099500
Mar 23 2018,98.99,100.32,97.37,97.46,93.33,14253600
Mar 24 2014,53.53,53.62,51.35,51.36,42.88,10161400
Mar 24 2015,60.65,60.82,59.45,59.63,51.37,7970000
Mar 24 2016,56.14,56.25,55.67,56.12,50.09,5278900
Mar 24 2017,65.51,66.11,65.32,65.62,60.80,4056300
Mar 25 2013,39.12,39.52,38.93,39.32,31.69,6065000
Mar 25 2014,51.68,52.10,51.50,51.69,43.16,6127200
Mar 25 2015,60.08,60.09,58.21,58.22,50.16,11619200
Mar 26 2013,39.57,40.52,39.57,40.21,32.41,7249500
Mar 26 2014,52.00,52.34,51.46,51.50,43.00,5684900
Mar 26 2015,57.98,58.09,57.22,57.27,49.34,10853900
Mar 26 2018,99.49,99.91,91.76,95.28,91.24,13760600
Mar 27 2013,40.22,40.29,39.66,40.15,32.36,4274800
Mar 27 2014,51.53,51.84,51.43,51.66,43.13,4778000
Mar 27 2015,57.63,58.05,57.31,57.65,49.67,6777900
Mar 27 2017,65.37,66.28,65.24,66.10,61.25,4962300
Mar 27 2018,95.50,95.72,91.12,92.01,88.11,10821300
Mar 28 2013,40.26,40.80,39.78,40.78,32.87,7263400
Mar 28 2014,51.83,52.13,50.89,50.98,42.56,4208300
Mar 28 2016,56.35,56.70,55.80,56.11,50.08,3803100
Mar 28 2017,65.96,66.21,65.64,65.98,61.14,5067400
Mar 28 2018,92.19,96.85,91.58,94.27,90.28,11154200
Mar 29 2016,56.10,57.10,55.22,57.05,50.92,4420600
Mar 29 2017,65.95,66.27,65.68,65.77,60.94,3649900
Mar 29 2018,94.52,95.54,93.50,94.65,90.64,7399400
Mar 30 2015,57.93,58.34,57.79,58.24,50.18,5781900
Mar 30 2016,57.43,57.53,56.72,57.00,50.87,3650300
Mar 30 2017,65.76,65.82,65.25,65.46,60.65,3749600
Mar 31 2014,51.34,51.70,50.95,51.40,42.91,4813100
Mar 31 2015,58.01,58.81,57.71,58.54,50.43,12313600
Mar 31 2016,57.02,57.46,56.82,57.12,50.98,4930300
Mar 31 2017,65.46,65.52,65.15,65.16,60.38,4057800
Apr 01 2013,39.96,41.14,39.96,41.12,33.14,5740000
Apr 01 2014,51.62,52.38,51.54,52.10,43.50,4250800
Apr 01 2015,58.48,58.49,56.33,57.10,49.19,14898100
Apr 01 2016,56.58,57.57,56.36,57.42,51.25,4525700
Apr 02 2013,41.22,41.22,40.52,40.71,32.81,5510700
Apr 02 2014,52.10,53.41,51.99,53.34,44.53,6007200
Apr 02 2015,57.44,57.81,56.90,57.01,49.12,8787000
Apr 02 2018,94.00,94.64,90.30,91.46,87.58,7816500
Apr 03 2013,40.75,41.45,40.35,40.57,32.70,4122100
Apr 03 2014,53.35,53.83,53.21,53.50,44.67,6841400
Apr 03 2017,65.24,65.59,64.88,65.03,60.26,5229600
Apr 03 2018,92.34,92.46,88.22,90.59,86.75,10449200
Apr 04 2013,40.77,41.78,40.62,41.60,33.53,20687600
Apr 04 2014,53.78,54.44,52.05,52.20,43.58,7013200
Apr 04 2016,57.64,59.40,57.49,59.21,52.84,8108100
Apr 04 2017,65.12,65.30,64.83,65.11,60.33,3457900
Apr 04 2018,88.71,93.41,88.63,92.94,89.00,8841700
Apr 05 2013,41.31,41.50,41.09,41.31,33.30,14089800
Apr 05 2016,58.54,59.56,58.09,58.54,52.25,6779400
Apr 05 2017,65.23,65.76,64.86,64.96,60.19,4396300
Apr 05 2018,93.07,93.27,91.65,92.21,88.30,7045000
Apr 06 2015,56.81,57.89,56.68,57.61,49.63,10280100
Apr 06 2016,58.52,59.90,58.52,59.89,53.45,6163400
Apr 06 2017,65.03,65.19,64.65,65.08,60.30,4628400
Apr 06 2018,91.45,92.77,88.79,89.78,85.98,6761200
Apr 07 2014,51.68,52.31,49.65,50.62,42.26,9146600
Apr 07 2015,58.25,58.75,57.79,58.42,50.33,10171500
Apr 07 2016,59.42,59.90,58.76,59.30,52.92,7827600
Apr 07 2017,65.06,65.93,64.83,65.54,60.73,6089300
Apr 08 2013,41.27,41.87,41.07,41.77,33.67,16449200
Apr 08 2014,50.35,50.87,48.93,49.10,40.99,8246900
Apr 08 2015,58.50,58.98,57.95,58.81,50.67,11075800
Apr 08 2016,59.49,59.80,58.17,58.47,52.18,5750000
Apr 09 2013,41.96,43.56,41.80,42.55,34.30,8673900
Apr 09 2014,49.49,50.76,49.26,50.63,42.27,6018200
Apr 09 2015,59.20,60.43,59.05,60.32,51.97,12698000
Apr 09 2018,91.39,93.38,90.42,90.48,86.65,8302100
Apr 10 2013,42.65,43.77,42.50,43.62,35.16,7809200
Apr 10 2014,50.08,50.27,47.29,47.35,39.53,13177200
Apr 10 2015,60.50,62.33,60.32,62.00,53.41,17894700
Apr 10 2017,65.50,65.78,64.91,64.97,60.20,7136200
Apr 10 2018,91.50,94.39,90.93,93.62,89.65,6253700
Apr 11 2013,43.42,43.71,43.11,43.20,35.14,6494100
Apr 11 2014,46.58,47.21,45.50,46.46,39.14,11465800
Apr 11 2016,58.59,59.25,58.25,58.50,52.21,4894000
Apr 11 2017,64.43,64.43,63.32,64.18,60.06,5404500
Apr 11 2018,92.58,94.48,92.40,93.64,89.67,7135700
Apr 12 2013,42.97,43.29,42.62,43.09,35.05,4199800
Apr 12 2016,58.98,60.05,58.69,59.89,53.45,7008400
Apr 12 2017,64.17,64.41,63.67,64.37,60.24,6122000
Apr 12 2018,93.71,93.71,92.07,92.12,89.13,6402500
Apr 13 2015,61.81,62.16,61.06,61.20,53.16,11400900
Apr 13 2016,59.87,60.00,58.70,59.06,53.22,7023000
Apr 13 2017,64.24,64.72,64.08,64.13,60.01,3896700
Apr 13 2018,92.63,92.64,91.09,91.83,88.85,4630000
Apr 14 2014,47.10,47.50,46.21,46.83,39.45,7290800
Apr 14 2015,61.40,61.81,60.51,61.72,53.61,13009500
Apr 14 2016,59.15,59.49,59.00,59.28,53.41,4889300
Apr 15 2013,42.87,43.03,41.41,41.44,33.71,7152500
Apr 15 2014,47.42,48.09,46.76,47.86,40.32,9531100
Apr 15 2015,62.10,62.70,61.97,62.03,53.88,11534200
Apr 15 2016,59.55,59.74,58.78,59.51,53.62,4660800
Apr 16 2013,41.67,42.53,41.13,42.45,34.53,6998000
Apr 16 2014,48.58,48.84,47.62,48.12,40.54,7151000
Apr 16 2015,61.80,62.91,61.65,62.59,54.37,9815600
Apr 16 2018,92.89,93.49,92.31,92.60,89.59,3922500
Apr 17 2013,42.14,42.43,41.42,42.24,34.36,5046200
Apr 17 2014,47.92,48.78,47.72,48.55,40.90,6196800
Apr 17 2015,62.12,62.79,61.87,62.29,54.11,9862800
Apr 17 2017,64.79,64.97,64.06,64.31,60.18,4189500
Apr 17 2018,93.20,94.01,92.62,93.59,90.55,4474700
Apr 18 2013,42.37,42.64,41.89,42.32,34.43,5009000
Apr 18 2016,59.50,60.32,59.30,59.88,53.95,5778100
Apr 18 2017,64.03,64.08,63.12,63.65,59.56,4755800
Apr 18 2018,94.00,94.60,93.02,94.32,91.26,5289700
Apr 19 2013,42.51,42.58,42.20,42.39,34.48,6493200
Apr 19 2016,60.09,61.23,59.67,60.17,54.22,6149300
Apr 19 2017,63.90,63.93,63.31,63.45,59.38,4057100
Apr 19 2018,94.43,94.53,91.40,93.01,89.99,4972900
Apr 20 2015,62.91,64.00,62.80,63.54,55.20,12776300
Apr 20 2016,60.17,61.11,59.96,60.48,54.50,4443600
Apr 20 2017,63.72,64.00,63.29,63.78,59.69,5708600
Apr 20 2018,93.41,93.80,92.02,92.60,89.59,4754800
Apr 21 2014,48.50,49.45,48.40,49.43,41.64,4445000
Apr 21 2015,63.89,64.24,63.27,63.61,55.26,8457300
Apr 21 2016,60.57,61.43,60.54,61.37,55.30,5702400
Apr 21 2017,63.76,64.29,63.55,63.82,59.72,4154900
Apr 22 2013,43.00,44.83,42.88,44.20,35.96,8531300
Apr 22 2014,49.49,50.42,49.35,50.01,42.13,6613200
Apr 22 2015,63.60,64.73,63.56,64.52,56.05,13874300
Apr 22 2016,61.30,61.99,60.96,61.42,55.34,5103000
Apr 23 2013,44.61,46.32,44.40,45.14,36.72,9378100
Apr 23 2014,50.14,50.26,49.39,50.14,42.24,6578300
Apr 23 2015,65.26,65.31,62.73,64.25,55.81,18405300
Apr 23 2018,92.93,93.80,92.73,93.17,90.15,4716300
Apr 24 2013,45.14,45.34,43.94,44.32,36.05,5541300
Apr 24 2014,50.13,50.13,49.00,49.32,41.55,6628800
Apr 24 2015,64.31,66.37,64.14,66.07,57.39,14859500
Apr 24 2017,64.40,65.16,64.26,64.66,60.51,7121000
Apr 24 2018,92.95,93.48,90.44,91.36,88.40,6378300
Apr 25 2013,44.75,44.79,43.76,44.24,35.99,5236900
Apr 25 2014,50.21,50.98,48.95,49.14,41.39,7289100
Apr 25 2016,61.13,61.30,60.75,60.97,54.94,4320500
Apr 25 2017,64.94,65.63,64.82,65.10,60.92,5352900
Apr 25 2018,90.96,92.28,90.52,91.87,88.89,5487800
Apr 26 2013,44.95,46.31,44.75,45.84,37.29,10096800
Apr 26 2016,60.96,61.29,60.53,60.93,54.90,4281700
Apr 26 2017,65.19,65.92,65.02,65.04,60.86,5008900
Apr 26 2018,94.00,98.55,93.58,97.44,94.28,12594400
Apr 27 2015,66.02,66.66,64.86,65.02,56.48,18141700
Apr 27 2016,60.93,61.48,60.25,60.70,54.69,6679200
Apr 27 2017,65.45,67.50,65.12,66.07,61.83,11692900
Apr 27 2018,97.44,99.35,96.37,98.73,95.53,6117600
Apr 28 2014,49.55,50.92,49.50,50.87,42.85,7932200
Apr 28 2015,64.60,66.49,64.20,66.49,57.76,13084900
Apr 28 2016,58.56,62.10,57.53,61.20,55.14,16235400
Apr 28 2017,66.06,66.32,65.44,65.94,61.71,5465600
Apr 29 2013,45.83,45.93,45.05,45.23,36.79,6024700
Apr 29 2014,50.94,51.53,50.76,51.37,43.27,5601300
Apr 29 2015,65.70,66.18,65.51,65.63,57.01,9864300
Apr 29 2016,61.03,61.45,60.48,61.00,54.96,13052700
Apr 30 2013,45.05,46.23,45.01,46.05,37.46,6798600
Apr 30 2014,51.38,52.17,51.00,52.08,43.87,7430600
Apr 30 2015,65.39,65.92,64.32,64.66,56.17,10298600
Apr 30 2018,99.05,99.42,96.52,96.55,93.42,7449400
May 01 2013,45.74,46.09,45.55,45.55,37.05,6398100
May 01 2014,51.89,52.10,51.41,51.61,43.48,4279800
May 01 2015,65.09,65.50,63.88,64.32,55.87,9870800
May 01 2017,66.00,66.67,65.94,66.48,62.21,4575800
May 01 2018,102.10,103.37,101.18,102.07,98.76,11910500
May 02 2013,45.68,45.68,43.86,43.99,35.78,9649400
May 02 2014,51.41,51.72,51.00,51.18,43.11,3341300
May 02 2016,60.79,62.00,60.70,61.44,55.36,9512000
May 02 2017,66.51,66.68,66.18,66.63,62.35,4342800
May 02 2018,101.17,101.76,99.96,100.37,97.11,7625600
May 03 2013,44.31,44.77,43.83,44.68,36.35,4641200
May 03 2016,60.99,62.09,60.72,61.77,55.66,9316600
May 03 2017,66.45,66.88,66.21,66.74,62.46,4993400
May 03 2018,100.20,100.77,98.77,100.28,97.03,7699500
May 04 2015,64.32,65.44,64.01,64.68,56.19,8493500
May 04 2016,61.30,61.65,61.01,61.46,55.38,7716200
May 04 2017,66.74,67.40,66.62,67.23,62.91,4287400
May 04 2018,99.90,100.93,99.12,100.17,96.92,5224400
May 05 2014,50.99,51.37,50.31,51.36,43.26,2580300
May 05 2015,64.20,64.90,63.78,63.86,55.47,7635900
May 05 2016,61.41,62.40,61.09,62.34,56.17,8646200
May 05 2017,67.19,67.22,66.32,66.99,62.69,4587800
May 06 2013,44.95,44.95,44.15,44.59,36.27,4085700
May 06 2014,51.20,51.30,50.83,50.91,42.89,3353200
May 06 2015,64.11,64.53,63.40,63.94,55.54,8476300
May 06 2016,62.00,62.75,61.65,62.51,56.32,10880700
May 07 2013,44.50,45.00,44.42,44.91,36.53,3745600
May 07 2014,52.38,52.87,51.27,52.79,44.47,7022600
May 07 2015,63.59,64.81,63.59,64.70,56.20,8638200
May 07 2018,100.75,101.27,99.24,99.63,96.40,6151500
May 08 2013,45.01,45.05,43.39,43.49,35.38,6973200
May 08 2014,52.69,53.09,51.96,52.15,43.93,4092100
May 08 2015,65.10,65.80,64.90,65.24,56.67,7541100
May 08 2017,66.94,66.95,66.14,66.21,61.96,4497400
May 08 2018,99.13,99.78,98.70,99.40,96.17,7620900
May 09 2013,43.34,44.45,43.25,44.24,35.99,5046900
May 09 2014,52.07,52.35,51.08,52.26,44.02,5012500
May 09 2016,62.36,63.87,62.28,63.70,57.40,9917400
May 09 2017,66.20,66.95,65.86,66.17,61.92,4395200
May 09 2018,99.44,102.04,98.90,101.18,97.90,5665600
May 10 2013,44.21,45.01,44.20,45.01,36.61,4455800
May 10 2016,63.51,63.76,63.32,63.74,57.43,12071300
May 10 2017,66.16,66.23,65.36,65.98,61.74,5140200
May 10 2018,102.58,103.81,101.93,102.85,99.51,5369700
May 11 2015,65.19,65.80,65.08,65.20,56.64,7978700
May 11 2016,63.77,63.83,62.64,62.70,56.50,9375200
May 11 2017,65.90,65.96,64.66,65.30,61.11,7853800
May 11 2018,103.46,104.69,102.04,104.18,100.80,6358900
May 12 2014,52.36,52.56,52.22,52.37,44.12,3626400
May 12 2015,64.75,65.27,64.59,64.81,56.30,5927000
May 12 2016,62.86,63.07,62.39,62.49,56.31,9589500
May 12 2017,65.27,66.19,65.21,66.06,61.82,6093500
May 13 2013,44.79,44.79,44.17,44.54,36.23,3738400
May 13 2014,52.45,52.50,51.92,52.20,43.97,4145200
May 13 2015,64.98,65.32,64.63,65.30,56.72,8519200
May 13 2016,62.15,62.86,61.82,62.00,55.86,7339600
May 14 2013,44.09,45.52,44.09,45.35,36.89,5760300
May 14 2014,52.23,53.00,52.08,52.87,44.54,4878400
May 14 2015,65.86,66.27,64.94,65.97,57.31,5868900
May 14 2018,104.40,106.30,104.33,105.89,102.45,8471700
May 15 2013,45.72,46.93,45.48,46.03,37.44,6702500
May 15 2014,52.96,53.07,52.42,52.69,44.39,6963800
May 15 2015,65.93,66.52,65.91,65.99,57.32,6786400
May 15 2017,66.07,66.85,65.95,66.67,62.39,8527900
May 15 2018,105.38,105.56,103.59,104.18,100.80,8387600
May 16 2013,46.06,46.90,46.01,46.21,37.59,4605300
May 16 2014,52.65,52.97,52.41,52.93,44.59,5826200
May 16 2016,61.91,62.62,61.50,62.45,56.27,6707400
May 16 2017,66.73,66.92,66.33,66.85,62.56,6313500
May 16 2018,104.46,105.65,104.20,105.04,101.63,8296700
May 17 2013,46.03,47.34,45.85,47.17,38.37,5244800
May 17 2016,62.44,62.79,58.50,60.25,54.29,31528900
May 17 2017,66.85,66.85,64.61,65.37,61.17,12771400
May 17 2018,105.10,105.41,104.21,105.32,101.90,6702900
May 18 2015,65.79,65.91,65.14,65.61,56.99,7846700
May 18 2016,59.87,60.80,59.56,60.46,54.48,10622000
May 18 2017,65.37,66.10,65.20,65.63,61.42,6001000
May 18 2018,105.27,106.78,105.11,105.98,102.54,5328000
May 19 2014,52.84,54.21,52.71,54.11,45.58,6010500
May 19 2015,65.71,66.12,65.40,65.73,57.10,7674600
May 19 2016,60.06,60.35,58.90,59.28,53.41,9917900
May 19 2017,65.74,66.01,65.31,65.58,61.37,6731800
May 20 2013,47.12,47.14,46.07,46.26,37.63,3537800
May 20 2014,53.86,53.93,53.31,53.54,45.10,5021200
May 20 2015,65.92,66.20,65.39,65.89,57.24,9956000
May 20 2016,59.63,60.05,59.03,59.69,53.78,11259400
May 21 2013,46.19,46.96,46.17,46.54,37.86,4708800
May 21 2014,53.50,53.84,53.10,53.27,44.87,4088000
May 21 2015,65.45,65.81,64.87,65.65,57.03,10553400
May 21 2018,107.00,107.25,105.95,106.23,102.78,5797300
May 22 2013,46.46,48.00,45.85,46.76,38.04,5203500
May 22 2014,53.29,54.34,52.94,53.63,45.18,4486400
May 22 2015,65.48,65.87,65.31,65.48,56.88,14041500
May 22 2017,65.55,65.62,64.80,65.44,61.24,5541700
May 22 2018,106.55,107.24,106.10,106.23,102.78,9456800
May 23 2013,46.12,46.95,46.02,46.59,37.90,3306200
May 23 2014,53.94,54.38,53.84,53.95,45.45,3023500
May 23 2016,59.75,59.84,59.13,59.30,53.43,6460600
May 23 2017,65.44,66.26,65.43,65.84,61.61,4676500
May 23 2018,105.85,106.32,104.74,105.60,102.17,12066200
May 24 2013,46.25,46.48,45.31,45.44,36.96,4511700
May 24 2016,59.73,60.91,59.52,60.70,54.69,8888100
May 24 2017,65.79,66.12,65.57,65.93,61.70,3174600
May 24 2018,104.55,104.55,101.61,103.14,99.79,13164500
May 25 2016,61.08,61.47,60.79,61.22,55.16,5857600
May 25 2017,66.06,66.57,65.80,66.32,62.06,4058300
May 25 2018,102.29,103.14,99.55,101.08,97.80,25301700
May 26 2015,65.72,67.00,65.66,66.10,57.42,21034300
May 26 2016,61.00,62.17,60.90,61.90,55.77,6224500
May 26 2017,66.14,66.41,65.85,66.06,61.82,4083000
May 27 2014,54.20,54.20,53.78,53.99,45.48,3816300
May 27 2015,66.75,67.99,66.57,67.38,58.53,40778800
May 27 2016,61.99,63.20,61.90,62.71,56.50,5768000
May 28 2013,45.89,46.04,44.70,45.39,36.92,6181800
May 28 2014,53.96,54.61,53.82,54.07,45.55,4108300
May 28 2015,67.42,67.53,66.63,67.47,58.61,12891500
May 29 2013,44.89,45.18,43.79,43.88,35.70,6908400
May 29 2014,54.10,54.45,53.75,54.03,45.51,2768600
May 29 2015,67.22,67.52,66.39,66.59,57.84,9434000
May 29 2018,100.27,101.59,98.93,99.47,96.24,25494700
May 30 2013,44.07,45.12,44.07,44.55,36.24,4852200
May 30 2014,53.98,54.43,53.89,54.33,45.77,4025600
May 30 2017,65.89,66.20,65.81,66.02,61.78,4803900
May 30 2018,101.86,103.16,100.83,103.01,99.67,31273400
May 31 2013,44.27,44.69,42.68,42.69,34.73,9308800
May 31 2016,62.71,63.49,62.64,62.93,56.70,7147900
May 31 2017,66.24,66.41,65.61,66.02,61.78,6935800
May 31 2018,100.93,101.10,98.50,98.94,95.73,18910900
Jun 01 2015,66.80,67.26,66.26,66.93,58.14,12426700
Jun 01 2016,62.93,63.17,62.63,62.83,56.61,5284400
Jun 01 2017,66.26,66.72,66.12,66.71,62.43,4554700
Jun 01 2018,97.93,99.43,97.90,98.05,94.87,14837300
Jun 02 2014,54.43,54.95,53.91,54.15,45.61,3635000
Jun 02 2015,66.70,67.23,66.33,66.62,57.87,11133200
Jun 02 2016,62.87,65.15,62.83,65.09,58.65,11587900
Jun 02 2017,66.81,67.31,66.62,67.25,62.93,5646000
Jun 03 2013,42.88,43.58,42.75,43.36,35.27,7176800
Jun 03 2014,54.06,54.47,53.87,54.37,45.80,3078000
Jun 03 2015,66.90,67.30,66.62,67.01,58.21,20804000
Jun 03 2016,64.76,65.37,63.75,65.00,58.57,10621600
Jun 04 2013,43.42,44.47,43.38,43.63,35.49,4528400
Jun 04 2014,53.92,54.64,53.67,54.58,45.98,3388200
Jun 04 2015,66.55,67.87,66.52,67.42,58.57,10539000
Jun 04 2018,98.48,99.46,97.62,99.10,95.88,10922500
Jun 05 2013,43.49,43.90,42.69,43.04,35.01,4801300
Jun 05 2014,54.55,55.32,54.36,55.30,46.58,4847300
Jun 05 2015,66.98,67.76,66.62,67.40,58.55,8908900
Jun 05 2017,67.25,67.86,66.88,67.51,63.18,4918100
Jun 05 2018,99.11,100.34,98.76,99.24,96.02,10199000
Jun 06 2013,43.22,43.57,42.65,43.50,35.39,4261300
Jun 06 2014,55.32,55.40,54.89,55.10,46.42,3449800
Jun 06 2016,62.13,62.99,61.87,62.82,56.60,16403400
Jun 06 2017,67.48,68.10,67.37,67.87,63.51,5494500
Jun 06 2018,99.25,99.99,98.32,99.98,96.74,4933500
Jun 07 2013,43.72,44.27,43.50,44.00,35.79,5463200
Jun 07 2016,62.59,63.59,62.30,63.10,56.86,10980100
Jun 07 2017,68.01,69.32,68.01,68.75,64.34,8406300
Jun 07 2018,100.25,100.33,98.87,99.32,96.10,5092500
Jun 08 2015,67.86,68.20,67.53,67.79,58.89,9183300
Jun 08 2016,62.21,62.30,61.37,61.73,55.62,13173000
Jun 08 2017,68.75,69.05,68.33,68.76,64.35,6033200
Jun 08 2018,99.28,100.50,99.00,100.43,97.17,4012900
Jun 09 2014,54.42,54.88,53.72,53.84,45.35,6297500
Jun 09 2015,67.52,68.08,67.51,67.67,58.78,8132800
Jun 09 2016,61.50,62.17,60.52,60.75,54.74,11503700
Jun 09 2017,68.80,69.83,68.72,69.67,65.20,6159800
Jun 10 2013,44.33,44.33,43.22,43.92,35.73,4702700
Jun 10 2014,53.14,54.08,52.29,53.97,45.46,8414700
Jun 10 2015,67.66,68.44,67.54,68.24,59.28,7349300
Jun 10 2016,59.99,61.01,59.72,61.00,54.96,11052300
Jun 11 2013,43.31,44.05,43.05,43.59,35.46,3574800
Jun 11 2014,53.85,54.70,53.75,54.23,45.68,5386800
Jun 11 2015,68.67,68.67,67.65,68.04,59.10,7552200
Jun 11 2018,100.56,101.08,99.41,99.77,96.53,5770100
Jun 12 2013,43.91,44.00,42.72,42.77,34.79,3742600
Jun 12 2014,54.22,54.25,53.46,53.66,45.20,3941600
Jun 12 2015,67.89,67.93,66.59,67.05,58.24,8249900
Jun 12 2017,69.79,69.90,69.25,69.53,65.07,6084300
Jun 12 2018,99.80,100.12,98.74,98.91,95.70,8060400
Jun 13 2013,42.42,43.20,40.10,43.15,35.10,6096500
Jun 13 2014,53.67,54.31,53.44,54.16,45.62,4413000
Jun 13 2016,60.46,61.39,59.85,59.93,54.00,11673600
Jun 13 2017,69.62,70.03,69.42,69.67,65.20,5269000
Jun 13 2018,98.92,99.23,97.51,97.58,94.41,7816200
Jun 14 2013,42.98,43.50,42.50,43.21,35.15,4078500
Jun 14 2016,59.46,60.38,59.16,59.90,53.97,11560200
Jun 14 2017,69.48,70.79,69.37,70.52,65.99,6639100
Jun 14 2018,98.38,98.92,97.75,98.75,95.55,4648700
Jun 15 2015,66.66,67.05,66.10,66.91,58.12,7028400
Jun 15 2016,60.29,61.27,60.01,60.40,54.42,7739300
Jun 15 2017,70.34,70.65,69.88,70.60,66.07,4682700
Jun 15 2018,98.77,99.87,98.00,99.57,96.34,20806200
Jun 16 2014,54.18,54.31,53.45,54.00,45.49,4410400
Jun 16 2015,66.72,67.40,66.62,66.77,58.00,5200700
Jun 16 2016,59.93,60.94,59.91,60.90,54.87,7011200
Jun 16 2017,70.80,71.12,70.49,71.05,66.49,9342300
Jun 17 2013,43.40,43.50,42.68,43.01,34.99,3457700
Jun 17 2014,54.49,54.54,53.85,54.30,45.74,3385000
Jun 17 2015,66.97,67.99,66.88,67.77,58.87,7377100
Jun 17 2016,60.88,60.97,59.57,60.01,54.07,12574700
Jun 18 2013,42.97,43.56,42.63,43.54,35.42,3644900
Jun 18 2014,54.27,54.61,54.00,54.57,45.97,3337300
Jun 18 2015,67.79,69.07,67.79,68.98,59.92,9079000
Jun 18 2018,99.15,99.33,98.31,98.48,95.28,6425600
Jun 19 2013,43.56,43.83,43.01,43.04,35.01,3663300
Jun 19 2014,54.14,54.81,53.92,54.19,45.65,3952800
Jun 19 2015,68.50,69.75,68.50,69.48,60.36,9979500
Jun 19 2017,71.11,71.59,70.94,71.34,66.76,6396300
Jun 19 2018,97.89,98.38,96.93,98.01,94.83,5528300
Jun 20 2013,42.65,42.78,40.91,41.06,33.40,7474900
Jun 20 2014,55.62,55.62,53.16,53.30,44.90,13457700
Jun 20 2016,60.64,61.18,60.06,60.11,54.16,7076500
Jun 20 2017,71.44,71.81,71.16,71.22,66.65,6542800
Jun 20 2018,98.22,99.55,97.84,98.25,95.06,5842700
Jun 21 2013,41.66,42.71,41.20,42.62,34.67,9825700
Jun 21 2016,60.20,60.40,59.75,59.98,54.04,6366500
Jun 21 2017,71.11,71.70,71.05,71.34,66.76,6096800
Jun 21 2018,97.71,97.99,95.26,95.55,92.45,7225000
Jun 22 2015,69.85,70.60,69.73,70.12,60.91,10124900
Jun 22 2016,60.00,61.18,59.92,60.39,54.41,6718600
Jun 22 2017,71.49,73.67,71.41,73.18,68.48,9998900
Jun 22 2018,96.06,96.11,93.43,93.49,90.46,9454800
Jun 23 2014,53.76,54.40,53.54,53.75,45.28,6235600
Jun 23 2015,70.01,70.49,69.57,70.02,60.82,8720000
Jun 23 2016,60.86,61.32,60.62,61.31,55.24,5328200
Jun 23 2017,73.20,73.49,72.26,72.64,67.98,7064500
Jun 24 2013,42.07,42.40,41.32,41.89,34.08,6042400
Jun 24 2014,53.74,53.95,53.43,53.59,45.14,5483500
Jun 24 2015,70.52,70.75,69.03,69.22,60.13,9308200
Jun 24 2016,59.26,60.60,59.18,59.86,53.94,9878500
Jun 25 2013,42.15,42.77,41.61,42.63,34.68,4686900
Jun 25 2014,53.52,55.79,53.40,55.00,46.33,11085100
Jun 25 2015,69.67,70.38,69.29,69.82,60.65,6191200
Jun 25 2018,93.47,94.38,92.10,93.05,90.03,5573100
Jun 26 2013,43.10,43.61,43.03,43.38,35.29,4733700
Jun 26 2014,55.07,56.54,54.97,56.51,47.60,10716400
Jun 26 2015,69.95,70.60,69.68,70.46,61.21,9669500
Jun 26 2017,72.79,72.94,72.41,72.74,68.07,4019500
Jun 26 2018,93.36,93.86,92.08,92.12,89.13,5117100
Jun 27 2013,43.56,43.98,42.74,43.13,35.09,5163900
Jun 27 2014,56.58,56.90,56.28,56.79,47.84,7490800
Jun 27 2016,59.38,59.68,58.33,58.68,52.87,7945500
Jun 27 2017,72.70,73.06,72.25,72.39,67.74,4490600
Jun 27 2018,92.36,93.27,91.47,91.51,88.54,5833000
Jun 28 2013,42.53,42.97,41.32,41.34,33.63,10753100
Jun 28 2016,59.28,60.13,59.15,59.99,54.05,9897600
Jun 28 2017,72.72,73.54,72.58,72.92,68.24,4196200
Jun 28 2018,91.34,92.61,90.81,92.43,89.43,6698900
Jun 29 2015,69.27,70.02,67.08,67.18,58.36,12057200
Jun 29 2016,60.58,62.03,60.23,61.81,55.69,9308000
Jun 29 2017,73.15,73.17,71.91,72.48,67.83,4444700
Jun 29 2018,92.84,94.46,92.56,92.65,89.64,6787900
Jun 30 2014,56.51,56.89,56.10,56.44,47.54,6229700
Jun 30 2015,68.00,68.22,66.66,67.19,58.37,11625900
Jun 30 2016,61.79,62.02,61.14,61.91,55.78,7920600
Jun 30 2017,72.57,72.82,72.21,72.51,67.86,4729100
Jul 01 2013,41.40,41.93,41.07,41.61,33.85,4588200
Jul 01 2014,56.42,57.20,56.17,56.89,47.92,6869800
Jul 01 2015,67.90,68.60,67.68,68.51,59.51,7694900
Jul 01 2016,61.98,63.22,61.83,62.71,56.50,6533700
Jul 02 2013,41.58,42.57,41.58,42.21,34.34,4365900
Jul 02 2014,57.46,58.11,56.92,58.11,48.95,6198500
Jul 02 2015,68.68,68.90,67.79,68.21,59.25,6245700
Jul 02 2018,92.06,93.30,91.85,93.11,90.09,3854500
Jul 03 2013,41.88,42.31,41.61,42.23,34.35,2417500
Jul 03 2014,57.90,58.27,57.65,58.22,49.04,3828900
Jul 03 2017,72.76,72.99,72.37,72.42,67.77,2570700
Jul 03 2018,93.58,94.37,93.12,93.61,90.57,2452400
Jul 05 2013,42.45,42.83,42.31,42.72,34.75,2743700
Jul 05 2016,62.50,62.71,61.77,61.92,55.79,6293600
Jul 05 2017,72.48,72.74,71.99,72.48,67.83,4751900
Jul 05 2018,94.46,95.06,93.95,94.48,91.41,4744000
Jul 06 2015,67.53,69.00,67.49,68.22,59.26,17029100
Jul 06 2016,61.84,63.76,61.80,63.37,57.10,9202200
Jul 06 2017,72.24,72.45,71.41,71.73,67.13,4372100
Jul 06 2018,95.20,97.07,94.96,96.92,93.77,5867400
Jul 07 2014,57.91,58.15,57.39,57.40,48.35,4736300
Jul 07 2015,68.42,68.79,67.32,68.56,59.56,7821600
Jul 07 2016,63.60,63.75,63.21,63.43,57.15,6837400
Jul 07 2017,72.11,72.11,71.63,72.03,67.41,4333700
Jul 08 2013,42.90,43.69,42.82,43.68,35.53,3978300
Jul 08 2014,56.68,56.97,55.48,55.69,46.91,9297300
Jul 08 2015,67.79,68.44,67.58,67.66,58.77,5027200
Jul 08 2016,63.48,64.48,62.74,64.16,57.81,7921700
Jul 09 2013,44.00,44.23,43.25,43.32,35.24,3805700
Jul 09 2014,55.56,55.64,54.82,55.01,46.34,11516300
Jul 09 2015,68.48,68.92,67.80,67.97,59.04,6516800
Jul 09 2018,97.98,98.35,96.92,97.04,93.89,5953100
Jul 10 2013,43.36,44.12,43.36,43.91,35.72,3080100
Jul 10 2014,54.50,55.88,54.28,55.79,47.00,7553100
Jul 10 2015,68.94,69.50,68.53,69.23,60.14,6891400
Jul 10 2017,71.80,72.22,71.58,71.83,67.22,3158300
Jul 10 2018,97.11,98.95,96.68,98.84,95.63,5119900
Jul 11 2013,43.94,44.11,43.33,43.78,35.94,4061400
Jul 11 2014,55.34,56.60,54.48,54.96,46.65,13586800
Jul 11 2016,64.25,64.99,64.07,64.35,57.98,9641500
Jul 11 2017,71.89,72.17,71.33,71.84,67.23,3535100
Jul 11 2018,96.26,97.50,94.87,94.96,91.88,6230000
Jul 12 2013,43.93,45.11,43.80,45.05,36.98,5693900
Jul 12 2016,64.67,65.81,64.32,65.50,59.02,11870500
Jul 12 2017,71.51,72.13,71.30,71.88,67.87,4860200
Jul 12 2018,94.92,95.67,94.10,95.61,93.45,4672000
Jul 13 2015,69.42,69.70,69.17,69.57,60.88,5507000
Jul 13 2016,64.81,65.04,64.25,64.77,58.87,7684200
Jul 13 2017,71.94,72.90,71.67,72.63,68.58,5189800
Jul 13 2018,94.96,96.86,94.94,96.63,94.45,3712400
Jul 14 2014,53.89,55.05,53.72,54.85,46.56,30823300
Jul 14 2015,69.71,70.52,69.40,69.80,61.08,6628300
Jul 14 2016,63.70,64.14,62.94,63.62,57.83,12090100
Jul 14 2017,72.62,73.23,72.51,73.11,69.03,4335700
Jul 15 2013,44.95,44.97,44.54,44.62,36.63,3265800
Jul 15 2014,54.52,54.69,53.39,53.44,45.36,16796400
Jul 15 2015,69.81,70.04,69.31,69.75,61.04,16761400
Jul 15 2016,63.82,64.17,63.13,63.32,57.55,8827500
Jul 16 2013,44.54,44.77,43.70,43.81,35.97,3714500
Jul 16 2014,53.25,53.67,51.82,53.65,45.54,23291200
Jul 16 2015,70.14,70.30,69.83,69.99,61.25,6843800
Jul 16 2018,96.76,96.82,95.26,96.25,94.08,3783500
Jul 17 2013,43.97,44.15,43.74,43.96,36.09,3645400
Jul 17 2014,53.21,55.00,52.88,53.52,45.43,18699000
Jul 17 2015,69.99,70.13,69.70,69.99,61.25,6141200
Jul 17 2017,73.10,73.47,72.69,72.70,68.64,3461600
Jul 17 2018,96.27,97.17,95.33,95.41,93.26,5107500
Jul 18 2013,43.96,44.56,43.81,44.32,36.38,3043700
Jul 18 2014,53.00,55.12,53.00,54.91,46.61,42456000
Jul 18 2016,63.23,63.77,63.18,63.56,57.77,6384800
Jul 18 2017,72.63,72.86,71.75,72.23,68.20,5269100
Jul 18 2018,95.27,95.43,94.33,94.40,92.27,5521900
Jul 19 2013,44.49,44.91,44.12,44.52,36.55,4317900
Jul 19 2016,63.41,63.97,63.09,63.32,57.55,5794500
Jul 19 2017,72.48,72.77,72.02,72.77,68.71,3904100
Jul 19 2018,93.22,93.28,87.76,89.95,87.92,19747200
Jul 20 2015,70.00,71.11,69.86,70.80,61.96,9633000
Jul 20 2016,63.57,63.90,63.33,63.41,57.64,7502800
Jul 20 2017,72.99,74.22,72.94,74.01,69.88,5329700
Jul 20 2018,88.71,89.64,86.76,88.91,86.90,11791900
Jul 21 2014,54.14,54.45,53.91,54.00,45.83,22334900
Jul 21 2015,70.81,71.60,70.22,70.54,61.73,5028500
Jul 21 2016,63.23,64.00,63.17,63.89,58.07,6145500
Jul 21 2017,73.98,75.04,73.85,74.63,70.47,4961500
Jul 22 2013,44.30,45.10,43.80,44.97,36.92,3810500
Jul 22 2014,53.82,54.38,53.75,54.05,45.88,14724300
Jul 22 2015,70.26,70.65,70.03,70.56,61.75,5701700
Jul 22 2016,64.00,64.09,63.58,63.81,58.00,4972900
Jul 23 2013,44.92,45.09,44.23,44.31,36.38,3535100
Jul 23 2014,54.48,54.81,54.07,54.48,46.24,15011300
Jul 23 2015,70.25,70.93,70.14,70.52,61.71,5636600
Jul 23 2018,89.17,89.99,88.64,89.40,87.38,6316800
Jul 24 2013,44.28,44.37,43.39,43.64,35.83,3088100
Jul 24 2014,54.22,54.56,53.97,54.08,45.90,11712800
Jul 24 2015,67.53,69.02,67.35,68.08,59.58,13495200
Jul 24 2017,74.63,74.75,73.84,73.91,69.79,5497800
Jul 24 2018,90.51,91.61,89.75,91.54,89.47,7965000
Jul 25 2013,43.41,44.43,43.35,44.24,36.32,4088500
Jul 25 2014,54.40,54.49,53.03,53.18,45.14,11680900
Jul 25 2016,63.91,64.50,63.71,64.32,58.46,7241200
Jul 25 2017,74.40,74.55,72.47,72.52,68.47,6354200
Jul 25 2018,91.08,93.51,91.08,93.12,91.02,7494300
Jul 26 2013,45.01,45.12,44.17,44.79,36.77,4491100
Jul 26 2016,64.41,64.73,63.96,64.45,58.58,4885200
Jul 26 2017,72.37,72.69,71.95,72.59,68.54,4877000
Jul 26 2018,93.95,94.56,92.54,93.94,91.82,6812400
Jul 27 2015,68.46,70.96,68.46,69.34,60.68,12841500
Jul 27 2016,64.42,65.11,64.32,64.90,58.99,6204000
Jul 27 2017,72.78,72.80,70.88,71.73,67.73,7389300
Jul 27 2018,91.34,92.27,88.77,90.56,88.52,12905800
Jul 28 2014,53.42,54.00,53.17,53.74,45.61,10466000
Jul 28 2015,69.50,71.44,69.08,71.23,62.33,10098300
Jul 28 2016,64.79,65.06,63.93,64.72,58.83,6556100
Jul 28 2017,71.64,72.44,69.38,70.44,66.51,8012400
Jul 29 2013,44.72,45.45,44.47,45.06,36.99,4326200
Jul 29 2014,53.55,53.66,53.24,53.43,45.35,16171500
Jul 29 2015,71.29,71.51,70.74,70.77,61.93,6793300
Jul 29 2016,65.27,66.40,65.15,66.23,60.20,10525000
Jul 30 2013,45.08,45.23,44.20,44.70,36.70,3619700
Jul 30 2014,53.28,53.89,53.03,53.75,45.62,12680100
Jul 30 2015,70.86,70.88,69.27,70.16,61.40,6820400
Jul 30 2018,90.67,91.54,89.38,91.45,89.39,6466000
Jul 31 2013,44.84,45.91,44.81,45.48,37.34,6020600
Jul 31 2014,53.13,53.40,52.30,52.34,44.42,15479900
Jul 31 2015,70.38,70.38,69.73,70.01,61.27,6181300
Jul 31 2017,70.52,70.58,69.83,69.91,66.01,7770400
Jul 31 2018,91.65,92.63,91.33,92.23,90.15,8691800
Aug 01 2013,45.14,45.90,45.04,45.25,37.15,3652400
Aug 01 2014,52.03,52.64,51.75,52.48,44.54,11593200
Aug 01 2016,66.23,67.08,66.23,66.94,60.85,7599000
Aug 01 2017,70.03,70.84,69.85,70.38,66.45,6681700
Aug 01 2018,92.29,94.48,92.28,93.91,91.79,5330400
Aug 02 2013,45.11,45.42,44.81,45.32,37.21,3190700
Aug 02 2016,66.93,67.06,66.05,66.78,60.70,8763200
Aug 02 2017,70.25,70.74,69.93,70.71,66.77,4922200
Aug 02 2018,93.58,95.86,93.41,95.12,92.97,6023200
Aug 03 2015,70.19,70.79,69.28,69.73,61.02,9872300
Aug 03 2016,66.81,67.00,66.22,66.57,60.51,6355100
Aug 03 2017,70.61,71.01,70.36,70.99,67.03,4400400
Aug 03 2018,94.89,96.85,94.82,96.53,94.35,4876100
Aug 04 2014,52.58,53.40,52.37,53.29,45.23,10456300
Aug 04 2015,70.04,70.39,69.67,69.95,61.21,5410900
Aug 04 2016,66.58,66.98,66.08,66.10,60.08,4879300
Aug 04 2017,71.17,71.37,70.35,70.99,67.03,4732500
Aug 05 2013,45.05,45.37,44.48,44.71,36.70,2953500
Aug 05 2014,52.77,53.19,52.45,52.79,44.81,12783800
Aug 05 2015,70.10,70.64,70.05,70.30,61.52,10090200
Aug 05 2016,66.15,66.60,66.12,66.54,60.48,5045600
Aug 06 2013,44.42,44.99,44.42,44.88,36.84,4980600
Aug 06 2014,51.48,52.66,51.37,52.05,44.18,18126200
Aug 06 2015,70.37,70.78,68.80,69.24,60.59,6172200
Aug 06 2018,96.26,97.55,95.74,97.06,94.87,5134200
Aug 07 2013,44.70,44.86,44.22,44.57,36.59,3299400
Aug 07 2014,51.59,52.71,51.42,52.43,44.50,17171700
Aug 07 2015,69.08,69.30,67.77,68.62,60.05,6214500
Aug 07 2017,70.94,71.23,70.64,71.22,67.25,3551100
Aug 07 2018,97.30,98.35,93.74,94.06,91.94,8890900
Aug 08 2013,44.86,45.18,44.61,45.06,36.99,2892400
Aug 08 2014,52.72,52.89,52.29,52.82,44.83,13117700
Aug 08 2016,66.38,66.67,65.75,66.34,60.30,5309300
Aug 08 2017,71.33,71.91,71.01,71.47,67.48,4398000
Aug 08 2018,93.52,94.08,92.87,93.73,91.61,4535100
Aug 09 2013,44.90,45.00,44.47,44.71,36.70,3290800
Aug 09 2016,66.34,67.25,66.25,66.76,60.68,5717300
Aug 09 2017,71.26,72.14,71.10,72.02,68.00,4536300
Aug 09 2018,94.20,96.14,93.47,95.47,93.32,6111900
Aug 10 2015,68.92,69.43,68.50,69.21,60.57,8189400
Aug 10 2016,66.70,66.96,66.19,66.43,60.38,4506100
Aug 10 2017,72.01,72.19,70.39,70.44,66.51,5940300
Aug 10 2018,95.35,96.74,95.31,95.80,93.64,4446800
Aug 11 2014,53.00,53.65,52.77,53.31,45.25,10074600
Aug 11 2015,68.50,69.29,67.94,68.25,59.73,7365500
Aug 11 2016,66.86,67.11,66.70,66.95,60.85,4127800
Aug 11 2017,70.74,71.01,70.43,70.63,66.69,3248300
Aug 12 2013,44.71,45.20,44.39,45.04,36.98,3826400
Aug 12 2014,53.22,53.30,52.57,52.84,44.85,8524600
Aug 12 2015,67.83,68.92,67.24,68.75,60.16,8337600
Aug 12 2016,66.86,67.39,66.55,67.19,61.07,5215400
Aug 13 2013,45.12,45.18,44.68,44.93,36.89,2791800
Aug 13 2014,52.97,53.64,52.75,53.60,45.49,9029400
Aug 13 2015,68.68,69.09,68.21,68.54,59.98,7184900
Aug 13 2018,96.00,97.58,95.81,96.78,94.60,5865700
Aug 14 2013,44.85,45.23,44.45,44.58,36.60,2990500
Aug 14 2014,53.62,54.23,53.53,54.19,45.99,7959800
Aug 14 2015,68.56,69.44,68.41,68.65,60.08,5845600
Aug 14 2017,71.23,71.29,70.70,70.82,66.87,2648800
Aug 14 2018,96.72,97.35,95.74,95.92,93.75,5580800
Aug 15 2013,44.60,44.62,43.13,43.21,35.47,4363100
Aug 15 2014,54.34,54.59,53.58,53.90,45.75,10109300
Aug 15 2016,67.47,68.12,67.32,67.39,61.25,5215400
Aug 15 2017,71.08,71.14,70.28,70.34,66.42,3724100
Aug 15 2018,95.92,97.79,95.61,97.45,95.25,6861500
Aug 16 2013,42.94,43.14,42.42,43.00,35.30,6093300
Aug 16 2016,67.13,67.61,66.50,66.74,60.66,7147600
Aug 16 2017,70.49,70.75,70.11,70.42,66.49,4751600
Aug 16 2018,97.84,98.65,97.06,98.22,96.00,6332900
Aug 17 2015,68.71,69.82,68.30,69.37,60.71,17669900
Aug 17 2016,66.69,67.35,66.35,66.83,60.75,7945400
Aug 17 2017,70.60,70.68,69.83,69.85,65.95,5086000
Aug 17 2018,98.22,99.15,96.42,98.81,96.58,6307300
Aug 18 2014,54.39,54.52,53.84,54.31,46.10,7370500
Aug 18 2015,69.42,69.74,68.67,68.86,60.26,6376500
Aug 18 2016,66.57,67.43,66.55,66.77,60.69,8205800
Aug 18 2017,69.52,70.44,69.47,69.96,66.06,4016400
Aug 19 2013,43.01,43.81,42.95,43.37,35.60,3326900
Aug 19 2014,54.48,55.31,54.18,55.29,46.93,9159300
Aug 19 2015,68.75,69.08,68.21,68.59,60.02,6270300
Aug 19 2016,66.57,67.18,66.51,67.10,60.99,6709400
Aug 20 2013,43.29,43.48,42.85,42.97,35.28,2803000
Aug 20 2014,54.82,55.18,54.69,55.06,46.73,7612200
Aug 20 2015,68.00,68.43,67.48,67.48,59.05,9600900
Aug 20 2018,99.33,100.23,97.47,97.63,95.43,6172500
Aug 21 2013,42.82,42.88,42.25,42.31,34.73,4118800
Aug 21 2014,54.79,55.12,54.68,54.96,46.65,8063200
Aug 21 2015,66.74,67.16,65.83,65.90,57.67,16277100
Aug 21 2017,69.92,70.83,69.91,70.70,66.76,4666400
Aug 21 2018,97.86,98.05,96.80,97.74,95.53,3528400
Aug 22 2013,42.40,43.10,42.29,42.92,35.24,4077700
Aug 22 2014,54.87,55.27,54.36,55.20,46.85,9314600
Aug 22 2016,67.31,67.79,66.92,67.01,60.91,7884800
Aug 22 2017,70.91,71.88,70.76,71.75,67.75,3589000
Aug 22 2018,97.84,98.32,97.13,97.64,95.44,2963300
Aug 23 2013,43.01,43.50,42.85,43.43,35.65,2738100
Aug 23 2016,67.26,67.49,65.99,66.17,60.15,10227800
Aug 23 2017,71.29,71.90,71.27,71.52,67.53,3071300
Aug 23 2018,97.69,97.85,96.89,97.15,94.96,2137500
Aug 24 2015,61.17,64.85,53.87,63.45,55.53,24292600
Aug 24 2016,66.31,66.53,64.84,65.06,59.14,8551100
Aug 24 2017,71.72,72.31,71.40,72.11,68.09,4088300
Aug 24 2018,97.14,97.59,96.55,97.40,95.20,2996100
Aug 25 2014,55.38,55.92,55.18,55.87,47.42,7553500
Aug 25 2015,65.11,65.12,60.65,60.71,53.13,15267000
Aug 25 2016,65.04,65.43,64.27,64.72,58.83,6379000
Aug 25 2017,72.22,72.78,72.21,72.48,68.44,3871200
Aug 26 2013,43.43,43.74,43.19,43.45,35.67,3493400
Aug 26 2014,55.68,55.94,55.64,55.75,47.32,9309800
Aug 26 2015,62.47,63.22,60.88,63.14,55.25,15289600
Aug 26 2016,64.68,65.02,64.21,64.61,58.73,7041600
Aug 27 2013,43.02,43.09,42.60,42.63,35.00,4473000
Aug 27 2014,55.85,55.85,55.40,55.70,47.28,11022600
Aug 27 2015,64.03,64.60,63.00,64.51,56.45,12592100
Aug 27 2018,98.11,98.30,97.30,98.02,95.81,2456000
Aug 28 2013,42.53,42.81,42.35,42.56,34.94,3009700
Aug 28 2014,55.52,55.68,55.25,55.60,47.19,7277900
Aug 28 2015,63.91,64.78,63.44,63.98,55.99,7316400
Aug 28 2017,72.67,73.57,72.56,73.32,69.23,4574400
Aug 28 2018,97.79,98.70,97.10,97.26,95.06,3515400
Aug 29 2013,42.32,43.09,42.26,42.62,34.99,2788900
Aug 29 2014,55.75,55.80,55.24,55.28,46.92,7524400
Aug 29 2016,64.84,65.09,64.19,64.51,58.64,5064000
Aug 29 2017,72.78,73.90,72.78,73.89,69.77,3390800
Aug 29 2018,97.43,97.83,96.03,97.58,95.38,3637100
Aug 30 2013,42.76,43.03,42.30,42.61,34.98,3170700
Aug 30 2016,64.54,64.71,64.11,64.16,58.32,5531800
Aug 30 2017,73.62,74.18,73.58,73.92,69.80,3189100
Aug 30 2018,97.50,97.73,96.56,96.79,94.61,3434400
Aug 31 2015,64.14,64.31,62.25,62.41,54.62,14650400
Aug 31 2016,64.21,64.45,63.50,64.10,58.26,6750000
Aug 31 2017,74.11,75.40,73.92,75.30,71.10,6177600
Aug 31 2018,96.25,96.69,95.72,95.98,93.81,4703100
Sep 01 2015,61.00,61.63,60.16,60.50,52.94,12703200
Sep 01 2016,64.10,64.14,63.61,64.03,58.20,5126700
Sep 01 2017,75.59,76.00,75.26,75.42,71.21,3831700
Sep 02 2014,55.43,55.53,54.96,55.07,46.74,7354900
Sep 02 2015,61.56,61.60,60.28,60.98,53.36,12044500
Sep 02 2016,64.37,64.48,63.87,64.12,58.28,4100800
Sep 03 2013,43.00,43.28,42.31,42.59,34.96,2925600
Sep 03 2014,55.16,55.53,54.83,55.51,47.12,7562100
Sep 03 2015,61.45,62.28,61.35,61.58,53.89,11777400
Sep 04 2013,42.60,43.14,42.59,43.13,35.41,3190700
Sep 04 2014,55.36,55.60,55.09,55.54,47.14,10019400
Sep 04 2015,60.65,60.80,58.96,59.77,52.31,9281400
Sep 04 2018,95.97,95.97,94.08,94.56,92.43,4456100
Sep 05 2013,43.03,43.66,43.00,43.51,35.72,3355500
Sep 05 2014,55.49,55.94,54.87,55.94,47.48,9914300
Sep 05 2017,75.39,75.58,74.73,75.25,71.05,6309100
Sep 05 2018,94.34,95.25,94.09,95.19,93.04,5188800
Sep 06 2013,43.53,44.35,42.89,43.89,36.03,3992200
Sep 06 2016,64.70,64.90,64.05,64.61,58.73,6286300
Sep 06 2017,75.61,77.46,75.35,77.05,72.75,7755200
Sep 06 2018,94.79,95.08,92.79,93.74,91.62,5416300
Sep 07 2016,64.37,65.14,64.29,64.97,59.05,5714300
Sep 07 2017,77.29,82.45,77.00,81.78,77.22,15377300
Sep 07 2018,93.65,94.35,91.60,94.17,92.04,4051700
Sep 08 2014,55.78,55.95,55.37,55.57,47.17,6568800
Sep 08 2015,60.22,60.94,59.91,60.57,53.01,9263200
Sep 08 2016,63.96,64.15,63.44,64.06,58.23,8202400
Sep 08 2017,81.29,86.09,81.11,85.34,80.58,14809100
Sep 09 2013,43.88,44.44,43.50,44.43,36.47,3287500
Sep 09 2014,55.53,57.18,55.43,56.95,48.34,17558900
Sep 09 2015,61.52,61.52,59.11,59.26,51.86,8354300
Sep 09 2016,63.22,64.00,63.06,63.36,57.59,8848500
Sep 10 2013,44.58,44.81,44.10,44.78,36.76,4282300
Sep 10 2014,56.90,57.32,56.51,57.19,48.54,8740300
Sep 10 2015,59.36,60.13,58.89,59.58,52.14,9306600
Sep 10 2018,94.98,95.17,93.70,93.82,91.70,3156800
Sep 11 2013,44.81,44.97,44.39,44.95,36.90,3441700
Sep 11 2014,57.00,57.88,56.85,57.85,49.10,9943900
Sep 11 2015,59.62,59.76,58.97,59.35,51.94,9365400
Sep 11 2017,84.46,87.10,84.38,87.00,82.15,12687000
Sep 11 2018,93.72,93.73,92.88,93.18,91.08,2638500
Sep 12 2013,44.84,44.95,44.50,44.70,36.70,2597900
Sep 12 2014,57.85,58.77,57.74,57.88,49.13,15556200
Sep 12 2016,62.98,64.23,62.66,64.08,58.25,6653000
Sep 12 2017,86.97,87.97,86.50,87.75,82.86,11155600
Sep 12 2018,92.39,93.94,92.04,93.24,91.14,3304700
Sep 13 2013,44.71,44.89,44.43,44.89,36.85,2273500
Sep 13 2016,63.66,64.15,63.01,63.34,57.57,7640400
Sep 13 2017,87.58,88.84,87.42,88.47,83.54,9172200
Sep 13 2018,93.42,96.37,93.41,96.33,94.16,4850700
Sep 14 2015,59.43,59.62,57.54,58.94,51.58,9095600
Sep 14 2016,63.41,63.96,63.06,63.34,57.57,5890000
Sep 14 2017,88.23,89.32,88.15,89.22,84.24,10272200
Sep 14 2018,96.29,96.40,94.92,95.68,93.52,3446000
Sep 15 2014,57.75,58.15,57.47,57.93,49.17,8632700
Sep 15 2015,58.98,59.44,58.37,59.20,51.81,10321500
Sep 15 2016,63.17,63.82,62.92,63.35,57.58,7806800
Sep 15 2017,89.39,89.69,86.52,87.37,82.50,20441500
Sep 16 2013,45.32,45.95,45.19,45.82,37.62,3531700
Sep 16 2014,57.63,58.70,57.46,58.60,49.74,9112400
Sep 16 2015,59.50,59.64,58.63,59.51,52.08,8044200
Sep 16 2016,63.53,63.79,63.17,63.27,57.51,11165300
Sep 17 2013,45.92,47.70,45.86,47.60,39.08,7293800
Sep 17 2014,58.89,60.02,58.75,59.62,50.60,14389400
Sep 17 2015,59.56,60.92,59.39,59.86,52.38,10281700
Sep 17 2018,95.40,96.16,94.80,95.37,93.22,3987200
Sep 18 2013,47.19,48.42,46.88,47.92,39.34,6689400
Sep 18 2014,59.60,59.65,59.10,59.45,50.46,10980500
Sep 18 2015,59.42,61.83,58.97,61.22,53.57,28734900
Sep 18 2017,87.47,87.81,85.08,85.32,80.56,9656700
Sep 18 2018,95.35,96.06,92.41,92.61,90.52,10240500
Sep 19 2013,48.21,48.23,47.31,47.40,38.91,5326500
Sep 19 2014,59.84,59.93,59.01,59.06,50.13,13986900
Sep 19 2016,63.62,63.71,62.83,62.91,57.18,7887000
Sep 19 2017,85.54,86.66,85.38,86.37,81.55,7786400
Sep 19 2018,91.71,92.24,90.40,91.02,88.97,8451400
Sep 20 2013,47.44,48.00,47.33,47.84,39.27,10495300
Sep 20 2016,63.36,63.55,62.76,63.28,57.52,4826500
Sep 20 2017,86.40,87.48,86.25,87.41,82.53,6559400
Sep 20 2018,91.43,93.12,90.62,92.68,90.59,5920800
Sep 21 2015,61.24,61.74,59.29,59.39,51.97,11038100
Sep 21 2016,63.49,64.25,63.20,64.10,58.26,7587400
Sep 21 2017,87.36,87.70,86.67,87.41,82.53,7340300
Sep 21 2018,92.85,93.33,92.05,92.26,90.18,9953500
Sep 22 2014,59.23,59.30,58.41,58.71,49.83,9045900
Sep 22 2015,58.17,58.26,56.91,57.74,50.53,14192000
Sep 22 2016,64.12,65.20,64.08,65.08,59.15,5416100
Sep 22 2017,87.22,87.75,86.77,87.48,82.60,6807000
Sep 23 2013,47.56,47.56,46.93,47.10,38.67,3179500
Sep 23 2014,56.80,58.27,56.60,57.56,48.86,24204400
Sep 23 2015,57.90,58.40,57.15,57.43,50.26,9827000
Sep 23 2016,65.05,65.33,64.75,64.98,59.06,5154200
Sep 24 2013,46.95,46.95,45.94,45.98,37.75,7162700
Sep 24 2014,57.66,59.35,57.61,59.05,50.12,15763800
Sep 24 2015,56.93,57.48,55.92,56.57,49.51,8625500
Sep 24 2018,92.30,93.98,91.95,93.42,91.31,5910300
Sep 25 2013,46.09,46.16,45.02,45.33,37.21,4571900
Sep 25 2014,58.47,59.50,57.97,58.00,49.23,10079400
Sep 25 2015,57.84,57.88,55.08,55.74,48.78,8673500
Sep 25 2017,86.92,87.78,86.40,86.57,81.74,8287000
Sep 25 2018,93.48,94.64,93.40,93.78,91.66,5303900
Sep 26 2013,45.33,45.62,44.81,45.00,36.94,5033900
Sep 26 2014,58.54,59.24,58.10,59.19,50.24,15866000
Sep 26 2016,64.52,64.88,64.02,64.07,58.24,5567700
Sep 26 2017,86.35,86.91,85.16,85.35,80.59,5862400
Sep 26 2018,94.29,95.11,93.85,94.18,92.05,4656200
Sep 27 2013,44.87,44.90,44.02,44.33,36.39,6617300
Sep 27 2016,63.95,64.75,63.69,64.57,58.69,4358300
Sep 27 2017,85.35,85.39,83.19,84.75,80.02,6581200
Sep 27 2018,94.35,94.89,93.96,94.14,92.02,3028600
Sep 28 2015,55.39,55.43,52.34,52.50,45.94,15123000
Sep 28 2016,64.94,64.94,63.89,64.22,58.37,5645600
Sep 28 2017,86.67,90.95,86.38,88.96,84.00,14809300
Sep 28 2018,94.00,95.16,93.84,94.58,92.45,4527900
Sep 29 2014,58.14,58.83,57.94,58.52,49.67,7640400
Sep 29 2015,53.10,54.19,51.88,52.79,46.20,12842800
Sep 29 2016,64.30,64.31,62.80,62.82,57.10,6431200
Sep 29 2017,88.69,89.35,87.67,88.86,83.90,6769400
Sep 30 2013,44.52,44.95,44.03,44.73,36.72,5818400
Sep 30 2014,58.26,58.81,57.73,57.76,49.02,8599000
Sep 30 2015,53.54,54.50,53.36,54.41,47.61,11777200
Sep 30 2016,62.67,63.26,62.45,63.07,57.33,7325400
Oct 01 2013,44.81,45.90,44.81,45.80,37.60,4159700
Oct 01 2014,57.93,57.94,56.96,57.23,48.58,8431900
Oct 01 2015,54.68,55.23,53.93,55.13,48.25,9255800
Oct 01 2018,94.74,95.64,94.33,95.00,92.86,3763800
Oct 02 2013,45.34,45.97,45.12,45.95,37.72,4056800
Oct 02 2014,57.54,57.70,56.14,56.67,48.10,8371500
Oct 02 2015,53.87,55.85,53.72,55.82,48.85,6942600
Oct 02 2017,89.74,90.41,88.91,90.39,85.35,6600100
Oct 02 2018,95.34,95.35,93.47,94.23,92.10,6792200
Oct 03 2013,45.60,46.34,45.10,46.01,37.77,7020800
Oct 03 2014,57.42,58.78,57.34,58.69,49.81,11675600
Oct 03 2016,63.02,63.29,62.25,63.23,57.47,4239600
Oct 03 2017,90.44,90.64,89.02,89.70,84.70,4286900
Oct 03 2018,94.64,96.60,94.60,96.01,93.84,4796800
Oct 04 2013,46.18,46.88,46.00,46.80,38.42,4141400
Oct 04 2016,63.31,63.53,62.55,63.00,57.26,4719400
Oct 04 2017,89.52,90.44,89.31,89.90,84.89,3251200
Oct 04 2018,95.81,95.81,93.26,93.84,91.72,4425400
Oct 05 2015,56.39,56.95,55.44,56.68,49.60,9332800
Oct 05 2016,63.08,63.75,63.00,63.39,57.62,4442500
Oct 05 2017,89.69,90.56,89.48,90.18,85.15,4382900
Oct 05 2018,94.10,95.27,92.91,94.38,92.25,4190100
Oct 06 2014,58.59,58.99,57.66,57.81,49.07,7359900
Oct 06 2015,56.26,56.67,53.96,55.08,48.20,9008300
Oct 06 2016,63.16,63.21,62.56,62.83,57.11,4446100
Oct 06 2017,90.20,91.33,89.95,90.49,85.44,3461800
Oct 07 2013,46.12,46.98,46.09,46.09,37.84,4703700
Oct 07 2014,57.60,57.60,56.51,56.65,48.08,8923500
Oct 07 2015,54.85,56.55,53.91,55.63,48.68,11056100
Oct 07 2016,63.10,63.58,62.50,62.93,57.20,3812700
Oct 08 2013,46.29,46.32,44.39,44.52,36.55,7091500
Oct 08 2014,56.54,58.45,56.18,58.34,49.52,10917200
Oct 08 2015,55.13,56.16,54.80,56.04,49.04,6737300
Oct 08 2018,94.07,95.37,93.75,94.81,92.67,3305500
Oct 09 2013,44.72,45.31,44.32,44.81,36.79,5113000
Oct 09 2014,58.52,58.55,56.71,56.72,48.14,11911600
Oct 09 2015,56.18,56.50,55.47,55.64,48.69,7178500
Oct 09 2017,90.57,91.19,90.15,90.78,85.72,4331500
Oct 09 2018,94.71,95.26,93.80,94.57,92.44,3625600
Oct 10 2013,45.10,45.68,44.51,45.68,37.84,3967500
Oct 10 2014,55.99,56.67,54.95,54.97,47.00,12108700
Oct 10 2016,63.07,63.66,62.92,63.31,57.55,3095500
Oct 10 2017,90.71,91.22,89.70,91.17,86.08,3560200
Oct 10 2018,93.85,95.39,92.99,93.08,90.98,5310800
Oct 11 2013,45.70,45.70,44.96,45.65,37.81,2985700
Oct 11 2016,63.08,63.26,62.05,62.39,56.71,5308400
Oct 11 2017,91.47,92.61,90.97,92.38,87.23,6298500
Oct 11 2018,93.00,93.38,89.61,90.70,88.65,9994400
Oct 12 2015,55.80,56.27,55.52,55.77,48.81,6515000
Oct 12 2016,62.00,62.23,61.02,61.21,56.15,4563800
Oct 12 2017,91.77,91.99,90.91,91.42,86.92,4818200
Oct 12 2018,90.71,91.08,88.90,90.69,89.59,5709600
Oct 13 2014,54.88,55.15,53.58,53.62,45.85,16908200
Oct 13 2015,55.17,55.36,53.71,53.80,47.52,9467900
Oct 13 2016,60.96,61.61,60.68,61.15,56.09,5988600
Oct 13 2017,91.41,91.85,90.54,90.67,86.21,6803900
Oct 14 2013,45.21,46.45,45.07,46.33,38.38,3377300
Oct 14 2014,53.59,54.84,53.02,54.13,46.29,14293600
Oct 14 2015,54.09,54.62,53.57,53.94,47.64,8727400
Oct 14 2016,61.45,61.52,60.15,60.17,55.20,5606500
Oct 15 2013,46.05,46.38,45.75,46.08,38.17,3533300
Oct 15 2014,52.33,55.72,52.06,54.63,46.71,122740200
Oct 15 2015,54.32,56.20,53.85,56.14,49.58,7781600
Oct 15 2018,90.51,90.60,89.18,89.18,88.10,4827900
Oct 16 2013,46.31,47.27,46.20,47.06,38.98,4399900
Oct 16 2014,55.80,55.90,52.84,52.90,45.23,61236700
Oct 16 2015,56.29,56.97,55.79,56.53,49.93,7342800
Oct 16 2017,91.01,91.99,90.56,91.04,86.56,4640300
Oct 16 2018,89.78,91.98,89.53,91.91,90.80,3787100
Oct 17 2013,46.95,48.32,46.95,48.17,39.90,7242400
Oct 17 2014,53.78,53.90,52.90,53.37,45.64,31891900
Oct 17 2016,60.10,60.71,59.86,60.14,55.17,6138700
Oct 17 2017,91.09,92.78,90.95,92.17,87.64,5280500
Oct 17 2018,91.82,92.41,90.83,92.27,91.15,2857400
Oct 18 2013,48.38,48.95,47.77,48.33,40.03,9212900
Oct 18 2016,60.62,61.62,60.40,61.55,56.46,6633400
Oct 18 2017,92.35,96.44,92.20,96.04,91.32,10979700
Oct 18 2018,91.85,92.40,89.22,89.90,88.81,4422300
Oct 19 2015,56.29,56.70,55.69,56.16,49.60,6463000
Oct 19 2016,62.04,62.16,61.17,61.43,56.35,5588900
Oct 19 2017,95.50,96.62,94.51,96.48,91.73,9303700
Oct 19 2018,89.26,89.99,87.97,87.97,86.90,7059400
Oct 20 2014,52.56,54.59,52.25,54.41,46.53,17954600
Oct 20 2015,56.15,56.38,54.63,54.83,48.43,6399900
Oct 20 2016,61.45,61.98,61.33,61.76,56.65,4391300
Oct 20 2017,96.78,98.26,94.89,96.10,91.37,6882600
Oct 21 2013,48.08,48.55,47.76,48.35,40.05,4713200
Oct 21 2014,55.30,56.45,55.02,56.29,48.13,17522100
Oct 21 2015,55.28,55.61,53.07,53.83,47.54,11638800
Oct 21 2016,61.38,61.44,60.65,60.98,55.94,4341700
Oct 22 2013,48.39,49.31,48.11,49.00,40.59,6937500
Oct 22 2014,56.96,57.45,56.26,56.90,48.66,16048100
Oct 22 2015,53.88,54.44,45.45,48.27,42.63,46517700
Oct 22 2018,88.53,88.53,83.50,84.27,83.25,7621100
Oct 23 2013,48.76,48.86,48.28,48.33,40.03,4130300
Oct 23 2014,58.10,59.70,57.88,59.52,50.90,14729300
Oct 23 2015,49.41,51.73,48.64,50.34,44.46,26214800
Oct 23 2017,95.93,96.00,94.45,94.51,89.86,4483900
Oct 23 2018,82.58,84.59,81.50,82.96,81.95,8096200
Oct 24 2013,48.63,48.98,47.74,47.93,39.70,5077900
Oct 24 2014,59.34,60.41,59.34,60.29,51.55,10391600
Oct 24 2016,61.13,61.68,61.02,61.12,56.07,3934800
Oct 24 2017,94.00,94.14,90.77,91.69,87.18,10301100
Oct 24 2018,82.84,83.13,79.26,79.41,78.45,8689100
Oct 25 2013,49.10,49.83,48.56,49.30,40.84,6956800
Oct 25 2016,61.06,61.66,60.95,61.55,56.46,6432800
Oct 25 2017,91.78,92.08,90.73,91.77,87.26,6924800
Oct 25 2018,80.40,83.19,79.66,81.73,80.74,9173500
Oct 26 2015,50.17,52.48,49.35,51.87,45.81,13890400
Oct 26 2016,61.51,61.71,60.71,61.02,55.98,4560800
Oct 26 2017,91.86,91.86,85.24,89.56,85.15,10307500
Oct 26 2018,81.02,81.53,79.43,80.79,79.81,6181500
Oct 27 2014,60.35,60.98,60.21,60.49,51.73,10010900
Oct 27 2015,52.01,53.49,52.01,52.58,46.44,11710800
Oct 27 2016,61.45,61.72,60.60,61.46,56.38,6612500
Oct 27 2017,92.70,94.97,90.75,91.93,87.41,9066300
Oct 28 2013,49.13,49.97,48.97,49.42,40.94,5555000
Oct 28 2014,60.76,61.13,60.44,60.93,52.10,9412500
Oct 28 2015,52.82,53.84,52.08,53.26,47.04,7869000
Oct 28 2016,57.55,58.39,55.06,57.60,52.84,24865300
Oct 29 2013,49.48,50.20,49.48,49.79,41.24,5022900
Oct 29 2014,60.99,60.99,59.36,59.98,51.29,16547900
Oct 29 2015,53.20,55.18,53.02,54.10,47.78,8919800
Oct 29 2018,82.15,83.17,79.94,81.36,80.37,4343900
Oct 30 2013,49.57,49.57,48.72,48.80,40.42,4011600
Oct 30 2014,60.00,61.43,59.91,61.18,52.32,11635300
Oct 30 2015,57.87,60.73,57.66,59.55,52.59,27465600
Oct 30 2017,91.70,92.06,88.91,90.96,86.49,6526200
Oct 30 2018,81.93,82.88,80.13,81.59,80.60,5243100
Oct 31 2013,48.68,49.00,48.44,48.45,40.13,4563700
Oct 31 2014,63.06,63.99,62.37,63.46,54.26,15009900
Oct 31 2016,57.06,57.30,55.72,55.78,51.17,14185800
Oct 31 2017,90.88,91.82,90.04,90.25,85.81,7065600
Oct 31 2018,80.98,81.58,77.74,77.85,76.91,14068500
Nov 01 2013,48.64,49.33,48.50,48.96,40.56,3866900
Nov 01 2016,56.00,56.61,55.68,56.45,51.78,9799400
Nov 01 2017,90.78,93.34,90.27,92.44,87.89,7048800
Nov 01 2018,77.71,80.65,77.50,80.21,79.24,10671700
Nov 02 2015,61.60,64.20,61.44,63.38,55.98,17008700
Nov 02 2016,56.46,57.19,56.40,56.79,52.10,9746200
Nov 02 2017,92.08,92.34,90.19,91.02,86.54,4981900
Nov 02 2018,84.18,84.42,78.76,79.56,78.60,12781500
Nov 03 2014,63.66,63.90,62.94,63.25,54.09,8250800
Nov 03 2015,63.12,63.72,61.92,62.43,55.14,8754700
Nov 03 2016,57.12,57.29,55.85,55.89,51.27,9842600
Nov 03 2017,91.30,92.56,90.91,92.31,87.77,3620800
Nov 04 2013,49.19,49.19,48.00,48.76,40.39,4095600
Nov 04 2014,63.21,63.61,62.32,62.66,53.58,9741700
Nov 04 2015,62.43,64.15,62.30,63.80,56.35,10040300
Nov 04 2016,56.07,56.87,55.87,56.04,51.41,11187000
Nov 05 2013,48.59,48.76,48.03,48.17,39.90,4095400
Nov 05 2014,63.49,63.67,62.20,62.54,53.48,6465000
Nov 05 2015,63.70,64.18,61.69,62.77,55.44,10237200
Nov 05 2018,79.45,83.83,79.27,82.58,81.58,10315600
Nov 06 2013,48.50,48.74,48.00,48.05,39.80,4308100
Nov 06 2014,62.75,63.39,62.42,62.71,53.62,5152400
Nov 06 2015,62.25,64.30,62.13,64.13,56.64,7261100
Nov 06 2017,92.22,93.58,91.42,92.96,88.39,5633600
Nov 06 2018,82.73,84.23,82.31,83.66,82.65,7945500
Nov 07 2013,48.17,48.36,47.18,47.24,39.13,4444900
Nov 07 2014,62.31,62.33,61.31,61.50,52.59,7002600
Nov 07 2016,56.81,61.16,56.64,58.91,54.04,17763100
Nov 07 2017,92.98,95.68,92.96,93.96,89.34,7014000
Nov 07 2018,84.15,87.22,84.14,86.96,85.91,10378000
Nov 08 2013,47.13,48.10,46.83,48.03,39.79,5190900
Nov 08 2016,58.80,59.61,58.03,58.81,53.95,9343000
Nov 08 2017,94.31,96.37,93.84,95.71,91.00,6802600
Nov 08 2018,87.13,89.71,87.00,87.73,86.67,9333200
Nov 09 2015,63.62,64.13,63.11,63.23,55.84,8239400
Nov 09 2016,64.10,64.69,60.41,62.64,57.46,18694000
Nov 09 2017,95.29,96.37,95.26,95.89,91.17,5187000
Nov 09 2018,87.83,89.53,87.56,88.79,87.71,9169800
Nov 10 2014,61.99,64.06,61.87,63.79,54.55,9513000
Nov 10 2015,63.33,63.62,62.28,62.30,55.02,6897600
Nov 10 2016,63.06,65.05,62.79,64.00,58.71,15948700
Nov 10 2017,95.35,95.94,93.56,95.43,90.74,6170100
Nov 11 2013,48.23,48.67,48.19,48.57,40.23,2282900
Nov 11 2014,63.69,64.20,63.50,63.85,54.60,5041200
Nov 11 2015,62.20,62.27,60.57,60.86,53.75,8212500
Nov 11 2016,63.54,63.85,62.79,63.10,57.88,10201600
Nov 12 2013,48.45,48.48,47.28,47.48,39.33,5351100
Nov 12 2014,63.56,64.02,63.56,63.76,54.52,5366700
Nov 12 2015,60.79,61.73,60.15,60.23,53.19,7765500
Nov 12 2018,88.75,89.89,88.50,89.69,88.60,9344700
Nov 13 2013,47.36,47.93,47.29,47.85,39.64,3745100
Nov 13 2014,64.25,64.79,63.40,63.63,54.41,4510200
Nov 13 2015,60.01,60.97,58.89,59.86,52.87,7834400
Nov 13 2017,95.37,95.42,94.04,95.12,90.44,4035700
Nov 13 2018,90.00,90.88,88.20,88.22,87.15,7237200
Nov 14 2013,47.99,48.47,47.69,48.04,39.79,3411800
Nov 14 2014,63.98,64.00,63.13,64.00,54.73,4684900
Nov 14 2016,63.40,63.64,62.25,62.97,57.76,8243500
Nov 14 2017,94.64,94.91,93.12,94.75,90.09,4717300
Nov 14 2018,89.05,89.40,86.45,88.31,87.24,7268200
Nov 15 2013,48.03,48.75,48.00,48.44,40.13,6257100
Nov 15 2016,63.39,63.39,61.98,62.87,57.67,5610300
Nov 15 2017,94.63,94.70,92.72,93.76,89.15,4745700
Nov 15 2018,87.63,90.29,85.96,90.14,89.05,10365700
Nov 16 2015,59.74,60.81,59.56,60.01,53.00,6965100
Nov 16 2016,62.67,62.97,61.42,61.54,56.45,6401700
Nov 16 2017,94.44,95.17,93.28,94.47,89.82,4301600
Nov 16 2018,89.73,92.00,89.20,91.53,90.42,8691100
Nov 17 2014,64.08,65.41,64.03,65.04,55.62,7117100
Nov 17 2015,60.10,61.73,59.73,60.38,53.33,8405400
Nov 17 2016,61.75,61.99,61.13,61.70,56.60,4879500
Nov 17 2017,93.80,94.49,93.57,93.61,89.01,3386400
Nov 18 2013,48.89,49.96,48.73,48.87,40.48,8585700
Nov 18 2014,64.78,66.24,64.78,66.05,56.48,6432200
Nov 18 2015,60.26,61.06,59.85,60.99,53.87,5470200
Nov 18 2016,61.65,62.14,60.39,60.52,55.52,7023200
Nov 19 2013,48.73,49.00,48.37,48.46,40.14,4050700
Nov 19 2014,65.88,66.15,65.22,65.50,56.01,5710900
Nov 19 2015,61.22,61.73,60.14,60.55,53.48,5571200
Nov 19 2018,91.29,92.34,89.11,89.48,88.40,5971700
Nov 20 2013,48.42,48.54,47.83,47.95,39.72,3120300
Nov 20 2014,65.04,65.68,64.93,65.19,55.74,4975500
Nov 20 2015,60.94,61.36,60.57,61.11,53.97,7490200
Nov 20 2017,93.92,94.31,92.89,93.60,89.00,4352200
Nov 20 2018,89.00,89.71,87.86,88.09,87.02,5372900
Nov 21 2013,48.28,48.67,47.99,48.57,40.23,4459800
Nov 21 2014,66.41,67.36,65.75,67.36,57.60,9165900
Nov 21 2016,60.70,60.80,60.20,60.42,55.43,6328300
Nov 21 2017,93.70,95.40,93.60,94.68,90.02,4346200
Nov 21 2018,88.50,88.78,85.37,86.15,85.11,6532500
Nov 22 2013,48.65,49.14,48.57,48.94,40.54,5810100
Nov 22 2016,60.49,60.56,58.61,58.93,54.06,8518600
Nov 22 2017,94.69,95.40,94.22,94.47,89.82,2560700
Nov 23 2015,61.31,61.53,60.84,61.15,54.01,6405000
Nov 23 2016,58.81,60.38,58.60,60.18,55.21,5546600
Nov 23 2018,85.60,86.55,84.90,85.63,84.59,1612800
Nov 24 2014,67.40,68.06,67.40,67.78,57.96,7730400
Nov 24 2015,60.56,61.65,60.53,61.13,53.99,5213500
Nov 24 2017,94.00,94.97,93.55,94.72,90.06,1932900
Nov 25 2013,49.00,49.28,48.32,48.41,40.10,3343200
Nov 25 2014,67.64,68.21,67.15,68.06,58.20,7550800
Nov 25 2015,61.10,61.13,60.21,60.29,53.25,4879800
Nov 25 2016,60.04,60.67,59.67,60.51,55.51,2941600
Nov 26 2013,48.38,49.18,48.31,48.60,40.26,4732300
Nov 26 2014,68.34,68.86,67.88,68.70,58.75,4046000
Nov 26 2018,86.39,87.25,85.21,86.24,85.20,5227900
Nov 27 2013,48.83,48.95,48.24,48.25,39.97,3414900
Nov 27 2015,60.17,60.45,59.61,60.00,52.99,2404100
Nov 27 2017,94.69,95.63,94.44,95.42,90.73,3044600
Nov 27 2018,86.22,87.70,85.50,87.68,86.62,4338300
Nov 28 2014,69.00,69.48,68.89,69.20,59.17,2953700
Nov 28 2016,59.13,59.94,59.01,59.46,54.54,6274600
Nov 28 2017,95.94,96.89,94.83,95.42,90.73,5105400
Nov 28 2018,88.04,88.96,86.56,88.94,87.86,3953600
Nov 29 2013,48.43,48.93,48.07,48.45,40.13,4044300
Nov 29 2016,59.70,62.10,59.52,61.59,56.50,11858800
Nov 29 2017,95.76,96.35,95.03,95.82,91.11,4081400
Nov 29 2018,89.01,90.33,88.36,89.91,88.82,3838000
Nov 30 2015,59.96,60.21,57.96,58.15,51.36,12660200
Nov 30 2016,61.63,61.84,60.63,60.80,55.77,9025200
Nov 30 2017,96.36,97.53,96.21,96.92,92.15,7889600
Nov 30 2018,90.26,94.27,89.87,94.27,93.13,12031700
Dec 01 2014,69.08,69.50,68.83,69.11,59.10,4885100
Dec 01 2015,58.23,59.10,57.16,59.02,52.13,11290500
Dec 01 2016,60.83,60.83,58.75,59.16,54.27,8266200
Dec 01 2017,97.19,98.52,94.30,96.32,91.58,4823200
Dec 02 2013,48.49,48.68,48.02,48.39,40.08,4321900
Dec 02 2014,68.88,69.49,68.65,69.27,59.23,6491500
Dec 02 2015,59.17,59.39,57.37,57.72,50.98,7663000
Dec 02 2016,59.19,60.00,58.95,59.43,54.52,8020700
Dec 03 2013,49.13,50.26,48.97,49.97,41.39,9480100
Dec 03 2014,69.17,69.48,68.41,68.50,58.57,5817700
Dec 03 2015,57.71,57.75,55.53,56.12,49.56,9701500
Dec 03 2018,94.32,94.72,92.82,93.66,92.53,6673900
Dec 04 2013,49.75,50.29,49.30,49.67,41.14,5309200
Dec 04 2014,68.35,69.86,68.29,69.57,59.49,7665300
Dec 04 2015,56.50,57.48,56.20,57.18,50.50,6748100
Dec 04 2017,96.37,96.65,94.65,95.22,90.54,4934400
Dec 04 2018,93.92,94.98,90.40,90.55,89.45,7008400
Dec 05 2013,49.42,50.07,49.05,49.76,41.22,5449100
Dec 05 2014,69.52,70.17,69.34,69.71,59.61,4360100
Dec 05 2016,59.60,61.22,59.57,60.86,55.83,10227700
Dec 05 2017,96.28,96.72,95.00,95.41,90.72,5553000
Dec 06 2013,50.17,51.50,50.05,51.35,42.54,7285800
Dec 06 2016,60.76,61.72,60.33,61.62,56.53,7610400
Dec 06 2017,95.70,95.79,93.47,94.40,89.76,5114200
Dec 06 2018,89.70,90.48,87.17,90.33,89.24,8734300
Dec 07 2015,57.90,57.99,55.76,56.27,49.70,7890900
Dec 07 2016,60.26,60.65,58.80,59.99,55.03,13095600
Dec 07 2017,94.03,94.57,92.90,94.24,89.60,4524500
Dec 07 2018,89.93,90.00,86.37,86.96,85.91,6737700
Dec 08 2014,69.81,70.76,69.35,69.42,59.36,5452100
Dec 08 2015,55.56,56.87,55.51,56.67,50.05,6896200
Dec 08 2016,60.02,60.98,59.09,60.90,55.87,9192300
Dec 08 2017,95.68,96.54,94.62,95.95,91.23,5297000
Dec 09 2013,51.45,51.81,50.77,51.21,42.42,5470800
Dec 09 2014,68.21,69.19,67.61,69.14,59.12,6833800
Dec 09 2015,56.28,57.44,55.72,56.03,49.49,6207900
Dec 09 2016,61.19,61.93,60.92,61.54,56.45,7102900
Dec 10 2013,51.25,54.13,50.72,52.14,43.19,14906900
Dec 10 2014,69.44,69.44,67.53,67.58,57.79,8575700
Dec 10 2015,56.00,56.65,55.65,55.78,49.26,6728400
Dec 10 2018,86.67,87.88,84.60,87.61,86.55,5229400
Dec 11 2013,52.67,53.25,52.02,52.67,43.63,10775500
Dec 11 2014,66.48,67.96,66.24,67.03,57.32,9518000
Dec 11 2015,55.78,55.78,53.85,54.04,47.73,9388600
Dec 11 2017,96.39,97.31,95.77,96.47,91.72,4181100
Dec 11 2018,88.62,89.44,86.66,88.17,87.10,5098100
Dec 12 2013,52.56,52.62,51.80,52.39,43.40,7766400
Dec 12 2014,66.53,67.17,65.01,65.27,55.81,9215500
Dec 12 2016,61.53,62.45,61.51,62.04,56.91,5984500
Dec 12 2017,95.72,96.69,94.76,96.30,91.56,4195200
Dec 12 2018,89.32,90.17,88.36,88.60,87.53,4185100
Dec 13 2013,52.30,52.60,51.84,52.37,43.38,6465300
Dec 13 2016,62.33,62.44,61.36,61.99,56.87,8599600
Dec 13 2017,96.60,98.87,96.60,97.35,92.56,6148700
Dec 13 2018,89.37,89.99,87.37,87.71,86.65,4078600
Dec 14 2015,53.71,55.48,53.24,55.44,48.96,9325600
Dec 14 2016,61.55,62.30,61.51,61.67,56.57,5115700
Dec 14 2017,97.33,97.44,95.65,96.30,91.56,3985800
Dec 14 2018,86.80,87.16,85.08,85.61,84.57,5461600
Dec 15 2014,65.75,66.47,64.81,65.62,56.11,7226000
Dec 15 2015,56.15,57.00,55.91,56.39,49.80,6990000
Dec 15 2016,61.80,62.11,61.55,62.02,56.89,6416900
Dec 15 2017,96.86,97.88,96.64,97.45,92.66,11564700
Dec 16 2013,53.42,54.78,52.98,53.37,44.21,9846300
Dec 16 2014,65.11,66.94,64.80,65.25,55.80,8545100
Dec 16 2015,56.67,57.69,56.20,57.63,50.90,6282500
Dec 16 2016,62.12,62.49,61.83,62.22,57.08,9285500
Dec 17 2013,53.43,53.92,53.00,53.63,44.42,7987300
Dec 17 2014,65.50,66.74,65.09,66.57,56.92,5934900
Dec 17 2015,57.66,57.93,56.35,56.38,49.79,7848900
Dec 17 2018,85.07,86.88,84.20,84.93,83.90,5958200
Dec 18 2013,52.78,54.43,52.22,54.32,45.00,9635600
Dec 18 2014,67.86,68.01,67.20,67.92,58.08,7184700
Dec 18 2015,55.90,56.10,55.36,55.74,49.23,13807000
Dec 18 2017,97.67,99.10,97.55,98.19,93.36,4768300
Dec 18 2018,85.46,85.50,82.80,83.58,82.57,5288600
Dec 19 2013,53.21,53.21,52.02,52.63,43.60,8383400
Dec 19 2014,67.69,68.62,66.84,67.71,57.90,12631000
Dec 19 2016,62.37,63.33,62.12,62.22,57.08,5976800
Dec 19 2017,98.42,98.55,97.70,97.92,93.10,2817700
Dec 19 2018,84.33,86.30,82.65,83.52,82.51,5510800
Dec 20 2013,52.77,53.01,52.29,52.59,43.56,12471800
Dec 20 2016,62.34,62.71,61.75,62.16,57.02,5751800
Dec 20 2017,97.86,98.90,97.22,97.41,92.62,3411900
Dec 20 2018,82.99,86.48,82.41,85.37,84.34,9453300
Dec 21 2015,56.00,56.26,55.70,56.20,49.64,4572100
Dec 21 2016,62.23,62.41,61.43,61.45,56.37,5498700
Dec 21 2017,97.82,98.35,97.72,97.91,93.09,2249500
Dec 21 2018,84.63,88.71,83.22,84.92,83.89,16044700
Dec 22 2014,68.04,68.25,66.83,66.97,57.27,12876600
Dec 22 2015,56.54,57.99,56.42,57.59,50.86,8322900
Dec 22 2016,61.58,61.92,61.35,61.66,56.56,5626000
Dec 22 2017,97.86,98.69,97.71,98.21,93.38,2835600
Dec 23 2013,52.73,52.94,52.24,52.58,43.55,4957700
Dec 23 2014,67.23,67.32,64.02,64.35,55.03,12123000
Dec 23 2015,57.88,58.61,57.61,58.58,51.74,6634400
Dec 23 2016,61.78,62.40,61.47,62.34,57.19,4795900
Dec 24 2013,52.78,52.79,52.28,52.36,43.37,1747000
Dec 24 2014,64.75,66.95,64.75,66.21,56.62,4705500
Dec 24 2015,58.38,58.73,58.00,58.46,51.63,2152900
Dec 24 2018,84.85,86.44,83.60,84.16,83.14,5097900
Dec 26 2013,52.59,53.06,52.34,52.99,43.89,2401500
Dec 26 2014,66.51,67.24,66.51,66.98,57.27,4158200
Dec 26 2017,98.15,98.36,97.05,97.75,92.94,2363800
Dec 26 2018,84.74,89.09,84.62,89.04,87.96,6225000
Dec 27 2013,52.92,53.05,52.38,52.55,43.53,2354100
Dec 27 2016,62.52,63.02,62.41,62.50,57.33,5396200
Dec 27 2017,97.73,98.23,97.44,98.09,93.26,1927300
Dec 27 2018,87.95,89.93,86.86,89.91,88.82,7272800
Dec 28 2015,58.27,58.97,57.76,58.75,51.89,5558600
Dec 28 2016,62.51,62.75,62.25,62.27,57.12,5190400
Dec 28 2017,98.19,98.39,97.52,97.79,92.98,1870400
Dec 28 2018,90.09,92.82,90.00,91.12,90.02,6037700
Dec 29 2014,66.58,67.37,66.42,67.14,57.41,3872800
Dec 29 2015,59.02,59.70,59.02,59.45,52.51,5073900
Dec 29 2016,62.39,63.06,62.39,62.73,57.54,4983700
Dec 29 2017,98.14,98.43,96.71,96.71,91.95,3214400
Dec 30 2013,52.73,53.03,52.60,53.01,43.91,2898800
Dec 30 2014,66.77,67.16,66.02,66.30,56.69,5568800
Dec 30 2015,59.40,60.12,59.31,59.80,52.81,5220300
Dec 30 2016,62.73,62.93,62.41,62.62,57.44,5999200
Dec 31 2013,52.99,53.06,52.36,52.81,43.75,3019700
Dec 31 2014,66.72,67.10,65.35,65.44,55.96,3989100
