Jan 02 2015,60.76,62.88,60.16,62.68,62.68,370500
Jan 02 2018,235.58,238.63,226.76,231.03,231.03,872200
Jan 02 2019,205.00,213.42,202.35,210.55,210.55,652100
Jan 03 2017,97.54,98.29,96.68,97.06,97.06,548200
Jan 03 2018,232.00,235.75,231.56,235.60,235.60,558600
Jan 03 2019,205.39,207.97,199.21,199.60,199.60,800600
Jan 04 2016,77.85,78.00,75.76,77.40,77.40,1037900
Jan 04 2017,97.49,102.28,97.45,101.73,101.73,2121600
Jan 04 2018,236.25,237.83,231.41,232.69,232.69,837000
Jan 04 2019,204.29,204.84,200.68,202.47,202.47,1185000
Jan 05 2015,63.00,64.75,62.05,63.80,63.80,469100
Jan 05 2016,78.18,79.22,77.35,78.28,78.28,816200
Jan 05 2017,101.99,103.00,101.23,101.94,101.94,976500
Jan 05 2018,234.45,238.46,234.42,236.77,236.77,505400
Jan 06 2015,64.00,64.91,62.21,63.81,63.81,360600
Jan 06 2016,77.53,78.18,72.22,73.53,73.53,1331900
Jan 06 2017,102.11,102.61,100.67,101.28,101.28,473800
Jan 07 2015,64.39,65.50,63.98,65.14,65.14,410000
Jan 07 2016,72.20,72.46,67.76,68.75,68.75,1005600
Jan 07 2019,209.15,213.44,205.62,209.92,209.92,1320800
Jan 08 2015,65.71,66.83,64.86,66.12,66.12,474500
Jan 08 2016,69.84,70.86,68.19,68.87,68.87,751100
Jan 08 2018,239.24,251.95,238.51,251.06,251.06,1394700
Jan 08 2019,213.67,215.12,210.38,214.28,214.28,763900
Jan 09 2015,66.03,66.75,65.64,66.42,66.42,252800
Jan 09 2017,100.87,100.93,98.62,99.52,99.52,752700
Jan 09 2018,251.06,252.33,246.50,249.98,249.98,706800
Jan 10 2017,99.94,101.30,99.56,100.42,100.42,420600
Jan 10 2018,250.14,255.93,249.40,252.28,252.28,632100
Jan 11 2016,69.49,69.49,66.37,68.01,68.01,568900
Jan 11 2017,100.93,100.93,98.12,99.47,99.47,484700
Jan 11 2018,253.46,261.81,253.46,260.79,260.79,1084500
Jan 12 2015,66.08,66.42,65.40,66.07,66.07,436400
Jan 12 2016,68.82,69.67,65.07,66.48,66.48,585100
Jan 12 2017,99.99,99.99,96.44,99.00,99.00,590400
Jan 12 2018,261.07,262.84,257.10,259.03,259.03,824100
Jan 13 2015,66.07,66.07,64.01,65.27,65.27,618300
Jan 13 2016,66.94,67.92,63.81,64.71,64.71,609700
Jan 13 2017,99.43,101.04,99.43,100.27,100.27,367800
Jan 14 2015,64.50,65.14,64.00,65.06,65.06,350200
Jan 14 2016,65.63,66.33,63.76,65.39,65.39,643000
Jan 15 2015,65.55,65.82,63.01,63.21,63.21,440500
Jan 15 2016,64.03,65.12,62.20,64.85,64.85,646400
Jan 16 2015,62.48,64.80,62.20,64.54,64.54,368300
Jan 16 2018,261.65,262.84,250.16,252.77,252.77,904800
Jan 17 2017,94.00,94.34,87.33,88.23,88.23,4581600
Jan 17 2018,255.91,264.61,255.49,262.81,262.81,895900
Jan 18 2017,87.90,91.00,87.67,88.71,88.71,1240900
Jan 18 2018,263.48,268.12,263.00,265.19,265.19,642500
Jan 19 2016,65.50,65.61,61.87,62.60,62.60,798000
Jan 19 2017,89.38,89.92,88.67,89.72,89.72,632300
Jan 19 2018,267.87,271.87,267.10,270.84,270.84,681700
Jan 20 2015,64.54,65.67,63.98,65.47,65.47,281400
Jan 20 2016,61.63,63.43,59.45,63.36,63.36,1019900
Jan 20 2017,90.62,90.90,89.41,89.80,89.80,732100
Jan 21 2015,65.47,66.22,64.07,64.28,64.28,253200
Jan 21 2016,63.15,64.31,62.03,62.54,62.54,583400
Jan 22 2015,64.08,64.43,62.75,63.50,63.50,377200
Jan 22 2016,63.31,65.34,63.24,64.33,64.33,495300
Jan 22 2018,271.00,275.85,268.69,275.68,275.68,747600
Jan 23 2015,63.50,64.69,62.82,63.41,63.41,470500
Jan 23 2017,89.81,89.88,87.54,89.67,89.67,743500
Jan 23 2018,270.92,276.21,268.20,273.14,273.14,942200
Jan 24 2017,90.20,92.60,90.15,92.47,92.47,694900
Jan 24 2018,274.81,276.87,269.27,273.14,273.14,712100
Jan 25 2016,64.33,64.35,59.83,59.90,59.90,1105500
Jan 25 2017,93.92,94.75,92.07,93.08,93.08,497200
Jan 25 2018,275.60,279.60,274.51,276.76,276.76,527300
Jan 26 2015,63.41,64.35,62.22,64.35,64.35,311500
Jan 26 2016,60.04,61.38,58.54,60.01,60.01,1028300
Jan 26 2017,93.06,93.59,91.64,92.91,92.91,319200
Jan 26 2018,279.46,283.50,276.86,283.50,283.50,496300
Jan 27 2015,63.89,64.11,62.77,63.62,63.62,166200
Jan 27 2016,61.50,62.36,60.74,60.85,60.85,685100
Jan 27 2017,92.58,93.94,92.35,93.78,93.78,349600
Jan 28 2015,64.10,66.23,63.71,65.43,65.43,530800
Jan 28 2016,61.35,61.63,58.35,59.45,59.45,795300
Jan 29 2015,65.81,66.87,61.66,63.46,63.46,640900
Jan 29 2016,59.96,60.18,59.10,60.03,60.03,795900
Jan 29 2018,283.50,284.76,277.36,277.99,277.99,734900
Jan 30 2015,62.59,63.43,62.32,63.12,63.12,456800
Jan 30 2017,93.62,94.06,92.43,93.67,93.67,367500
Jan 30 2018,273.08,276.58,252.01,275.23,275.23,1359700
Jan 31 2017,93.84,94.20,92.78,94.00,94.00,407100
Jan 31 2018,276.51,277.00,269.04,275.82,275.82,935600
Feb 01 2016,59.56,59.56,57.01,59.26,59.26,993200
Feb 01 2017,94.17,94.80,92.88,94.28,94.28,455300
Feb 01 2018,273.20,276.97,273.11,275.00,275.00,834400
Feb 02 2015,62.96,63.79,61.50,62.66,62.66,412300
Feb 02 2016,59.00,60.75,53.52,57.64,57.64,1668800
Feb 02 2017,94.28,95.64,93.65,94.88,94.88,588900
Feb 02 2018,272.15,279.45,267.12,273.48,273.48,760600
Feb 03 2015,62.64,63.33,62.53,62.71,62.71,241600
Feb 03 2016,58.78,62.48,58.50,61.95,61.95,1429600
Feb 03 2017,95.03,95.81,93.69,95.52,95.52,441500
Feb 04 2015,61.50,61.97,59.80,60.86,60.86,660700
Feb 04 2016,61.87,63.28,61.59,62.37,62.37,703300
Feb 05 2015,60.86,61.96,60.19,60.50,60.50,250600
Feb 05 2016,62.05,62.05,59.03,59.22,59.22,698800
Feb 05 2018,265.51,279.89,262.51,265.37,265.37,1216600
Feb 06 2015,60.40,60.44,56.11,56.71,56.71,873000
Feb 06 2017,95.26,96.12,94.93,95.51,95.51,358600
Feb 06 2018,253.33,274.31,250.41,272.38,272.38,1004200
Feb 07 2017,95.61,96.49,95.01,95.99,95.99,279700
Feb 07 2018,277.99,289.07,275.04,281.62,281.62,1156500
Feb 08 2016,58.28,58.47,52.67,53.96,53.96,1307800
Feb 08 2017,95.99,98.39,95.19,97.46,97.46,519500
Feb 08 2018,285.01,285.14,264.38,264.52,264.52,1152900
Feb 09 2015,56.51,60.00,56.50,60.00,60.00,609800
Feb 09 2016,53.55,54.99,52.51,53.00,53.00,884100
Feb 09 2017,97.46,98.98,97.45,97.81,97.81,461100
Feb 09 2018,269.57,274.94,258.06,272.55,272.55,1149800
Feb 10 2015,60.00,65.95,59.63,63.07,63.07,1226500
Feb 10 2016,53.53,55.18,52.85,53.57,53.57,719800
Feb 10 2017,98.25,99.20,97.27,98.78,98.78,407300
Feb 11 2015,62.56,62.98,60.63,61.51,61.51,341000
Feb 11 2016,53.13,54.90,52.77,54.37,54.37,834500
Feb 12 2015,61.95,61.95,60.08,60.99,60.99,396800
Feb 12 2016,55.00,56.70,54.67,56.24,56.24,469200
Feb 12 2018,278.15,287.17,277.62,284.54,284.54,1270400
Feb 13 2015,60.96,63.94,60.88,62.93,62.93,319600
Feb 13 2017,98.78,100.45,98.62,99.90,99.90,843500
Feb 13 2018,285.00,292.73,284.08,292.58,292.58,1017000
Feb 14 2017,99.89,100.80,99.35,100.72,100.72,505900
Feb 14 2018,291.00,305.44,290.96,302.12,302.12,1471900
Feb 15 2017,100.09,101.32,99.59,100.67,100.67,715500
Feb 15 2018,306.00,311.67,295.35,307.96,307.96,2895800
Feb 16 2016,57.10,59.33,57.10,59.15,59.15,960900
Feb 16 2017,100.67,102.19,99.51,100.17,100.17,1763300
Feb 16 2018,258.00,269.00,247.52,249.49,249.49,8890700
Feb 17 2015,63.83,64.90,63.40,63.99,63.99,229100
Feb 17 2016,59.50,61.12,58.87,59.86,59.86,769900
Feb 17 2017,111.00,119.45,110.31,119.06,119.06,5910400
Feb 18 2015,63.86,65.18,62.60,65.18,65.18,360300
Feb 18 2016,60.14,60.38,57.73,58.15,58.15,1667100
Feb 19 2015,65.49,68.00,65.25,67.99,67.99,1186700
Feb 19 2016,61.99,67.25,61.57,65.00,65.00,4317300
Feb 20 2015,72.21,74.00,67.90,68.50,68.50,3548000
Feb 20 2018,248.00,253.28,246.11,249.65,249.65,2255100
Feb 21 2017,118.95,123.12,118.56,122.62,122.62,1664600
Feb 21 2018,249.00,250.56,235.82,238.03,238.03,2991500
Feb 22 2016,66.00,66.67,65.05,65.40,65.40,885300
Feb 22 2017,121.30,122.98,120.75,121.80,121.80,859500
Feb 22 2018,240.00,245.43,239.24,244.66,244.66,1600000
Feb 23 2015,69.95,71.40,68.30,69.05,69.05,1081300
Feb 23 2016,65.90,67.06,65.05,65.96,65.96,701200
Feb 23 2017,122.00,122.49,117.65,117.85,117.85,1142000
Feb 23 2018,246.35,249.49,240.34,245.92,245.92,1302200
Feb 24 2015,67.95,68.50,66.25,66.35,66.35,1960600
Feb 24 2016,66.35,67.53,65.07,67.43,67.43,803700
Feb 24 2017,117.00,120.65,115.86,120.59,120.59,898300
Feb 25 2015,66.35,68.08,66.23,67.03,67.03,995300
Feb 25 2016,67.72,68.87,66.53,67.66,67.66,603200
Feb 26 2015,67.38,68.84,67.15,68.77,68.77,843000
Feb 26 2016,67.50,69.37,67.23,69.02,69.02,712700
Feb 26 2018,247.57,260.00,246.77,259.85,259.85,1690100
Feb 27 2015,68.87,70.00,68.50,69.21,69.21,728100
Feb 27 2017,121.47,121.68,119.88,120.39,120.39,621400
Feb 27 2018,260.00,263.96,255.75,259.14,259.14,1412900
Feb 28 2017,119.96,120.95,118.75,118.99,118.99,649100
Feb 28 2018,260.00,273.58,260.00,269.74,269.74,2141100
Feb 29 2016,69.01,69.99,68.50,68.54,68.54,629100
Mar 01 2016,68.77,69.27,66.75,69.24,69.24,557800
Mar 01 2017,120.00,121.11,118.78,120.64,120.64,777900
Mar 01 2018,270.64,272.40,258.31,263.80,263.80,1614600
Mar 02 2015,69.00,69.89,68.16,69.07,69.07,530600
Mar 02 2016,68.09,68.19,66.25,66.70,66.70,934700
Mar 02 2017,120.51,121.75,119.34,119.49,119.49,470000
Mar 02 2018,257.86,271.95,254.21,271.50,271.50,1415200
Mar 03 2015,69.00,70.00,68.01,69.39,69.39,778900
Mar 03 2016,66.24,67.59,65.15,67.10,67.10,1004800
Mar 03 2017,119.51,120.26,118.60,119.97,119.97,501200
Mar 04 2015,68.76,69.18,67.12,67.42,67.42,623200
Mar 04 2016,67.14,67.70,64.23,64.25,64.25,994800
Mar 05 2015,67.67,69.61,67.12,69.28,69.28,703500
Mar 05 2018,270.00,285.94,267.30,281.86,281.86,2054300
Mar 06 2015,68.50,68.91,66.94,67.89,67.89,548700
Mar 06 2017,118.97,120.73,117.95,119.43,119.43,734200
Mar 06 2018,283.00,292.50,283.00,288.60,288.60,1812600
Mar 07 2016,64.16,65.63,63.06,64.40,64.40,2063500
Mar 07 2017,119.79,122.60,118.71,121.08,121.08,931400
Mar 07 2018,285.50,293.52,285.00,291.58,291.58,1242200
Mar 08 2016,64.19,64.46,61.76,61.88,61.88,844900
Mar 08 2017,121.51,125.00,120.49,123.53,123.53,1433300
Mar 08 2018,292.52,296.86,288.00,293.77,293.77,1110600
Mar 09 2015,68.11,68.99,67.69,68.49,68.49,670000
Mar 09 2016,62.53,64.09,61.94,63.74,63.74,737600
Mar 09 2017,123.22,124.50,121.79,123.09,123.09,552200
Mar 09 2018,295.11,298.00,293.81,295.15,295.15,922500
Mar 10 2015,67.95,68.52,67.79,68.02,68.02,361700
Mar 10 2016,63.61,65.10,60.36,61.11,61.11,1048700
Mar 10 2017,124.48,124.49,123.36,124.17,124.17,581900
Mar 11 2015,68.66,68.99,67.74,68.79,68.79,495200
Mar 11 2016,61.42,63.03,61.20,62.81,62.81,665600
Mar 12 2015,68.41,69.63,67.93,68.93,68.93,428800
Mar 12 2018,296.69,301.31,295.16,297.40,297.40,1207200
Mar 13 2015,68.74,69.44,68.55,69.05,69.05,818300
Mar 13 2017,125.00,127.64,124.81,127.47,127.47,1122000
Mar 13 2018,297.88,299.52,288.32,289.68,289.68,1199200
Mar 14 2016,61.82,61.82,55.65,56.53,56.53,3251500
Mar 14 2017,127.53,127.84,126.01,127.00,127.00,729400
Mar 14 2018,290.00,299.48,288.79,298.50,298.50,1390900
Mar 15 2016,56.53,57.32,56.02,56.10,56.10,1183300
Mar 15 2017,128.00,128.49,126.27,128.28,128.28,1130100
Mar 15 2018,298.00,298.73,293.02,295.90,295.90,888200
Mar 16 2015,69.00,71.70,68.86,71.53,71.53,1230100
Mar 16 2016,55.52,58.33,55.00,57.76,57.76,1193800
Mar 16 2017,128.84,128.93,126.99,127.14,127.14,895900
Mar 16 2018,296.39,296.95,291.98,293.72,293.72,766200
Mar 17 2015,71.75,74.23,71.40,73.65,73.65,1885200
Mar 17 2016,57.54,59.03,56.25,58.51,58.51,822900
Mar 17 2017,127.52,128.56,126.80,128.10,128.10,1025500
Mar 18 2015,74.32,74.44,72.74,74.23,74.23,839900
Mar 18 2016,58.46,59.48,58.08,58.37,58.37,864400
Mar 19 2015,74.00,74.52,72.60,73.25,73.25,851200
Mar 19 2018,276.31,283.50,272.25,277.39,277.39,1893200
Mar 20 2015,73.58,73.72,71.40,71.90,71.90,2589400
Mar 20 2017,129.69,131.43,129.46,130.33,130.33,715200
Mar 20 2018,279.54,288.65,278.91,285.42,285.42,1148700
Mar 21 2016,58.75,61.33,58.27,60.80,60.80,1370900
Mar 21 2017,131.28,131.32,127.63,127.97,127.97,1108800
Mar 21 2018,285.20,286.41,281.17,282.70,282.70,615600
Mar 22 2016,60.09,60.66,59.41,59.51,59.51,707000
Mar 22 2017,128.45,130.75,128.26,130.54,130.54,882200
Mar 22 2018,278.10,281.90,273.00,273.74,273.74,934800
Mar 23 2015,71.88,73.21,70.94,72.65,72.65,540100
Mar 23 2016,59.48,60.69,59.00,59.47,59.47,716700
Mar 23 2017,130.38,131.12,129.40,130.08,130.08,560900
Mar 23 2018,274.11,275.78,262.11,264.21,264.21,1226000
Mar 24 2015,71.29,71.63,70.02,70.12,70.12,1072000
Mar 24 2016,58.73,59.95,58.42,59.01,59.01,457200
Mar 24 2017,131.06,131.98,130.03,131.77,131.77,633500
Mar 25 2015,70.55,70.75,67.76,68.72,68.72,705800
Mar 26 2015,67.39,69.14,66.93,68.83,68.83,614300
Mar 26 2018,271.01,273.02,262.32,270.98,270.98,1042900
Mar 27 2015,68.19,69.05,67.52,67.88,67.88,307700
Mar 27 2017,131.35,132.55,130.15,132.18,132.18,546600
Mar 27 2018,272.94,274.95,252.55,253.70,253.70,1400700
Mar 28 2016,59.34,59.89,58.44,59.08,59.08,578500
Mar 28 2017,132.26,134.18,132.10,133.97,133.97,767000
Mar 28 2018,252.11,253.19,243.17,245.14,245.14,1785300
Mar 29 2016,59.19,62.41,57.89,61.89,61.89,1074000
Mar 29 2017,134.04,134.65,132.27,133.30,133.30,517400
Mar 29 2018,248.01,258.50,244.47,255.30,255.30,1250100
Mar 30 2015,68.22,68.66,67.10,68.52,68.52,332300
Mar 30 2016,62.69,62.78,61.15,62.41,62.41,948000
Mar 30 2017,133.71,134.25,132.66,132.81,132.81,408000
Mar 31 2015,68.39,70.65,67.00,70.53,70.53,611300
Mar 31 2016,62.34,63.97,61.77,63.10,63.10,607600
Mar 31 2017,132.99,133.15,131.65,132.27,132.27,737700
Apr 01 2015,69.78,70.17,68.19,69.62,69.62,611200
Apr 01 2016,62.37,63.00,60.60,62.14,62.14,846700
Apr 02 2015,67.33,67.50,65.52,66.01,66.01,1741700
Apr 02 2018,253.46,259.16,248.72,253.51,253.51,1060300
Apr 03 2017,131.73,132.46,128.66,131.70,131.70,1039200
Apr 03 2018,256.50,257.40,250.04,253.51,253.51,974300
Apr 04 2016,62.20,63.79,61.95,63.37,63.37,594600
Apr 04 2017,130.75,133.71,130.20,133.20,133.20,1021300
Apr 04 2018,246.28,259.69,245.10,258.96,258.96,846500
Apr 05 2016,63.07,63.50,61.79,62.62,62.62,600500
Apr 05 2017,133.90,134.51,133.26,134.00,134.00,1571000
Apr 05 2018,262.87,271.44,261.10,262.74,262.74,1168200
Apr 06 2015,66.15,66.67,65.28,65.79,65.79,638400
Apr 06 2016,62.92,65.00,62.24,64.94,64.94,722000
Apr 06 2017,133.53,135.27,132.54,134.40,134.40,917200
Apr 06 2018,257.69,261.99,256.07,258.72,258.72,827100
Apr 07 2015,66.00,67.18,65.70,66.16,66.16,410500
Apr 07 2016,64.68,65.20,63.20,64.12,64.12,670400
Apr 07 2017,132.87,133.70,132.23,132.45,132.45,611200
Apr 08 2015,66.25,66.50,64.80,66.11,66.11,414300
Apr 08 2016,64.54,66.19,63.99,65.01,65.01,554500
Apr 09 2015,65.73,67.22,65.25,65.63,65.63,340200
Apr 09 2018,262.55,266.10,259.50,259.50,259.50,551500
Apr 10 2015,65.53,65.73,64.35,65.25,65.25,547100
Apr 10 2017,132.45,134.10,132.05,133.27,133.27,419600
Apr 10 2018,265.27,268.85,263.38,267.19,267.19,735200
Apr 11 2016,64.96,65.20,63.52,63.56,63.56,463600
Apr 11 2017,132.98,134.25,131.47,133.33,133.33,497300
Apr 11 2018,265.28,269.53,265.28,266.58,266.58,503600
Apr 12 2016,63.14,63.59,61.55,61.87,61.87,594500
Apr 12 2017,133.75,133.75,130.09,131.47,131.47,726600
Apr 12 2018,268.00,272.10,267.99,268.89,268.89,632400
Apr 13 2015,65.47,66.69,65.43,66.14,66.14,420500
Apr 13 2016,62.58,64.76,61.89,64.67,64.67,448300
Apr 13 2017,131.85,133.61,131.16,131.36,131.36,326600
Apr 13 2018,258.02,258.34,241.32,244.20,244.20,2805000
Apr 14 2015,66.00,67.25,66.00,66.32,66.32,388300
Apr 14 2016,64.40,64.96,63.06,64.49,64.49,281000
Apr 15 2015,66.56,67.79,66.00,67.79,67.79,526800
Apr 15 2016,63.87,64.02,62.65,63.39,63.39,470000
Apr 16 2015,67.51,67.68,65.52,65.67,65.67,483500
Apr 16 2018,246.65,247.69,238.70,239.44,239.44,1526600
Apr 17 2015,65.31,65.69,64.80,64.97,64.97,488700
Apr 17 2017,131.41,133.20,131.12,132.75,132.75,480700
Apr 17 2018,241.00,258.60,240.55,256.80,256.80,2038700
Apr 18 2016,62.98,64.76,62.40,63.88,63.88,474800
Apr 18 2017,132.75,133.65,132.08,132.96,132.96,322400
Apr 18 2018,256.24,259.19,249.63,258.50,258.50,730200
Apr 19 2016,63.14,63.82,62.20,63.05,63.05,645700
Apr 19 2017,133.42,134.80,133.11,133.83,133.83,450500
Apr 19 2018,255.67,257.46,250.71,256.37,256.37,729900
Apr 20 2015,65.37,65.69,63.65,65.07,65.07,534600
Apr 20 2016,62.88,64.25,61.83,63.95,63.95,341700
Apr 20 2017,135.15,137.09,134.04,136.47,136.47,722200
Apr 20 2018,257.28,263.40,255.47,260.65,260.65,658300
Apr 21 2015,65.49,67.24,65.48,65.87,65.87,431700
Apr 21 2016,64.08,64.08,62.12,63.22,63.22,412500
Apr 21 2017,136.47,136.75,135.02,136.66,136.66,421600
Apr 22 2015,65.86,66.63,65.22,66.27,66.27,251400
Apr 22 2016,63.69,65.72,63.01,65.65,65.65,469800
Apr 23 2015,66.07,66.90,65.45,66.15,66.15,328900
Apr 23 2018,261.98,261.98,252.01,254.18,254.18,695700
Apr 24 2015,66.97,69.46,65.96,66.39,66.39,319400
Apr 24 2017,138.10,139.39,136.91,139.00,139.00,669900
Apr 24 2018,257.99,264.00,248.60,252.06,252.06,965100
Apr 25 2016,64.94,66.41,64.56,65.91,65.91,598200
Apr 25 2017,139.20,140.32,138.66,139.42,139.42,594900
Apr 25 2018,251.49,256.22,247.21,253.02,253.02,646300
Apr 26 2016,65.87,66.71,65.40,66.00,66.00,483900
Apr 26 2017,139.60,139.98,137.87,139.36,139.36,704100
Apr 26 2018,255.57,259.78,255.04,259.51,259.51,559200
Apr 27 2015,66.75,66.95,64.56,64.60,64.60,394800
Apr 27 2016,65.46,66.84,63.87,66.73,66.73,605000
Apr 27 2017,137.00,139.84,137.00,139.65,139.65,630000
Apr 27 2018,262.62,266.65,259.99,262.75,262.75,721900
Apr 28 2015,64.82,66.37,63.66,65.71,65.71,333600
Apr 28 2016,66.12,66.72,65.59,65.76,65.76,454200
Apr 28 2017,139.21,139.96,138.36,139.64,139.64,921900
Apr 29 2015,65.67,66.14,64.44,64.76,64.76,602900
Apr 29 2016,65.79,66.83,65.05,66.62,66.62,667500
Apr 30 2015,64.56,65.00,63.80,64.01,64.01,349900
Apr 30 2018,264.18,267.48,261.31,264.55,264.55,834600
May 01 2015,64.08,64.84,63.25,64.71,64.71,279400
May 01 2017,139.51,141.92,138.61,141.10,141.10,705700
May 01 2018,264.55,265.36,260.53,265.27,265.27,679300
May 02 2016,67.05,67.24,66.01,67.07,67.07,668900
May 02 2017,141.54,141.91,138.95,141.19,141.19,949500
May 02 2018,267.48,272.54,265.41,265.46,265.46,891100
May 03 2016,66.65,66.65,64.18,64.27,64.27,590700
May 03 2017,140.99,141.85,139.71,140.68,140.68,678900
May 03 2018,262.33,270.75,260.22,267.85,267.85,1187800
May 04 2015,64.24,65.29,63.78,64.65,64.65,311800
May 04 2016,63.79,64.09,61.85,62.55,62.55,828300
May 04 2017,141.75,142.90,138.38,140.20,140.20,1610500
May 04 2018,243.90,248.99,235.24,245.05,245.05,3386600
May 05 2015,64.66,65.00,63.50,63.82,63.82,261600
May 05 2016,63.02,63.65,62.14,63.58,63.58,1150500
May 05 2017,138.95,144.94,135.21,144.72,144.72,2258000
May 06 2015,64.00,64.57,63.16,63.53,63.53,317100
May 06 2016,65.42,67.40,62.01,66.83,66.83,2363100
May 07 2015,63.47,65.55,63.47,64.95,64.95,273300
May 07 2018,247.10,254.82,245.43,252.36,252.36,1636800
May 08 2015,65.20,66.00,65.02,65.80,65.80,241100
May 08 2017,145.00,147.55,141.32,142.75,142.75,890300
May 08 2018,251.17,260.53,251.13,259.29,259.29,1140700
May 09 2016,66.81,67.19,64.89,65.26,65.26,930400
May 09 2017,143.51,145.58,142.62,144.93,144.93,692700
May 09 2018,260.42,261.10,256.56,259.42,259.42,870500
May 10 2016,65.82,68.64,65.72,67.53,67.53,1262000
May 10 2017,145.66,146.03,143.78,145.43,145.43,713200
May 10 2018,259.80,262.19,259.00,260.66,260.66,1223500
May 11 2015,65.95,67.77,65.76,67.65,67.65,287200
May 11 2016,67.23,68.22,67.02,67.31,67.31,670000
May 11 2017,145.01,146.45,144.26,146.02,146.02,563600
May 11 2018,260.00,260.80,256.01,259.91,259.91,586700
May 12 2015,67.02,67.46,65.39,65.85,65.85,783100
May 12 2016,67.47,67.47,65.23,66.57,66.57,823000
May 12 2017,145.68,147.15,144.76,146.82,146.82,476900
May 13 2015,66.20,66.58,66.03,66.31,66.31,459100
May 13 2016,66.15,68.00,65.90,67.46,67.46,824300
May 14 2015,66.99,69.00,66.10,68.91,68.91,1353000
May 14 2018,258.41,260.50,252.68,253.52,253.52,1057000
May 15 2015,66.38,67.40,64.05,65.42,65.42,2127000
May 15 2017,147.39,148.13,146.51,147.42,147.42,582100
May 15 2018,251.34,253.44,248.25,249.55,249.55,735200
May 16 2016,67.36,68.50,67.26,68.01,68.01,823900
May 16 2017,148.12,148.60,146.10,147.45,147.45,1180900
May 16 2018,249.24,250.81,246.60,249.13,249.13,629100
May 17 2016,67.98,68.26,66.80,66.90,66.90,401900
May 17 2017,145.99,146.87,142.23,142.36,142.36,907200
May 17 2018,248.00,249.13,243.62,247.47,247.47,1338200
May 18 2015,65.40,67.88,65.13,67.73,67.73,740400
May 18 2016,66.42,68.86,66.01,68.03,68.03,831400
May 18 2017,140.93,143.85,138.80,143.48,143.48,803900
May 18 2018,248.00,250.08,247.34,248.09,248.09,481300
May 19 2015,67.88,68.47,67.05,67.55,67.55,498400
May 19 2016,68.01,69.14,67.46,68.20,68.20,720000
May 19 2017,144.82,145.40,143.64,144.07,144.07,621900
May 20 2015,67.56,67.92,66.89,67.48,67.48,482500
May 20 2016,68.35,70.25,68.24,70.12,70.12,926100
May 21 2015,67.50,68.45,67.16,67.91,67.91,511700
May 21 2018,249.74,255.80,249.74,254.25,254.25,934500
May 22 2015,67.88,68.96,67.76,68.87,68.87,457800
May 22 2017,143.42,144.30,142.25,143.15,143.15,708100
May 22 2018,253.10,257.10,249.50,249.62,249.62,804200
May 23 2016,69.68,72.43,69.43,71.59,71.59,834400
May 23 2017,142.68,144.03,141.05,143.20,143.20,814400
May 23 2018,248.72,256.14,248.00,255.98,255.98,674900
May 24 2016,71.60,72.50,71.03,72.32,72.32,568600
May 24 2017,143.59,144.33,143.21,144.28,144.28,397900
May 24 2018,255.78,255.78,250.05,252.61,252.61,512600
May 25 2016,72.50,72.82,71.71,71.96,71.96,617300
May 25 2017,145.00,148.23,144.86,148.06,148.06,992100
May 25 2018,253.44,256.90,252.60,255.75,255.75,531200
May 26 2015,69.00,69.80,68.32,68.75,68.75,1001000
May 26 2016,71.67,72.33,71.27,72.02,72.02,614100
May 26 2017,148.06,148.40,145.07,146.45,146.45,619100
May 27 2015,68.51,68.97,67.94,68.17,68.17,445700
May 27 2016,72.00,72.88,71.13,72.86,72.86,768300
May 28 2015,68.26,69.40,68.00,69.05,69.05,405500
May 29 2015,69.12,69.91,68.78,69.91,69.91,795500
May 29 2018,254.00,259.50,253.24,255.86,255.86,1068800
May 30 2017,146.45,147.46,145.50,147.22,147.22,653300
May 30 2018,256.40,257.50,251.45,251.65,251.65,892000
May 31 2016,73.00,73.58,72.60,73.29,73.29,522300
May 31 2017,147.80,148.04,145.33,147.38,147.38,2609300
May 31 2018,253.48,256.13,251.20,251.56,251.56,885000
Jun 01 2015,69.95,70.00,69.24,69.81,69.81,504000
Jun 01 2016,72.73,74.18,72.10,74.08,74.08,492300
Jun 01 2017,147.51,148.95,144.31,148.52,148.52,1573800
Jun 01 2018,252.66,262.99,252.52,261.22,261.22,1065900
Jun 02 2015,69.68,71.75,69.13,71.61,71.61,786900
Jun 02 2016,74.10,74.90,73.68,74.90,74.90,609300
Jun 02 2017,148.63,152.54,148.13,152.26,152.26,1281200
Jun 03 2015,72.08,74.87,71.75,74.85,74.85,1717100
Jun 03 2016,74.90,75.34,74.21,75.08,75.08,831200
Jun 04 2015,74.56,74.94,73.64,73.99,73.99,679800
Jun 04 2018,262.50,269.00,261.39,268.28,268.28,939700
Jun 05 2015,73.60,77.90,73.50,77.09,77.09,1422600
Jun 05 2017,152.26,154.89,152.26,154.33,154.33,928500
Jun 05 2018,268.30,276.59,267.26,274.75,274.75,1302900
Jun 06 2016,75.00,75.40,74.30,74.66,74.66,417400
Jun 06 2017,153.56,157.27,153.26,155.35,155.35,648400
Jun 06 2018,275.38,280.58,275.37,278.26,278.26,1252800
Jun 07 2016,74.66,74.99,74.00,74.58,74.58,688900
Jun 07 2017,156.24,156.77,154.85,156.05,156.05,624900
Jun 07 2018,278.50,279.25,269.43,270.90,270.90,774200
Jun 08 2015,78.15,79.42,77.08,78.73,78.73,1136400
Jun 08 2016,74.35,75.20,73.53,74.82,74.82,646100
Jun 08 2017,155.54,157.32,154.73,157.27,157.27,581900
Jun 08 2018,270.68,274.71,268.60,273.75,273.75,514900
Jun 09 2014,56.25,57.00,55.00,55.20,55.20,716900
Jun 09 2015,78.89,79.81,78.26,79.78,79.78,661700
Jun 09 2016,74.68,75.32,74.18,75.12,75.12,484700
Jun 09 2017,157.56,158.57,147.01,149.46,149.46,1015700
Jun 10 2014,55.25,60.00,55.25,60.00,60.00,986800
Jun 10 2015,79.78,81.49,78.56,81.01,81.01,1277700
Jun 10 2016,74.59,74.87,72.85,73.08,73.08,434800
Jun 11 2014,60.00,63.50,58.66,63.50,63.50,660500
Jun 11 2015,81.50,81.71,79.54,80.34,80.34,602400
Jun 11 2018,273.75,276.67,270.52,271.68,271.68,1022800
Jun 12 2014,63.65,67.83,63.07,66.00,66.00,729300
Jun 12 2015,79.91,81.70,78.68,81.16,81.16,758500
Jun 12 2017,147.48,149.76,143.00,149.76,149.76,1153700
Jun 12 2018,272.81,276.47,272.41,274.64,274.64,555000
Jun 13 2014,68.47,72.00,67.00,69.58,69.58,1065700
Jun 13 2016,72.55,72.90,71.67,72.21,72.21,677800
Jun 13 2017,150.95,153.37,149.39,151.78,151.78,630400
Jun 13 2018,276.59,282.10,275.38,281.14,281.14,847900
Jun 14 2016,72.00,72.64,71.69,72.45,72.45,704800
Jun 14 2017,151.85,153.38,148.93,151.05,151.05,550600
Jun 14 2018,280.81,284.55,279.51,281.12,281.12,762000
Jun 15 2015,80.94,83.95,80.36,83.24,83.24,992700
Jun 15 2016,72.81,73.46,72.61,73.08,73.08,666300
Jun 15 2017,149.37,151.33,147.90,151.23,151.23,539500
Jun 15 2018,279.43,287.00,277.85,286.62,286.62,1364500
Jun 16 2014,71.22,71.50,67.64,71.50,71.50,417000
Jun 16 2015,83.44,85.84,83.36,84.97,84.97,974400
Jun 16 2016,72.69,73.36,71.89,72.51,72.51,666300
Jun 16 2017,152.37,153.15,151.05,151.58,151.58,1558100
Jun 17 2014,71.89,72.63,69.00,69.71,69.71,278600
Jun 17 2015,85.86,86.63,84.18,85.72,85.72,878900
Jun 17 2016,72.66,73.20,71.95,72.06,72.06,580200
Jun 18 2014,70.07,71.00,67.88,68.96,68.96,208800
Jun 18 2015,86.16,87.88,85.96,87.07,87.07,1070200
Jun 18 2018,282.56,283.65,274.03,279.22,279.22,1002100
Jun 19 2014,68.03,68.81,64.51,65.67,65.67,651600
Jun 19 2015,87.00,87.48,86.12,86.71,86.71,1158400
Jun 19 2017,153.45,157.66,153.45,156.66,156.66,819100
Jun 19 2018,273.65,277.93,271.39,273.80,273.80,747800
Jun 20 2014,65.05,68.50,64.50,65.15,65.15,294000
Jun 20 2016,73.15,73.62,72.32,72.50,72.50,347200
Jun 20 2017,156.07,157.90,154.80,155.03,155.03,585900
Jun 20 2018,276.62,287.12,276.62,283.74,283.74,1027400
Jun 21 2016,72.47,72.73,71.34,72.62,72.62,454300
Jun 21 2017,155.36,158.84,155.24,158.16,158.16,834100
Jun 21 2018,284.39,285.75,278.44,279.32,279.32,484700
Jun 22 2015,87.11,88.30,85.76,87.68,87.68,793200
Jun 22 2016,72.48,72.78,69.71,71.36,71.36,1155900
Jun 22 2017,158.00,159.48,156.00,158.78,158.78,540300
Jun 22 2018,280.98,280.98,269.31,272.65,272.65,1111700
Jun 23 2014,65.02,67.49,65.02,65.71,65.71,116500
Jun 23 2015,87.55,88.31,86.90,87.46,87.46,586600
Jun 23 2016,72.00,73.82,71.58,73.82,73.82,756200
Jun 23 2017,159.08,162.97,158.90,161.62,161.62,1527600
Jun 24 2014,66.35,66.75,63.87,64.28,64.28,192800
Jun 24 2015,87.63,88.56,85.56,87.21,87.21,741100
Jun 24 2016,68.03,71.00,66.40,66.65,66.65,2178300
Jun 25 2014,63.81,65.36,62.00,64.49,64.49,186200
Jun 25 2015,87.66,87.66,85.06,85.36,85.36,800100
Jun 25 2018,268.67,270.00,257.41,259.88,259.88,1347600
Jun 26 2014,64.81,64.81,62.50,63.81,63.81,97100
Jun 26 2015,84.49,84.83,81.43,82.24,82.24,2823700
Jun 26 2017,161.74,162.28,156.00,157.78,157.78,913700
Jun 26 2018,260.13,265.26,259.10,262.38,262.38,718200
Jun 27 2014,63.91,63.91,62.25,62.55,62.55,244700
Jun 27 2016,63.18,63.50,60.51,60.93,60.93,2730000
Jun 27 2017,157.38,158.58,152.52,152.82,152.82,755900
Jun 27 2018,262.75,264.48,253.72,254.29,254.29,914400
Jun 28 2016,61.65,62.42,60.56,62.00,62.00,609400
Jun 28 2017,153.97,155.82,151.77,155.27,155.27,738700
Jun 28 2018,253.00,260.56,252.86,258.27,258.27,551900
Jun 29 2015,81.00,83.27,80.54,80.96,80.96,1068000
Jun 29 2016,62.84,64.09,62.10,63.76,63.76,745800
Jun 29 2017,154.78,155.18,147.71,149.95,149.95,730700
Jun 29 2018,259.90,260.71,256.76,257.49,257.49,412800
Jun 30 2014,62.07,65.20,62.07,62.39,62.39,232000
Jun 30 2015,82.00,82.51,81.32,81.74,81.74,646000
Jun 30 2016,63.91,64.42,62.92,64.38,64.38,505600
Jun 30 2017,150.43,151.21,148.77,149.79,149.79,547100
Jul 01 2014,66.97,76.83,66.10,76.00,76.00,1658200
Jul 01 2015,82.60,83.50,81.59,81.84,81.84,599300
Jul 01 2016,64.56,65.13,63.04,63.66,63.66,612600
Jul 02 2014,78.74,80.53,73.20,75.35,75.35,1126500
Jul 02 2015,82.19,83.00,81.37,81.86,81.86,511400
Jul 02 2018,254.98,261.45,253.09,261.36,261.36,441000
Jul 03 2014,76.44,77.63,74.10,76.41,76.41,243900
Jul 03 2017,151.06,151.10,146.35,146.89,146.89,357800
Jul 03 2018,262.20,262.33,255.45,255.87,255.87,393300
Jul 05 2016,63.00,63.59,62.21,63.45,63.45,591100
Jul 05 2017,147.10,149.52,147.10,148.62,148.62,920500
Jul 05 2018,257.99,258.68,252.25,257.91,257.91,516900
Jul 06 2015,81.52,82.24,80.10,80.82,80.82,809800
Jul 06 2016,63.18,64.67,62.77,64.63,64.63,889100
Jul 06 2017,146.50,147.68,144.19,145.43,145.43,634600
Jul 06 2018,258.91,263.93,257.92,262.39,262.39,314600
Jul 07 2014,75.16,77.29,72.03,72.17,72.17,316600
Jul 07 2015,81.00,81.93,76.62,79.85,79.85,1006300
Jul 07 2016,64.72,66.20,64.72,66.00,66.00,587500
Jul 07 2017,146.05,149.16,146.05,148.77,148.77,722600
Jul 08 2014,71.93,72.05,63.14,69.43,69.43,1178700
Jul 08 2015,79.39,79.39,77.01,77.49,77.49,735500
Jul 08 2016,66.49,68.22,66.06,67.73,67.73,624700
Jul 09 2014,69.30,72.90,66.01,71.90,71.90,372000
Jul 09 2015,78.94,79.40,78.00,78.29,78.29,465200
Jul 09 2018,269.87,274.97,265.61,270.46,270.46,751100
Jul 10 2014,67.52,70.14,67.12,67.74,67.74,296800
Jul 10 2015,79.34,80.75,78.75,80.53,80.53,397900
Jul 10 2017,148.86,150.78,147.92,149.35,149.35,672800
Jul 10 2018,272.00,272.00,267.73,268.55,268.55,377800
Jul 11 2014,68.80,70.50,68.35,69.63,69.63,191700
Jul 11 2016,68.66,71.54,68.66,69.80,69.80,1257200
Jul 11 2017,149.57,153.26,149.57,153.16,153.16,550400
Jul 11 2018,265.00,270.96,263.57,269.32,269.32,386500
Jul 12 2016,70.56,70.85,69.98,70.09,70.09,871200
Jul 12 2017,155.00,156.06,154.27,155.38,155.38,612700
Jul 12 2018,271.89,279.18,270.67,278.36,278.36,520900
Jul 13 2015,81.19,81.55,78.51,79.47,79.47,492700
Jul 13 2016,70.22,70.99,69.53,70.26,70.26,951900
Jul 13 2017,155.87,156.64,153.65,154.77,154.77,375300
Jul 13 2018,278.30,278.36,261.16,266.49,266.49,1423900
Jul 14 2014,71.40,72.00,68.53,68.95,68.95,131000
Jul 14 2015,80.29,82.07,79.50,81.55,81.55,478400
Jul 14 2016,70.49,70.77,69.12,70.00,70.00,606200
Jul 14 2017,155.02,155.69,154.12,155.11,155.11,301000
Jul 15 2014,69.45,70.56,66.00,66.69,66.69,226100
Jul 15 2015,81.36,82.85,81.35,81.88,81.88,503100
Jul 15 2016,70.35,70.44,69.38,69.99,69.99,442800
Jul 16 2014,67.07,68.00,63.61,64.53,64.53,247700
Jul 16 2015,82.80,84.61,82.03,83.93,83.93,782000
Jul 16 2018,266.50,274.75,266.50,270.84,270.84,708400
Jul 17 2014,63.89,65.62,63.11,63.76,63.76,130200
Jul 17 2015,84.29,84.78,83.80,84.70,84.70,464900
Jul 17 2017,155.31,155.68,152.80,155.22,155.22,372300
Jul 17 2018,270.69,274.76,266.90,273.88,273.88,288000
Jul 18 2014,64.03,64.90,63.35,64.00,64.00,123700
Jul 18 2016,70.23,71.55,70.12,71.38,71.38,778300
Jul 18 2017,154.85,156.13,154.01,155.99,155.99,419400
Jul 18 2018,273.88,275.85,273.08,274.69,274.69,318100
Jul 19 2016,71.20,71.64,70.60,70.96,70.96,359500
Jul 19 2017,156.80,159.00,156.73,157.63,157.63,441500
Jul 19 2018,277.37,281.20,275.38,276.25,276.25,586600
Jul 20 2015,85.00,86.17,83.48,84.06,84.06,515600
Jul 20 2016,70.96,71.45,69.64,71.29,71.29,1103100
Jul 20 2017,158.31,158.61,155.27,156.80,156.80,374400
Jul 20 2018,277.00,277.81,268.55,268.84,268.84,568700
Jul 21 2014,64.13,64.73,63.01,63.23,63.23,143700
Jul 21 2015,84.27,84.68,83.07,83.58,83.58,350000
Jul 21 2016,71.42,71.91,70.29,70.37,70.37,389300
Jul 21 2017,151.00,154.00,149.00,152.92,152.92,1181300
Jul 22 2014,63.76,66.96,63.46,65.51,65.51,235900
Jul 22 2015,83.03,85.80,82.68,85.20,85.20,573600
Jul 22 2016,70.46,71.36,70.32,70.46,70.46,446000
Jul 23 2014,65.89,66.68,64.40,64.82,64.82,147900
Jul 23 2015,85.20,88.25,83.76,84.19,84.19,817800
Jul 23 2018,269.49,270.87,263.50,268.39,268.39,574200
Jul 24 2014,65.11,66.16,63.77,64.25,64.25,182600
Jul 24 2015,84.90,86.69,84.50,84.72,84.72,448400
Jul 24 2017,152.50,156.18,152.02,155.22,155.22,518600
Jul 24 2018,270.39,272.20,262.98,266.30,266.30,587400
Jul 25 2014,64.15,64.78,62.51,63.64,63.64,115600
Jul 25 2016,70.46,71.54,70.41,71.17,71.17,512200
Jul 25 2017,155.06,158.07,153.79,158.00,158.00,405100
Jul 25 2018,266.03,275.98,266.03,274.31,274.31,520200
Jul 26 2016,71.18,71.77,70.80,70.99,70.99,634400
Jul 26 2017,158.35,159.00,157.00,157.20,157.20,575600
Jul 26 2018,272.62,279.32,269.26,276.28,276.28,503200
Jul 27 2015,85.25,85.25,82.27,82.74,82.74,349700
Jul 27 2016,71.50,71.50,70.13,70.70,70.70,480800
Jul 27 2017,158.09,158.79,150.06,152.04,152.04,745000
Jul 27 2018,275.55,276.89,266.90,271.28,271.28,734900
Jul 28 2014,64.52,64.54,63.03,63.41,63.41,67400
Jul 28 2015,82.96,83.89,80.41,80.75,80.75,645600
Jul 28 2016,70.73,70.85,68.84,69.62,69.62,719100
Jul 28 2017,151.05,153.57,149.41,150.40,150.40,991900
Jul 29 2014,63.59,64.05,63.15,63.85,63.85,106400
Jul 29 2015,81.01,81.92,79.10,80.41,80.41,734100
Jul 29 2016,69.63,71.42,69.23,71.27,71.27,533700
Jul 30 2014,64.48,67.90,63.97,67.79,67.79,608100
Jul 30 2015,80.54,85.05,79.89,84.97,84.97,544800
Jul 30 2018,270.15,270.77,255.08,257.86,257.86,914800
Jul 31 2014,66.34,67.00,65.11,66.12,66.12,257700
Jul 31 2015,85.81,85.83,83.65,84.47,84.47,591000
Jul 31 2017,151.20,151.76,148.49,149.29,149.29,1009900
Jul 31 2018,257.76,262.87,253.51,255.73,255.73,990400
Aug 01 2014,65.82,67.50,65.25,65.61,65.61,193700
Aug 01 2016,71.14,72.44,71.04,72.12,72.12,547700
Aug 01 2017,150.43,150.43,147.34,147.80,147.80,717300
Aug 01 2018,256.50,263.48,256.00,262.60,262.60,645500
Aug 02 2016,72.00,72.00,69.95,70.19,70.19,728200
Aug 02 2017,148.96,148.97,142.66,143.46,143.46,1162400
Aug 02 2018,261.65,271.85,260.52,271.85,271.85,1379300
Aug 03 2015,84.29,84.71,83.21,84.63,84.63,399200
Aug 03 2016,70.37,71.36,70.21,71.30,71.30,539500
Aug 03 2017,143.82,145.04,141.78,144.05,144.05,1926200
Aug 03 2018,269.42,269.42,256.54,257.54,257.54,1930200
Aug 04 2014,65.99,69.50,65.68,69.23,69.23,255600
Aug 04 2015,84.14,84.53,82.29,82.94,82.94,443700
Aug 04 2016,71.00,72.31,70.82,71.99,71.99,774100
Aug 04 2017,167.60,175.40,166.50,172.05,172.05,4997700
Aug 05 2014,68.83,73.00,68.02,72.09,72.09,402400
Aug 05 2015,83.21,85.60,83.21,84.59,84.59,446000
Aug 05 2016,68.75,72.44,68.75,71.75,71.75,1875900
Aug 06 2014,71.38,72.50,69.53,70.82,70.82,225600
Aug 06 2015,84.06,84.88,81.24,81.58,81.58,1203000
Aug 06 2018,258.50,272.19,258.50,271.33,271.33,1224300
Aug 07 2014,71.77,72.66,71.18,72.22,72.22,412600
Aug 07 2015,82.66,87.60,81.68,84.08,84.08,2246300
Aug 07 2017,170.05,176.50,169.52,173.75,173.75,1650900
Aug 07 2018,271.55,273.75,267.51,268.81,268.81,685100
Aug 08 2014,79.25,79.88,71.50,72.03,72.03,1426400
Aug 08 2016,72.18,72.88,71.84,72.07,72.07,1047200
Aug 08 2017,173.69,174.90,169.93,169.94,169.94,1171900
Aug 08 2018,269.83,269.83,263.10,264.56,264.56,725900
Aug 09 2016,72.38,74.08,72.18,74.06,74.06,900800
Aug 09 2017,168.99,169.88,167.11,167.46,167.46,1119200
Aug 09 2018,264.08,272.76,263.75,269.34,269.34,685100
Aug 10 2015,84.50,85.50,81.70,83.52,83.52,792400
Aug 10 2016,73.80,74.16,73.25,74.00,74.00,474700
Aug 10 2017,167.01,167.03,160.94,164.70,164.70,1491500
Aug 10 2018,268.46,270.63,266.77,268.85,268.85,439700
Aug 11 2014,72.69,73.40,67.31,69.86,69.86,740100
Aug 11 2015,82.79,83.61,78.41,79.52,79.52,781900
Aug 11 2016,74.00,76.00,73.82,75.46,75.46,887900
Aug 11 2017,164.53,168.81,163.41,165.69,165.69,626300
Aug 12 2014,69.48,71.69,69.48,71.11,71.11,223000
Aug 12 2015,79.12,80.93,78.01,80.35,80.35,597800
Aug 12 2016,75.45,75.89,75.06,75.78,75.78,571000
Aug 13 2014,71.14,71.97,69.34,69.84,69.84,273500
Aug 13 2015,80.45,81.97,80.36,81.39,81.39,327200
Aug 13 2018,268.86,273.35,267.48,269.28,269.28,449800
Aug 14 2014,69.73,71.70,68.80,70.81,70.81,266600
Aug 14 2015,81.22,81.99,79.91,80.80,80.80,345300
Aug 14 2017,168.08,170.69,167.54,169.80,169.80,639700
Aug 14 2018,271.66,274.25,268.70,271.46,271.46,700700
Aug 15 2014,71.42,71.42,69.38,69.82,69.82,141600
Aug 15 2016,75.54,78.35,75.27,78.25,78.25,1294900
Aug 15 2017,171.00,171.99,169.30,170.59,170.59,567900
Aug 15 2018,269.68,272.60,262.52,265.58,265.58,628700
Aug 16 2016,77.99,78.28,76.83,77.60,77.60,843700
Aug 16 2017,170.60,174.88,170.20,173.67,173.67,851500
Aug 16 2018,268.83,275.49,267.48,267.93,267.93,706500
Aug 17 2015,79.78,82.57,79.44,81.98,81.98,334100
Aug 17 2016,77.58,77.84,76.71,77.34,77.34,652000
Aug 17 2017,173.50,174.54,170.22,171.06,171.06,787300
Aug 17 2018,265.77,270.48,265.77,269.04,269.04,457400
Aug 18 2014,70.85,71.37,69.25,70.51,70.51,175900
Aug 18 2015,81.99,81.99,79.84,79.88,79.88,400400
Aug 18 2016,77.80,79.08,77.80,79.03,79.03,984400
Aug 18 2017,171.00,174.11,169.94,172.01,172.01,651900
Aug 19 2014,70.74,75.18,70.17,75.00,75.00,478100
Aug 19 2015,78.32,80.58,77.69,79.54,79.54,395500
Aug 19 2016,79.13,79.70,78.52,79.12,79.12,776900
Aug 20 2014,74.33,77.27,72.90,76.40,76.40,395900
Aug 20 2015,79.26,79.52,73.99,74.09,74.09,669300
Aug 20 2018,269.55,274.50,268.14,273.72,273.72,498900
Aug 21 2014,75.88,78.39,75.33,77.35,77.35,435300
Aug 21 2015,72.84,76.30,71.25,73.97,73.97,853100
Aug 21 2017,172.00,173.89,169.85,172.01,172.01,664600
Aug 21 2018,272.50,277.15,271.32,271.83,271.83,562800
Aug 22 2014,76.49,76.96,75.25,75.62,75.62,177600
Aug 22 2016,78.69,79.03,77.17,77.48,77.48,696400
Aug 22 2017,172.07,175.99,171.91,175.25,175.25,840400
Aug 22 2018,272.10,278.95,269.67,277.36,277.36,584600
Aug 23 2016,76.56,78.28,76.01,78.04,78.04,920600
Aug 23 2017,174.44,175.11,172.34,173.51,173.51,891800
Aug 23 2018,276.91,283.42,275.01,282.61,282.61,814700
Aug 24 2015,70.01,71.62,63.36,71.62,71.62,1249900
Aug 24 2016,78.39,78.84,77.35,77.53,77.53,411800
Aug 24 2017,174.32,176.38,173.55,175.11,175.11,633100
Aug 24 2018,295.84,313.37,294.92,308.58,308.58,4082400
Aug 25 2014,76.05,77.44,74.81,75.58,75.58,177400
Aug 25 2015,73.19,74.94,72.01,72.05,72.05,407100
Aug 25 2016,77.10,78.88,77.00,78.79,78.79,527300
Aug 25 2017,175.64,176.88,173.59,173.73,173.73,418400
Aug 26 2014,75.44,76.77,74.67,76.17,76.17,162700
Aug 26 2015,73.67,74.84,72.50,74.67,74.67,548500
Aug 26 2016,78.50,79.49,77.82,78.99,78.99,551900
Aug 27 2014,75.99,83.47,75.97,83.16,83.16,724200
Aug 27 2015,75.10,76.58,74.29,75.24,75.24,419900
Aug 27 2018,308.58,312.50,300.60,304.79,304.79,11162000
Aug 28 2014,82.96,83.89,81.57,83.45,83.45,343300
Aug 28 2015,75.99,76.90,74.72,76.37,76.37,295300
Aug 28 2017,174.23,175.76,171.35,174.11,174.11,523500
Aug 28 2018,305.00,306.74,302.14,304.20,304.20,1699000
Aug 29 2014,84.89,85.79,82.74,83.85,83.85,330500
Aug 29 2016,78.81,79.88,78.62,79.77,79.77,695600
Aug 29 2017,172.43,174.66,171.55,173.28,173.28,420100
Aug 29 2018,303.35,306.06,300.94,302.19,302.19,1255700
Aug 30 2016,79.36,80.48,78.92,79.69,79.69,718300
Aug 30 2017,174.26,178.35,174.26,177.95,177.95,574800
Aug 30 2018,300.72,302.74,294.45,297.87,297.87,1012200
Aug 31 2015,75.92,76.27,74.22,74.79,74.79,308000
Aug 31 2016,79.71,79.82,78.91,79.68,79.68,489300
Aug 31 2017,178.69,179.71,175.35,176.15,176.15,780200
Aug 31 2018,296.00,302.33,295.44,298.98,298.98,808300
Sep 01 2015,73.30,74.52,71.72,71.91,71.91,629400
Sep 01 2016,79.93,80.39,79.29,79.67,79.67,672800
Sep 01 2017,176.77,177.63,175.09,177.49,177.49,436600
Sep 02 2014,85.14,86.68,84.23,86.10,86.10,329600
Sep 02 2015,73.01,73.69,70.50,73.20,73.20,704700
Sep 02 2016,80.08,81.09,79.30,80.95,80.95,720600
Sep 03 2014,87.16,87.56,84.91,85.61,85.61,335300
Sep 03 2015,73.75,74.86,73.04,73.96,73.96,589200
Sep 04 2014,85.41,89.30,85.19,87.49,87.49,322700
Sep 04 2015,73.13,75.36,73.13,74.87,74.87,579400
Sep 04 2018,288.90,294.00,286.25,289.82,289.82,2026000
Sep 05 2014,87.42,91.33,86.13,91.12,91.12,234800
Sep 05 2017,176.74,177.56,173.66,175.23,175.23,808800
Sep 05 2018,288.46,289.09,271.14,272.29,272.29,1810000
Sep 06 2016,80.94,81.69,80.14,81.19,81.19,488000
Sep 06 2017,175.55,176.45,169.61,172.73,172.73,835800
Sep 06 2018,274.00,276.96,265.22,267.77,267.77,1302900
Sep 07 2016,80.88,81.84,80.72,81.35,81.35,431000
Sep 07 2017,173.00,174.05,171.78,173.65,173.65,482000
Sep 07 2018,267.79,272.31,264.00,267.05,267.05,1111600
Sep 08 2014,91.15,93.94,85.69,87.66,87.66,740400
Sep 08 2015,75.67,78.77,75.40,78.26,78.26,803300
Sep 08 2016,81.25,81.75,80.98,81.35,81.35,339600
Sep 08 2017,173.33,174.45,172.06,172.68,172.68,318000
Sep 09 2014,88.00,88.88,83.78,84.28,84.28,339900
Sep 09 2015,78.50,78.50,73.79,74.03,74.03,795800
Sep 09 2016,80.90,81.79,79.74,79.76,79.76,537800
Sep 10 2014,84.99,88.84,83.14,88.75,88.75,330800
Sep 10 2015,73.73,74.39,69.63,69.88,69.88,1170000
Sep 10 2018,268.74,269.98,264.91,269.01,269.01,1178800
Sep 11 2014,88.10,90.89,87.64,88.75,88.75,180100
Sep 11 2015,69.17,69.21,61.06,64.46,64.46,3455200
Sep 11 2017,173.93,176.10,173.27,175.31,175.31,391800
Sep 11 2018,267.59,271.25,265.64,267.21,267.21,836900
Sep 12 2014,88.89,89.41,85.00,86.27,86.27,195100
Sep 12 2016,79.16,81.26,78.16,80.90,80.90,528600
Sep 12 2017,175.64,176.80,172.82,173.82,173.82,423200
Sep 12 2018,266.86,268.21,261.79,267.85,267.85,862900
Sep 13 2016,80.50,81.24,80.13,80.73,80.73,597900
Sep 13 2017,173.82,175.13,172.14,174.89,174.89,656000
Sep 13 2018,268.99,272.00,267.96,270.06,270.06,828300
Sep 14 2015,65.46,66.48,62.69,63.19,63.19,1505600
Sep 14 2016,80.74,84.27,80.73,83.13,83.13,1804200
Sep 14 2017,173.95,176.38,173.74,174.94,174.94,607500
Sep 14 2018,271.00,273.69,269.38,271.25,271.25,1006500
Sep 15 2014,87.32,88.25,82.54,82.83,82.83,410000
Sep 15 2015,64.02,65.26,62.04,63.50,63.50,981100
Sep 15 2016,82.53,84.69,82.19,84.43,84.43,679400
Sep 15 2017,175.13,177.89,173.67,176.96,176.96,1380500
Sep 16 2014,82.27,85.34,80.80,84.00,84.00,268500
Sep 16 2015,64.00,64.39,62.19,63.51,63.51,1066900
Sep 16 2016,84.07,85.10,83.70,85.03,85.03,1174000
Sep 17 2014,84.79,85.94,83.22,83.51,83.51,200800
Sep 17 2015,63.76,66.00,63.60,64.73,64.73,1119000
Sep 17 2018,271.87,272.28,264.56,265.08,265.08,675700
Sep 18 2014,84.50,86.44,84.03,86.13,86.13,235500
Sep 18 2015,64.31,67.93,64.30,66.88,66.88,2257900
Sep 18 2017,179.00,185.41,178.89,182.68,182.68,1134800
Sep 18 2018,265.30,269.35,265.30,267.16,267.16,732200
Sep 19 2014,86.94,87.65,84.90,87.65,87.65,522200
Sep 19 2016,83.48,83.98,81.30,82.03,82.03,1026500
Sep 19 2017,183.93,183.99,181.05,181.72,181.72,771000
Sep 19 2018,268.05,271.38,267.20,270.20,270.20,849900
Sep 20 2016,82.30,83.29,81.61,81.82,81.82,634400
Sep 20 2017,186.24,188.72,184.07,188.49,188.49,973300
Sep 20 2018,272.64,274.05,270.20,273.05,273.05,743900
Sep 21 2015,67.72,67.85,65.11,66.67,66.67,1139200
Sep 21 2016,82.26,83.86,82.26,83.77,83.77,434800
Sep 21 2017,188.17,188.85,184.48,187.23,187.23,605800
Sep 21 2018,274.00,275.00,268.44,269.29,269.29,1815600
Sep 22 2014,86.89,88.65,83.56,83.84,83.84,454400
Sep 22 2015,65.61,66.99,65.09,66.36,66.36,957900
Sep 22 2016,84.40,85.59,84.27,85.33,85.33,710900
Sep 22 2017,187.20,192.08,187.03,191.05,191.05,906500
Sep 23 2014,83.44,86.31,83.06,84.47,84.47,294800
Sep 23 2015,66.28,66.44,64.99,65.52,65.52,845000
Sep 23 2016,84.90,85.94,84.24,85.72,85.72,705100
Sep 24 2014,83.20,87.90,83.20,87.11,87.11,280400
Sep 24 2015,65.54,65.92,63.60,65.00,65.00,1051800
Sep 24 2018,268.28,275.23,265.02,274.21,274.21,711600
Sep 25 2014,86.71,88.44,83.82,84.30,84.30,329500
Sep 25 2015,65.29,65.83,63.12,63.50,63.50,719700
Sep 25 2017,192.00,193.24,180.57,180.83,180.83,1276100
Sep 25 2018,275.18,276.00,272.50,274.56,274.56,518800
Sep 26 2014,84.35,85.92,84.34,85.13,85.13,289600
Sep 26 2016,84.97,85.36,84.38,85.09,85.09,329800
Sep 26 2017,182.85,186.98,180.01,182.66,182.66,650400
Sep 26 2018,273.02,273.90,263.37,263.87,263.87,1235700
Sep 27 2016,84.64,86.32,84.64,86.32,86.32,472600
Sep 27 2017,184.76,190.96,184.76,186.55,186.55,606400
Sep 27 2018,264.89,268.41,263.70,265.33,265.33,832900
Sep 28 2015,63.50,64.85,61.33,62.24,62.24,1191200
Sep 28 2016,85.88,86.35,85.14,85.76,85.76,792000
Sep 28 2017,186.01,188.23,183.61,187.55,187.55,585300
Sep 28 2018,265.30,269.00,264.71,265.86,265.86,476000
Sep 29 2014,84.46,93.75,84.00,93.31,93.31,760300
Sep 29 2015,62.53,63.28,60.10,60.87,60.87,515600
Sep 29 2016,85.79,86.26,84.40,85.22,85.22,540900
Sep 29 2017,188.25,189.90,187.80,189.61,189.61,446200
Sep 30 2014,93.56,94.84,86.61,88.33,88.33,1101300
Sep 30 2015,61.20,61.55,60.49,61.19,61.19,496500
Sep 30 2016,85.64,85.86,84.37,85.08,85.08,711000
Oct 01 2014,88.04,88.53,83.12,84.06,84.06,602800
Oct 01 2015,61.12,61.71,59.70,61.00,61.00,709800
Oct 01 2018,267.21,268.82,258.47,259.64,259.64,1121600
Oct 02 2014,84.45,85.05,79.62,84.23,84.23,479400
Oct 02 2015,60.43,62.90,60.38,62.80,62.80,537100
Oct 02 2017,190.00,191.85,188.63,190.43,190.43,465600
Oct 02 2018,258.08,259.84,255.32,256.15,256.15,733500
Oct 03 2014,85.78,87.11,83.47,85.73,85.73,344700
Oct 03 2016,84.91,85.52,84.58,85.05,85.05,621900
Oct 03 2017,190.92,191.88,188.41,189.42,189.42,314800
Oct 03 2018,257.00,262.56,255.74,261.43,261.43,597800
Oct 04 2016,85.59,85.79,84.76,85.25,85.25,406000
Oct 04 2017,189.42,191.03,187.56,190.68,190.68,390600
Oct 04 2018,260.76,261.42,255.49,257.74,257.74,607300
Oct 05 2015,63.45,64.41,63.15,63.91,63.91,679100
Oct 05 2016,85.81,85.99,84.88,84.97,84.97,524200
Oct 05 2017,191.14,191.96,188.90,190.36,190.36,360500
Oct 05 2018,256.55,261.99,247.17,251.27,251.27,1023900
Oct 06 2014,85.98,86.58,82.81,84.68,84.68,361500
Oct 06 2015,63.74,69.00,61.74,67.38,67.38,1722000
Oct 06 2016,85.11,85.50,84.56,85.47,85.47,340400
Oct 06 2017,190.11,193.40,189.80,192.93,192.93,721800
Oct 07 2014,83.13,84.48,82.21,82.81,82.81,450200
Oct 07 2015,67.35,68.96,65.82,66.97,66.97,820500
Oct 07 2016,85.69,85.75,84.82,85.14,85.14,340500
Oct 08 2014,84.33,88.92,83.04,88.44,88.44,592400
Oct 08 2015,66.50,67.72,65.59,66.75,66.75,449000
Oct 08 2018,250.44,251.61,239.21,243.21,243.21,1190900
Oct 09 2014,88.44,90.25,84.65,85.82,85.82,521100
Oct 09 2015,67.07,67.54,65.40,67.21,67.21,399200
Oct 09 2017,193.52,196.27,192.68,193.37,193.37,489700
Oct 09 2018,242.28,244.99,235.53,238.65,238.65,1157400
Oct 10 2014,84.63,86.71,77.77,78.13,78.13,1369300
Oct 10 2016,85.70,87.62,84.99,86.53,86.53,1057900
Oct 10 2017,194.76,195.34,191.09,192.82,192.82,415500
Oct 10 2018,237.18,237.99,225.26,225.79,225.79,1614300
Oct 11 2016,86.50,86.50,82.41,83.01,83.01,639400
Oct 11 2017,192.31,193.51,191.61,192.95,192.95,335900
Oct 11 2018,217.95,224.20,214.10,215.46,215.46,2212100
Oct 12 2015,67.26,67.66,65.80,66.60,66.60,499400
Oct 12 2016,82.80,82.99,81.74,82.09,82.09,366200
Oct 12 2017,192.00,193.11,190.45,191.21,191.21,509700
Oct 12 2018,221.81,225.68,217.96,222.37,222.37,1454400
Oct 13 2014,78.58,79.62,73.31,73.69,73.69,604200
Oct 13 2015,65.75,68.03,65.56,65.67,65.67,493200
Oct 13 2016,80.55,81.09,78.82,80.76,80.76,693700
Oct 13 2017,192.88,192.88,190.00,191.14,191.14,620600
Oct 14 2014,74.00,75.38,70.30,73.52,73.52,696200
Oct 14 2015,65.78,66.05,64.80,64.93,64.93,464400
Oct 14 2016,82.00,82.69,79.75,80.45,80.45,495900
Oct 15 2014,73.00,75.72,71.00,75.05,75.05,604300
Oct 15 2015,66.23,67.97,65.68,67.30,67.30,488600
Oct 15 2018,230.36,232.77,220.50,220.83,220.83,1301200
Oct 16 2014,74.49,76.22,73.40,74.57,74.57,586700
Oct 16 2015,67.45,67.83,66.80,67.60,67.60,281400
Oct 16 2017,192.14,192.50,188.43,188.79,188.79,521800
Oct 16 2018,223.45,234.38,223.45,233.58,233.58,1246100
Oct 17 2014,75.93,77.49,75.87,76.72,76.72,648100
Oct 17 2016,80.49,81.12,79.72,80.72,80.72,446300
Oct 17 2017,188.86,190.96,188.86,190.61,190.61,355100
Oct 17 2018,243.99,247.48,233.77,238.95,238.95,1182800
Oct 18 2016,81.67,81.82,80.82,80.86,80.86,235800
Oct 18 2017,190.94,191.21,188.56,189.94,189.94,288700
Oct 18 2018,236.81,237.98,230.16,233.09,233.09,795400
Oct 19 2015,67.51,67.91,65.69,65.95,65.95,308600
Oct 19 2016,80.76,82.12,80.17,81.90,81.90,355800
Oct 19 2017,188.42,190.13,185.25,190.13,190.13,524200
Oct 19 2018,234.84,236.21,227.30,229.76,229.76,913700
Oct 20 2014,77.42,79.25,75.42,76.39,76.39,293000
Oct 20 2015,65.88,67.34,64.28,64.66,64.66,595700
Oct 20 2016,81.92,82.12,81.30,81.86,81.86,235200
Oct 20 2017,191.05,192.95,191.05,191.68,191.68,324600
Oct 21 2014,78.31,78.38,76.81,77.51,77.51,348300
Oct 21 2015,65.01,65.31,62.99,64.47,64.47,463200
Oct 21 2016,81.65,83.83,80.88,83.58,83.58,366400
Oct 22 2014,78.00,78.15,71.68,72.18,72.18,498800
Oct 22 2015,64.39,67.75,64.39,67.13,67.13,515700
Oct 22 2018,231.36,234.37,227.29,232.18,232.18,814100
Oct 23 2014,73.27,75.39,72.26,73.84,73.84,507000
Oct 23 2015,67.80,69.00,67.40,68.40,68.40,608100
Oct 23 2017,192.00,194.24,191.20,191.57,191.57,464900
Oct 23 2018,226.77,235.00,221.65,232.83,232.83,957000
Oct 24 2014,73.80,74.99,72.75,74.93,74.93,279600
Oct 24 2016,84.48,84.65,83.90,84.03,84.03,258400
Oct 24 2017,192.65,193.72,190.37,193.10,193.10,343400
Oct 24 2018,231.55,237.01,223.59,223.82,223.82,996100
Oct 25 2016,84.62,85.12,84.21,84.32,84.32,298500
Oct 25 2017,192.02,193.34,188.79,189.61,189.61,457400
Oct 25 2018,226.72,232.75,224.72,230.69,230.69,807100
Oct 26 2015,68.20,68.69,67.40,67.97,67.97,224400
Oct 26 2016,84.00,84.89,83.86,84.22,84.22,338300
Oct 26 2017,190.94,193.90,190.74,191.83,191.83,429900
Oct 26 2018,225.00,225.78,217.03,219.53,219.53,1271500
Oct 27 2014,74.70,74.70,73.10,73.36,73.36,205300
Oct 27 2015,67.65,68.72,65.62,65.90,65.90,392800
Oct 27 2016,84.47,84.70,83.56,84.61,84.61,532700
Oct 27 2017,193.89,196.68,192.91,195.65,195.65,556300
Oct 28 2014,73.54,74.31,72.56,73.84,73.84,432600
Oct 28 2015,65.96,66.85,65.06,66.01,66.01,520900
Oct 28 2016,84.46,86.30,83.78,85.10,85.10,930700
Oct 29 2014,73.85,75.60,72.23,73.03,73.03,318500
Oct 29 2015,65.57,65.88,64.43,65.16,65.16,553900
Oct 29 2018,224.11,226.15,213.11,217.86,217.86,953300
Oct 30 2014,73.30,75.00,73.09,73.89,73.89,307900
Oct 30 2015,65.60,66.16,64.10,64.51,64.51,489300
Oct 30 2017,196.25,200.82,195.44,196.16,196.16,835700
Oct 30 2018,218.13,228.63,215.60,228.46,228.46,915200
Oct 31 2014,74.84,82.93,74.60,81.25,81.25,647600
Oct 31 2016,85.10,85.80,84.60,84.75,84.75,685200
Oct 31 2017,197.33,201.95,196.90,199.89,199.89,818400
Oct 31 2018,233.50,238.68,230.30,230.35,230.35,1152200
Nov 01 2016,84.37,85.48,83.12,84.17,84.17,745900
Nov 01 2017,201.41,201.41,195.17,197.26,197.26,993700
Nov 01 2018,232.77,242.32,231.12,240.96,240.96,1346200
Nov 02 2015,62.50,63.25,58.77,61.90,61.90,1177400
Nov 02 2016,84.32,84.84,82.54,82.91,82.91,568700
Nov 02 2017,197.50,197.50,177.92,181.17,181.17,2758300
Nov 02 2018,260.91,269.49,245.44,257.77,257.77,3090300
Nov 03 2014,84.75,86.00,81.36,85.69,85.69,501100
Nov 03 2015,61.90,62.58,60.26,62.23,62.23,869300
Nov 03 2016,83.40,83.92,81.50,82.08,82.08,1033100
Nov 03 2017,201.84,202.15,192.75,201.49,201.49,3205100
Nov 04 2014,85.69,87.21,82.56,86.39,86.39,578400
Nov 04 2015,62.43,63.47,62.24,63.00,63.00,592700
Nov 04 2016,80.90,84.23,79.05,83.31,83.31,1839400
Nov 05 2014,89.28,89.89,82.77,84.12,84.12,760700
Nov 05 2015,62.68,63.04,61.42,61.96,61.96,1227400
Nov 05 2018,256.67,257.48,248.10,248.96,248.96,953700
Nov 06 2014,85.42,87.30,83.20,87.25,87.25,722000
Nov 06 2015,65.05,71.95,64.80,70.46,70.46,3089500
Nov 06 2017,202.99,207.35,200.49,206.68,206.68,1146100
Nov 06 2018,248.00,252.29,241.44,245.11,245.11,900700
Nov 07 2014,78.85,81.05,76.50,77.83,77.83,1650800
Nov 07 2016,84.62,85.90,83.95,85.84,85.84,1274800
Nov 07 2017,206.60,214.99,206.60,209.56,209.56,1438300
Nov 07 2018,246.98,254.38,246.26,253.55,253.55,762500
Nov 08 2016,86.00,86.58,84.37,86.07,86.07,842000
Nov 08 2017,212.59,216.00,211.02,214.19,214.19,1214800
Nov 08 2018,252.08,255.31,248.70,252.20,252.20,523700
Nov 09 2015,71.04,72.62,65.54,68.90,68.90,1231800
Nov 09 2016,83.83,85.73,82.50,85.40,85.40,837000
Nov 09 2017,213.35,217.92,211.20,213.55,213.55,1010600
Nov 09 2018,250.93,251.19,241.00,244.43,244.43,778300
Nov 10 2014,78.03,80.34,76.61,76.79,76.79,751000
Nov 10 2015,68.40,68.90,67.80,68.90,68.90,481800
Nov 10 2016,86.24,87.18,84.69,85.91,85.91,1079000
Nov 10 2017,213.60,221.67,213.30,221.05,221.05,1160200
Nov 11 2014,74.54,79.38,74.00,78.74,78.74,1486800
Nov 11 2015,68.89,68.97,67.15,67.25,67.25,424900
Nov 11 2016,85.83,86.58,84.73,86.15,86.15,728300
Nov 12 2014,78.74,79.38,76.50,77.24,77.24,570900
Nov 12 2015,66.97,67.72,65.46,65.88,65.88,460600
Nov 12 2018,243.39,245.00,234.66,236.62,236.62,834800
Nov 13 2014,77.00,78.75,76.23,76.97,76.97,377700
Nov 13 2015,65.56,66.37,64.66,65.19,65.19,438400
Nov 13 2017,221.73,227.13,221.73,225.15,225.15,963300
Nov 13 2018,238.08,240.85,232.37,236.36,236.36,726100
Nov 14 2014,76.97,77.74,76.51,77.69,77.69,324300
Nov 14 2016,86.77,88.26,86.58,87.83,87.83,1191000
Nov 14 2017,225.10,228.86,224.40,227.10,227.10,632000
Nov 14 2018,238.56,240.00,228.99,229.49,229.49,881400
Nov 15 2016,87.79,88.88,86.00,87.79,87.79,1009100
Nov 15 2017,226.00,228.00,221.16,224.90,224.90,615900
Nov 15 2018,229.69,244.93,229.68,244.20,244.20,1283700
Nov 16 2015,65.11,68.00,64.80,67.88,67.88,424000
Nov 16 2016,87.77,88.51,86.64,88.07,88.07,461500
Nov 16 2017,226.88,233.34,226.34,231.77,231.77,849900
Nov 16 2018,241.85,243.00,237.95,239.37,239.37,716100
Nov 17 2014,76.64,77.15,75.82,76.70,76.70,371800
Nov 17 2015,67.89,69.87,67.59,69.15,69.15,682400
Nov 17 2016,88.01,88.53,87.74,88.04,88.04,275600
Nov 17 2017,232.46,234.63,229.47,233.82,233.82,581300
Nov 18 2014,76.70,77.45,76.31,76.80,76.80,316300
Nov 18 2015,68.73,69.74,68.36,69.69,69.69,483900
Nov 18 2016,88.53,89.36,87.82,87.98,87.98,536400
Nov 19 2014,76.20,77.31,76.20,77.00,77.00,381200
Nov 19 2015,69.44,71.75,69.04,71.43,71.43,541100
Nov 19 2018,239.11,239.18,221.51,223.00,223.00,896600
Nov 20 2014,76.37,76.37,74.67,75.18,75.18,601000
Nov 20 2015,71.54,72.73,71.21,71.42,71.42,498500
Nov 20 2017,235.00,241.95,234.91,241.83,241.83,721000
Nov 20 2018,213.00,223.63,210.55,219.38,219.38,998300
Nov 21 2014,75.50,76.25,74.05,74.15,74.15,422300
Nov 21 2016,89.26,94.76,89.26,94.48,94.48,2402200
Nov 21 2017,242.30,245.65,240.78,241.43,241.43,954700
Nov 21 2018,222.68,228.65,218.30,219.02,219.02,701600
Nov 22 2016,94.48,94.94,94.07,94.78,94.78,854900
Nov 22 2017,241.45,243.35,238.16,239.01,239.01,617300
Nov 23 2015,71.30,74.30,71.27,73.97,73.97,679500
Nov 23 2016,94.75,95.47,94.50,95.19,95.19,488800
Nov 23 2018,217.00,222.87,215.97,219.24,219.24,235200
Nov 24 2014,74.25,74.69,72.66,72.94,72.94,425500
Nov 24 2015,73.39,75.00,73.06,74.68,74.68,483300
Nov 24 2017,241.08,243.43,240.58,242.06,242.06,298100
Nov 25 2014,73.33,74.81,73.00,73.74,73.74,422000
Nov 25 2015,74.52,74.83,73.02,73.76,73.76,463600
Nov 25 2016,94.75,95.00,93.59,94.66,94.66,365300
Nov 26 2014,74.90,77.90,74.45,76.15,76.15,528000
Nov 26 2018,223.30,227.00,219.38,226.37,226.37,503500
Nov 27 2015,73.97,73.97,72.48,73.00,73.00,138300
Nov 27 2017,241.70,243.59,238.45,238.64,238.64,542600
Nov 27 2018,224.93,226.65,223.23,224.74,224.74,424800
Nov 28 2014,76.68,76.93,75.56,75.87,75.87,206800
Nov 28 2016,95.06,96.06,94.11,95.97,95.97,620100
Nov 28 2017,239.00,243.67,238.20,243.55,243.55,539900
Nov 28 2018,228.48,236.00,227.17,235.40,235.40,687400
Nov 29 2016,96.00,96.84,95.29,95.53,95.53,594000
Nov 29 2017,244.82,244.90,226.53,234.21,234.21,1211100
Nov 29 2018,234.99,238.10,231.01,236.31,236.31,578600
Nov 30 2015,73.58,73.98,72.75,73.52,73.52,415500
Nov 30 2016,96.08,96.68,94.54,94.81,94.81,666500
Nov 30 2017,237.52,238.03,231.19,233.12,233.12,838400
Nov 30 2018,236.41,239.21,233.52,238.48,238.48,755500
Dec 01 2014,74.00,75.35,71.35,71.58,71.58,733700
Dec 01 2015,73.73,74.50,72.20,74.30,74.30,295500
Dec 01 2016,94.74,96.25,92.10,93.30,93.30,783700
Dec 01 2017,232.50,233.22,222.43,228.65,228.65,1138600
Dec 02 2014,71.47,72.50,67.58,69.42,69.42,1054700
Dec 02 2015,74.52,75.91,74.12,75.32,75.32,435000
Dec 02 2016,92.81,94.93,92.06,93.17,93.17,846100
Dec 03 2014,69.42,72.96,69.21,72.63,72.63,1082700
Dec 03 2015,75.35,75.98,74.86,75.22,75.22,541600
Dec 03 2018,247.50,248.98,242.15,243.89,243.89,892600
Dec 04 2014,72.70,74.00,71.66,73.53,73.53,335900
Dec 04 2015,75.13,75.18,72.59,74.20,74.20,273900
Dec 04 2017,232.27,233.77,208.62,209.48,209.48,2586700
Dec 04 2018,242.02,244.27,229.62,229.73,229.73,806600
Dec 05 2014,73.25,74.50,67.70,68.24,68.24,1853000
Dec 05 2016,92.57,93.67,91.93,92.75,92.75,768400
Dec 05 2017,208.40,218.64,206.86,211.05,211.05,1272100
Dec 06 2016,93.05,94.73,92.33,93.86,93.86,681900
Dec 06 2017,209.15,213.96,207.37,212.86,212.86,631600
Dec 06 2018,228.62,238.65,225.00,238.43,238.43,1310700
Dec 07 2015,73.89,74.89,72.72,74.22,74.22,380700
Dec 07 2016,94.61,98.22,93.56,97.87,97.87,1278500
Dec 07 2017,214.10,221.25,214.10,219.86,219.86,901700
Dec 07 2018,238.18,240.99,223.71,225.09,225.09,830000
Dec 08 2014,67.61,67.61,59.16,64.82,64.82,2972400
Dec 08 2015,73.26,73.83,71.57,73.20,73.20,455300
Dec 08 2016,98.51,98.79,95.40,95.76,95.76,664100
Dec 08 2017,223.36,228.96,222.06,222.79,222.79,775500
Dec 09 2014,63.60,66.35,63.42,66.19,66.19,751900
Dec 09 2015,73.42,73.79,71.59,71.84,71.84,297900
Dec 09 2016,96.00,96.62,93.97,94.41,94.41,512600
Dec 10 2014,65.98,66.30,64.84,65.17,65.17,632100
Dec 10 2015,72.50,72.70,69.77,70.50,70.50,326000
Dec 10 2018,224.59,231.98,223.10,229.77,229.77,701300
Dec 11 2014,65.50,68.16,65.50,67.90,67.90,699500
Dec 11 2015,70.00,70.82,67.35,67.54,67.54,494400
Dec 11 2017,223.00,224.99,219.37,223.69,223.69,576800
Dec 11 2018,231.50,235.89,227.74,229.12,229.12,701000
Dec 12 2014,66.64,68.71,66.00,67.95,67.95,636600
Dec 12 2016,93.52,94.00,91.04,93.14,93.14,908500
Dec 12 2017,222.19,223.30,217.11,218.25,218.25,706300
Dec 12 2018,234.16,236.34,231.51,231.99,231.99,529300
Dec 13 2016,93.24,95.62,93.24,95.03,95.03,611800
Dec 13 2017,218.44,226.24,218.43,225.13,225.13,791200
Dec 13 2018,233.50,235.21,227.91,228.71,228.71,449700
Dec 14 2015,67.78,72.71,67.71,70.38,70.38,1050000
Dec 14 2016,94.94,98.90,93.79,97.88,97.88,1430200
Dec 14 2017,226.78,229.18,225.25,226.72,226.72,782700
Dec 14 2018,224.82,226.05,219.71,220.41,220.41,629300
Dec 15 2014,67.18,67.89,66.94,67.39,67.39,498300
Dec 15 2015,70.71,72.32,70.00,71.81,71.81,536400
Dec 15 2016,98.06,98.33,96.18,96.79,96.79,988900
Dec 15 2017,228.30,232.15,227.30,231.03,231.03,1064100
Dec 16 2014,67.03,68.86,66.56,68.34,68.34,600000
Dec 16 2015,71.31,72.30,70.18,71.60,71.60,737900
Dec 16 2016,96.77,98.81,96.37,96.68,96.68,875600
Dec 17 2014,68.15,69.40,66.83,67.28,67.28,606600
Dec 17 2015,72.08,73.61,71.50,72.86,72.86,725300
Dec 17 2018,219.00,220.00,208.36,210.17,210.17,1298200
Dec 18 2014,67.86,68.30,66.00,66.77,66.77,1119800
Dec 18 2015,72.77,73.00,69.91,70.27,70.27,3478500
Dec 18 2017,235.00,235.66,231.40,235.39,235.39,661700
Dec 18 2018,210.99,213.77,207.82,212.09,212.09,1100000
Dec 19 2014,67.30,68.92,66.30,66.53,66.53,629500
Dec 19 2016,97.34,98.78,97.34,97.94,97.94,926900
Dec 19 2017,235.25,238.34,235.00,236.00,236.00,830400
Dec 19 2018,213.07,216.31,200.40,202.05,202.05,966600
Dec 20 2016,97.83,98.77,97.75,98.00,98.00,554600
Dec 20 2017,237.50,238.36,231.49,234.15,234.15,576300
Dec 20 2018,201.04,203.59,192.27,197.21,197.21,1275700
Dec 21 2015,70.67,71.65,70.16,71.56,71.56,503600
Dec 21 2016,98.06,98.70,97.86,97.95,97.95,326300
Dec 21 2017,235.39,238.40,235.11,235.96,235.96,607700
Dec 21 2018,198.10,202.85,191.76,193.17,193.17,1439900
Dec 22 2014,66.10,66.39,63.61,65.27,65.27,737700
Dec 22 2015,71.49,73.57,71.14,72.75,72.75,489100
Dec 22 2016,97.95,98.55,96.51,96.86,96.86,479600
Dec 22 2017,236.86,236.86,233.37,236.55,236.55,652200
Dec 23 2014,65.34,65.90,63.45,64.70,64.70,539500
Dec 23 2015,73.20,74.78,72.75,74.75,74.75,533700
Dec 23 2016,96.84,97.40,96.56,96.93,96.93,138700
Dec 24 2014,64.91,65.29,64.41,65.00,65.00,274400
Dec 24 2015,74.39,75.21,74.39,75.01,75.01,273000
Dec 24 2018,188.34,194.18,187.08,188.90,188.90,446800
Dec 26 2014,65.81,65.81,63.89,65.25,65.25,385900
Dec 26 2017,236.22,236.70,233.00,235.66,235.66,427500
Dec 26 2018,190.30,200.96,189.80,200.52,200.52,739400
Dec 27 2016,97.20,98.74,97.20,97.82,97.82,448100
Dec 27 2017,235.66,240.49,235.66,239.50,239.50,390500
Dec 27 2018,198.00,204.92,195.77,204.83,204.83,775500
Dec 28 2015,74.59,78.74,74.51,78.04,78.04,1227000
Dec 28 2016,98.05,98.49,96.57,97.25,97.25,434900
Dec 28 2017,239.90,241.50,239.19,240.64,240.64,416400
Dec 28 2018,207.21,209.77,202.80,205.76,205.76,752200
Dec 29 2014,65.22,65.64,61.22,61.57,61.57,766800
Dec 29 2015,78.00,79.44,77.58,78.70,78.70,825300
Dec 29 2016,97.24,97.87,96.22,96.73,96.73,240000
Dec 29 2017,240.65,241.30,235.43,235.58,235.58,415700
Dec 30 2014,61.09,62.50,60.29,60.64,60.64,604800
Dec 30 2015,78.42,79.38,78.00,78.75,78.75,660200
Dec 30 2016,97.18,97.53,96.46,96.77,96.77,250200
Dec 31 2014,60.70,61.91,60.70,60.76,60.76,357100
