Jan 02 2013,19.460,19.920,18.600,19.240,19.181,189700
Jan 02 2014,52.630,53.580,49.550,51.160,51.003,714300
Jan 02 2015,60.050,61.510,58.740,59.930,59.746,1023200
Jan 02 2018,125.000,128.280,124.770,127.880,127.488,1548100
Jan 02 2019,90.64,96.24,89.86,95.22,95.22,2385200
Jan 03 2013,19.240,19.460,18.650,19.140,19.081,89100
Jan 03 2014,51.230,52.300,48.010,49.180,49.029,1258300
Jan 03 2017,102.500,104.990,102.050,103.250,102.933,1287500
Jan 03 2018,127.700,129.740,127.480,129.170,128.774,1609900
Jan 03 2019,95.70,97.89,94.33,96.16,96.16,2275500
Jan 04 2013,19.250,20.490,18.970,20.050,19.989,173300
Jan 04 2016,66.450,67.150,65.100,66.110,65.907,1199700
Jan 04 2017,103.250,104.840,102.470,103.570,103.252,1250200
Jan 04 2018,129.120,130.400,127.470,130.130,129.731,978500
Jan 04 2019,97.87,100.09,97.09,99.93,99.93,2600800
Jan 05 2015,59.200,59.590,55.870,57.280,57.104,1421500
Jan 05 2016,66.100,66.600,64.600,65.190,64.990,1006900
Jan 05 2017,103.930,105.560,102.810,103.670,103.352,1053100
Jan 05 2018,129.710,130.890,128.520,129.980,129.582,873300
Jan 06 2014,49.000,49.250,47.040,48.570,48.421,1434000
Jan 06 2015,56.720,58.190,55.530,57.370,57.194,1394500
Jan 06 2016,64.020,64.020,61.750,62.200,62.009,1324900
Jan 06 2017,103.640,104.790,102.050,103.660,103.342,1012000
Jan 07 2013,19.890,21.240,19.640,20.770,20.706,210300
Jan 07 2014,48.800,50.040,47.920,48.390,48.242,727600
Jan 07 2015,58.400,60.030,57.180,58.250,58.071,1197000
Jan 07 2016,60.740,63.630,60.100,60.400,60.215,1080800
Jan 07 2019,100.660,103.620,99.730,102.630,102.630,2267000
Jan 08 2013,20.690,21.100,20.380,20.600,20.537,229400
Jan 08 2014,48.390,48.730,46.910,47.610,47.464,534800
Jan 08 2015,58.740,61.330,57.710,61.090,60.903,1217300
Jan 08 2016,61.000,61.870,58.790,60.760,60.574,1259300
Jan 08 2018,130.100,131.200,129.390,130.990,130.588,1428100
Jan 08 2019,104.190,105.550,102.670,104.950,104.950,3234800
Jan 09 2013,20.710,20.970,20.400,20.470,20.407,171800
Jan 09 2014,47.660,48.070,44.850,45.520,45.380,1103300
Jan 09 2015,61.260,62.390,60.080,61.840,61.650,858200
Jan 09 2017,102.910,103.000,101.290,101.430,101.119,657600
Jan 09 2018,131.350,132.070,127.320,127.490,127.099,1290800
Jan 10 2013,20.540,21.990,20.340,21.630,21.564,235200
Jan 10 2014,45.430,47.200,45.250,46.970,46.826,1066600
Jan 10 2017,101.940,103.120,101.600,102.710,102.395,984300
Jan 10 2018,127.780,128.680,126.440,127.290,126.900,1487700
Jan 11 2013,21.600,21.780,20.550,21.670,21.604,166300
Jan 11 2016,60.640,61.440,56.780,57.600,57.423,1944900
Jan 11 2017,102.530,104.490,101.900,103.910,103.591,1204100
Jan 11 2018,127.310,131.860,126.550,129.900,129.502,1493300
Jan 12 2015,60.670,61.310,57.790,59.470,59.288,1168200
Jan 12 2016,58.640,59.280,55.480,58.520,58.341,2440200
Jan 12 2017,104.540,105.280,102.690,103.570,103.252,1218000
Jan 12 2018,130.280,131.380,129.650,130.140,129.741,1030900
Jan 13 2014,46.030,47.140,44.050,44.430,44.294,817400
Jan 13 2015,60.040,61.590,59.420,61.240,61.052,927900
Jan 13 2016,59.820,60.550,56.850,59.510,59.328,5736200
Jan 13 2017,103.130,103.130,101.120,101.360,101.049,1844800
Jan 14 2013,21.680,22.470,21.680,21.800,21.733,130400
Jan 14 2014,44.550,47.120,44.020,47.010,46.866,908300
Jan 14 2015,61.490,66.000,61.300,65.300,65.100,2873500
Jan 14 2016,60.760,63.200,58.900,62.680,62.488,2322300
Jan 15 2013,21.670,22.900,21.170,21.720,21.653,59300
Jan 15 2014,47.270,48.760,47.210,48.020,47.873,925800
Jan 15 2015,66.450,67.300,63.280,63.450,63.255,2094200
Jan 15 2016,59.680,63.340,59.260,63.160,62.966,2016900
Jan 16 2013,21.080,21.520,20.060,21.280,21.215,239500
Jan 16 2014,48.020,48.880,47.250,48.610,48.461,503600
Jan 16 2015,64.200,66.720,64.000,65.630,65.429,2162800
Jan 16 2018,130.480,130.870,127.860,128.020,127.628,1002100
Jan 17 2013,21.370,21.810,20.760,21.120,21.055,129800
Jan 17 2014,48.900,49.440,47.630,48.510,48.361,747300
Jan 17 2017,102.340,102.920,99.780,100.440,100.132,1382200
Jan 17 2018,128.100,128.800,126.680,127.440,127.049,1397900
Jan 18 2013,21.170,21.790,20.310,20.540,20.477,119400
Jan 18 2017,99.510,101.480,99.130,100.520,100.212,811400
Jan 18 2018,127.550,128.340,126.180,127.230,126.840,1040000
Jan 19 2016,63.300,64.570,59.430,60.480,60.295,1662300
Jan 19 2017,101.000,103.530,101.000,102.260,101.947,1098100
Jan 19 2018,126.530,128.020,125.970,127.570,127.179,585100
Jan 20 2015,64.350,64.800,61.910,62.810,62.617,1836600
Jan 20 2016,59.000,62.580,56.590,60.910,60.723,2868800
Jan 20 2017,103.390,105.210,102.600,103.110,102.794,901200
Jan 21 2014,48.610,49.580,47.690,49.080,48.930,717600
Jan 21 2015,61.970,68.900,61.520,68.540,68.330,2502400
Jan 21 2016,60.860,64.880,60.600,64.100,63.903,1917900
Jan 22 2013,20.600,21.890,20.600,21.790,21.723,160100
Jan 22 2014,49.200,51.630,49.000,51.220,51.063,773300
Jan 22 2015,68.940,69.510,67.160,67.980,67.772,1611900
Jan 22 2016,65.200,68.990,64.440,66.170,65.967,1869500
Jan 22 2018,128.170,132.310,128.000,132.210,131.805,918100
Jan 23 2013,21.740,21.740,20.950,21.430,21.364,42700
Jan 23 2014,51.110,51.370,49.520,50.440,50.285,978600
Jan 23 2015,67.560,69.170,66.280,67.000,66.795,1035200
Jan 23 2017,102.500,103.210,101.250,102.190,101.877,706400
Jan 23 2018,132.570,133.900,130.670,132.310,131.904,1152400
Jan 24 2013,21.240,22.590,21.190,21.430,21.364,114500
Jan 24 2014,49.890,50.400,48.010,48.870,48.720,836800
Jan 24 2017,102.720,104.240,102.280,103.740,103.422,813000
Jan 24 2018,132.940,134.520,130.230,130.360,129.960,1542400
Jan 25 2013,21.550,22.710,21.550,22.000,21.933,71200
Jan 25 2016,64.060,66.530,61.590,62.080,61.890,1283300
Jan 25 2017,103.570,107.080,103.570,105.120,104.798,1290700
Jan 25 2018,131.350,131.510,126.770,126.850,126.461,1311100
Jan 26 2015,67.050,68.970,66.160,68.510,68.300,1584000
Jan 26 2016,63.690,66.990,61.860,66.530,66.326,1350900
Jan 26 2017,105.920,108.500,105.920,106.700,106.373,1475900
Jan 26 2018,127.790,130.200,126.850,130.090,129.691,664400
Jan 27 2014,48.750,49.800,47.260,47.540,47.394,596900
Jan 27 2015,67.680,70.830,67.530,68.970,68.759,1336600
Jan 27 2016,66.320,69.790,65.490,68.270,68.061,2477500
Jan 27 2017,106.660,107.800,106.030,106.680,106.353,660500
Jan 28 2013,22.200,22.250,21.340,21.640,21.574,91000
Jan 28 2014,47.730,50.450,47.730,49.800,49.647,591900
Jan 28 2015,68.100,68.550,65.340,66.080,65.877,1225500
Jan 28 2016,71.180,73.490,70.100,72.790,72.567,2382100
Jan 29 2013,21.680,22.160,21.630,22.130,22.062,113700
Jan 29 2014,49.090,50.360,48.300,48.590,48.441,764900
Jan 29 2015,66.680,68.660,64.210,68.640,68.430,1136500
Jan 29 2016,73.340,75.660,73.020,75.550,75.318,2600700
Jan 29 2018,130.300,131.430,128.640,129.050,128.654,962000
Jan 30 2013,22.040,22.880,22.040,22.670,22.601,340500
Jan 30 2014,49.140,51.550,49.140,51.370,51.213,1053200
Jan 30 2015,67.570,70.660,66.740,68.990,68.778,1544700
Jan 30 2017,106.350,106.610,101.700,102.500,102.186,1513200
Jan 30 2018,127.980,127.980,124.600,126.270,125.883,1514800
Jan 31 2013,22.530,22.530,21.550,22.420,22.351,260400
Jan 31 2014,50.670,53.320,50.100,51.980,51.821,827100
Jan 31 2017,102.910,105.500,102.580,105.170,104.848,2493100
Jan 31 2018,126.340,127.240,125.160,125.500,125.115,1247700
Feb 01 2013,22.560,22.950,22.360,22.700,22.630,93600
Feb 01 2016,74.410,74.440,71.370,72.600,72.377,1880400
Feb 01 2017,106.070,106.890,103.250,105.760,105.436,1550700
Feb 01 2018,125.570,127.690,125.160,126.640,126.252,969000
Feb 02 2015,69.730,72.000,68.000,69.740,69.526,1456100
Feb 02 2016,70.710,73.120,70.190,71.250,71.032,990400
Feb 02 2017,105.560,105.890,102.670,104.630,104.309,1206800
Feb 02 2018,125.720,126.000,122.220,122.460,122.085,1554800
Feb 03 2014,51.980,52.560,49.540,50.080,49.926,1003600
Feb 03 2015,71.330,72.810,68.750,69.680,69.466,1676800
Feb 03 2016,72.420,75.000,69.990,74.880,74.650,1342900
Feb 03 2017,104.650,105.590,103.930,104.420,104.100,1032700
Feb 04 2013,22.650,22.710,21.850,22.540,22.471,80100
Feb 04 2014,50.320,52.620,50.320,51.640,51.482,429500
Feb 04 2015,68.670,69.560,66.600,67.130,66.924,1019400
Feb 04 2016,75.480,76.860,71.680,72.000,71.779,2528900
Feb 05 2013,22.580,22.650,22.160,22.630,22.561,38700
Feb 05 2014,51.540,53.050,50.400,52.960,52.798,723300
Feb 05 2015,68.460,69.450,67.280,69.060,68.848,1056800
Feb 05 2016,71.460,71.460,66.570,67.310,67.104,2423700
Feb 05 2018,120.490,124.950,118.830,120.270,119.901,1807200
Feb 06 2013,22.490,22.830,22.210,22.630,22.561,136100
Feb 06 2014,53.100,55.410,53.100,53.770,53.605,1109300
Feb 06 2015,69.810,71.060,68.970,70.830,70.613,1270600
Feb 06 2017,104.700,105.620,102.620,105.440,105.117,1294800
Feb 06 2018,118.720,124.440,118.170,121.900,121.526,1695700
Feb 07 2013,22.060,22.690,22.000,22.420,22.351,61300
Feb 07 2014,57.200,59.000,55.010,56.720,56.546,1298000
Feb 07 2017,104.380,105.710,100.070,100.120,99.813,2002700
Feb 07 2018,121.910,123.020,118.470,118.500,118.137,1224800
Feb 08 2013,22.390,22.750,22.040,22.050,21.982,96400
Feb 08 2016,66.040,70.350,65.020,69.950,69.736,1903600
Feb 08 2017,99.170,100.770,96.050,100.560,100.252,2248600
Feb 08 2018,118.550,119.460,111.220,111.330,110.989,2817700
Feb 09 2015,71.050,72.120,70.080,70.130,69.915,983900
Feb 09 2016,68.770,69.680,64.880,67.060,66.854,1687400
Feb 09 2017,101.000,104.070,100.930,103.930,103.611,1200800
Feb 09 2018,112.180,113.750,105.660,110.510,110.171,1811700
Feb 10 2014,57.230,58.650,56.000,57.520,57.344,914600
Feb 10 2015,70.420,70.450,67.570,69.400,69.187,1084400
Feb 10 2016,67.280,69.380,65.700,67.330,67.124,1534000
Feb 10 2017,105.330,106.770,104.160,104.790,104.469,1246200
Feb 11 2013,22.130,22.130,21.300,21.560,21.494,59100
Feb 11 2014,57.450,59.220,56.070,58.910,58.729,717100
Feb 11 2015,67.690,68.880,65.550,68.780,68.569,1473300
Feb 11 2016,65.220,68.570,63.760,67.900,67.692,1795200
Feb 12 2013,21.520,21.760,21.050,21.570,21.504,154700
Feb 12 2014,58.970,59.840,57.800,57.970,57.792,795400
Feb 12 2015,69.920,73.400,69.870,72.970,72.746,1622200
Feb 12 2016,69.900,71.110,67.100,69.130,68.918,1641300
Feb 12 2018,112.000,116.440,112.000,116.010,115.654,1709900
Feb 13 2013,21.550,22.010,21.230,21.560,21.494,321700
Feb 13 2014,57.520,59.320,56.660,58.890,58.709,842900
Feb 13 2015,74.500,75.280,72.610,73.460,73.235,1238200
Feb 13 2017,104.750,104.940,102.500,104.300,103.980,1388500
Feb 13 2018,115.230,116.430,114.680,115.030,114.677,1649400
Feb 14 2013,21.550,22.930,21.550,22.000,21.933,379500
Feb 14 2014,58.970,59.830,58.000,59.650,59.467,876300
Feb 14 2017,104.410,107.990,102.800,107.680,107.350,1956400
Feb 14 2018,116.000,122.950,114.770,122.830,122.453,2901600
Feb 15 2013,22.070,22.650,21.700,22.300,22.232,146500
Feb 15 2017,111.840,114.000,110.670,111.840,111.497,3582900
Feb 15 2018,123.990,125.260,121.590,125.150,124.766,2419800
Feb 16 2016,70.540,71.410,67.290,67.970,67.762,2106500
Feb 16 2017,111.750,112.760,108.710,109.010,108.676,1506900
Feb 16 2018,124.120,126.750,123.450,123.880,123.500,1864000
Feb 17 2015,72.690,74.190,72.260,73.570,73.344,1456200
Feb 17 2016,69.520,72.200,66.230,70.440,70.224,2530300
Feb 17 2017,108.180,108.640,106.340,107.630,107.300,1432200
Feb 18 2014,59.670,61.870,58.440,61.020,60.833,1333600
Feb 18 2015,71.350,75.780,71.270,73.800,73.574,1725400
Feb 18 2016,70.200,71.730,67.680,70.250,70.035,1885000
Feb 19 2013,22.320,22.820,22.230,22.820,22.750,102000
Feb 19 2014,61.490,62.540,60.400,61.040,60.853,764900
Feb 19 2015,72.270,76.930,71.250,75.860,75.627,1322800
Feb 19 2016,69.420,72.170,68.380,72.080,71.859,1434900
Feb 20 2013,22.810,23.280,21.210,21.280,21.215,96200
Feb 20 2014,60.900,62.890,60.230,62.670,62.478,1073300
Feb 20 2015,76.030,76.810,74.370,75.090,74.860,1241700
Feb 20 2018,123.170,125.350,122.430,122.810,122.434,1276800
Feb 21 2013,21.290,21.290,20.550,20.730,20.666,76900
Feb 21 2014,63.980,64.420,62.930,63.990,63.794,3257700
Feb 21 2017,109.570,110.590,106.480,106.840,106.512,1567100
Feb 21 2018,122.330,124.680,120.840,120.980,120.609,1260600
Feb 22 2013,22.250,22.630,20.230,20.980,20.916,310600
Feb 22 2016,74.130,74.670,72.090,73.700,73.474,1367500
Feb 22 2017,106.040,106.640,101.650,102.030,101.717,2243200
Feb 22 2018,121.160,125.090,120.660,123.310,122.932,1142600
Feb 23 2015,73.510,75.200,72.360,74.360,74.132,1056400
Feb 23 2016,73.700,73.700,69.880,69.990,69.775,1212000
Feb 23 2017,104.090,104.240,99.150,100.960,100.650,2407700
Feb 23 2018,124.570,128.090,124.050,127.930,127.538,876000
Feb 24 2014,64.340,68.000,64.310,64.800,64.601,1941000
Feb 24 2015,75.080,75.340,72.880,74.080,73.853,755300
Feb 24 2016,71.060,71.770,67.520,71.720,71.500,1043400
Feb 24 2017,99.640,101.930,98.800,100.410,100.102,1963100
Feb 25 2013,21.000,21.080,19.570,19.740,19.679,167600
Feb 25 2014,65.580,65.580,62.830,63.740,63.545,1470100
Feb 25 2015,74.810,76.060,73.550,74.960,74.730,1075600
Feb 25 2016,71.140,72.250,68.330,71.560,71.341,1200900
Feb 26 2013,19.840,20.520,19.700,20.050,19.989,119300
Feb 26 2014,63.900,65.120,61.910,64.540,64.342,884300
Feb 26 2015,74.380,74.580,72.330,73.170,72.946,856900
Feb 26 2016,72.580,73.990,71.850,72.600,72.377,1197700
Feb 26 2018,128.810,129.150,127.080,127.720,127.328,669000
Feb 27 2013,20.090,21.500,19.850,20.960,20.896,158500
Feb 27 2014,64.440,65.350,63.620,63.890,63.694,742900
Feb 27 2015,73.740,73.740,70.850,71.210,70.992,931300
Feb 27 2017,100.570,102.080,100.060,101.650,101.338,1056000
Feb 27 2018,127.000,129.050,126.160,126.170,125.783,823100
Feb 28 2013,20.980,23.310,20.200,22.710,22.640,205000
Feb 28 2014,64.140,64.710,63.680,64.330,64.133,1029700
Feb 28 2017,100.520,101.600,99.870,100.860,100.551,913200
Feb 28 2018,127.060,128.220,124.610,124.640,124.258,1021200
Feb 29 2016,72.700,73.220,70.510,71.250,71.032,1371300
Mar 01 2013,22.500,22.810,21.910,22.340,22.272,46000
Mar 01 2016,71.760,72.510,68.960,72.490,72.268,1673200
Mar 01 2017,102.580,105.960,101.420,105.710,105.386,2284400
Mar 01 2018,125.030,128.630,124.280,126.410,126.022,1080000
Mar 02 2015,70.890,72.270,69.740,70.980,70.762,1051300
Mar 02 2016,72.210,74.000,71.250,74.000,73.773,1374200
Mar 02 2017,104.440,106.200,103.670,103.820,103.502,1113300
Mar 02 2018,125.060,129.410,124.000,129.080,128.684,960900
Mar 03 2014,63.890,65.380,63.510,64.410,64.213,709400
Mar 03 2015,71.230,72.000,70.480,71.690,71.470,1694900
Mar 03 2016,73.410,74.400,70.850,72.510,72.288,2734300
Mar 03 2017,104.060,105.250,103.260,103.580,103.262,770200
Mar 04 2013,22.370,22.870,21.830,22.390,22.321,39000
Mar 04 2014,65.030,66.140,64.770,65.480,65.279,667900
Mar 04 2015,72.890,73.570,71.010,71.810,71.590,1532600
Mar 04 2016,72.990,76.040,71.800,75.990,75.757,2124500
Mar 05 2013,22.410,23.880,22.390,23.700,23.627,108700
Mar 05 2014,65.520,65.930,63.070,64.040,63.844,685800
Mar 05 2015,71.400,72.250,70.720,71.180,70.962,1059400
Mar 05 2018,128.290,131.580,128.240,130.250,129.851,968200
Mar 06 2013,23.830,24.030,23.380,23.550,23.478,13800
Mar 06 2014,63.950,64.700,62.220,62.760,62.568,854300
Mar 06 2015,70.180,71.350,69.570,69.860,69.646,740700
Mar 06 2017,103.320,104.790,103.020,103.960,103.641,1018800
Mar 06 2018,130.640,131.020,126.880,127.090,126.700,1062000
Mar 07 2013,23.500,24.890,22.530,24.510,24.435,129700
Mar 07 2014,63.230,64.130,62.520,63.880,63.684,591100
Mar 07 2016,75.700,76.730,73.710,76.240,76.006,2460600
Mar 07 2017,104.730,106.920,104.300,104.580,104.259,1973800
Mar 07 2018,126.660,128.890,123.240,126.270,125.883,1225700
Mar 08 2013,24.770,24.960,23.890,24.900,24.824,127200
Mar 08 2016,75.360,76.490,73.650,74.390,74.162,1518100
Mar 08 2017,104.100,104.850,99.540,99.760,99.454,1979400
Mar 08 2018,126.960,126.960,123.870,125.200,124.816,772900
Mar 09 2015,69.950,71.400,69.400,69.610,69.397,983800
Mar 09 2016,75.720,75.920,73.500,74.700,74.471,1215600
Mar 09 2017,98.990,101.750,98.080,101.480,101.169,1507800
Mar 09 2018,126.280,129.310,125.720,128.940,128.545,961500
Mar 10 2014,63.830,63.960,61.010,63.030,62.837,852400
Mar 10 2015,68.710,70.200,68.080,68.090,67.881,859000
Mar 10 2016,74.400,75.380,72.750,75.080,74.850,872500
Mar 10 2017,102.340,102.930,100.830,101.460,101.149,1975300
Mar 11 2013,24.920,24.990,24.080,24.490,24.415,218100
Mar 11 2014,62.920,64.440,60.410,62.010,61.820,1085100
Mar 11 2015,68.320,70.440,68.000,70.050,69.835,817700
Mar 11 2016,75.940,79.320,74.820,78.430,78.190,1752100
Mar 12 2013,24.520,24.990,24.300,24.930,24.854,107300
Mar 12 2014,61.620,63.520,60.760,63.160,62.966,811200
Mar 12 2015,70.890,71.490,69.880,69.940,69.726,738300
Mar 12 2018,129.270,130.010,127.330,127.410,127.019,886300
Mar 13 2013,24.870,26.390,24.670,25.750,25.671,308800
Mar 13 2014,64.350,64.460,62.630,63.360,63.166,800100
Mar 13 2015,68.950,69.810,67.520,69.680,69.466,1105200
Mar 13 2017,101.090,102.370,100.700,101.260,100.950,1190300
Mar 13 2018,128.180,129.460,126.430,127.150,126.760,858700
Mar 14 2013,25.860,25.860,24.220,24.860,24.784,153000
Mar 14 2014,63.430,64.330,63.020,63.580,63.385,508700
Mar 14 2016,76.740,78.200,75.210,76.010,75.777,835500
Mar 14 2017,99.800,100.770,96.980,98.350,98.048,2139000
Mar 14 2018,127.750,128.370,125.520,125.810,125.424,1038400
Mar 15 2013,24.920,24.960,23.500,24.150,24.076,186000
Mar 15 2016,74.830,77.210,74.610,76.980,76.744,916800
Mar 15 2017,99.490,103.210,99.040,102.920,102.604,2054800
Mar 15 2018,126.080,127.720,124.270,124.600,124.218,1146300
Mar 16 2015,68.990,70.000,67.790,70.000,69.785,662300
Mar 16 2016,77.530,78.470,75.230,77.110,76.874,1340100
Mar 16 2017,103.860,104.070,102.290,103.440,103.123,1832100
Mar 16 2018,124.670,126.820,124.000,125.510,125.125,1997700
Mar 17 2014,64.130,64.960,63.450,63.930,63.734,580400
Mar 17 2015,70.390,71.500,69.520,70.470,70.254,856100
Mar 17 2016,77.880,77.970,76.710,77.490,77.252,1144900
Mar 17 2017,104.110,105.300,103.700,104.690,104.369,2046700
Mar 18 2013,23.870,24.550,23.630,23.990,23.916,38800
Mar 18 2014,64.020,65.750,63.960,65.680,65.479,595400
Mar 18 2015,69.810,72.800,69.240,72.650,72.427,1238400
Mar 18 2016,78.000,79.220,76.760,77.620,77.382,1760600
Mar 19 2013,24.230,25.140,23.570,23.760,23.687,87200
Mar 19 2014,65.600,65.970,64.070,64.400,64.203,683100
Mar 19 2015,71.230,72.260,70.380,71.490,71.271,669300
Mar 19 2018,124.000,125.490,121.980,122.630,122.254,1603000
Mar 20 2013,24.040,24.300,23.650,24.000,23.926,81000
Mar 20 2014,64.270,66.130,63.040,65.190,64.990,841100
Mar 20 2015,71.980,72.540,71.100,72.340,72.118,1595700
Mar 20 2017,103.400,103.980,101.730,103.710,103.392,1588200
Mar 20 2018,123.490,126.630,123.000,125.540,125.155,1343300
Mar 21 2013,23.920,24.470,23.890,24.310,24.235,133000
Mar 21 2014,65.260,66.110,64.030,64.220,64.023,851300
Mar 21 2016,77.110,78.410,76.580,78.050,77.811,829700
Mar 21 2017,103.420,104.350,101.400,102.120,101.807,1354600
Mar 21 2018,125.980,131.470,125.960,130.180,129.781,1280900
Mar 22 2013,24.390,24.620,24.240,24.550,24.475,48100
Mar 22 2016,77.380,79.040,77.200,78.020,77.781,1073700
Mar 22 2017,102.030,102.640,100.120,101.170,100.860,1204500
Mar 22 2018,128.630,130.250,127.480,127.780,127.388,1439100
Mar 23 2015,72.410,73.500,71.530,71.580,71.361,1419400
Mar 23 2016,76.650,78.500,76.510,76.700,76.465,1013100
Mar 23 2017,101.100,101.450,99.130,99.600,99.295,1856400
Mar 23 2018,128.380,132.010,127.540,127.960,127.568,1468600
Mar 24 2014,64.540,64.900,62.190,64.140,63.943,686400
Mar 24 2015,71.510,73.930,71.360,73.770,73.544,931900
Mar 24 2016,75.690,77.660,75.110,77.430,77.193,843100
Mar 24 2017,99.890,100.940,99.280,99.730,99.424,1228700
Mar 25 2013,24.690,25.330,24.620,25.200,25.123,197000
Mar 25 2014,64.270,64.950,63.020,64.290,64.093,496700
Mar 25 2015,75.170,75.680,73.870,74.920,74.690,867100
Mar 26 2013,25.230,25.870,25.080,25.650,25.571,191400
Mar 26 2014,64.910,66.080,63.960,64.890,64.691,746600
Mar 26 2015,75.950,78.750,75.950,76.850,76.614,1887200
Mar 26 2018,129.670,133.690,128.310,133.230,132.822,1771700
Mar 27 2013,25.440,26.270,25.440,26.110,26.030,83600
Mar 27 2014,65.210,68.900,64.870,68.040,67.831,910700
Mar 27 2015,75.290,76.580,74.740,75.170,74.940,938700
Mar 27 2017,97.920,99.660,97.440,98.940,98.637,1341100
Mar 27 2018,134.240,134.600,128.470,129.180,128.784,1285700
Mar 28 2013,26.240,27.210,26.040,26.840,26.758,157500
Mar 28 2014,68.340,69.900,67.560,69.700,69.486,1465600
Mar 28 2016,76.660,77.670,74.810,76.460,76.226,699300
Mar 28 2017,99.160,101.500,98.790,101.230,100.920,2503800
Mar 28 2018,129.100,130.600,124.310,124.670,124.288,2530900
Mar 29 2016,75.470,77.690,75.240,77.160,76.923,987400
Mar 29 2017,100.980,103.630,100.200,103.160,102.844,1848300
Mar 29 2018,124.710,127.310,124.390,126.520,126.132,2045500
Mar 30 2015,76.340,77.820,75.210,77.630,77.392,1079600
Mar 30 2016,78.190,79.580,76.700,79.030,78.788,1393800
Mar 30 2017,103.850,104.540,102.510,102.670,102.355,1472900
Mar 31 2014,70.360,70.990,67.000,67.310,67.104,1576600
Mar 31 2015,75.880,77.440,75.180,76.840,76.604,992600
Mar 31 2016,78.960,79.870,76.980,77.180,76.943,1128100
Mar 31 2017,102.020,104.130,101.500,103.720,103.402,1217400
Apr 01 2013,26.930,27.970,26.930,27.400,27.316,216600
Apr 01 2014,67.300,68.650,65.000,66.410,66.206,1014200
Apr 01 2015,77.600,79.250,76.470,77.400,77.163,1137500
Apr 01 2016,76.000,77.340,75.310,76.770,76.535,1090600
Apr 02 2013,27.470,27.890,26.750,27.040,26.957,493300
Apr 02 2014,66.480,69.400,66.130,68.970,68.759,921400
Apr 02 2015,76.820,79.700,76.670,78.880,78.638,891600
Apr 02 2018,125.860,125.900,118.780,122.260,121.885,2427000
Apr 03 2013,27.050,27.050,24.480,24.920,24.844,526600
Apr 03 2014,68.880,69.680,67.010,67.910,67.702,903100
Apr 03 2017,103.500,104.500,102.180,104.080,103.761,956800
Apr 03 2018,123.400,124.050,120.400,123.440,123.062,1464400
Apr 04 2013,24.870,25.270,23.830,25.050,24.973,135100
Apr 04 2014,68.410,69.680,66.370,67.250,67.044,657400
Apr 04 2016,77.070,77.820,74.440,74.510,74.282,945300
Apr 04 2017,103.590,106.920,103.160,106.770,106.443,2099800
Apr 04 2018,120.740,122.610,120.450,122.580,122.204,1590400
Apr 05 2013,24.690,25.370,24.570,25.180,25.103,56400
Apr 05 2016,74.440,74.520,73.120,73.800,73.574,1216600
Apr 05 2017,107.690,108.170,102.810,102.940,102.624,1833900
Apr 05 2018,122.860,126.160,122.860,124.410,124.029,1361300
Apr 06 2015,80.460,80.640,78.770,79.470,79.226,941700
Apr 06 2016,74.540,76.790,73.820,76.690,76.455,1057400
Apr 06 2017,103.820,105.130,103.450,104.670,104.349,1138500
Apr 06 2018,122.780,123.220,114.950,116.620,116.262,3287100
Apr 07 2014,66.700,66.790,64.050,65.170,64.970,1101200
Apr 07 2015,79.100,81.450,79.100,79.960,79.715,994200
Apr 07 2016,76.060,79.180,75.970,79.070,78.828,1277500
Apr 07 2017,104.930,105.570,103.390,104.380,104.060,942900
Apr 08 2013,25.170,26.350,25.020,26.050,25.970,144200
Apr 08 2014,65.170,67.060,64.400,66.600,66.396,873500
Apr 08 2015,80.380,80.890,77.800,78.060,77.821,887100
Apr 08 2016,80.600,82.500,79.570,81.050,80.802,1362100
Apr 09 2013,26.300,27.390,26.140,26.760,26.678,285300
Apr 09 2014,67.370,68.870,66.620,68.060,67.851,722000
Apr 09 2015,78.830,80.840,78.110,80.720,80.473,1196000
Apr 09 2018,117.510,118.000,113.060,113.290,112.943,3323800
Apr 10 2013,26.750,27.240,25.920,26.080,26.000,230100
Apr 10 2014,68.000,68.340,64.430,65.630,65.429,823300
Apr 10 2015,81.390,81.660,80.220,80.750,80.502,899600
Apr 10 2017,104.470,105.720,103.290,104.620,104.299,805300
Apr 10 2018,115.650,117.910,114.300,117.380,117.020,2040800
Apr 11 2013,26.140,26.700,25.100,26.500,26.419,165600
Apr 11 2014,65.300,70.720,64.500,67.600,67.393,2507100
Apr 11 2016,81.350,82.060,79.970,80.580,80.333,793300
Apr 11 2017,104.910,106.080,103.410,105.960,105.635,1522400
Apr 11 2018,118.750,119.550,116.180,116.540,116.183,2406200
Apr 12 2013,26.500,27.050,26.230,26.630,26.548,275800
Apr 12 2016,81.010,83.210,80.310,82.050,81.798,1056800
Apr 12 2017,106.110,107.950,105.430,106.320,105.994,1905600
Apr 12 2018,116.400,118.020,114.870,116.340,115.983,1853100
Apr 13 2015,81.570,81.880,79.300,79.860,79.615,850700
Apr 13 2016,81.700,82.230,80.220,81.400,81.150,774300
Apr 13 2017,106.640,107.710,104.460,105.040,104.718,1502100
Apr 13 2018,116.900,119.820,116.520,118.700,118.336,1340600
Apr 14 2014,68.440,70.990,68.000,70.120,69.905,1028000
Apr 14 2015,80.550,81.240,79.980,80.390,80.144,1003800
Apr 14 2016,81.470,81.800,80.500,81.730,81.479,444600
Apr 15 2013,26.360,26.360,25.010,25.800,25.721,378800
Apr 15 2014,68.930,70.470,66.820,69.080,68.868,1323400
Apr 15 2015,82.290,83.000,80.730,82.410,82.157,1431100
Apr 15 2016,80.880,80.950,79.830,80.110,79.864,778100
Apr 16 2013,26.070,26.770,25.860,26.740,26.658,166300
Apr 16 2014,70.160,71.560,69.240,70.490,70.274,876500
Apr 16 2015,82.000,84.100,81.500,83.320,83.065,1177700
Apr 16 2018,118.800,119.450,117.280,119.040,118.675,1462300
Apr 17 2013,26.510,26.540,25.410,25.800,25.721,160000
Apr 17 2014,70.700,74.140,70.550,73.340,73.115,910900
Apr 17 2015,82.670,83.600,81.680,82.570,82.317,798500
Apr 17 2017,104.870,105.710,104.010,105.140,104.818,917300
Apr 17 2018,119.900,123.780,119.200,122.300,121.925,1832300
Apr 18 2013,25.910,26.670,25.460,26.510,26.429,74100
Apr 18 2016,77.920,82.010,77.500,81.820,81.569,918000
Apr 18 2017,104.180,105.870,102.710,103.160,102.844,970900
Apr 18 2018,123.450,128.640,123.140,127.100,126.710,2592700
Apr 19 2013,26.750,26.820,26.090,26.220,26.140,126900
Apr 19 2016,82.300,84.450,81.750,82.300,82.048,1254100
Apr 19 2017,103.180,103.350,99.850,100.550,100.242,1461900
Apr 19 2018,127.550,130.700,127.130,128.880,128.485,2326100
Apr 20 2015,82.910,85.820,82.810,84.070,83.812,1021900
Apr 20 2016,81.910,84.480,80.610,83.450,83.194,847600
Apr 20 2017,101.500,101.930,100.220,100.270,99.963,1274600
Apr 20 2018,127.790,130.430,126.360,128.400,128.006,1787200
Apr 21 2014,74.020,74.650,71.860,74.520,74.292,982400
Apr 21 2015,83.960,84.070,82.010,82.810,82.556,774700
Apr 21 2016,84.510,84.510,82.100,82.550,82.297,552700
Apr 21 2017,100.270,102.020,99.600,101.270,100.960,1973400
Apr 22 2013,26.350,27.340,26.210,26.980,26.897,149300
Apr 22 2014,75.430,76.720,73.960,74.260,74.032,952200
Apr 22 2015,82.930,83.470,81.440,81.980,81.729,880400
Apr 22 2016,82.650,84.410,82.640,83.680,83.423,810100
Apr 23 2013,27.050,27.690,26.960,27.490,27.406,107100
Apr 23 2014,74.370,75.180,73.370,73.890,73.663,641000
Apr 23 2015,82.060,83.330,81.760,81.960,81.709,893300
Apr 23 2018,127.540,129.420,125.790,128.240,127.847,1186100
Apr 24 2013,27.430,27.620,27.040,27.100,27.017,77900
Apr 24 2014,74.250,75.890,73.200,75.420,75.189,848300
Apr 24 2015,81.990,82.300,79.450,79.830,79.585,862900
Apr 24 2017,101.930,103.070,100.280,101.760,101.448,1691600
Apr 24 2018,128.290,128.730,124.460,125.730,125.345,1996400
Apr 25 2013,27.510,27.680,27.170,27.300,27.216,68500
Apr 25 2014,75.280,75.280,71.130,71.440,71.221,1041800
Apr 25 2016,83.070,84.870,83.070,84.480,84.221,1032200
Apr 25 2017,102.320,104.050,101.380,103.970,103.651,1248000
Apr 25 2018,125.970,127.590,125.010,125.750,125.364,1261400
Apr 26 2013,27.290,27.370,26.350,26.880,26.798,147000
Apr 26 2016,84.820,87.130,84.780,86.510,86.245,1139100
Apr 26 2017,103.310,105.610,102.970,103.210,102.894,917800
Apr 26 2018,125.800,127.420,125.330,126.870,126.481,1200600
Apr 27 2015,80.160,80.990,79.060,79.730,79.486,755900
Apr 27 2016,87.130,89.120,87.000,88.430,88.159,1320900
Apr 27 2017,102.360,102.360,98.930,100.450,100.142,1913800
Apr 27 2018,126.340,127.680,125.300,125.850,125.464,960400
Apr 28 2014,71.500,72.560,69.320,70.960,70.742,647800
Apr 28 2015,80.240,80.780,79.420,80.230,79.984,708800
Apr 28 2016,88.230,89.220,86.580,86.880,86.614,907600
Apr 28 2017,101.300,101.430,99.210,99.840,99.534,1019100
Apr 29 2013,26.980,26.980,25.780,26.040,25.960,343500
Apr 29 2014,71.520,73.010,71.080,72.220,71.999,836800
Apr 29 2015,79.820,83.290,79.820,82.960,82.706,988300
Apr 29 2016,87.110,88.300,84.970,86.580,86.315,977700
Apr 30 2013,26.460,26.740,26.130,26.260,26.179,171600
Apr 30 2014,72.010,72.370,70.200,71.940,71.719,780200
Apr 30 2015,82.950,84.090,81.120,82.570,82.317,841100
Apr 30 2018,125.590,130.200,125.380,128.450,128.056,1388600
May 01 2013,26.100,27.010,25.950,26.440,26.359,347100
May 01 2014,72.040,73.540,70.310,71.270,71.052,686200
May 01 2015,82.620,83.150,81.020,81.880,81.629,615600
May 01 2017,99.870,100.340,98.770,98.960,98.657,1241000
May 01 2018,127.440,129.820,126.570,128.100,127.707,1017800
May 02 2013,26.460,27.250,26.460,27.100,27.017,168400
May 02 2014,71.950,74.290,71.410,73.770,73.544,886500
May 02 2016,87.080,87.770,85.560,87.610,87.341,1277200
May 02 2017,99.470,100.350,97.480,98.380,98.078,1629300
May 02 2018,128.020,130.620,127.860,128.920,128.525,1569000
May 03 2013,27.440,27.660,27.160,27.480,27.396,86000
May 03 2016,86.910,88.000,83.010,84.900,84.640,1882900
May 03 2017,99.000,102.880,98.520,100.280,99.973,2751300
May 03 2018,128.770,129.940,125.950,126.510,126.122,2000100
May 04 2015,81.200,83.070,81.010,82.940,82.686,1005900
May 04 2016,85.400,87.940,82.190,84.170,83.912,2144200
May 04 2017,99.300,99.600,93.640,95.210,94.918,3233300
May 04 2018,126.590,127.940,125.410,127.300,126.910,1632000
May 05 2014,73.070,75.040,72.550,73.630,73.404,629800
May 05 2015,83.710,84.760,79.430,79.760,79.515,1272200
May 05 2016,85.850,88.460,85.850,87.680,87.411,1796500
May 05 2017,95.390,99.730,95.310,99.650,99.345,1885200
May 06 2013,27.580,29.400,27.580,28.760,28.672,393000
May 06 2014,73.390,73.990,72.670,73.250,73.025,890900
May 06 2015,80.320,80.710,78.120,78.670,78.429,911200
May 06 2016,86.990,88.570,85.310,85.460,85.198,756800
May 07 2013,28.710,28.810,27.880,28.540,28.453,264200
May 07 2014,73.720,76.500,71.600,75.720,75.488,1760300
May 07 2015,79.500,79.500,74.370,75.340,75.109,2329400
May 07 2018,128.970,134.280,128.490,130.240,129.841,1559300
May 08 2013,28.380,29.750,27.510,29.530,29.439,200900
May 08 2014,72.590,75.000,70.780,71.760,71.540,2311400
May 08 2015,76.780,77.980,74.250,77.010,76.774,4787000
May 08 2017,99.390,101.050,98.500,100.620,100.312,1512700
May 08 2018,130.370,134.890,127.830,134.720,134.307,2030500
May 09 2013,29.570,29.670,28.470,28.680,28.592,189700
May 09 2014,70.280,73.080,70.110,71.240,71.022,904500
May 09 2016,84.550,86.140,83.680,85.730,85.467,1002400
May 09 2017,100.310,100.870,99.260,99.620,99.315,1043600
May 09 2018,133.500,137.410,130.220,136.520,136.101,4251000
May 10 2013,28.650,28.700,27.910,28.580,28.492,89400
May 10 2016,86.030,87.570,85.780,87.410,87.142,899400
May 10 2017,100.510,103.000,100.360,102.380,102.066,1471700
May 10 2018,136.990,137.440,129.540,129.790,129.392,2883600
May 11 2015,77.010,78.830,76.500,78.330,78.090,1735400
May 11 2016,87.010,88.320,86.270,86.490,86.225,1036400
May 11 2017,102.830,103.500,101.110,101.380,101.069,1233300
May 11 2018,130.290,130.970,123.170,123.820,123.440,3155100
May 12 2014,71.680,74.760,71.010,72.720,72.497,1706500
May 12 2015,78.860,80.660,78.220,79.590,79.346,731900
May 12 2016,87.410,88.410,85.750,87.140,86.873,921300
May 12 2017,101.000,102.270,100.910,101.900,101.588,1236800
May 13 2013,28.460,29.000,28.350,28.660,28.572,51700
May 13 2014,73.230,74.430,72.250,73.730,73.504,955600
May 13 2015,80.220,80.580,78.650,79.420,79.177,827900
May 13 2016,86.600,87.700,84.890,85.490,85.228,778900
May 14 2013,28.610,28.910,28.530,28.870,28.781,73700
May 14 2014,73.770,74.460,71.760,72.020,71.799,813000
May 14 2015,79.430,80.060,77.110,77.200,76.963,1277400
May 14 2018,123.910,124.920,123.610,124.240,123.859,1845300
May 15 2013,28.290,29.770,27.190,29.480,29.390,599000
May 15 2014,72.050,72.050,67.720,69.430,69.217,1684700
May 15 2015,77.880,79.240,75.750,78.930,78.688,1088200
May 15 2017,104.130,105.000,103.120,103.280,102.963,990900
May 15 2018,123.870,129.170,123.430,128.530,128.136,2403400
May 16 2013,31.170,31.600,29.730,29.940,29.848,3939200
May 16 2014,69.630,70.730,67.640,70.670,70.453,736400
May 16 2016,86.860,87.990,86.380,86.580,86.315,697000
May 16 2017,103.590,104.680,102.880,103.960,103.641,1227400
May 16 2018,128.940,132.270,127.930,132.130,131.725,1691500
May 17 2013,30.520,32.410,30.200,31.430,31.334,914000
May 17 2016,86.860,87.750,85.690,86.940,86.673,797900
May 17 2017,102.800,104.480,101.740,101.790,101.478,1137500
May 18 2015,78.790,79.840,78.220,79.230,78.987,825800
May 18 2016,87.040,87.620,85.890,86.930,86.663,527300
May 18 2017,100.910,102.850,100.900,101.620,101.308,1039100
May 18 2018,135.990,136.380,134.020,134.580,134.291,1210600
May 19 2014,70.380,71.800,70.200,71.150,70.932,559700
May 19 2015,78.830,79.260,76.400,77.470,77.233,993100
May 19 2016,85.930,87.330,83.890,86.930,86.663,871600
May 19 2017,102.250,103.890,101.610,103.120,102.804,1327900
May 20 2013,31.620,32.250,31.240,32.030,31.932,545100
May 20 2014,71.230,71.660,69.480,70.160,69.945,548900
May 20 2015,77.600,78.690,76.130,78.530,78.289,1064700
May 20 2016,87.500,87.500,86.180,87.020,86.753,736700
May 21 2013,32.400,32.400,31.230,31.710,31.613,295800
May 21 2014,70.780,73.200,70.780,72.710,72.487,935100
May 21 2015,79.000,81.370,78.170,80.620,80.373,880100
May 21 2018,135.900,137.180,134.920,136.760,136.466,978100
May 22 2013,32.250,34.840,31.870,32.540,32.440,876400
May 22 2014,72.800,74.200,72.250,73.030,72.806,604200
May 22 2015,79.880,81.700,79.350,81.380,81.131,802500
May 22 2017,103.590,104.490,101.660,102.250,101.937,1083300
May 22 2018,136.610,138.140,131.740,132.230,131.946,1005500
May 23 2013,31.980,34.300,31.520,33.270,33.168,609700
May 23 2014,72.840,74.320,72.610,72.780,72.557,664200
May 23 2016,86.550,87.580,85.640,86.840,86.574,569600
May 23 2017,102.430,102.550,100.570,100.650,100.341,1152800
May 23 2018,130.760,131.910,128.040,129.640,129.361,2503800
May 24 2013,33.390,34.670,32.770,34.320,34.215,792300
May 24 2016,87.520,88.500,86.740,87.970,87.700,904000
May 24 2017,100.650,100.970,98.720,99.370,99.065,1350500
May 24 2018,127.950,128.510,123.940,124.990,124.721,2407000
May 25 2016,88.440,89.790,87.990,89.740,89.465,1001000
May 25 2017,99.260,101.980,98.330,99.630,99.325,1538200
May 25 2018,122.230,122.380,118.060,120.350,120.091,2607900
May 26 2015,80.150,81.150,78.880,79.230,78.987,934300
May 26 2016,90.000,92.920,89.890,91.910,91.628,1755200
May 26 2017,99.570,99.930,97.810,98.410,98.108,1363400
May 27 2014,72.850,73.150,70.360,71.470,71.251,885600
May 27 2015,79.250,79.800,78.270,79.180,78.937,776900
May 27 2016,91.420,93.920,90.320,92.860,92.575,2747300
May 28 2013,34.770,35.910,34.310,34.950,34.843,383300
May 28 2014,71.450,71.930,70.260,71.390,71.171,685000
May 28 2015,78.750,78.750,76.120,77.530,77.292,1143500
May 29 2013,34.810,35.310,34.310,34.960,34.853,230000
May 29 2014,71.560,75.930,70.860,75.020,74.790,1460700
May 29 2015,77.590,78.930,77.390,77.810,77.571,1206700
May 29 2018,119.600,121.890,119.180,121.000,120.740,1714000
May 30 2013,34.780,35.650,34.400,34.950,34.843,355500
May 30 2014,75.540,75.950,74.300,75.480,75.249,1019800
May 30 2017,97.720,97.950,94.100,94.280,93.991,2086500
May 30 2018,121.780,123.580,120.600,122.800,122.536,1603300
May 31 2013,34.630,35.230,33.670,33.770,33.666,596800
May 31 2016,93.000,93.770,90.460,90.950,90.671,978500
May 31 2017,92.820,93.910,91.200,92.760,92.476,2544700
May 31 2018,122.120,123.130,120.150,120.760,120.500,1835100
Jun 01 2015,78.520,79.020,77.260,78.960,78.718,686100
Jun 01 2016,90.270,92.170,90.050,91.530,91.249,969600
Jun 01 2017,93.680,94.830,92.500,93.970,93.682,1206700
Jun 01 2018,120.300,120.590,114.530,115.500,115.252,2960400
Jun 02 2014,76.990,78.470,75.350,76.110,75.877,1245900
Jun 02 2015,79.290,80.300,78.630,79.030,78.788,636400
Jun 02 2016,90.650,92.660,89.400,92.420,92.137,1062500
Jun 02 2017,93.660,94.040,91.480,91.840,91.558,1481700
Jun 03 2013,33.660,34.750,32.880,34.600,34.494,338800
Jun 03 2014,76.080,78.490,75.580,78.300,78.060,943300
Jun 03 2015,78.950,79.100,77.550,77.660,77.422,822200
Jun 03 2016,92.310,92.530,89.900,90.110,89.834,1318800
Jun 04 2013,34.620,35.430,33.600,34.080,33.976,175200
Jun 04 2014,78.360,79.760,77.010,78.540,78.299,845800
Jun 04 2015,76.990,77.080,75.580,76.460,76.226,740000
Jun 04 2018,115.890,116.450,108.930,111.700,111.460,3928000
Jun 05 2013,34.270,34.680,33.820,33.940,33.836,165100
Jun 05 2014,78.640,79.870,77.530,79.240,78.997,821100
Jun 05 2015,76.260,79.500,75.990,78.260,78.020,989400
Jun 05 2017,91.280,91.760,89.910,90.650,90.372,1224200
Jun 05 2018,111.250,113.180,107.780,111.550,111.310,2346400
Jun 06 2013,33.880,35.870,33.610,34.580,34.474,110100
Jun 06 2014,79.940,81.510,79.380,81.090,80.841,953500
Jun 06 2016,90.840,91.630,89.800,90.870,90.591,1172100
Jun 06 2017,90.250,93.110,89.950,92.760,92.476,1422400
Jun 06 2018,111.820,112.760,109.820,112.220,111.979,1993200
Jun 07 2013,34.850,35.640,34.150,35.450,35.341,135000
Jun 07 2016,91.470,94.950,91.470,94.590,94.300,1366700
Jun 07 2017,92.110,92.750,88.190,88.600,88.328,1430200
Jun 07 2018,113.440,114.940,113.120,114.120,113.875,1655700
Jun 08 2015,78.290,80.430,77.680,78.830,78.588,1011700
Jun 08 2016,95.450,96.010,92.430,93.130,92.844,970700
Jun 08 2017,87.940,89.180,87.040,87.820,87.551,2166900
Jun 08 2018,113.520,114.580,112.440,113.960,113.715,1074100
Jun 09 2014,81.430,82.250,80.060,82.000,81.749,748500
Jun 09 2015,79.310,80.920,79.310,79.990,79.745,735700
Jun 09 2016,92.280,93.870,91.720,92.180,91.897,765800
Jun 09 2017,88.070,90.370,87.590,90.150,89.874,1430900
Jun 10 2013,34.560,35.560,33.500,34.740,34.634,234400
Jun 10 2014,83.000,83.660,81.370,82.330,82.078,601900
Jun 10 2015,81.090,81.980,80.260,81.430,81.180,683200
Jun 10 2016,91.100,91.910,89.330,89.340,89.066,800900
Jun 11 2013,34.560,35.240,34.180,34.460,34.354,123300
Jun 11 2014,81.660,84.470,81.120,83.840,83.583,915800
Jun 11 2015,81.470,81.840,80.810,81.040,80.792,442900
Jun 11 2018,114.100,115.430,113.090,113.830,113.585,1290200
Jun 12 2013,34.750,35.040,34.190,34.430,34.324,65700
Jun 12 2014,84.010,85.900,83.500,84.690,84.430,1154600
Jun 12 2015,80.800,80.800,79.880,80.650,80.403,433900
Jun 12 2017,90.570,91.700,89.880,90.660,90.382,2319100
Jun 12 2018,114.200,119.320,114.000,118.880,118.624,1804800
Jun 13 2013,34.540,35.300,33.420,34.970,34.863,282100
Jun 13 2014,85.330,88.390,84.500,87.950,87.680,1617500
Jun 13 2016,88.700,90.440,88.200,88.760,88.488,910100
Jun 13 2017,90.480,92.460,90.330,92.440,92.157,1294200
Jun 13 2018,118.640,119.130,117.790,118.350,118.096,1616000
Jun 14 2013,34.960,35.630,34.600,34.890,34.783,145900
Jun 14 2016,88.370,90.100,87.970,89.860,89.585,947300
Jun 14 2017,91.790,92.200,89.110,89.400,89.126,1594100
Jun 14 2018,119.250,119.780,115.650,115.950,115.701,1540800
Jun 15 2015,80.030,80.220,79.070,79.890,79.645,856400
Jun 15 2016,89.760,90.460,88.260,89.130,88.857,767300
Jun 15 2017,88.780,89.320,84.650,85.870,85.607,2805300
Jun 15 2018,115.450,117.120,114.300,115.580,115.331,2474900
Jun 16 2014,88.190,90.300,87.180,89.900,89.624,1385500
Jun 16 2015,79.710,81.170,79.080,80.750,80.502,595200
Jun 16 2016,88.260,88.260,86.310,87.250,86.983,1312800
Jun 16 2017,86.450,86.880,83.910,84.870,84.610,2396000
Jun 17 2013,35.240,35.280,33.790,34.450,34.344,186800
Jun 17 2014,90.000,92.240,88.880,90.260,89.983,1159800
Jun 17 2015,81.460,82.490,78.530,79.390,79.147,702100
Jun 17 2016,87.760,88.260,86.960,87.510,87.242,1211500
Jun 18 2013,33.850,35.470,33.200,35.010,34.903,611200
Jun 18 2014,91.490,93.330,88.880,90.340,90.063,2891900
Jun 18 2015,79.850,80.640,78.480,78.570,78.329,655900
Jun 18 2018,114.770,123.610,114.510,122.580,122.316,3950400
Jun 19 2013,35.240,35.480,34.150,34.610,34.504,3342600
Jun 19 2014,90.690,90.690,88.300,89.050,88.777,1072300
Jun 19 2015,76.530,78.640,76.490,76.620,76.385,1409000
Jun 19 2017,85.350,86.290,84.470,85.890,85.627,1056100
Jun 19 2018,120.360,128.950,120.360,127.580,127.306,3422700
Jun 20 2013,34.310,34.310,32.470,32.640,32.540,642000
Jun 20 2014,89.470,90.690,88.300,89.790,89.515,1729600
Jun 20 2016,89.260,89.600,88.530,89.010,88.737,821900
Jun 20 2017,84.290,87.680,83.220,87.040,86.773,2091200
Jun 20 2018,128.550,130.650,127.400,129.560,129.281,1799700
Jun 21 2013,32.800,33.510,31.600,33.150,33.048,1297800
Jun 21 2016,89.160,91.330,88.090,90.920,90.641,951200
Jun 21 2017,86.690,88.950,85.640,86.750,86.484,2075300
Jun 21 2018,128.910,128.910,122.090,123.730,123.464,2061300
Jun 22 2015,77.380,79.400,76.170,78.810,78.568,974200
Jun 22 2016,91.680,91.680,89.720,90.790,90.512,577400
Jun 22 2017,86.890,88.180,85.900,85.980,85.716,1206500
Jun 22 2018,127.410,129.520,125.370,125.560,125.290,2211900
Jun 23 2014,90.380,91.510,89.120,91.410,91.130,1253800
Jun 23 2015,78.730,80.120,77.930,79.890,79.645,848800
Jun 23 2016,91.500,91.970,90.700,91.410,91.130,671600
Jun 23 2017,86.030,88.610,85.810,88.400,88.129,2375000
Jun 24 2013,32.910,32.910,30.760,32.020,31.922,797600
Jun 24 2014,90.190,90.540,87.150,87.690,87.421,2265700
Jun 24 2015,80.000,80.680,77.770,77.960,77.721,749900
Jun 24 2016,87.520,89.500,86.650,87.280,87.012,1692900
Jun 25 2013,32.590,33.350,31.490,32.920,32.819,406000
Jun 25 2014,88.000,91.360,87.800,90.560,90.282,1917100
Jun 25 2015,77.870,78.800,76.160,76.390,76.156,742000
Jun 25 2018,125.610,126.300,120.460,121.600,121.339,1347400
Jun 26 2013,33.240,33.730,32.990,33.650,33.547,325100
Jun 26 2014,90.450,91.010,87.700,89.290,89.016,939200
Jun 26 2015,75.480,76.320,73.380,75.250,75.019,7678900
Jun 26 2017,88.740,88.750,86.670,87.300,87.032,1218200
Jun 26 2018,121.730,126.960,121.650,126.540,126.268,1347000
Jun 27 2013,33.710,33.770,32.960,33.060,32.959,290800
Jun 27 2014,89.040,89.870,88.500,88.690,88.418,3201400
Jun 27 2016,86.400,87.350,82.800,83.770,83.513,1550700
Jun 27 2017,87.580,88.670,86.560,87.990,87.720,1269000
Jun 27 2018,129.040,132.830,128.640,130.130,129.850,2309000
Jun 28 2013,33.150,33.680,32.610,33.320,33.218,902100
Jun 28 2016,85.010,88.950,84.350,88.610,88.338,1394000
Jun 28 2017,88.260,89.520,86.540,86.600,86.335,1245200
Jun 28 2018,130.500,131.900,127.850,130.840,130.559,1417400
Jun 29 2015,74.260,75.940,73.730,75.160,74.930,1228900
Jun 29 2016,89.650,91.820,88.820,90.790,90.512,1013000
Jun 29 2017,87.210,88.490,86.710,87.290,87.022,1526000
Jun 29 2018,130.560,132.850,129.660,131.570,131.287,1425700
Jun 30 2014,88.700,89.840,88.450,88.800,88.528,1145900
Jun 30 2015,75.950,76.310,73.360,75.380,75.149,1209400
Jun 30 2016,90.640,91.990,89.590,91.210,90.930,931000
Jun 30 2017,87.430,89.240,86.820,88.810,88.538,1612700
Jul 01 2013,33.490,34.650,33.420,34.270,34.165,245100
Jul 01 2014,90.000,90.480,88.190,89.770,89.495,1030300
Jul 01 2015,76.410,77.360,72.590,72.820,72.597,1441600
Jul 01 2016,91.790,92.780,89.380,90.540,90.262,905300
Jul 02 2013,34.110,34.680,33.510,34.560,34.454,119600
Jul 02 2014,89.500,90.420,87.610,88.290,88.019,796200
Jul 02 2015,72.820,73.240,72.220,73.130,72.906,833200
Jul 02 2018,130.870,130.870,128.100,129.300,129.022,952300
Jul 03 2013,34.530,36.240,34.200,35.200,35.092,192200
Jul 03 2014,88.760,89.160,87.410,88.810,88.538,596800
Jul 03 2017,89.550,90.660,88.840,90.350,90.073,723300
Jul 03 2018,130.900,133.180,129.200,130.050,129.770,701700
Jul 05 2013,35.740,36.220,34.750,35.890,35.780,224700
Jul 05 2016,89.540,90.010,87.750,89.530,89.256,990100
Jul 05 2017,89.550,89.660,87.440,88.490,88.219,1376000
Jul 05 2018,131.780,133.400,130.770,132.000,131.716,836300
Jul 06 2015,71.910,73.330,69.900,70.210,69.995,1371500
Jul 06 2016,88.840,91.200,88.490,90.500,90.223,1620600
Jul 06 2017,89.200,89.860,85.790,85.960,85.696,1536100
Jul 06 2018,131.980,136.070,129.950,134.970,134.680,839100
Jul 07 2014,88.800,89.730,86.700,87.310,87.042,918500
Jul 07 2015,70.060,71.170,67.560,71.060,70.842,1859400
Jul 07 2016,91.500,91.970,88.410,88.590,88.318,1084200
Jul 07 2017,85.390,86.310,82.770,86.090,85.826,1441700
Jul 08 2013,36.070,37.800,35.640,36.100,35.989,498600
Jul 08 2014,86.720,87.110,84.160,85.970,85.706,1497400
Jul 08 2015,70.330,71.620,68.270,69.290,69.078,1022300
Jul 08 2016,89.580,90.000,88.770,89.160,88.887,923700
Jul 09 2013,36.450,36.930,35.790,36.500,36.388,280100
Jul 09 2014,86.850,87.370,85.470,87.290,87.022,685700
Jul 09 2015,70.230,71.910,70.100,70.860,70.643,1339100
Jul 09 2018,134.960,136.900,134.710,136.670,136.376,1089900
Jul 10 2013,36.540,37.250,35.820,37.160,37.046,284000
Jul 10 2014,84.990,86.550,82.820,85.720,85.457,1005000
Jul 10 2015,71.300,71.690,69.570,70.890,70.673,973400
Jul 10 2017,85.680,88.170,85.240,88.030,87.760,1236400
Jul 10 2018,137.840,138.250,132.860,133.960,133.672,2119500
Jul 11 2013,38.130,38.130,37.330,37.600,37.485,320000
Jul 11 2014,85.700,86.500,83.340,84.210,83.952,890900
Jul 11 2016,89.910,91.410,89.200,89.700,89.425,626000
Jul 11 2017,88.100,88.840,86.570,88.620,88.348,862500
Jul 11 2018,133.160,134.830,129.060,130.760,130.479,1455900
Jul 12 2013,37.390,37.670,36.230,37.250,37.136,117800
Jul 12 2016,91.050,92.820,91.030,91.960,91.678,750200
Jul 12 2017,89.590,90.700,87.800,88.110,87.840,982900
Jul 12 2018,132.240,132.240,128.650,130.280,130.000,837300
Jul 13 2015,70.520,71.460,70.030,71.310,71.091,781400
Jul 13 2016,90.270,92.450,89.200,91.040,90.761,4602900
Jul 13 2017,88.120,89.610,87.680,89.420,89.146,811700
Jul 13 2018,130.030,132.790,130.000,131.340,131.058,897000
Jul 14 2014,84.790,87.930,84.610,86.590,86.325,836200
Jul 14 2015,71.710,74.220,71.350,73.340,73.115,1052100
Jul 14 2016,92.020,92.730,91.150,92.230,91.947,1327500
Jul 14 2017,89.480,90.650,89.460,90.480,90.203,890500
Jul 15 2013,37.200,37.830,36.230,37.270,37.156,243200
Jul 15 2014,86.110,86.800,82.710,83.360,83.104,1110200
Jul 15 2015,72.710,72.950,69.980,70.690,70.473,962800
Jul 15 2016,92.190,92.490,90.070,90.930,90.651,1010200
Jul 16 2013,37.180,37.910,36.620,37.710,37.594,213300
Jul 16 2014,83.930,85.990,83.530,85.490,85.228,856600
Jul 16 2015,70.870,71.750,68.460,69.190,68.978,1006100
Jul 16 2018,128.850,130.800,128.410,129.990,129.710,851800
Jul 17 2013,37.190,38.870,37.190,37.660,37.545,207500
Jul 17 2014,85.820,88.200,84.000,84.710,84.450,843000
Jul 17 2015,69.110,69.110,65.850,66.270,66.067,1992900
Jul 17 2017,90.250,91.110,89.980,90.470,90.193,1115400
Jul 17 2018,128.900,131.650,128.110,130.650,130.369,507800
Jul 18 2013,37.550,39.450,37.460,38.080,37.963,294500
Jul 18 2014,84.570,87.340,84.570,86.660,86.394,1229200
Jul 18 2016,90.670,90.970,89.500,90.570,90.292,696300
Jul 18 2017,91.970,91.970,89.430,90.410,90.133,1241100
Jul 18 2018,130.37,131.01,128.17,130.59,130.31,1009800
Jul 19 2013,38.150,39.800,37.370,39.360,39.239,348100
Jul 19 2016,90.050,90.870,89.210,89.420,89.146,1051600
Jul 19 2017,90.900,93.980,90.440,93.930,93.642,1279300
Jul 19 2018,130.43,132.43,130.01,132.09,131.81,653600
Jul 20 2015,66.060,66.210,64.180,64.830,64.631,1331000
Jul 20 2016,90.100,90.120,88.780,89.480,89.206,1469200
Jul 20 2017,94.400,95.560,92.080,92.380,92.097,1373800
Jul 20 2018,133.02,133.02,130.00,131.15,130.87,885800
Jul 21 2014,86.020,89.870,86.000,87.990,87.720,1341500
Jul 21 2015,65.150,66.850,64.660,65.970,65.768,1233200
Jul 21 2016,89.260,90.310,87.910,88.180,87.910,1374700
Jul 21 2017,92.480,92.790,91.290,91.990,91.708,1219800
Jul 22 2013,39.110,39.610,38.550,39.470,39.349,150900
Jul 22 2014,87.200,87.690,86.420,86.560,86.295,4448200
Jul 22 2015,65.340,66.440,64.390,66.240,66.037,1337200
Jul 22 2016,88.420,88.740,87.440,88.230,87.960,958500
Jul 23 2013,39.900,40.000,38.670,38.790,38.671,182500
Jul 23 2014,87.000,87.890,86.250,87.850,87.581,1308200
Jul 23 2015,66.250,66.710,64.040,66.290,66.087,1813900
Jul 23 2018,131.15,131.59,129.82,131.17,130.89,702000
Jul 24 2013,38.920,39.010,37.070,37.410,37.295,252800
Jul 24 2014,88.120,89.080,86.860,88.010,87.740,2064100
Jul 24 2015,66.390,66.470,63.120,63.900,63.704,1810100
Jul 24 2017,92.440,94.060,92.060,93.210,92.924,854200
Jul 24 2018,132.26,134.96,131.77,133.45,133.16,855600
Jul 25 2013,37.260,38.240,37.100,37.750,37.634,222700
Jul 25 2014,86.960,87.380,85.230,85.700,85.437,975200
Jul 25 2016,87.790,87.790,84.200,85.350,85.088,1118500
Jul 25 2017,94.250,96.420,94.140,95.720,95.427,1178900
Jul 25 2018,133.21,135.99,132.06,134.68,134.39,608600
Jul 26 2013,37.500,39.140,37.150,37.470,37.355,244100
Jul 26 2016,85.320,86.170,84.450,85.890,85.627,951300
Jul 26 2017,96.620,97.830,95.340,96.480,96.184,1023200
Jul 26 2018,134.39,135.90,134.05,134.55,134.26,556200
Jul 27 2015,63.050,64.250,62.230,63.300,63.106,1128300
Jul 27 2016,86.200,86.630,84.730,85.360,85.098,1121400
Jul 27 2017,96.420,97.130,95.580,96.570,96.274,1019800
Jul 27 2018,134.29,136.57,131.57,132.34,132.06,729600
Jul 28 2014,85.900,86.100,83.590,84.800,84.540,569600
Jul 28 2015,63.500,65.600,62.580,64.990,64.791,725800
Jul 28 2016,85.170,86.570,84.530,85.930,85.667,958800
Jul 28 2017,96.330,97.330,95.870,96.650,96.354,909900
Jul 29 2013,37.500,37.820,36.950,37.670,37.555,82200
Jul 29 2014,84.590,86.680,83.920,85.590,85.328,782600
Jul 29 2015,64.630,67.910,63.990,67.650,67.443,1386100
Jul 29 2016,85.490,88.370,85.160,87.790,87.521,1685000
Jul 30 2013,37.770,37.890,36.780,37.830,37.714,137400
Jul 30 2014,86.000,87.190,84.280,84.750,84.490,660400
Jul 30 2015,67.360,68.660,65.940,67.680,67.473,1543000
Jul 30 2018,133.99,136.00,132.50,133.71,133.42,1388800
Jul 31 2013,37.960,39.300,37.300,38.180,38.063,149800
Jul 31 2014,84.010,84.100,81.020,82.230,81.978,1571500
Jul 31 2015,67.240,68.570,66.510,67.300,67.094,1275700
Jul 31 2017,96.510,96.710,94.610,95.880,95.586,1114900
Jul 31 2018,133.23,135.00,130.08,131.95,131.67,625000
Aug 01 2013,39.280,43.400,39.280,42.610,42.479,973200
Aug 01 2014,82.330,82.350,77.980,80.020,79.775,2387900
Aug 01 2016,87.640,87.640,84.650,85.950,85.687,1343100
Aug 01 2017,96.190,96.650,94.540,95.350,95.058,965600
Aug 01 2018,131.47,133.05,128.77,132.88,132.59,724500
Aug 02 2013,42.440,43.520,41.600,42.650,42.519,509800
Aug 02 2016,86.200,86.900,83.900,85.850,85.587,1198000
Aug 02 2017,97.990,97.990,91.860,95.840,95.546,3738500
Aug 02 2018,131.97,135.66,130.69,134.49,134.20,544100
Aug 03 2015,66.800,69.440,66.410,66.820,66.615,1302000
Aug 03 2016,87.480,88.000,85.220,87.340,87.072,1618700
Aug 03 2017,96.320,96.790,89.440,89.690,89.415,2890400
Aug 03 2018,134.48,134.82,129.94,130.80,130.52,1028900
Aug 04 2014,80.510,82.230,79.640,81.610,81.360,974400
Aug 04 2015,67.440,69.350,67.190,67.990,67.782,1543800
Aug 04 2016,87.340,89.950,86.870,88.910,88.637,1262300
Aug 04 2017,90.480,95.750,89.860,95.210,94.918,2052600
Aug 05 2013,42.570,44.110,42.410,43.100,42.968,419500
Aug 05 2014,82.010,82.740,78.170,78.930,78.688,1512400
Aug 05 2015,68.990,69.990,67.510,68.370,68.160,1710600
Aug 05 2016,89.270,93.840,89.160,92.950,92.665,1744700
Aug 06 2013,42.980,43.090,40.920,42.200,42.071,308400
Aug 06 2014,79.670,81.260,78.020,78.520,78.279,1155600
Aug 06 2015,68.400,70.960,65.890,70.480,70.264,1967800
Aug 06 2018,131.89,135.74,131.22,133.62,133.33,1028500
Aug 07 2013,43.770,43.840,41.320,42.240,42.111,421900
Aug 07 2014,78.790,79.750,74.870,76.580,76.345,1941800
Aug 07 2015,70.060,71.730,68.430,68.840,68.629,1149200
Aug 07 2017,94.980,96.130,92.770,96.040,95.746,1436400
Aug 07 2018,134.50,136.25,134.16,134.74,134.45,659700
Aug 08 2013,42.280,43.550,41.800,42.090,41.961,324700
Aug 08 2014,76.800,78.330,76.540,77.450,77.213,955700
Aug 08 2016,93.690,95.960,93.400,93.700,93.413,1143500
Aug 08 2017,95.620,96.670,94.410,94.980,94.689,1905100
Aug 08 2018,133.69,134.61,131.50,133.79,133.50,1548400
Aug 09 2013,42.100,42.690,41.930,42.240,42.111,219000
Aug 09 2016,93.650,95.470,93.090,94.280,93.991,1004500
Aug 09 2017,94.810,96.420,94.130,94.580,94.290,1226500
Aug 09 2018,133.00,135.01,129.49,131.15,130.87,1895400
Aug 10 2015,69.090,70.960,68.810,70.190,69.975,1427100
Aug 10 2016,94.670,94.810,92.680,93.290,93.004,642300
Aug 10 2017,93.500,94.670,91.970,92.060,91.778,3388700
Aug 10 2018,132.06,136.00,131.05,134.80,134.51,1340700
Aug 11 2014,78.150,78.260,76.610,77.490,77.252,1063700
Aug 11 2015,69.110,71.110,68.000,70.870,70.653,858900
Aug 11 2016,94.040,95.480,93.170,94.160,93.871,944900
Aug 11 2017,92.020,93.900,91.940,92.870,92.585,1182600
Aug 12 2013,42.020,42.500,41.000,42.080,41.951,250300
Aug 12 2014,76.980,77.470,75.660,76.040,75.807,576800
Aug 12 2015,70.550,73.210,69.960,72.480,72.258,1038100
Aug 12 2016,94.380,94.960,93.570,94.580,94.290,603300
Aug 13 2013,42.050,43.480,41.700,42.090,41.961,366000
Aug 13 2014,76.160,77.960,76.160,77.180,76.943,599200
Aug 13 2015,70.710,72.060,70.020,71.670,71.450,2579900
Aug 13 2018,133.76,135.17,131.58,131.87,131.59,911900
Aug 14 2013,41.900,42.030,40.330,40.450,40.326,974100
Aug 14 2014,77.100,77.810,74.650,75.860,75.627,1125400
Aug 14 2015,72.390,74.190,71.600,73.900,73.673,1502800
Aug 14 2017,92.860,93.440,89.760,90.750,90.472,1612500
Aug 14 2018,133.21,134.90,132.57,133.75,133.46,1239100
Aug 15 2013,40.250,40.700,39.500,39.790,39.668,2670400
Aug 15 2014,77.350,78.620,76.400,78.450,78.209,912300
Aug 15 2016,95.240,96.950,95.020,96.450,96.154,902300
Aug 15 2017,90.580,90.650,87.640,88.020,87.750,2985700
Aug 15 2018,123.04,124.20,115.28,117.70,117.45,11541400
Aug 16 2013,39.880,40.970,39.500,40.500,40.376,547800
Aug 16 2016,95.810,96.490,93.450,95.010,94.719,1040100
Aug 16 2017,87.900,89.630,87.590,88.060,87.790,1504300
Aug 17 2015,73.270,73.630,71.600,72.210,71.989,987100
Aug 17 2016,95.010,95.560,93.950,95.300,95.008,759600
Aug 17 2017,87.500,88.770,85.810,86.100,85.836,1396900
Aug 17 2018,120.00,120.68,118.11,120.46,120.20,3945000
Aug 18 2014,78.500,80.030,77.410,79.780,79.535,1350900
Aug 18 2015,72.680,73.480,71.400,73.380,73.155,766000
Aug 18 2016,95.930,98.810,95.350,98.550,98.248,1237400
Aug 18 2017,86.460,88.360,85.730,87.260,86.992,1345700
Aug 19 2013,40.500,40.600,39.340,39.350,39.229,194700
Aug 19 2014,79.830,81.820,79.610,80.000,79.755,1100700
Aug 19 2015,72.750,73.130,70.050,71.840,71.620,1059800
Aug 19 2016,98.280,98.940,97.030,98.590,98.288,606100
Aug 20 2013,39.270,39.720,38.450,39.280,39.160,254900
Aug 20 2014,79.800,80.550,78.750,80.240,79.994,658400
Aug 20 2015,72.000,72.280,70.150,70.230,70.015,1055500
Aug 20 2018,121.47,121.82,119.17,120.99,120.86,1904300
Aug 21 2013,39.200,40.310,38.100,39.220,39.100,228600
Aug 21 2014,80.360,81.140,79.630,80.740,80.492,850200
Aug 21 2015,69.310,70.220,66.330,66.550,66.346,1998600
Aug 21 2017,87.000,87.690,86.430,87.080,86.813,761000
Aug 21 2018,121.95,124.27,121.50,122.59,122.45,2826800
Aug 22 2013,39.320,39.920,38.860,39.350,39.229,233800
Aug 22 2014,80.800,80.800,78.670,79.980,79.735,691900
Aug 22 2016,97.480,98.180,95.860,96.490,96.194,1068400
Aug 22 2017,87.790,88.160,87.130,87.430,87.162,634100
Aug 22 2018,124.31,125.35,123.79,124.23,124.09,2283900
Aug 23 2013,39.510,40.450,38.790,40.120,39.997,689700
Aug 23 2016,96.600,97.520,96.230,96.590,96.294,594400
Aug 23 2017,87.230,89.790,86.860,88.860,88.588,773400
Aug 23 2018,123.00,123.78,120.98,121.60,121.46,990100
Aug 24 2015,64.840,65.790,60.340,61.750,61.561,2022700
Aug 24 2016,96.270,97.300,95.760,96.190,95.895,570100
Aug 24 2017,88.740,89.350,87.700,89.120,88.847,728000
Aug 24 2018,122.96,123.45,121.50,121.75,121.61,1314800
Aug 25 2014,80.330,81.890,79.680,81.400,81.150,835800
Aug 25 2015,65.320,65.780,60.790,60.820,60.634,1345500
Aug 25 2016,96.260,96.870,94.990,96.260,95.965,718900
Aug 25 2017,89.380,89.550,88.480,88.740,88.468,413600
Aug 26 2013,40.330,41.250,39.550,40.000,39.877,352200
Aug 26 2014,81.760,85.500,81.540,83.880,83.623,1391500
Aug 26 2015,62.480,62.580,60.280,62.090,61.900,1104700
Aug 26 2016,96.520,97.390,95.670,96.330,96.035,504000
Aug 27 2013,39.570,40.910,39.170,39.890,39.768,276200
Aug 27 2014,84.240,84.260,81.780,82.600,82.347,725600
Aug 27 2015,63.510,67.660,62.580,65.700,65.499,1676500
Aug 27 2018,122.56,123.58,121.82,122.73,122.59,1638100
Aug 28 2013,40.140,41.750,40.100,41.500,41.373,389600
Aug 28 2014,82.410,83.430,81.920,83.200,82.945,638100
Aug 28 2015,65.020,69.300,64.550,66.560,66.356,1608900
Aug 28 2017,88.640,88.640,86.520,88.030,87.760,614000
Aug 28 2018,122.47,123.02,120.40,121.12,120.99,1304700
Aug 29 2013,41.280,41.460,40.140,40.440,40.316,476200
Aug 29 2014,83.510,86.820,83.510,86.350,86.085,1062000
Aug 29 2016,95.860,97.890,95.600,97.360,97.062,456700
Aug 29 2017,87.870,88.670,86.620,88.170,87.900,758300
Aug 29 2018,121.12,122.25,120.51,121.91,121.77,2070800
Aug 30 2013,40.500,41.010,39.420,40.240,40.117,397100
Aug 30 2016,97.360,97.990,95.840,96.500,96.204,598900
Aug 30 2017,88.090,89.300,87.010,88.470,88.199,595000
Aug 30 2018,121.66,122.44,120.81,121.52,121.38,1060800
Aug 31 2015,65.930,69.150,65.310,68.290,68.081,1957700
Aug 31 2016,96.120,96.250,93.750,95.250,94.958,997500
Aug 31 2017,89.090,91.120,88.470,90.790,90.512,1300400
Aug 31 2018,121.20,121.42,119.69,121.08,120.95,1852700
Sep 01 2015,66.390,67.890,63.690,64.520,64.322,1462600
Sep 01 2016,95.230,95.370,93.030,95.270,94.978,710700
Sep 01 2017,91.070,92.070,90.260,91.920,91.638,1434900
Sep 02 2014,86.490,86.720,82.720,83.230,82.975,1137000
Sep 02 2015,65.580,67.490,63.330,67.450,67.243,1383700
Sep 02 2016,96.170,96.830,95.750,96.380,96.085,569800
Sep 03 2013,40.810,41.810,40.810,41.660,41.532,338000
Sep 03 2014,83.990,84.540,82.310,83.840,83.583,969400
Sep 03 2015,68.050,69.000,66.800,66.980,66.775,944000
Sep 04 2013,42.710,44.380,42.060,43.350,43.217,1078600
Sep 04 2014,83.970,84.370,78.160,79.500,79.256,2162900
Sep 04 2015,65.990,67.170,65.460,66.000,65.798,701800
Sep 04 2018,122.15,122.24,119.80,120.32,120.19,1374500
Sep 05 2013,43.630,44.300,43.270,43.620,43.486,268500
Sep 05 2014,78.760,79.820,77.740,79.250,79.007,1125800
Sep 05 2017,92.680,93.920,91.180,91.740,91.459,808900
Sep 05 2018,119.39,119.55,116.89,117.46,117.33,1778800
Sep 06 2013,43.940,43.990,42.920,43.420,43.287,403800
Sep 06 2016,96.580,97.250,95.220,97.150,96.852,728600
Sep 06 2017,92.650,93.520,92.040,92.660,92.376,1025300
Sep 06 2018,117.47,117.52,113.50,114.49,114.36,1721700
Sep 07 2016,97.600,98.950,96.490,98.560,98.258,997900
Sep 07 2017,92.250,92.250,90.010,91.620,91.339,779200
Sep 07 2018,114.00,114.00,111.33,112.65,112.52,1902800
Sep 08 2014,78.810,78.820,76.250,77.420,77.183,1323600
Sep 08 2015,65.950,67.880,65.180,67.310,67.104,818600
Sep 08 2016,98.940,99.690,98.070,98.340,98.039,652700
Sep 08 2017,91.050,91.050,87.840,88.900,88.627,1123500
Sep 09 2013,43.600,44.490,43.510,44.320,44.184,284600
Sep 09 2014,77.490,79.120,75.570,76.460,76.226,1162800
Sep 09 2015,67.980,68.400,65.000,65.050,64.851,880200
Sep 09 2016,97.570,98.520,95.960,96.050,95.756,961800
Sep 10 2013,44.510,45.000,43.730,44.380,44.244,270300
Sep 10 2014,76.010,77.710,74.610,76.800,76.565,1018900
Sep 10 2015,65.400,67.640,63.820,66.880,66.675,1056500
Sep 10 2018,112.74,113.42,111.75,112.11,111.99,1902400
Sep 11 2013,44.380,45.800,44.150,45.530,45.390,322800
Sep 11 2014,75.720,78.160,75.650,77.870,77.631,803200
Sep 11 2015,65.890,66.310,63.440,66.310,66.107,1112800
Sep 11 2017,88.920,89.830,88.340,89.450,89.176,993100
Sep 11 2018,112.36,117.33,111.31,116.40,116.27,2335200
Sep 12 2013,45.680,46.900,45.300,46.630,46.487,451900
Sep 12 2014,77.410,77.870,75.830,76.560,76.325,546200
Sep 12 2016,95.440,96.940,94.640,95.630,95.337,754200
Sep 12 2017,89.380,91.650,89.380,90.410,90.133,1058400
Sep 12 2018,117.72,120.93,117.71,120.51,120.38,2308500
Sep 13 2013,46.820,47.220,45.880,46.000,45.859,591000
Sep 13 2016,94.210,95.120,90.400,90.900,90.621,1627900
Sep 13 2017,90.880,94.000,90.880,93.490,93.203,1131400
Sep 13 2018,120.17,120.56,117.64,118.81,118.68,1962500
Sep 14 2015,66.200,66.440,64.580,65.720,65.519,704500
Sep 14 2016,90.490,91.680,87.910,88.560,88.288,1347200
Sep 14 2017,93.710,95.750,93.430,93.810,93.522,1431300
Sep 14 2018,119.25,123.52,118.44,121.73,121.59,2167900
Sep 15 2014,76.280,77.270,75.200,76.240,76.006,707900
Sep 15 2015,66.210,67.420,66.000,66.700,66.496,643700
Sep 15 2016,88.990,90.390,88.550,89.880,89.604,1148900
Sep 15 2017,93.810,94.640,93.160,93.970,93.682,1054200
Sep 16 2013,46.470,46.510,44.380,44.820,44.683,492400
Sep 16 2014,76.350,79.780,75.750,78.220,77.980,835300
Sep 16 2015,67.330,70.720,67.290,69.890,69.676,1397200
Sep 16 2016,88.990,89.950,86.930,89.690,89.415,1319700
Sep 17 2013,44.850,45.450,44.070,44.590,44.453,583900
Sep 17 2014,78.540,79.300,77.010,77.700,77.462,867500
Sep 17 2015,70.180,71.640,69.440,69.810,69.596,1012300
Sep 17 2018,121.57,124.44,121.10,122.69,122.55,1582500
Sep 18 2013,45.050,45.380,43.740,44.670,44.533,441400
Sep 18 2014,75.910,77.480,75.250,76.180,75.946,2357300
Sep 18 2015,68.020,69.380,67.720,69.000,68.788,1588400
Sep 18 2017,93.240,95.670,93.240,95.150,94.858,1282900
Sep 18 2018,123.91,126.24,122.96,124.75,124.61,2019400
Sep 19 2013,44.700,45.090,43.360,44.020,43.885,264600
Sep 19 2014,76.400,77.000,74.740,75.550,75.318,1628700
Sep 19 2016,90.530,91.150,88.510,89.290,89.016,634800
Sep 19 2017,95.250,95.890,94.040,94.280,93.991,1150700
Sep 19 2018,124.80,129.17,124.50,128.58,128.44,2071000
Sep 20 2013,43.970,44.510,41.880,42.780,42.649,1209100
Sep 20 2016,89.510,89.510,87.530,88.350,88.079,837600
Sep 20 2017,94.740,97.630,94.350,97.320,97.022,1396800
Sep 20 2018,129.30,129.69,126.44,126.72,126.58,1917000
Sep 21 2015,69.660,70.760,68.560,69.420,69.207,1131200
Sep 21 2016,89.110,90.080,88.010,89.390,89.116,1389200
Sep 21 2017,96.910,97.800,96.140,97.360,97.062,1014100
Sep 21 2018,127.85,128.96,126.78,128.55,128.41,1801100
Sep 22 2014,75.510,75.550,72.930,73.460,73.235,1101600
Sep 22 2015,68.390,71.300,67.440,69.180,68.968,1372800
Sep 22 2016,90.390,91.260,89.350,91.000,90.721,1048400
Sep 22 2017,96.500,96.890,95.260,95.740,95.446,1343800
Sep 23 2013,42.510,43.750,42.320,43.550,43.416,562300
Sep 23 2014,73.310,74.930,72.640,72.840,72.617,913600
Sep 23 2015,69.210,70.210,66.400,66.490,66.286,931900
Sep 23 2016,90.480,90.940,87.310,88.920,88.647,1246700
Sep 24 2013,44.250,44.640,43.500,43.630,43.496,449400
Sep 24 2014,73.060,74.470,70.660,74.300,74.072,1752800
Sep 24 2015,65.900,67.350,64.210,66.670,66.466,729100
Sep 24 2018,130.21,133.57,129.97,132.86,132.71,2216700
Sep 25 2013,43.840,44.120,43.350,43.760,43.626,245900
Sep 25 2014,73.930,74.130,71.880,72.600,72.377,1334600
Sep 25 2015,67.700,67.720,65.240,66.010,65.808,925800
Sep 25 2017,96.400,97.450,96.160,96.780,96.483,1406900
Sep 25 2018,133.64,136.21,132.98,134.51,134.36,1891000
Sep 26 2013,42.810,44.060,42.810,43.980,43.845,331100
Sep 26 2014,72.570,73.970,71.870,73.640,73.414,747600
Sep 26 2016,89.190,91.350,88.890,90.310,90.033,1120500
Sep 26 2017,96.420,97.790,96.050,97.150,96.852,896200
Sep 26 2018,134.13,134.58,131.13,131.33,131.18,2045700
Sep 27 2013,43.560,43.760,42.860,43.150,43.018,283100
Sep 27 2016,89.380,89.780,87.650,88.530,88.259,879200
Sep 27 2017,96.780,97.520,96.080,96.880,96.583,1230700
Sep 27 2018,133.05,134.41,131.88,134.06,133.91,1283900
Sep 28 2015,65.110,65.430,62.240,62.630,62.438,983500
Sep 28 2016,89.060,93.600,88.360,93.380,93.094,1244200
Sep 28 2017,96.860,98.360,96.590,97.140,96.842,1559400
Sep 28 2018,133.55,137.84,133.23,135.19,135.04,1629000
Sep 29 2014,74.970,76.950,74.260,76.760,76.525,2375800
Sep 29 2015,62.730,64.210,62.110,63.000,62.807,795300
Sep 29 2016,93.250,96.560,93.180,95.530,95.237,1540000
Sep 29 2017,96.770,98.330,96.460,97.960,97.660,1443400
Sep 30 2013,42.470,43.180,42.040,42.640,42.509,307800
Sep 30 2014,76.950,77.300,73.380,74.780,74.551,1609600
Sep 30 2015,63.860,65.310,62.850,64.600,64.402,755800
Sep 30 2016,96.000,98.780,95.740,96.540,96.244,1292000
Oct 01 2013,42.610,43.790,42.610,43.420,43.287,332100
Oct 01 2014,75.300,76.700,73.290,74.410,74.182,1983600
Oct 01 2015,66.090,67.600,63.770,65.560,65.359,1447500
Oct 01 2018,135.45,138.49,135.36,136.80,136.65,1215100
Oct 02 2013,43.100,43.860,42.180,43.220,43.088,491400
Oct 02 2014,73.450,76.940,71.720,75.280,75.049,1704600
Oct 02 2015,65.110,69.520,63.360,69.360,69.147,1442900
Oct 02 2017,96.980,100.350,95.690,100.000,99.693,1429900
Oct 02 2018,137.09,137.49,135.10,137.05,136.90,1423900
Oct 03 2013,43.250,44.080,42.250,43.830,43.696,359300
Oct 03 2014,75.580,75.580,72.510,73.000,72.776,873900
Oct 03 2016,95.150,96.470,91.150,92.530,92.246,2361700
Oct 03 2017,100.150,102.500,99.910,100.080,99.773,1807300
Oct 03 2018,137.94,140.78,136.43,139.92,139.76,1820800
Oct 04 2013,43.820,47.360,43.680,46.010,45.869,646600
Oct 04 2016,93.120,93.850,90.510,91.590,91.309,1777500
Oct 04 2017,100.760,101.480,99.460,100.750,100.441,1367700
Oct 04 2018,139.38,139.38,135.20,135.25,135.10,1506800
Oct 05 2015,69.780,72.340,69.780,72.210,71.989,1242900
Oct 05 2016,92.600,94.910,92.200,94.700,94.410,1675400
Oct 05 2017,100.760,101.050,99.650,99.750,99.444,1060000
Oct 05 2018,136.21,136.69,133.89,136.35,136.20,1428600
Oct 06 2014,73.130,74.580,71.940,73.970,73.743,1040600
Oct 06 2015,73.000,74.670,70.610,72.580,72.357,1916800
Oct 06 2016,95.510,95.810,93.590,95.040,94.749,1075800
Oct 06 2017,99.270,99.290,97.810,99.090,98.786,701400
Oct 07 2013,45.450,46.710,45.150,45.760,45.620,353800
Oct 07 2014,73.670,74.530,71.340,71.450,71.231,1183800
Oct 07 2015,73.690,76.210,71.680,73.650,73.424,1645100
Oct 07 2016,95.030,95.520,94.260,94.700,94.410,813200
Oct 08 2013,45.740,45.970,43.450,44.560,44.423,830300
Oct 08 2014,70.950,73.410,68.580,73.120,72.896,1503900
Oct 08 2015,73.230,76.740,72.420,76.220,75.986,1060000
Oct 08 2018,134.60,135.60,131.82,132.88,132.73,1466900
Oct 09 2013,44.670,44.930,43.020,43.380,43.247,427500
Oct 09 2014,72.430,72.430,68.560,69.270,69.058,1436100
Oct 09 2015,76.550,77.920,74.740,76.950,76.714,1708100
Oct 09 2017,99.680,99.990,98.870,99.940,99.634,486500
Oct 09 2018,132.63,136.47,132.63,135.13,134.98,1228500
Oct 10 2013,43.940,44.920,43.470,43.680,43.546,350100
Oct 10 2014,68.800,68.850,63.140,64.750,64.551,2625500
Oct 10 2016,99.800,106.030,99.050,105.210,104.887,3581100
Oct 10 2017,101.000,101.640,100.520,100.760,100.451,529600
Oct 10 2018,135.14,135.70,128.93,129.28,129.14,1652100
Oct 11 2013,43.420,45.310,43.230,44.700,44.563,475300
Oct 11 2016,105.500,106.840,103.700,104.840,104.519,1946800
Oct 11 2017,101.260,101.710,100.140,101.520,101.209,922000
Oct 11 2018,128.06,129.71,124.56,124.63,124.49,2204300
Oct 12 2015,76.450,77.920,75.090,76.910,76.674,1085900
Oct 12 2016,104.710,105.830,104.000,104.540,104.220,1361400
Oct 12 2017,100.930,101.740,99.610,101.120,100.810,934800
Oct 12 2018,127.47,128.01,121.88,126.12,125.98,1604800
Oct 13 2014,63.250,65.540,58.410,59.210,59.028,3605700
Oct 13 2015,76.520,77.960,75.810,76.170,75.936,652700
Oct 13 2016,104.090,104.500,102.270,103.530,103.213,1046600
Oct 13 2017,101.990,102.490,100.940,101.370,101.059,834600
Oct 14 2013,44.500,46.650,43.920,46.520,46.377,474000
Oct 14 2014,59.000,61.760,56.900,58.440,58.261,3573000
Oct 14 2015,76.420,76.610,74.870,76.430,76.196,706300
Oct 14 2016,103.900,104.780,100.750,100.900,100.591,1556200
Oct 15 2012,17.550,17.830,17.500,17.750,17.696,633100
Oct 15 2013,46.470,48.320,45.470,46.850,46.706,619400
Oct 15 2014,56.950,60.480,56.340,59.980,59.796,1971100
Oct 15 2015,75.940,76.740,73.960,75.680,75.448,912300
Oct 15 2018,127.79,128.61,126.22,127.93,127.79,1073100
Oct 16 2012,17.570,17.950,17.250,17.790,17.735,180300
Oct 16 2013,47.180,50.480,47.180,49.520,49.368,795200
Oct 16 2014,59.140,64.040,57.400,63.120,62.926,2024000
Oct 16 2015,75.930,77.980,75.800,77.180,76.943,1115300
Oct 16 2017,102.400,103.430,101.990,102.600,102.285,1040500
Oct 16 2018,129.20,131.34,127.61,130.82,130.67,1234900
Oct 17 2012,17.700,18.070,17.500,17.700,17.646,121000
Oct 17 2013,49.450,50.380,48.550,50.180,50.026,460600
Oct 17 2014,64.600,68.440,61.860,63.350,63.156,1731600
Oct 17 2016,100.980,101.380,98.800,100.470,100.162,1348100
Oct 17 2017,102.540,103.020,101.480,102.610,102.295,755300
Oct 17 2018,130.63,131.04,128.16,129.51,129.37,951100
Oct 18 2012,17.600,17.870,17.520,17.700,17.646,146100
Oct 18 2013,50.640,52.390,50.250,52.180,52.020,800100
Oct 18 2016,101.370,102.690,99.470,99.710,99.404,1032800
Oct 18 2017,102.270,103.600,101.960,102.190,101.877,784500
Oct 18 2018,128.00,128.36,125.12,126.96,126.82,947800
Oct 19 2012,17.720,17.800,17.410,17.410,17.357,298100
Oct 19 2015,76.120,76.430,71.850,73.310,73.085,1295900
Oct 19 2016,100.540,104.510,100.540,103.200,102.884,1868700
Oct 19 2017,101.790,102.210,100.830,101.590,101.279,816000
Oct 19 2018,127.57,129.39,126.46,127.10,126.96,1298600
Oct 20 2014,63.000,65.800,62.030,64.280,64.083,752300
Oct 20 2015,74.030,75.100,72.230,73.360,73.135,831400
Oct 20 2016,102.200,104.190,100.570,102.250,101.937,1098400
Oct 20 2017,101.600,102.710,101.160,102.530,102.216,577100
Oct 21 2013,51.790,54.170,51.050,52.750,52.588,863800
Oct 21 2014,65.390,67.560,64.790,67.490,67.283,1882500
Oct 21 2015,73.110,73.110,71.060,71.270,71.052,599900
Oct 21 2016,101.980,103.300,100.840,102.240,101.927,1011200
Oct 22 2012,17.500,17.510,16.930,17.030,16.978,359800
Oct 22 2013,53.370,53.960,50.170,50.320,50.166,643500
Oct 22 2014,67.810,69.650,64.100,64.200,64.003,1461300
Oct 22 2015,71.810,73.000,71.100,72.350,72.128,802000
Oct 22 2018,127.17,127.36,124.09,124.56,124.42,2078900
Oct 23 2012,16.850,17.300,16.750,17.130,17.077,166100
Oct 23 2013,50.050,50.060,46.280,49.100,48.949,1767500
Oct 23 2014,65.350,68.260,63.810,67.220,67.014,1535300
Oct 23 2015,72.010,72.810,70.560,71.920,71.700,1203400
Oct 23 2017,102.570,102.750,100.180,100.350,100.042,646100
Oct 23 2018,121.19,122.12,117.12,119.11,118.98,2636200
Oct 24 2012,16.920,17.470,16.920,17.390,17.337,158200
Oct 24 2013,49.440,54.070,49.120,54.000,53.834,1302500
Oct 24 2014,66.830,67.570,65.070,67.240,67.034,774200
Oct 24 2016,102.570,102.570,98.600,99.600,99.295,995100
Oct 24 2017,100.410,101.330,98.570,99.670,99.364,1083500
Oct 24 2018,120.88,121.10,112.62,112.90,112.77,1479700
Oct 25 2012,17.980,17.980,16.250,17.030,16.978,206900
Oct 25 2013,54.730,56.160,53.010,53.320,53.157,772000
Oct 25 2016,99.340,100.300,96.920,97.440,97.141,821000
Oct 25 2017,100.000,100.950,99.040,100.890,100.581,707100
Oct 25 2018,114.48,115.46,111.95,114.24,114.11,1766900
Oct 26 2012,17.510,17.510,16.600,17.140,17.087,199500
Oct 26 2015,71.970,73.610,71.270,72.880,72.657,986500
Oct 26 2016,96.460,96.840,94.510,96.050,95.756,1276800
Oct 26 2017,101.000,101.970,99.640,100.880,100.571,764100
Oct 26 2018,112.25,115.31,109.90,113.76,113.63,1867800
Oct 27 2014,64.610,65.000,60.510,64.130,63.933,1422000
Oct 27 2015,71.900,72.830,71.000,72.560,72.338,961900
Oct 27 2016,96.520,97.680,95.890,96.780,96.483,1402600
Oct 27 2017,100.620,105.030,100.500,104.570,104.249,1115400
Oct 28 2013,53.730,54.810,52.760,53.520,53.356,505500
Oct 28 2014,64.650,67.830,63.720,67.780,67.572,757000
Oct 28 2015,72.900,76.360,71.750,75.500,75.269,1395000
Oct 28 2016,96.300,98.100,93.940,93.990,93.702,837600
Oct 29 2013,54.200,54.790,52.940,54.070,53.904,488200
Oct 29 2014,68.250,70.000,67.360,69.080,68.868,1219100
Oct 29 2015,74.920,76.610,74.640,75.400,75.169,1141000
Oct 29 2018,113.79,114.16,106.38,108.17,108.05,1768000
Oct 30 2013,54.000,54.670,53.250,53.710,53.545,733800
Oct 30 2014,68.090,68.960,66.420,67.680,67.473,966600
Oct 30 2015,76.080,76.130,73.130,73.840,73.614,1129000
Oct 30 2017,105.150,106.780,104.750,106.200,105.874,966500
Oct 30 2018,106.39,110.25,105.93,109.88,109.76,2093100
Oct 31 2012,16.500,17.030,16.500,17.030,16.978,36400
Oct 31 2013,53.500,53.500,49.510,51.650,51.492,1503800
Oct 31 2014,67.960,68.610,64.070,68.440,68.230,1746100
Oct 31 2016,93.710,94.250,90.510,91.290,91.010,1352000
Oct 31 2017,106.030,107.560,105.560,107.160,106.831,1041000
Oct 31 2018,111.02,115.71,110.80,112.36,112.23,2455900
Nov 01 2012,17.100,17.480,16.510,17.230,17.177,203000
Nov 01 2013,51.420,51.950,48.190,50.640,50.485,910200
Nov 01 2016,92.270,93.660,90.550,91.810,91.529,764700
Nov 01 2017,108.230,111.710,108.140,109.780,109.443,1350900
Nov 01 2018,112.80,116.03,112.50,115.45,115.32,1499900
Nov 02 2012,16.990,17.230,16.560,17.000,16.948,72100
Nov 02 2015,73.830,74.940,73.290,73.410,73.185,1293300
Nov 02 2016,90.780,91.900,88.740,91.280,91.000,904800
Nov 02 2017,109.370,109.940,108.350,108.970,108.636,617400
Nov 02 2018,116.02,116.72,112.97,114.32,114.19,1556400
Nov 03 2014,68.440,71.540,66.520,67.390,67.183,1337800
Nov 03 2015,73.810,79.320,73.340,77.260,77.023,1873400
Nov 03 2016,91.810,92.790,90.050,92.560,92.276,921600
Nov 03 2017,109.310,111.720,108.700,111.150,110.809,786900
Nov 04 2013,50.920,53.480,49.880,53.160,52.997,1067700
Nov 04 2014,65.520,66.410,62.680,63.640,63.445,1948200
Nov 04 2015,79.000,79.000,75.000,76.080,75.847,1374700
Nov 04 2016,91.870,92.870,89.750,91.690,91.409,1190100
Nov 05 2012,16.790,17.000,16.500,16.710,16.659,33300
Nov 05 2013,58.530,58.710,53.600,55.140,54.971,1729800
Nov 05 2014,67.090,67.090,63.030,65.010,64.811,1402500
Nov 05 2015,76.000,79.000,74.650,77.090,76.854,991500
Nov 05 2018,115.55,118.41,114.75,115.99,115.86,1315400
Nov 06 2012,16.520,17.480,16.090,17.010,16.958,370600
Nov 06 2013,55.010,55.890,52.320,53.460,53.296,1018100
Nov 06 2014,64.460,66.010,63.700,65.820,65.618,1091800
Nov 06 2015,76.500,78.960,76.360,77.790,77.552,1005400
Nov 06 2017,111.560,113.750,110.560,113.690,113.341,1623100
Nov 06 2018,116.42,116.63,112.51,113.37,113.24,2266000
Nov 07 2012,16.750,17.400,16.750,17.060,17.008,155800
Nov 07 2013,55.070,56.000,50.500,54.000,53.834,4113200
Nov 07 2014,66.090,69.540,66.090,69.490,69.277,1403800
Nov 07 2016,93.660,94.550,92.250,93.960,93.672,1615900
Nov 07 2017,114.820,114.930,111.150,111.800,111.457,2018200
Nov 07 2018,117.78,119.55,110.27,115.87,115.74,3843100
Nov 08 2012,16.290,17.270,16.290,16.750,16.699,141600
Nov 08 2013,53.910,54.470,53.070,53.470,53.306,1044500
Nov 08 2016,92.700,96.240,91.060,93.740,93.453,2051400
Nov 08 2017,111.260,111.280,107.900,110.040,109.703,2246300
Nov 08 2018,115.28,116.12,109.58,110.65,110.53,2403100
Nov 09 2012,16.330,16.940,16.330,16.550,16.499,209600
Nov 09 2015,78.010,79.990,77.490,79.620,79.376,1134800
Nov 09 2016,93.730,100.010,93.170,98.160,97.859,1984600
Nov 09 2017,108.860,111.170,108.740,111.030,110.690,1418100
Nov 09 2018,109.08,114.84,106.21,113.85,113.72,2440200
Nov 10 2014,70.140,71.390,66.310,66.600,66.396,1361900
Nov 10 2015,79.210,79.950,78.270,79.600,79.356,740400
Nov 10 2016,97.500,99.020,96.200,97.370,97.071,1270100
Nov 10 2017,110.490,112.570,110.490,111.860,111.517,1001800
Nov 11 2013,53.700,53.890,53.090,53.290,53.127,572500
Nov 11 2014,66.620,68.750,65.910,67.500,67.293,1143200
Nov 11 2015,79.670,80.120,77.840,79.830,79.585,1224900
Nov 11 2016,96.420,98.250,94.400,95.490,95.197,732500
Nov 12 2012,16.460,16.550,16.360,16.500,16.449,12800
Nov 12 2013,53.050,53.420,51.760,52.500,52.339,451700
Nov 12 2014,64.780,65.940,64.250,64.810,64.611,3320300
Nov 12 2015,78.490,80.070,77.640,78.090,77.851,1407800
Nov 12 2018,114.67,115.64,109.91,110.23,110.11,1889200
Nov 13 2012,16.520,16.760,15.970,16.040,15.991,47600
Nov 13 2013,52.540,53.700,52.090,53.150,52.987,1443600
Nov 13 2014,64.490,65.600,63.200,64.760,64.561,1750100
Nov 13 2015,77.830,78.940,76.680,76.720,76.485,1073500
Nov 13 2017,111.350,112.410,110.170,110.970,110.630,1041400
Nov 13 2018,109.73,110.44,106.68,107.85,107.73,2039200
Nov 14 2012,15.970,16.470,15.650,16.050,16.001,123400
Nov 14 2013,52.830,53.770,51.150,53.120,52.957,492000
Nov 14 2014,65.110,67.910,64.600,67.790,67.582,1044000
Nov 14 2016,95.040,95.180,92.710,94.320,94.031,1120900
Nov 14 2017,110.110,110.890,108.110,108.270,107.938,1149600
Nov 14 2018,110.03,111.80,108.02,108.71,108.59,1676600
Nov 15 2012,16.380,17.260,15.710,16.700,16.649,367000
Nov 15 2013,53.250,53.620,52.640,53.530,53.366,245200
Nov 15 2016,95.650,98.290,95.650,96.660,96.364,1149500
Nov 15 2017,107.020,107.510,105.790,106.620,106.293,1501200
Nov 16 2012,16.910,17.690,16.270,16.820,16.768,104600
Nov 16 2015,77.270,79.790,76.450,79.660,79.416,1272900
Nov 16 2016,96.440,99.000,96.420,97.590,97.291,973100
Nov 16 2017,106.990,107.940,106.050,106.530,106.203,878700
Nov 16 2018,108.94,112.69,107.55,112.24,112.11,1848800
Nov 17 2014,66.900,67.560,62.980,63.720,63.525,1575000
Nov 17 2015,80.000,80.990,78.100,79.610,79.366,842500
Nov 17 2016,98.550,101.370,97.100,97.920,97.620,1827600
Nov 17 2017,106.390,107.740,106.020,107.540,107.210,1148500
Nov 18 2013,53.660,53.760,49.390,50.210,50.056,883500
Nov 18 2014,63.610,65.430,62.400,64.370,64.173,1264000
Nov 18 2015,80.000,81.860,78.110,81.420,81.170,1429500
Nov 18 2016,98.190,99.560,96.980,97.100,96.802,941300
Nov 19 2012,16.850,17.250,16.500,17.120,17.068,77200
Nov 19 2013,50.380,50.700,48.500,48.820,48.670,908500
Nov 19 2014,64.590,65.440,62.840,65.130,64.930,1008700
Nov 19 2015,80.420,81.000,76.050,77.060,76.824,1124500
Nov 19 2018,112.54,114.56,110.76,113.81,113.81,2185600
Nov 20 2012,17.140,17.290,16.830,17.130,17.077,251400
Nov 20 2013,49.310,50.410,48.420,48.760,48.611,509600
Nov 20 2014,65.140,67.330,65.090,67.210,67.004,813000
Nov 20 2015,77.010,78.400,76.520,77.470,77.233,1009900
Nov 20 2017,107.580,108.830,106.260,107.970,107.639,881400
Nov 20 2018,111.10,111.89,108.08,108.73,108.73,1912500
Nov 21 2012,17.120,17.480,16.850,17.200,17.147,33100
Nov 21 2013,48.980,52.270,48.980,51.740,51.581,686500
Nov 21 2014,68.500,71.300,68.260,69.740,69.526,1509100
Nov 21 2016,98.450,101.110,98.450,100.460,100.152,1311900
Nov 21 2017,108.830,109.530,108.000,109.150,108.815,1076600
Nov 21 2018,109.69,111.37,109.17,109.23,109.23,1527500
Nov 22 2013,51.530,52.650,50.890,51.530,51.372,478300
Nov 22 2016,102.020,102.020,97.800,99.200,98.896,1022400
Nov 22 2017,110.010,110.440,109.030,109.250,108.915,846700
Nov 23 2012,17.250,17.550,17.060,17.320,17.267,94000
Nov 23 2015,77.310,79.970,76.140,79.740,79.496,1331200
Nov 23 2016,98.430,101.180,98.000,100.770,100.461,923800
Nov 23 2018,105.28,106.72,103.51,104.88,104.88,1443000
Nov 24 2014,69.160,69.830,67.000,68.090,67.881,1300100
Nov 24 2015,80.500,82.190,78.170,79.940,79.695,1456100
Nov 24 2017,109.870,110.910,109.620,110.300,109.962,262100
Nov 25 2013,51.540,51.810,48.920,50.880,50.724,599700
Nov 25 2014,68.640,69.400,66.530,67.030,66.825,1169600
Nov 25 2015,78.970,80.110,77.820,78.700,78.459,697400
Nov 25 2016,101.570,101.570,97.910,99.440,99.135,456200
Nov 26 2012,17.300,17.420,17.060,17.260,17.207,77400
Nov 26 2013,51.000,52.520,50.760,51.610,51.452,572700
Nov 26 2014,66.800,66.810,64.230,64.880,64.681,961800
Nov 26 2018,106.56,109.59,105.78,109.31,109.31,2564000
Nov 27 2012,17.070,17.330,16.930,17.230,17.177,55800
Nov 27 2013,51.450,52.080,49.320,50.060,49.907,639400
Nov 27 2015,77.910,78.520,76.580,77.520,77.282,395900
Nov 27 2017,110.240,110.330,106.920,107.260,106.931,974500
Nov 27 2018,112.10,114.22,108.99,109.84,109.84,7557100
Nov 28 2012,17.450,17.490,16.980,17.250,17.197,94000
Nov 28 2014,58.860,61.860,54.480,56.400,56.227,2111700
Nov 28 2016,100.260,100.260,96.470,96.750,96.453,1228400
Nov 28 2017,107.430,108.470,106.910,108.230,107.898,567900
Nov 28 2018,109.34,112.04,108.27,109.80,109.80,3818000
Nov 29 2012,17.460,18.350,17.200,18.160,18.104,164400
Nov 29 2013,49.630,50.560,48.640,49.740,49.588,356800
Nov 29 2016,94.910,97.830,92.720,95.400,95.108,1566500
Nov 29 2017,108.490,109.400,107.020,108.150,107.818,528100
Nov 29 2018,110.38,114.11,109.71,112.00,112.00,4893000
Nov 30 2012,18.440,18.480,17.770,18.000,17.945,44200
Nov 30 2015,77.420,79.590,77.190,78.020,77.781,608200
Nov 30 2016,100.000,108.510,100.000,107.850,107.519,7379400
Nov 30 2017,108.750,111.310,108.150,109.310,108.975,905700
Nov 30 2018,111.45,111.57,105.07,110.38,110.38,33049700
Dec 01 2014,56.190,57.450,53.870,55.810,55.639,1516000
Dec 01 2015,78.330,79.350,77.470,78.200,77.960,816700
Dec 01 2016,111.180,113.230,109.000,110.000,109.663,2788500
Dec 01 2017,110.160,113.120,109.500,110.910,110.570,995300
Dec 02 2013,49.920,51.110,49.050,50.370,50.216,527000
Dec 02 2014,55.370,58.710,54.440,57.840,57.663,1981400
Dec 02 2015,78.780,78.780,74.870,76.790,76.555,1072500
Dec 02 2016,111.090,111.540,107.880,108.140,107.808,1861600
Dec 03 2012,18.010,18.500,17.390,18.100,18.045,47600
Dec 03 2013,50.450,52.170,49.400,50.230,50.076,928700
Dec 03 2014,58.450,63.110,56.970,59.860,59.676,1624500
Dec 03 2015,77.790,78.330,75.760,76.750,76.515,631200
Dec 03 2018,113.83,115.97,111.26,112.17,112.17,6422700
Dec 04 2012,18.230,18.230,17.410,17.830,17.775,30100
Dec 04 2013,50.000,51.330,49.550,50.450,50.295,561400
Dec 04 2014,58.940,60.200,57.410,58.480,58.301,1272400
Dec 04 2015,76.250,78.160,74.900,76.310,76.076,1056100
Dec 04 2017,111.260,112.100,108.850,109.020,108.686,643000
Dec 04 2018,112.39,112.81,104.84,105.08,105.08,3880300
Dec 05 2012,17.580,18.100,17.580,17.980,17.925,33000
Dec 05 2013,50.290,51.220,48.760,49.200,49.049,663500
Dec 05 2014,58.390,59.690,57.480,58.790,58.610,1507000
Dec 05 2016,109.090,111.420,106.570,106.930,106.602,1412900
Dec 05 2017,108.380,110.250,108.090,109.060,108.726,670500
Dec 06 2012,17.760,17.780,17.320,17.620,17.566,41900
Dec 06 2013,50.530,50.810,45.840,46.180,46.038,1472900
Dec 06 2016,106.020,107.680,104.400,106.290,105.964,1164800
Dec 06 2017,108.470,108.930,105.970,106.330,106.004,1027600
Dec 06 2018,102.00,102.34,96.95,101.82,101.82,5247300
Dec 07 2012,17.680,17.850,17.600,17.750,17.696,42500
Dec 07 2015,74.490,75.430,71.470,73.850,73.624,1624500
Dec 07 2016,105.850,106.720,104.170,105.390,105.067,971400
Dec 07 2017,106.500,109.040,106.110,108.950,108.616,727500
Dec 07 2018,105.00,107.54,102.06,102.70,102.70,3588900
Dec 08 2014,57.310,57.310,53.930,54.800,54.632,1576700
Dec 08 2015,72.590,75.790,72.240,74.940,74.710,1987600
Dec 08 2016,106.140,108.060,105.390,107.260,106.931,778900
Dec 08 2017,110.000,110.940,109.680,110.770,110.430,715900
Dec 09 2013,46.290,46.810,44.210,45.070,44.932,1388500
Dec 09 2014,54.220,57.660,53.710,56.680,56.506,1354400
Dec 09 2015,76.160,78.390,75.010,77.020,76.784,1089600
Dec 09 2016,108.220,108.370,104.430,106.040,105.715,933400
Dec 10 2012,17.890,17.920,17.360,17.620,17.566,72300
Dec 10 2013,45.210,47.490,45.150,46.000,45.859,753000
Dec 10 2014,55.850,56.510,53.000,53.650,53.486,1325600
Dec 10 2015,76.460,80.000,75.510,79.090,78.848,1794400
Dec 10 2018,101.34,103.90,99.43,100.63,100.63,2668400
Dec 11 2012,17.410,17.840,17.200,17.540,17.486,72200
Dec 11 2013,45.930,46.210,45.000,45.110,44.972,743000
Dec 11 2014,53.280,55.720,52.940,53.110,52.947,1017000
Dec 11 2015,77.690,78.600,75.910,76.560,76.325,1084700
Dec 11 2017,110.890,112.570,110.500,111.300,110.959,905700
Dec 11 2018,103.28,103.60,99.28,100.04,100.04,2166300
Dec 12 2012,17.470,17.780,17.470,17.640,17.586,58000
Dec 12 2013,45.420,46.370,44.780,44.960,44.822,386700
Dec 12 2014,51.860,54.920,51.790,52.470,52.309,2185300
Dec 12 2016,110.230,113.160,104.210,104.990,104.668,1830900
Dec 12 2017,111.550,112.250,110.600,111.530,111.188,604800
Dec 12 2018,101.77,103.04,98.38,98.49,98.49,2795000
Dec 13 2012,17.410,17.980,17.290,17.880,17.825,135900
Dec 13 2013,45.130,45.440,43.470,44.730,44.593,672000
Dec 13 2016,105.670,107.170,103.630,105.280,104.957,1486600
Dec 13 2017,111.950,112.540,111.010,111.590,111.248,782100
Dec 13 2018,98.14,98.83,94.54,96.32,96.32,4373200
Dec 14 2012,17.430,17.650,17.250,17.570,17.516,44700
Dec 14 2015,75.800,76.610,73.780,75.610,75.378,1574100
Dec 14 2016,103.170,105.240,101.330,101.510,101.199,1592000
Dec 14 2017,111.190,112.600,110.660,111.030,110.690,827200
Dec 14 2018,95.78,95.78,91.84,92.71,92.71,4368300
Dec 15 2014,52.860,54.330,51.690,53.410,53.246,1413600
Dec 15 2015,75.710,77.690,75.440,76.510,76.275,1440600
Dec 15 2016,97.250,101.330,96.500,101.180,100.870,9153500
Dec 15 2017,111.320,111.890,109.340,109.520,109.184,1045300
Dec 16 2013,45.160,46.190,44.660,45.490,45.351,499700
Dec 16 2014,52.080,58.960,51.950,55.840,55.669,2552400
Dec 16 2015,76.990,77.490,71.960,72.360,72.138,1324800
Dec 16 2016,100.850,102.110,99.500,101.950,101.637,1990300
Dec 17 2012,17.660,18.500,17.500,17.980,17.925,107600
Dec 17 2013,45.220,46.630,44.270,46.120,45.979,587700
Dec 17 2014,55.940,59.950,55.740,58.970,58.789,4351300
Dec 17 2015,73.350,73.350,67.900,68.750,68.539,2030900
Dec 17 2018,92.15,92.73,88.15,88.54,88.54,3815000
Dec 18 2012,17.930,19.250,17.700,18.800,18.742,142600
Dec 18 2013,46.020,47.920,45.380,46.340,46.198,751100
Dec 18 2014,61.600,62.390,57.820,59.580,59.397,1985600
Dec 18 2015,68.810,69.150,65.750,66.160,65.957,1670500
Dec 18 2017,110.010,111.000,108.920,109.650,109.314,858300
Dec 18 2018,88.87,89.96,86.51,87.93,87.93,3899500
Dec 19 2012,18.800,19.890,18.130,19.180,19.121,192600
Dec 19 2013,46.870,49.900,45.820,49.800,49.647,1047800
Dec 19 2014,59.900,63.030,58.700,62.560,62.368,1600000
Dec 19 2016,102.180,105.630,102.080,105.250,104.927,2146700
Dec 19 2017,109.790,112.000,109.470,111.810,111.467,983100
Dec 19 2018,89.25,95.04,88.98,90.60,90.60,4552800
Dec 20 2012,18.950,19.020,18.440,19.020,18.962,200500
Dec 20 2013,49.990,51.280,49.490,50.790,50.634,1472400
Dec 20 2016,106.400,106.490,102.490,102.660,102.345,1311100
Dec 20 2017,112.760,117.780,111.960,117.240,116.881,2130700
Dec 20 2018,88.37,91.48,88.37,89.03,89.03,3320800
Dec 21 2012,18.620,19.180,17.680,18.980,18.922,1936500
Dec 21 2015,66.130,67.520,61.510,62.200,62.009,2606600
Dec 21 2016,103.000,104.210,100.460,101.450,101.139,1422900
Dec 21 2017,118.010,123.550,117.250,123.100,122.723,2644100
Dec 21 2018,89.64,91.68,87.78,88.77,88.77,5570500
Dec 22 2014,61.570,62.480,59.320,61.070,60.883,933300
Dec 22 2015,62.250,64.820,61.870,63.350,63.156,1368100
Dec 22 2016,101.940,104.000,100.870,102.730,102.415,872400
Dec 22 2017,123.480,125.500,123.130,124.370,123.989,1517500
Dec 23 2013,50.520,52.290,50.110,52.100,51.940,877300
Dec 23 2014,61.250,62.230,60.410,61.700,61.511,840900
Dec 23 2015,64.890,67.600,64.000,67.460,67.253,1192000
Dec 23 2016,102.920,103.900,102.070,102.930,102.614,1168000
Dec 24 2012,19.050,19.450,18.010,18.640,18.583,159000
Dec 24 2013,52.020,52.390,51.670,52.020,51.861,300200
Dec 24 2014,61.170,61.290,59.000,60.180,59.996,384500
Dec 24 2015,67.280,68.450,66.130,67.920,67.712,486200
Dec 24 2018,88.23,89.34,85.61,85.67,85.67,1673500
Dec 26 2012,18.750,19.000,18.270,18.650,18.593,81300
Dec 26 2013,52.160,53.170,51.600,52.730,52.568,488200
Dec 26 2014,61.750,61.750,59.560,60.410,60.225,427200
Dec 26 2017,125.030,127.450,124.420,125.970,125.584,1490500
Dec 26 2018,86.92,92.05,85.19,91.99,91.99,3065300
Dec 27 2012,18.570,19.490,18.390,18.540,18.483,162100
Dec 27 2013,52.800,53.830,52.040,53.340,53.176,377300
Dec 27 2016,103.870,104.490,103.050,103.850,103.532,628100
Dec 27 2017,126.150,126.340,123.140,123.190,122.812,1348300
Dec 27 2018,90.00,93.04,88.47,92.88,92.88,1932400
Dec 28 2012,18.410,18.920,18.310,18.780,18.722,66400
Dec 28 2015,67.150,67.150,64.620,65.430,65.229,889400
Dec 28 2016,104.470,104.600,102.680,102.940,102.624,948000
Dec 28 2017,124.380,126.020,123.350,125.520,125.135,1090300
Dec 28 2018,93.42,93.55,90.07,91.61,91.61,746331
Dec 29 2014,60.660,62.310,59.080,60.380,60.195,672500
Dec 29 2015,67.230,67.770,64.920,66.440,66.236,815600
Dec 29 2016,103.240,103.570,101.620,102.050,101.737,839100
Dec 29 2017,126.320,127.320,124.230,126.250,125.863,842500
Dec 30 2013,53.200,53.800,51.720,51.930,51.771,598400
Dec 30 2014,59.720,61.520,58.820,59.870,59.686,823000
Dec 30 2015,65.370,67.030,64.840,66.020,65.818,633400
Dec 30 2016,101.910,102.420,100.620,101.060,100.750,783000
Dec 31 2012,18.740,19.220,18.570,19.120,19.061,125600
Dec 31 2013,51.850,53.750,51.560,52.880,52.718,611000
Dec 31 2014,58.850,61.070,57.610,59.780,59.597,1068700
