Jan 02 2013,27.44,28.18,27.42,28.00,28.00,69846400
Jan 02 2014,54.83,55.22,54.19,54.71,54.71,43195500
Jan 02 2015,78.58,78.93,77.70,78.45,78.45,18177500
Jan 02 2018,177.68,181.58,177.55,181.42,181.42,18151900
Jan 02 2019,128.99,137.51,128.56,135.68,135.68,28146200
Jan 03 2013,27.88,28.47,27.59,27.77,27.77,63140600
Jan 03 2014,55.02,55.65,54.53,54.56,54.56,38246200
Jan 03 2017,116.03,117.84,115.51,116.86,116.86,20663900
Jan 03 2018,181.88,184.78,181.33,184.67,184.67,16886600
Jan 03 2019,134.69,137.17,131.12,131.74,131.74,22717900
Jan 04 2013,28.01,28.93,27.83,28.76,28.76,72715400
Jan 04 2016,101.95,102.24,99.75,102.22,102.22,37912400
Jan 04 2017,117.55,119.66,117.29,118.69,118.69,19630900
Jan 04 2018,184.90,186.21,184.10,184.33,184.33,13880900
Jan 04 2019,134.01,138.00,133.75,137.95,137.95,29002100
Jan 05 2015,77.98,79.25,76.86,77.19,77.19,26452200
Jan 05 2016,102.89,103.71,101.67,102.73,102.73,23258200
Jan 05 2017,118.86,120.95,118.32,120.67,120.67,19492200
Jan 05 2018,185.59,186.90,184.93,186.85,186.85,13574500
Jan 06 2014,54.42,57.26,54.05,57.20,57.20,68852600
Jan 06 2015,77.23,77.59,75.36,76.15,76.15,27399300
Jan 06 2016,101.13,103.77,100.90,102.97,102.97,25096200
Jan 06 2017,120.98,123.88,120.03,123.41,123.41,28545300
Jan 07 2013,28.69,29.79,28.65,29.42,29.42,83781800
Jan 07 2014,57.70,58.55,57.22,57.92,57.92,77207400
Jan 07 2015,76.76,77.36,75.82,76.15,76.15,22045300
Jan 07 2016,100.50,101.43,97.30,97.92,97.92,45172900
Jan 07 2019,137.56,138.87,135.91,138.05,138.05,20089300
Jan 08 2013,29.51,29.60,28.86,29.06,29.06,45871300
Jan 08 2014,57.60,58.41,57.23,58.23,58.23,56682400
Jan 08 2015,76.74,78.23,76.08,78.18,78.18,23961000
Jan 08 2016,99.88,100.50,97.03,97.33,97.33,35402300
Jan 08 2018,187.20,188.90,186.33,188.28,188.28,17994700
Jan 08 2019,139.89,143.14,139.54,142.53,142.53,26202800
Jan 09 2013,29.67,30.60,29.49,30.59,30.59,104787700
Jan 09 2014,58.65,58.96,56.65,57.22,57.22,92253300
Jan 09 2015,78.20,78.62,77.20,77.74,77.74,21157000
Jan 09 2017,123.55,125.43,123.04,124.90,124.90,22880400
Jan 09 2018,188.70,188.80,187.10,187.87,187.87,12393100
Jan 10 2013,30.60,31.45,30.28,31.30,31.30,95316400
Jan 10 2014,57.13,58.30,57.06,57.94,57.94,42449500
Jan 10 2017,124.82,125.50,124.28,124.35,124.35,17324600
Jan 10 2018,186.94,187.89,185.63,187.84,187.84,10529900
Jan 11 2013,31.28,31.96,31.10,31.72,31.72,89598000
Jan 11 2016,97.91,98.60,95.39,97.51,97.51,29932400
Jan 11 2017,124.35,126.12,124.06,126.09,126.09,18356500
Jan 11 2018,188.40,188.40,187.38,187.77,187.77,9588600
Jan 12 2015,77.84,78.00,76.21,76.72,76.72,19190200
Jan 12 2016,99.00,99.96,97.55,99.37,99.37,28395400
Jan 12 2017,125.61,126.73,124.80,126.62,126.62,18653900
Jan 12 2018,178.06,181.48,177.40,179.37,179.37,77306900
Jan 13 2014,57.91,58.25,55.38,55.91,55.91,63010900
Jan 13 2015,77.23,78.08,75.85,76.45,76.45,25179600
Jan 13 2016,100.58,100.58,95.21,95.44,95.44,33410600
Jan 13 2017,127.49,129.27,127.37,128.34,128.34,24884300
Jan 14 2013,32.08,32.21,30.62,30.95,30.95,98892800
Jan 14 2014,56.46,57.78,56.10,57.74,57.74,37503600
Jan 14 2015,76.42,77.20,76.03,76.28,76.28,25741000
Jan 14 2016,95.85,98.87,92.45,98.37,98.37,48658600
Jan 15 2013,30.64,31.71,29.88,30.10,30.10,173242600
Jan 15 2014,57.98,58.57,57.27,57.60,57.60,33663400
Jan 15 2015,76.40,76.57,73.54,74.05,74.05,34134000
Jan 15 2016,93.98,96.38,93.54,94.97,94.97,45935600
Jan 16 2013,30.21,30.35,29.53,29.85,29.85,75332700
Jan 16 2014,57.26,58.02,56.83,57.19,57.19,34541800
Jan 16 2015,74.04,75.32,73.84,75.18,75.18,21791500
Jan 16 2018,181.50,181.75,178.04,178.39,178.39,36183800
Jan 17 2013,30.08,30.42,30.03,30.14,30.14,40256700
Jan 17 2014,57.30,57.82,56.07,56.30,56.30,40849200
Jan 17 2017,128.04,128.34,127.40,127.87,127.87,15294500
Jan 17 2018,179.26,179.32,175.80,177.60,177.60,27992400
Jan 18 2013,30.31,30.44,29.27,29.66,29.66,49631500
Jan 18 2017,128.41,128.43,126.84,127.92,127.92,13145900
Jan 18 2018,178.13,180.98,177.08,179.80,179.80,23304900
Jan 19 2016,96.53,97.42,93.92,95.26,95.26,30998300
Jan 19 2017,128.23,128.35,127.45,127.55,127.55,12195500
Jan 19 2018,180.85,182.37,180.17,181.29,181.29,26826500
Jan 20 2015,75.72,76.31,74.82,76.24,76.24,22821600
Jan 20 2016,92.83,95.00,89.37,94.35,94.35,59051400
Jan 20 2017,128.10,128.48,126.78,127.04,127.04,19097200
Jan 21 2014,56.60,58.58,56.50,58.51,58.51,48669200
Jan 21 2015,76.16,77.30,75.85,76.74,76.74,25096700
Jan 21 2016,94.91,95.99,92.62,94.16,94.16,30518900
Jan 22 2013,29.75,30.89,29.74,30.73,30.73,55243300
Jan 22 2014,58.85,59.31,57.10,57.51,57.51,61352900
Jan 22 2015,77.17,77.75,76.68,77.65,77.65,19519500
Jan 22 2016,96.41,98.07,95.49,97.94,97.94,30495400
Jan 22 2018,180.80,185.39,180.41,185.37,185.37,21059500
Jan 23 2013,31.10,31.50,30.80,30.82,30.82,48899800
Jan 23 2014,56.37,56.68,55.69,56.63,56.63,47951800
Jan 23 2015,77.65,78.19,77.04,77.83,77.83,16746500
Jan 23 2017,127.31,129.25,126.95,128.93,128.93,16593600
Jan 23 2018,186.05,189.55,185.55,189.35,189.35,25678800
Jan 24 2013,31.27,31.49,30.81,31.08,31.08,43845100
Jan 24 2014,56.15,56.42,54.40,54.45,54.45,55200700
Jan 24 2017,129.38,129.90,128.38,129.37,129.37,15162700
Jan 24 2018,189.89,190.66,186.52,186.55,186.55,24334500
Jan 25 2013,31.41,31.93,31.13,31.54,31.54,54363600
Jan 25 2016,98.72,99.48,96.93,97.01,97.01,32482000
Jan 25 2017,130.00,131.74,129.77,131.48,131.48,18731300
Jan 25 2018,187.95,188.62,186.60,187.48,187.48,17377700
Jan 26 2015,77.98,78.47,77.29,77.50,77.50,19260800
Jan 26 2016,97.76,97.88,95.66,97.34,97.34,26877100
Jan 26 2017,131.63,133.14,131.44,132.78,132.78,20020100
Jan 26 2018,187.75,190.00,186.81,190.00,190.00,17759200
Jan 27 2014,54.73,54.94,51.85,53.55,53.55,73924100
Jan 27 2015,76.71,76.88,75.63,75.78,75.78,20110000
Jan 27 2016,97.79,97.85,94.23,94.45,94.45,58699400
Jan 27 2017,132.68,132.95,131.08,132.18,132.18,19539500
Jan 28 2013,31.88,32.51,31.81,32.47,32.47,59682500
Jan 28 2014,54.02,55.28,54.00,55.14,55.14,48191200
Jan 28 2015,76.90,77.64,76.00,76.24,76.24,53306400
Jan 28 2016,107.20,110.34,104.81,109.11,109.11,107475300
Jan 29 2013,32.00,32.07,30.71,30.79,30.79,72976500
Jan 29 2014,54.61,54.95,53.19,53.53,53.53,92995600
Jan 29 2015,76.85,78.02,74.21,78.00,78.00,61293500
Jan 29 2016,108.99,112.84,108.84,112.21,112.21,62739500
Jan 29 2018,188.75,188.84,185.63,185.98,185.98,20453200
Jan 30 2013,30.98,31.49,30.88,31.24,31.24,87682100
Jan 30 2014,62.12,62.50,60.46,61.08,61.08,150178900
Jan 30 2015,78.00,78.16,75.75,75.91,75.91,42649500
Jan 30 2017,131.58,131.58,129.60,130.98,130.98,18956100
Jan 30 2018,187.62,188.18,181.84,187.12,187.12,20858600
Jan 31 2013,29.15,31.47,28.74,30.98,30.98,190744900
Jan 31 2014,60.47,63.37,60.17,62.57,62.57,87794600
Jan 31 2017,130.17,130.66,129.52,130.32,130.32,19790500
Jan 31 2018,188.37,189.83,185.22,186.89,186.89,43275100
Feb 01 2013,31.01,31.02,29.63,29.73,29.73,85856700
Feb 01 2016,112.27,115.72,112.01,115.09,115.09,46132700
Feb 01 2017,132.25,133.49,130.68,133.23,133.23,50139800
Feb 01 2018,188.22,195.32,187.89,193.09,193.09,54211300
Feb 02 2015,76.11,76.14,73.75,74.99,74.99,41955300
Feb 02 2016,114.80,117.59,113.20,114.61,114.61,59778600
Feb 02 2017,133.22,135.49,130.40,130.84,130.84,54366400
Feb 02 2018,192.04,194.21,189.98,190.28,190.28,26677500
Feb 03 2014,63.03,63.77,60.70,61.48,61.48,74866600
Feb 03 2015,75.19,75.58,73.86,75.40,75.40,26957700
Feb 03 2016,115.27,115.34,109.75,112.69,112.69,56919300
Feb 03 2017,131.24,132.85,130.76,130.98,130.98,24804900
Feb 04 2013,29.06,29.20,28.01,28.11,28.11,92362200
Feb 04 2014,62.05,63.14,61.82,62.75,62.75,45985500
Feb 04 2015,75.09,76.35,75.01,75.63,75.63,20277400
Feb 04 2016,111.80,111.94,109.25,110.49,110.49,38890200
Feb 05 2013,28.26,28.96,28.04,28.64,28.64,47948200
Feb 05 2014,62.74,63.16,61.27,62.19,62.19,51685100
Feb 05 2015,75.71,75.98,75.21,75.61,75.61,15062600
Feb 05 2016,109.51,109.58,103.18,104.07,104.07,76894700
Feb 05 2018,186.93,190.61,180.61,181.26,181.26,33128200
Feb 06 2013,28.74,29.29,28.66,29.05,29.05,38375900
Feb 06 2014,61.46,62.78,61.46,62.16,62.16,42086500
Feb 06 2015,75.68,75.70,74.25,74.47,74.47,21211000
Feb 06 2017,130.98,132.06,130.30,132.06,132.06,17058500
Feb 06 2018,178.57,185.77,177.74,185.31,185.31,37758500
Feb 07 2013,29.11,29.15,28.27,28.65,28.65,34540100
Feb 07 2014,62.27,64.57,62.22,64.32,64.32,60704300
Feb 07 2017,132.24,133.00,131.66,131.84,131.84,14596400
Feb 07 2018,184.15,185.08,179.95,180.18,180.18,27601900
Feb 08 2013,28.89,29.17,28.51,28.55,28.55,37708800
Feb 08 2016,100.41,102.68,97.46,99.75,99.75,71229700
Feb 08 2017,132.60,134.44,132.44,134.20,134.20,22390600
Feb 08 2018,181.01,181.84,171.48,171.58,171.58,38478300
Feb 09 2015,74.05,74.83,73.45,74.44,74.44,16194300
Feb 09 2016,97.14,102.40,96.82,99.54,99.54,62709000
Feb 09 2017,134.49,134.50,133.31,134.14,134.14,16470600
Feb 09 2018,174.76,176.90,167.18,176.11,176.11,39887600
Feb 10 2014,64.30,64.49,63.47,63.55,63.55,43666100
Feb 10 2015,74.85,75.34,74.50,75.19,75.19,15811300
Feb 10 2016,101.55,103.25,100.24,101.00,101.00,45179400
Feb 10 2017,134.10,134.94,133.68,134.19,134.19,15061900
Feb 11 2013,28.61,28.68,28.04,28.26,28.26,37361800
Feb 11 2014,63.75,65.00,63.35,64.85,64.85,45675600
Feb 11 2015,75.09,76.75,75.03,76.51,76.51,20877400
Feb 11 2016,99.60,105.11,98.88,101.91,101.91,43670600
Feb 12 2013,27.67,28.16,27.10,27.37,27.37,93498700
Feb 12 2014,64.92,65.06,64.05,64.45,64.45,47282100
Feb 12 2015,76.86,76.87,75.89,76.23,76.23,17235000
Feb 12 2016,103.74,104.24,101.09,102.01,102.01,36176800
Feb 12 2018,177.06,177.55,171.84,176.41,176.41,32092100
Feb 13 2013,27.36,28.32,27.31,27.91,27.91,50164000
Feb 13 2014,64.18,67.33,64.05,67.33,67.33,61911700
Feb 13 2015,76.46,76.48,75.50,75.74,75.74,18621900
Feb 13 2017,134.70,134.70,133.70,134.05,134.05,13526200
Feb 13 2018,175.62,175.97,173.10,173.15,173.15,21809400
Feb 14 2013,28.02,28.63,28.01,28.50,28.50,35615800
Feb 14 2014,67.50,67.58,66.72,67.09,67.09,36694900
Feb 14 2017,134.10,134.23,132.55,133.85,133.85,14364900
Feb 14 2018,173.45,179.81,173.21,179.52,179.52,28929700
Feb 15 2013,28.52,28.75,28.09,28.32,28.32,33109300
Feb 15 2017,133.45,133.70,132.66,133.44,133.44,13226500
Feb 15 2018,180.50,180.50,176.84,179.96,179.96,20922100
Feb 16 2016,103.80,103.93,100.24,101.61,101.61,45687200
Feb 16 2017,133.07,133.87,133.02,133.84,133.84,12831100
Feb 16 2018,178.99,179.88,176.30,177.36,177.36,20645300
Feb 17 2015,75.30,76.91,75.08,75.60,75.60,25254400
Feb 17 2016,102.02,105.72,100.40,105.20,105.20,44073400
Feb 17 2017,133.50,134.09,133.17,133.53,133.53,12276500
Feb 18 2014,66.94,67.54,66.07,67.30,67.30,43809900
Feb 18 2015,75.94,76.90,75.45,76.71,76.71,22426400
Feb 18 2016,105.80,106.00,103.03,103.47,103.47,29593500
Feb 19 2013,28.23,29.08,28.12,28.93,28.93,49396400
Feb 19 2014,67.05,69.08,67.00,68.06,68.06,62087100
Feb 19 2015,76.99,79.84,76.95,79.42,79.42,45851200
Feb 19 2016,102.55,105.02,102.06,104.57,104.57,32404500
Feb 20 2013,28.92,29.05,28.33,28.46,28.46,42098200
Feb 20 2014,67.73,70.11,65.73,69.63,69.63,130928900
Feb 20 2015,79.55,80.34,79.20,79.90,79.90,36931700
Feb 20 2018,175.77,177.95,175.11,176.01,176.01,21204900
Feb 21 2013,28.28,28.55,27.15,27.28,27.28,49642300
Feb 21 2014,69.69,69.96,68.45,68.59,68.59,70932400
Feb 21 2017,133.50,133.91,132.90,133.72,133.72,14759100
Feb 21 2018,176.71,181.27,176.40,177.91,177.91,23200800
Feb 22 2013,27.62,27.63,26.82,27.13,27.13,36350200
Feb 22 2016,105.49,108.25,105.34,107.16,107.16,35709700
Feb 22 2017,133.60,136.79,133.46,136.12,136.12,27360100
Feb 22 2018,178.70,180.21,177.41,178.99,178.99,18464200
Feb 23 2015,79.96,80.19,78.38,78.84,78.84,24139100
Feb 23 2016,106.85,107.47,105.12,105.46,105.46,25319300
Feb 23 2017,135.89,136.12,134.33,135.36,135.36,18422500
Feb 23 2018,179.90,183.39,179.51,183.29,183.29,19007300
Feb 24 2014,68.74,71.44,68.54,70.78,70.78,76620300
Feb 24 2015,78.50,79.48,78.10,78.45,78.45,18897100
Feb 24 2016,104.21,106.95,102.74,106.88,106.88,34412400
Feb 24 2017,134.16,135.62,134.16,135.44,135.44,12625700
Feb 25 2013,27.16,27.64,27.15,27.27,27.27,34652000
Feb 25 2014,70.95,71.00,69.45,69.85,69.85,52077000
Feb 25 2015,78.50,80.20,78.50,79.56,79.56,25593800
Feb 25 2016,107.11,108.07,105.61,108.07,108.07,29906300
Feb 26 2013,27.36,27.46,26.70,27.39,27.39,31611700
Feb 26 2014,70.19,71.22,68.85,69.26,69.26,55322700
Feb 26 2015,79.88,81.37,79.72,80.41,80.41,31111900
Feb 26 2016,108.70,109.45,107.16,107.92,107.92,26686200
Feb 26 2018,184.58,185.66,183.22,184.93,184.93,17599700
Feb 27 2013,27.34,27.34,26.63,26.87,26.87,44319700
Feb 27 2014,69.34,70.01,68.87,68.94,68.94,41653700
Feb 27 2015,80.68,81.23,78.62,78.97,78.97,30739200
Feb 27 2017,135.26,137.18,135.02,136.41,136.41,14306700
Feb 27 2018,184.45,184.70,181.46,181.46,181.46,15849800
Feb 28 2013,26.84,27.30,26.34,27.25,27.25,83027800
Feb 28 2014,69.47,69.88,67.38,68.46,68.46,66783700
Feb 28 2017,136.79,136.81,134.75,135.54,135.54,16112100
Feb 28 2018,182.30,182.88,178.14,178.32,178.32,18783000
Feb 29 2016,107.60,108.91,106.75,106.92,106.92,32779000
Mar 01 2013,27.05,28.12,26.81,27.78,27.78,54064800
Mar 01 2016,107.83,109.82,107.60,109.82,109.82,26817300
Mar 01 2017,136.47,137.48,136.30,137.42,137.42,16257000
Mar 01 2018,179.01,180.12,174.41,175.94,175.94,23201600
Mar 02 2015,79.00,79.86,78.52,79.75,79.75,21662500
Mar 02 2016,109.68,110.55,108.77,109.95,109.95,25670200
Mar 02 2017,137.09,137.82,136.31,136.76,136.76,12294800
Mar 02 2018,173.29,177.11,172.99,176.62,176.62,20025900
Mar 03 2014,66.96,68.05,66.51,67.41,67.41,56824100
Mar 03 2015,79.61,79.70,78.52,79.60,79.60,18635000
Mar 03 2016,110.25,110.30,108.54,109.58,109.58,21353100
Mar 03 2017,136.63,137.33,136.08,137.17,137.17,11160600
Mar 04 2013,27.76,28.06,27.44,27.72,27.72,32400700
Mar 04 2014,68.66,68.90,67.62,68.80,68.80,42013500
Mar 04 2015,79.30,81.15,78.85,80.90,80.90,28126700
Mar 04 2016,110.05,110.05,107.93,108.39,108.39,24938900
Mar 05 2013,27.88,28.18,27.21,27.52,27.52,40622200
Mar 05 2014,69.69,71.97,69.62,71.57,71.57,74567700
Mar 05 2015,81.23,81.99,81.05,81.21,81.21,27825700
Mar 05 2018,176.20,181.15,175.89,180.40,180.40,16189300
Mar 06 2013,28.10,28.13,27.35,27.45,27.45,33532600
Mar 06 2014,71.88,71.89,70.25,70.84,70.84,46026500
Mar 06 2015,80.90,81.33,79.83,80.01,80.01,24488600
Mar 06 2017,136.88,137.83,136.51,137.42,137.42,12748200
Mar 06 2018,181.78,182.38,179.11,179.78,179.78,15086800
Mar 07 2013,27.57,28.68,27.47,28.58,28.58,74540200
Mar 07 2014,71.08,71.18,69.47,69.80,69.80,38927000
Mar 07 2016,108.07,108.07,104.72,105.73,105.73,31436400
Mar 07 2017,137.03,138.37,136.99,137.30,137.30,13527100
Mar 07 2018,178.74,183.82,178.07,183.71,183.71,19097300
Mar 08 2013,28.43,28.47,27.73,27.96,27.96,44198900
Mar 08 2016,104.78,107.37,104.40,105.93,105.93,25617000
Mar 08 2017,137.15,137.99,137.05,137.72,137.72,10184500
Mar 08 2018,183.56,184.40,181.45,182.34,182.34,17225900
Mar 09 2015,79.68,79.91,78.63,79.44,79.44,18925100
Mar 09 2016,106.70,107.51,105.49,107.51,107.51,20493300
Mar 09 2017,137.72,138.57,137.40,138.24,138.24,15535300
Mar 09 2018,183.91,185.51,183.21,185.23,185.23,18526300
Mar 10 2014,70.77,72.15,70.51,72.03,72.03,59871600
Mar 10 2015,78.50,79.26,77.55,77.55,77.55,23067100
Mar 10 2016,107.91,108.66,105.77,107.32,107.32,24854300
Mar 10 2017,138.91,139.49,138.22,138.79,138.79,16314100
Mar 11 2013,28.01,28.64,27.83,28.14,28.14,35642100
Mar 11 2014,72.50,72.59,69.96,70.10,70.10,59408300
Mar 11 2015,77.80,78.43,77.26,77.57,77.57,20215700
Mar 11 2016,108.48,109.42,107.92,109.41,109.41,20697600
Mar 12 2013,28.10,28.32,27.60,27.83,27.83,27569600
Mar 12 2014,69.86,71.35,69.00,70.88,70.88,46340500
Mar 12 2015,78.10,79.05,77.91,78.93,78.93,16093300
Mar 12 2018,185.23,186.10,184.22,184.76,184.76,15301200
Mar 13 2013,27.62,27.65,26.92,27.08,27.08,39619500
Mar 13 2014,71.29,71.35,68.15,68.83,68.83,57091000
Mar 13 2015,78.60,79.38,77.68,78.05,78.05,18557300
Mar 13 2017,138.71,139.68,138.67,139.60,139.60,10955500
Mar 13 2018,185.61,185.99,181.11,181.88,181.88,18067500
Mar 14 2013,27.10,27.43,26.83,27.04,27.04,27646400
Mar 14 2014,68.49,69.43,67.46,67.72,67.72,48227000
Mar 14 2016,109.28,110.33,108.77,109.89,109.89,17249400
Mar 14 2017,139.46,139.46,138.52,139.32,139.32,12944000
Mar 14 2018,182.60,184.25,181.85,184.19,184.19,16821700
Mar 15 2013,27.03,27.06,26.56,26.65,26.65,31597400
Mar 15 2016,109.11,110.83,108.84,110.67,110.67,17618500
Mar 15 2017,139.29,140.10,138.49,139.72,139.72,19344800
Mar 15 2018,183.24,184.00,182.19,183.86,183.86,15614300
Mar 16 2015,77.96,78.12,77.36,78.07,78.07,19305400
Mar 16 2016,110.49,112.50,110.10,112.18,112.18,24744800
Mar 16 2017,140.20,140.25,139.73,139.99,139.99,13612900
Mar 16 2018,184.49,185.33,183.41,185.09,185.09,24403400
Mar 17 2014,68.18,68.95,66.62,68.74,68.74,52197000
Mar 17 2015,78.36,79.78,78.34,79.36,79.36,22170000
Mar 17 2016,112.15,112.69,110.73,111.02,111.02,24241200
Mar 17 2017,140.34,140.34,139.70,139.84,139.84,20592800
Mar 18 2013,26.37,26.79,25.78,26.49,26.49,26653700
Mar 18 2014,68.76,69.60,68.30,69.19,69.19,40827000
Mar 18 2015,79.25,81.24,79.17,80.91,80.91,36912400
Mar 18 2016,111.56,112.42,110.27,111.45,111.45,36256900
Mar 19 2013,26.53,26.90,26.21,26.55,26.55,25254200
Mar 19 2014,69.17,69.29,67.47,68.24,68.24,43981000
Mar 19 2015,81.12,83.00,81.00,82.75,82.75,42099500
Mar 19 2018,177.01,177.17,170.06,172.56,172.56,88140100
Mar 20 2013,26.68,26.69,25.78,25.86,25.86,44006500
Mar 20 2014,68.01,68.23,66.82,66.97,66.97,44439000
Mar 20 2015,83.39,84.60,83.07,83.80,83.80,44466300
Mar 20 2017,139.71,140.19,139.25,139.94,139.94,12099500
Mar 20 2018,167.47,170.20,161.95,168.15,168.15,129851800
Mar 21 2013,25.66,26.11,25.56,25.74,25.74,24336100
Mar 21 2014,67.53,67.92,66.18,67.24,67.24,59999900
Mar 21 2016,111.66,112.37,111.03,111.85,111.85,18448000
Mar 21 2017,141.15,142.31,138.40,138.51,138.51,29894800
Mar 21 2018,164.80,173.40,163.30,169.39,169.39,105920200
Mar 22 2013,25.80,26.01,25.63,25.73,25.73,18456300
Mar 22 2016,111.36,112.88,111.17,112.25,112.25,19001100
Mar 22 2017,137.93,139.79,137.60,139.59,139.59,17055400
Mar 22 2018,166.13,170.27,163.72,164.89,164.89,73743000
Mar 23 2015,83.92,84.96,83.30,84.43,84.43,27357300
Mar 23 2016,112.01,113.19,112.00,112.54,112.54,18562000
Mar 23 2017,139.48,140.39,139.09,139.53,139.53,13022800
Mar 23 2018,165.44,166.60,159.02,159.39,159.39,53609700
Mar 24 2014,67.19,67.36,63.36,64.10,64.10,85696000
Mar 24 2015,84.71,86.07,84.52,85.31,85.31,32576500
Mar 24 2016,112.13,113.09,111.68,113.05,113.05,17839100
Mar 24 2017,140.08,141.02,139.76,140.34,140.34,16664700
Mar 25 2013,25.75,25.80,25.08,25.13,25.13,39199000
Mar 25 2014,64.89,66.19,63.78,64.89,64.89,68786000
Mar 25 2015,85.50,85.52,82.92,82.92,82.92,37436100
Mar 26 2013,25.08,25.48,25.03,25.21,25.21,26957200
Mar 26 2014,64.74,64.95,60.37,60.39,60.39,97503900
Mar 26 2015,82.72,83.77,82.14,83.01,83.01,32794800
Mar 26 2018,160.82,161.10,149.02,160.06,160.06,126116600
Mar 27 2013,25.00,26.28,24.72,26.09,26.09,52297400
Mar 27 2014,60.51,61.90,57.98,60.97,60.97,112650000
Mar 27 2015,83.38,83.95,82.88,83.30,83.30,18372600
Mar 27 2017,139.05,140.65,138.77,140.32,140.32,12800500
Mar 27 2018,156.31,162.85,150.75,152.22,152.22,79117000
Mar 28 2013,26.09,26.17,25.52,25.58,25.58,28585700
Mar 28 2014,61.34,61.95,59.34,60.01,60.01,67052000
Mar 28 2016,113.32,114.59,112.95,113.69,113.69,21351800
Mar 28 2017,140.36,141.95,140.01,141.76,141.76,14679400
Mar 28 2018,151.65,155.88,150.80,153.03,153.03,60029200
Mar 29 2016,113.83,116.32,113.64,116.14,116.14,29825300
Mar 29 2017,141.99,142.86,141.43,142.65,142.65,16527600
Mar 29 2018,155.15,161.42,154.14,159.79,159.79,59434300
Mar 30 2015,83.81,84.34,82.41,83.20,83.20,24527700
Mar 30 2016,116.73,116.99,114.36,114.70,114.70,33235200
Mar 30 2017,142.40,142.95,141.85,142.41,142.41,12404000
Mar 31 2014,60.78,61.52,59.87,60.24,60.24,53011000
Mar 31 2015,82.90,83.50,82.21,82.22,82.22,19734300
Mar 31 2016,114.70,115.01,113.77,114.10,114.10,21207500
Mar 31 2017,142.31,142.63,141.89,142.05,142.05,11478300
Apr 01 2013,25.63,25.89,25.28,25.53,25.53,22249300
Apr 01 2014,60.46,62.66,60.24,62.62,62.62,59291000
Apr 01 2015,82.50,82.72,80.87,81.67,81.67,22058200
Apr 01 2016,113.75,116.17,113.35,116.06,116.06,24760500
Apr 02 2013,25.77,26.12,25.30,25.42,25.42,35153300
Apr 02 2014,63.21,63.91,62.21,62.72,62.72,66277000
Apr 02 2015,82.25,82.56,81.44,81.56,81.56,19664100
Apr 02 2018,157.81,159.20,154.11,155.39,155.39,36796000
Apr 03 2013,25.83,26.39,25.70,26.25,26.25,48195200
Apr 03 2014,62.55,63.17,59.13,59.49,59.49,83859000
Apr 03 2017,141.93,142.47,140.82,142.28,142.28,13564000
Apr 03 2018,156.55,157.39,150.81,156.11,156.11,42543900
Apr 04 2013,26.62,27.23,26.11,27.07,27.07,82016800
Apr 04 2014,59.94,60.20,56.32,56.75,56.75,125214400
Apr 04 2016,114.07,114.55,111.61,112.55,112.55,48487900
Apr 04 2017,141.86,142.09,141.27,141.73,141.73,12948600
Apr 04 2018,152.03,155.56,150.51,155.10,155.10,49885600
Apr 05 2013,26.86,27.80,26.61,27.39,27.39,64566600
Apr 05 2016,112.11,113.32,111.90,112.22,112.22,22962400
Apr 05 2017,142.26,143.44,141.29,141.85,141.85,17158100
Apr 05 2018,161.56,161.57,156.65,159.34,159.34,41449600
Apr 06 2015,80.80,82.81,80.80,82.44,82.44,19062900
Apr 06 2016,112.47,113.81,112.42,113.71,113.71,20814600
Apr 06 2017,142.11,142.22,140.91,141.17,141.17,15103400
Apr 06 2018,157.73,161.42,156.81,157.20,157.20,41644800
Apr 07 2014,55.90,58.00,55.44,56.95,56.95,108488000
Apr 07 2015,82.65,83.42,82.22,82.32,82.32,17467000
Apr 07 2016,113.79,114.89,113.07,113.64,113.64,20714500
Apr 07 2017,141.20,141.55,140.24,140.78,140.78,11818300
Apr 08 2013,27.19,27.20,26.63,26.85,26.85,27256000
Apr 08 2014,57.68,58.71,57.17,58.19,58.19,78836000
Apr 08 2015,82.63,83.10,81.84,82.28,82.28,18966700
Apr 08 2016,114.25,114.33,109.90,110.63,110.63,48497800
Apr 09 2013,26.58,26.89,26.42,26.59,26.59,21311100
Apr 09 2014,59.63,62.46,59.19,62.41,62.41,100215000
Apr 09 2015,82.50,82.80,81.71,82.17,82.17,15927300
Apr 09 2018,157.82,160.53,156.04,157.93,157.93,34915200
Apr 10 2013,27.01,27.84,26.90,27.57,27.57,45949400
Apr 10 2014,63.08,63.18,58.68,59.16,59.16,114988000
Apr 10 2015,82.21,82.61,81.91,82.04,82.04,12529700
Apr 10 2017,141.00,141.43,140.63,141.04,141.04,9039400
Apr 10 2018,157.93,165.98,157.01,165.04,165.04,57889300
Apr 11 2013,27.48,28.10,27.25,28.02,28.02,33368500
Apr 11 2014,57.60,60.31,57.31,58.53,58.53,91452000
Apr 11 2016,110.70,110.91,108.77,108.99,108.99,39762300
Apr 11 2017,140.80,141.03,138.81,139.92,139.92,16638100
Apr 11 2018,165.36,168.65,163.25,166.32,166.32,56144600
Apr 12 2013,28.00,28.00,27.24,27.40,27.40,28697400
Apr 12 2016,109.34,111.16,108.99,110.61,110.61,26248100
Apr 12 2017,139.72,140.40,139.44,139.58,139.58,11612500
Apr 12 2018,166.98,167.45,163.10,163.87,163.87,38263000
Apr 13 2015,81.93,83.94,81.92,83.01,83.01,26883100
Apr 13 2016,112.23,112.65,106.52,110.51,110.51,88227400
Apr 13 2017,139.62,140.58,139.33,139.39,139.39,10965600
Apr 13 2018,164.58,165.70,163.77,164.52,164.52,19990600
Apr 14 2014,60.09,60.45,57.78,58.89,58.89,72325000
Apr 14 2015,83.17,83.69,82.44,83.52,83.52,19634200
Apr 14 2016,110.62,112.04,110.26,110.84,110.84,28473300
Apr 15 2013,27.16,27.48,26.36,26.52,26.52,30275400
Apr 15 2014,59.29,59.68,55.88,59.09,59.09,108623000
Apr 15 2015,83.55,83.66,82.27,82.71,82.71,22390900
Apr 15 2016,110.79,110.97,109.20,109.64,109.64,20922800
Apr 16 2013,26.81,27.11,26.40,26.92,26.92,27365900
Apr 16 2014,59.79,60.19,57.74,59.72,59.72,78774000
Apr 16 2015,82.47,83.07,82.15,82.31,82.31,13769700
Apr 16 2018,165.72,165.78,163.39,164.83,164.83,18119400
Apr 17 2013,26.65,27.20,26.39,26.63,26.63,26440600
Apr 17 2014,59.30,60.58,58.72,58.94,58.94,88040000
Apr 17 2015,81.48,82.11,80.37,80.78,80.78,24215000
Apr 17 2017,139.76,141.55,139.75,141.42,141.42,11519700
Apr 17 2018,165.83,169.00,165.66,168.66,168.66,21716700
Apr 18 2013,26.82,26.82,25.15,25.69,25.69,39059000
Apr 18 2016,109.74,110.81,109.20,110.45,110.45,21092700
Apr 18 2017,141.27,141.91,140.61,140.96,140.96,14807500
Apr 18 2018,166.88,168.12,165.77,166.36,166.36,20969600
Apr 19 2013,25.62,25.96,25.33,25.73,25.73,20380900
Apr 19 2016,111.10,112.45,109.16,112.29,112.29,30210500
Apr 19 2017,141.35,143.04,141.27,142.27,142.27,15563900
Apr 19 2018,166.20,168.33,165.20,168.10,168.10,22235000
Apr 20 2015,81.54,83.15,81.24,83.09,83.09,28796800
Apr 20 2016,112.43,113.27,111.56,112.42,112.42,21027900
Apr 20 2017,142.95,144.25,142.69,143.80,143.80,15968200
Apr 20 2018,167.79,168.43,165.81,166.28,166.28,19119400
Apr 21 2014,59.46,61.24,59.15,61.24,61.24,60364000
Apr 21 2015,84.00,84.49,83.54,83.62,83.62,27171900
Apr 21 2016,112.55,114.04,112.31,113.44,113.44,20875200
Apr 21 2017,143.90,144.17,142.27,143.68,143.68,12382000
Apr 22 2013,25.81,26.36,25.70,25.97,25.97,25687600
Apr 22 2014,62.65,63.44,62.22,63.03,63.03,60631000
Apr 22 2015,84.32,84.74,83.65,84.63,84.63,45548000
Apr 22 2016,111.21,111.75,109.01,110.56,110.56,38458200
Apr 23 2013,26.22,26.33,25.77,25.98,25.98,25191500
Apr 23 2014,63.45,63.48,61.26,61.36,61.36,95908700
Apr 23 2015,84.10,85.59,82.41,82.41,82.41,73728100
Apr 23 2018,167.27,168.45,165.09,165.84,165.84,23088100
Apr 24 2013,25.93,26.40,25.80,26.11,26.11,19729900
Apr 24 2014,63.60,63.65,59.77,60.87,60.87,138769000
Apr 24 2015,82.77,82.94,81.48,81.53,81.53,29660400
Apr 24 2017,144.96,145.67,144.34,145.47,145.47,14407200
Apr 24 2018,165.43,166.10,158.19,159.69,159.69,35079900
Apr 25 2013,26.07,26.40,26.00,26.14,26.14,17150000
Apr 25 2014,59.97,60.01,57.57,57.71,57.71,92502000
Apr 25 2016,109.87,110.67,109.07,110.10,110.10,21017900
Apr 25 2017,145.79,147.15,145.79,146.49,146.49,17767500
Apr 25 2018,160.14,161.06,156.19,159.69,159.69,41083600
Apr 26 2013,26.60,27.62,26.60,26.85,26.85,33018000
Apr 26 2016,110.49,110.50,108.15,108.76,108.76,22521500
Apr 26 2017,147.09,147.59,146.09,146.56,146.56,12395000
Apr 26 2018,173.22,176.27,170.80,174.16,174.16,77556900
Apr 27 2015,81.87,82.93,81.63,81.91,81.91,25446000
Apr 27 2016,107.94,108.94,106.31,108.89,108.89,52213100
Apr 27 2017,146.67,147.75,146.14,147.70,147.70,11275100
Apr 27 2018,176.81,177.10,172.60,173.59,173.59,29804700
Apr 28 2014,58.05,58.31,54.66,56.14,56.14,107758000
Apr 28 2015,81.83,81.90,80.23,80.68,80.68,23775300
Apr 28 2016,119.58,120.79,116.23,116.73,116.73,87110100
Apr 28 2017,149.50,151.53,149.07,150.25,150.25,30652200
Apr 29 2013,27.16,27.41,26.86,26.98,26.98,29201100
Apr 29 2014,56.09,58.28,55.84,58.15,58.15,75557000
Apr 29 2015,80.01,81.39,79.52,80.47,80.47,26430300
Apr 29 2016,116.82,117.84,115.84,117.58,117.58,37140600
Apr 30 2013,27.13,27.85,27.01,27.77,27.77,36245700
Apr 30 2014,57.58,59.85,57.16,59.78,59.78,76093000
Apr 30 2015,80.01,80.96,78.32,78.77,78.77,28999000
Apr 30 2018,173.79,175.72,171.71,172.00,172.00,20750500
May 01 2013,27.85,27.92,27.31,27.43,27.43,64567600
May 01 2014,60.43,62.28,60.21,61.15,61.15,82429000
May 01 2015,79.24,79.76,78.11,78.99,78.99,24136400
May 01 2017,151.74,152.57,151.42,152.46,152.46,25218300
May 01 2018,172.00,174.02,170.23,173.86,173.86,26025900
May 02 2013,28.01,29.02,27.98,28.97,28.97,104257000
May 02 2014,61.30,61.89,60.18,60.46,60.46,54189000
May 02 2016,117.83,118.73,116.57,118.57,118.57,28095200
May 02 2017,153.34,153.44,151.66,152.78,152.78,21870400
May 02 2018,174.25,178.08,174.20,176.07,176.07,30424500
May 03 2013,29.04,29.07,28.15,28.31,28.31,58506400
May 03 2016,117.52,118.16,117.02,117.43,117.43,24117500
May 03 2017,153.60,153.60,151.34,151.80,151.80,29782500
May 03 2018,175.13,176.12,172.12,174.02,174.02,24026100
May 04 2015,79.33,79.69,78.63,78.81,78.81,14692000
May 04 2016,116.61,118.30,116.57,118.06,118.06,23448400
May 04 2017,150.17,151.52,148.72,150.85,150.85,36225500
May 04 2018,173.08,176.98,173.06,176.61,176.61,17677800
May 05 2014,59.67,61.35,59.18,61.22,61.22,46057000
May 05 2015,78.55,78.80,77.22,77.56,77.56,22311300
May 05 2016,118.04,118.98,117.25,117.81,117.81,22056700
May 05 2017,151.45,151.63,149.79,150.24,150.24,17148500
May 06 2013,28.33,28.46,27.48,27.57,27.57,43939400
May 06 2014,60.98,61.15,58.49,58.53,58.53,55901000
May 06 2015,77.97,78.81,77.05,78.10,78.10,28663000
May 06 2016,117.16,119.64,117.11,119.49,119.49,26216200
May 07 2013,27.55,27.85,26.85,26.89,26.89,41259100
May 07 2014,58.77,59.30,56.26,57.39,57.39,78587000
May 07 2015,78.00,78.94,77.56,78.43,78.43,19749400
May 07 2018,177.35,179.50,177.17,177.97,177.97,18697200
May 08 2013,26.88,27.30,26.65,27.12,27.12,34654900
May 08 2014,57.23,58.82,56.50,56.76,56.76,61251000
May 08 2015,79.10,79.23,78.03,78.51,78.51,19943600
May 08 2017,150.71,151.08,149.74,151.06,151.06,15827500
May 08 2018,178.25,179.04,177.11,178.92,178.92,15577200
May 09 2013,27.08,27.55,26.85,27.04,27.04,33457200
May 09 2014,56.85,57.65,56.38,57.24,57.24,52584000
May 09 2016,119.54,120.28,118.90,119.24,119.24,21138100
May 09 2017,151.49,152.59,150.21,150.48,150.48,17453900
May 09 2018,179.67,183.01,178.78,182.66,182.66,23282800
May 10 2013,27.14,27.30,26.57,26.68,26.68,30847100
May 10 2016,119.62,120.50,119.00,120.50,120.50,23220000
May 10 2017,150.23,150.52,148.86,150.29,150.29,12080700
May 10 2018,183.15,186.13,182.50,185.53,185.53,21071400
May 11 2015,78.48,79.03,77.93,78.01,78.01,18874100
May 11 2016,120.41,121.08,119.42,119.52,119.52,22038400
May 11 2017,150.31,150.65,149.41,150.04,150.04,11841900
May 11 2018,184.85,188.32,184.18,186.99,186.99,21207800
May 12 2014,57.98,59.90,57.98,59.83,59.83,48575000
May 12 2015,77.87,77.89,76.79,77.46,77.46,21285300
May 12 2016,119.98,120.84,118.90,120.28,120.28,22035500
May 12 2017,150.40,150.46,149.63,150.33,150.33,9598200
May 13 2013,26.60,27.33,26.53,26.82,26.82,29068800
May 13 2014,59.66,60.89,59.51,59.83,59.83,48525000
May 13 2015,77.72,78.53,77.65,78.44,78.44,21512300
May 13 2016,120.38,120.64,119.68,119.81,119.81,18124300
May 14 2013,26.89,27.28,26.82,27.07,27.07,24930300
May 14 2014,59.53,60.45,58.95,59.23,59.23,47429000
May 14 2015,78.94,81.85,78.67,81.37,81.37,49438000
May 14 2018,187.71,187.86,186.20,186.64,186.64,15646700
May 15 2013,26.92,26.99,26.40,26.60,26.60,30299800
May 15 2014,59.26,59.38,57.52,57.92,57.92,56814000
May 15 2015,81.41,81.52,80.18,80.42,80.42,27069900
May 15 2017,150.17,151.48,149.77,150.19,150.19,15064700
May 15 2018,184.88,185.29,183.20,184.32,184.32,15429400
May 16 2013,26.48,26.55,25.90,26.13,26.13,35499100
May 16 2014,58.31,58.45,57.31,58.02,58.02,47933000
May 16 2016,119.38,119.61,117.35,118.67,118.67,31247800
May 16 2017,150.11,150.21,149.03,149.78,149.78,14550800
May 16 2018,183.70,184.32,182.66,183.20,183.20,16975500
May 17 2013,26.40,26.60,26.20,26.25,26.25,29462700
May 17 2016,118.82,119.01,117.20,117.35,117.35,21328600
May 17 2017,148.00,148.67,144.42,144.85,144.85,28300100
May 17 2018,182.68,184.06,182.22,183.76,183.76,14840700
May 18 2015,80.33,81.38,80.23,80.88,80.88,21613700
May 18 2016,116.80,118.27,116.73,117.65,117.65,21642300
May 18 2017,144.72,148.15,144.51,147.66,147.66,23031600
May 18 2018,183.49,184.19,182.61,182.68,182.68,13130500
May 19 2014,57.89,59.56,57.57,59.21,59.21,43034000
May 19 2015,81.25,81.69,80.55,80.63,80.63,17955400
May 19 2016,117.05,117.49,115.88,116.81,116.81,20544100
May 19 2017,148.45,149.39,147.96,148.06,148.06,16187900
May 20 2013,26.18,26.19,25.69,25.76,25.76,42402900
May 20 2014,59.50,60.19,58.18,58.56,58.56,53931000
May 20 2015,80.47,81.10,79.46,80.55,80.55,23056900
May 20 2016,116.96,117.99,116.95,117.35,117.35,18944800
May 21 2012,36.53,36.66,33.00,34.03,34.03,168192700
May 21 2013,25.87,26.08,25.59,25.66,25.66,26261300
May 21 2014,58.56,60.50,58.25,60.49,60.49,58992000
May 21 2015,80.19,80.92,80.08,80.48,80.48,13402700
May 21 2018,183.77,185.30,183.13,184.49,184.49,13532900
May 22 2012,32.61,33.59,30.94,31.00,31.00,101786600
May 22 2013,25.65,25.85,24.92,25.16,25.16,45314500
May 22 2014,60.94,61.48,60.40,60.52,60.52,54200000
May 22 2015,80.35,81.31,80.25,80.54,80.54,19567900
May 22 2017,148.08,148.59,147.69,148.24,148.24,12586700
May 22 2018,184.93,185.42,183.43,183.80,183.80,12731400
May 23 2012,31.37,32.50,31.36,32.00,32.00,73600000
May 23 2013,24.80,25.53,24.77,25.06,25.06,37663100
May 23 2014,60.41,61.45,60.15,61.35,61.35,38294000
May 23 2016,117.42,117.60,115.94,115.97,115.97,20441000
May 23 2017,148.52,148.81,147.25,148.07,148.07,12817800
May 23 2018,182.50,186.91,182.18,186.90,186.90,16628100
May 24 2012,32.95,33.21,31.77,33.03,33.03,50237200
May 24 2013,24.97,24.97,24.08,24.31,24.31,58727900
May 24 2016,116.24,117.73,116.12,117.70,117.70,20183600
May 24 2017,148.51,150.23,148.42,150.04,150.04,17862400
May 24 2018,185.88,186.80,185.03,185.93,185.93,12354700
May 25 2012,32.90,32.95,31.11,31.91,31.91,37149800
May 25 2016,118.13,118.67,117.38,117.89,117.89,20019800
May 25 2017,150.30,152.59,149.95,151.96,151.96,19891400
May 25 2018,186.02,186.33,184.45,184.92,184.92,10965100
May 26 2015,80.43,80.60,79.08,79.33,79.33,16321300
May 26 2016,118.24,119.76,117.92,119.47,119.47,18481300
May 26 2017,152.23,152.25,151.15,152.13,152.13,14996200
May 27 2014,61.62,63.51,61.57,63.48,63.48,55682000
May 27 2015,79.60,80.66,79.43,80.55,80.55,14160900
May 27 2016,119.56,119.85,119.01,119.38,119.38,13464400
May 28 2013,24.54,24.54,23.92,24.10,24.10,50079700
May 28 2014,63.39,64.14,62.62,63.51,63.51,47795000
May 28 2015,80.25,81.07,80.00,80.15,80.15,11982000
May 29 2012,31.48,31.69,28.65,28.84,28.84,78063400
May 29 2013,23.79,23.81,23.26,23.32,23.32,64237800
May 29 2014,63.84,64.30,63.51,63.83,63.83,42700000
May 29 2015,79.95,80.07,78.88,79.19,79.19,16134600
May 29 2018,184.34,186.81,183.71,185.74,185.74,16398900
May 30 2012,28.70,29.55,27.86,28.19,28.19,57267900
May 30 2013,24.13,24.78,23.93,24.55,24.55,60733200
May 30 2014,63.95,64.17,62.56,63.30,63.30,45253500
May 30 2017,151.97,152.90,151.64,152.38,152.38,13226000
May 30 2018,186.54,188.00,185.25,187.67,187.67,13736900
May 31 2012,28.55,29.67,26.83,29.60,29.60,111639200
May 31 2013,24.63,24.95,24.27,24.35,24.35,35925000
May 31 2016,119.46,120.10,118.12,118.81,118.81,23547600
May 31 2017,152.70,153.35,151.09,151.46,151.46,18023900
May 31 2018,187.87,192.72,187.48,191.78,191.78,30782600
Jun 01 2012,28.89,29.15,27.39,27.72,27.72,41855500
Jun 01 2015,79.30,80.38,78.66,80.29,80.29,18119000
Jun 01 2016,118.50,119.08,117.82,118.78,118.78,15029500
Jun 01 2017,151.75,152.29,150.30,151.53,151.53,14530600
Jun 01 2018,193.07,194.55,192.07,193.99,193.99,17307200
Jun 02 2014,63.23,63.59,62.05,63.08,63.08,35996000
Jun 02 2015,79.76,81.35,79.56,80.44,80.44,18923300
Jun 02 2016,118.69,119.44,118.22,118.93,118.93,13228300
Jun 02 2017,151.85,153.63,151.30,153.61,153.61,16854400
Jun 03 2013,24.27,24.32,23.71,23.85,23.85,35733800
Jun 03 2014,62.62,63.42,62.32,62.87,62.87,32217000
Jun 03 2015,81.35,82.53,81.25,82.44,82.44,31594700
Jun 03 2016,118.98,118.98,117.86,118.47,118.47,14135100
Jun 04 2012,27.20,27.65,26.44,26.90,26.90,35230300
Jun 04 2013,23.89,23.93,23.32,23.52,23.52,34760800
Jun 04 2014,62.45,63.59,62.07,63.34,63.34,36514000
Jun 04 2015,82.14,82.95,81.51,82.05,82.05,20863900
Jun 04 2018,191.84,193.98,191.47,193.28,193.28,18939800
Jun 05 2012,26.70,27.76,25.75,25.87,25.87,42473400
Jun 05 2013,23.35,23.71,22.79,22.90,22.90,53819700
Jun 05 2014,63.66,64.36,62.82,63.19,63.19,47352000
Jun 05 2015,81.87,82.46,81.51,82.14,82.14,16143100
Jun 05 2017,153.64,154.71,153.41,153.63,153.63,12520400
Jun 05 2018,194.30,195.00,192.62,192.94,192.94,15544300
Jun 06 2012,26.07,27.17,25.52,26.81,26.81,61489200
Jun 06 2013,22.99,23.09,22.67,22.97,22.97,31260700
Jun 06 2014,63.37,63.48,62.15,62.50,62.50,42442000
Jun 06 2016,118.62,119.43,118.36,118.79,118.79,12744700
Jun 06 2017,153.41,154.52,152.48,152.81,152.81,13457100
Jun 06 2018,191.03,192.53,189.11,191.34,191.34,22558900
Jun 07 2012,27.00,27.35,26.15,26.31,26.31,26159500
Jun 07 2013,23.03,23.40,22.86,23.29,23.29,38699200
Jun 07 2016,119.24,119.30,117.67,117.76,117.76,17103000
Jun 07 2017,153.27,153.75,152.34,153.12,153.12,12066700
Jun 07 2018,190.75,190.97,186.77,188.18,188.18,21503200
Jun 08 2012,26.55,27.76,26.44,27.10,27.10,38034000
Jun 08 2015,81.82,82.00,80.13,80.67,80.67,16915500
Jun 08 2016,117.76,118.60,117.27,118.39,118.39,14505600
Jun 08 2017,154.08,154.73,153.10,154.71,154.71,17799400
Jun 08 2018,187.53,189.48,186.43,189.10,189.10,12677100
Jun 09 2014,62.40,63.34,61.79,62.88,62.88,37617000
Jun 09 2015,80.60,81.19,79.32,80.67,80.67,16497500
Jun 09 2016,118.13,118.68,117.71,118.56,118.56,13859200
Jun 09 2017,154.77,155.59,146.61,149.60,149.60,35577700
Jun 10 2013,24.06,24.60,23.99,24.33,24.33,58393000
Jun 10 2014,63.53,65.82,63.50,65.77,65.77,69338000
Jun 10 2015,80.83,82.60,80.81,82.16,82.16,21531200
Jun 10 2016,117.54,118.11,116.26,116.62,116.62,18510800
Jun 11 2012,27.18,28.07,26.84,27.01,27.01,28219600
Jun 11 2013,24.03,24.35,24.00,24.03,24.03,29885900
Jun 11 2014,65.32,65.80,64.90,65.78,65.78,44242000
Jun 11 2015,82.31,82.90,81.36,81.83,81.83,18656800
Jun 11 2018,188.81,192.60,188.80,191.54,191.54,12928900
Jun 12 2012,27.48,27.77,26.96,27.40,27.40,15816800
Jun 12 2013,24.16,24.26,23.58,23.77,23.77,26445800
Jun 12 2014,65.85,66.47,64.06,64.29,64.29,55730000
Jun 12 2015,81.37,82.09,81.20,81.53,81.53,11417900
Jun 12 2017,148.17,149.20,144.56,148.44,148.44,33170200
Jun 12 2018,192.17,193.28,191.56,192.40,192.40,11562700
Jun 13 2012,27.66,28.10,27.10,27.27,27.27,17102800
Jun 13 2013,23.72,23.83,23.27,23.73,23.73,31189300
Jun 13 2014,64.70,64.97,63.83,64.50,64.50,29419000
Jun 13 2016,115.00,115.48,113.31,113.95,113.95,31718200
Jun 13 2017,150.15,151.18,148.90,150.68,150.68,20483400
Jun 13 2018,192.74,194.50,191.91,192.41,192.41,15853800
Jun 14 2012,27.65,28.32,27.38,28.29,28.29,16855000
Jun 14 2013,23.56,23.89,23.26,23.63,23.63,30677100
Jun 14 2016,114.07,114.95,113.58,114.94,114.94,17618500
Jun 14 2017,151.26,152.40,149.05,150.25,150.25,20808800
Jun 14 2018,193.10,197.28,192.91,196.81,196.81,19120900
Jun 15 2012,28.51,30.10,28.35,30.01,30.01,43563800
Jun 15 2015,80.55,80.93,80.07,80.71,80.71,18805100
Jun 15 2016,115.30,115.44,114.07,114.60,114.60,19819400
Jun 15 2017,147.67,150.04,146.37,149.80,149.80,18994200
Jun 15 2018,195.79,197.07,194.64,195.85,195.85,21860900
Jun 16 2014,64.16,64.88,63.75,64.19,64.19,31046000
Jun 16 2015,80.82,81.51,80.45,81.06,81.06,13693700
Jun 16 2016,113.87,114.50,112.94,114.39,114.39,19236300
Jun 16 2017,149.59,150.83,148.60,150.64,150.64,22882400
Jun 17 2013,23.91,24.25,23.75,24.02,24.02,33664500
Jun 17 2014,64.10,64.88,63.93,64.40,64.40,27715000
Jun 17 2015,81.76,82.22,81.34,81.79,81.79,18350300
Jun 17 2016,114.42,114.43,112.56,113.02,113.02,24644300
Jun 18 2012,29.96,32.08,29.41,31.41,31.41,42978900
Jun 18 2013,24.09,24.69,24.08,24.21,24.21,36709100
Jun 18 2014,64.49,65.75,64.05,65.60,65.60,35570000
Jun 18 2015,81.64,83.19,81.57,82.91,82.91,26782600
Jun 18 2018,194.80,199.58,194.13,198.31,198.31,16826000
Jun 19 2012,31.54,32.18,30.70,31.91,31.91,30849000
Jun 19 2013,24.20,25.19,24.10,24.31,24.31,31790600
Jun 19 2014,65.46,65.58,64.21,64.34,64.34,34245000
Jun 19 2015,82.83,82.98,82.12,82.51,82.51,23353200
Jun 19 2017,151.71,153.57,151.71,152.87,152.87,19026500
Jun 19 2018,196.24,197.96,193.79,197.49,197.49,19994000
Jun 20 2012,31.92,31.93,31.15,31.60,31.60,15553600
Jun 20 2013,24.28,24.75,23.65,23.90,23.90,42765600
Jun 20 2014,64.46,64.81,63.35,64.50,64.50,46466000
Jun 20 2016,113.77,114.72,112.75,113.37,113.37,20785400
Jun 20 2017,152.88,153.84,152.21,152.25,152.25,14743900
Jun 20 2018,199.10,203.55,198.81,202.00,202.00,28230900
Jun 21 2012,31.67,32.50,31.51,31.84,31.84,21875300
Jun 21 2013,24.59,24.70,24.05,24.53,24.53,45833900
Jun 21 2016,114.12,115.21,113.97,114.38,114.38,19166300
Jun 21 2017,152.36,154.08,151.88,153.91,153.91,15039800
Jun 21 2018,202.76,203.39,200.09,201.50,201.50,19045700
Jun 22 2012,32.41,33.45,32.06,33.05,33.05,74834000
Jun 22 2015,83.41,84.97,83.31,84.74,84.74,29383100
Jun 22 2016,114.65,114.74,113.61,113.91,113.91,14846300
Jun 22 2017,153.01,154.55,152.91,153.40,153.40,13005500
Jun 22 2018,201.16,202.24,199.31,201.74,201.74,17420200
Jun 23 2014,64.32,65.66,64.22,65.37,65.37,34560000
Jun 23 2015,84.96,87.97,84.76,87.88,87.88,50667900
Jun 23 2016,114.37,115.09,113.54,115.08,115.08,16176900
Jun 23 2017,152.72,155.20,152.65,155.07,155.07,18027000
Jun 24 2013,23.95,24.11,23.38,23.94,23.94,40626000
Jun 24 2014,65.36,67.17,65.27,65.72,65.72,57335000
Jun 24 2015,87.66,89.25,87.45,88.86,88.86,41370200
Jun 24 2016,111.01,113.68,111.00,112.08,112.08,40643100
Jun 25 2012,32.86,33.02,31.55,32.06,32.06,24352900
Jun 25 2013,24.14,24.43,24.04,24.25,24.25,24713200
Jun 25 2014,65.58,67.48,65.57,67.44,67.44,44308000
Jun 25 2015,89.26,89.40,87.84,87.98,87.98,27302000
Jun 25 2018,200.00,200.00,193.11,196.35,196.35,25275100
Jun 26 2012,32.69,33.44,32.50,33.10,33.10,24858700
Jun 26 2013,24.51,24.65,23.99,24.16,24.16,29890300
Jun 26 2014,68.00,68.00,66.90,67.13,67.13,47714000
Jun 26 2015,88.12,88.34,86.83,88.01,88.01,38214600
Jun 26 2017,156.25,156.50,153.20,153.59,153.59,18049700
Jun 26 2018,197.60,199.10,196.23,199.00,199.00,17897600
Jun 27 2012,32.46,32.90,31.90,32.23,32.23,28568000
Jun 27 2013,24.24,24.84,24.21,24.66,24.66,34694100
Jun 27 2014,67.31,67.70,66.84,67.60,67.60,46461000
Jun 27 2016,111.57,111.57,108.23,108.97,108.97,36130400
Jun 27 2017,152.84,153.31,150.39,150.58,150.58,19360800
Jun 27 2018,199.18,200.75,195.80,195.84,195.84,18734400
Jun 28 2012,31.96,32.19,30.90,31.36,31.36,17713300
Jun 28 2013,24.68,24.98,24.42,24.88,24.88,96778900
Jun 28 2016,110.63,112.75,110.55,112.70,112.70,26813800
Jun 28 2017,150.92,153.47,149.86,153.24,153.24,16719100
Jun 28 2018,195.18,197.34,193.26,196.23,196.23,18172400
Jun 29 2012,31.92,31.99,30.76,31.10,31.10,19526900
Jun 29 2015,86.61,87.50,85.73,85.80,85.80,35957900
Jun 29 2016,113.37,114.25,113.04,114.16,114.16,20968300
Jun 29 2017,152.28,152.50,148.92,151.04,151.04,23973500
Jun 29 2018,197.32,197.60,193.96,194.32,194.32,15811600
Jun 30 2014,67.46,67.92,67.13,67.29,67.29,27102800
Jun 30 2015,86.60,86.70,85.57,85.77,85.77,23016500
Jun 30 2016,114.67,115.18,113.67,114.28,114.28,23192700
Jun 30 2017,151.90,151.92,150.06,150.98,150.98,17666000
Jul 01 2013,24.97,25.06,24.62,24.81,24.81,20582200
Jul 01 2014,67.58,68.44,67.39,68.06,68.06,33243000
Jul 01 2015,86.77,87.95,86.49,86.91,86.91,25260000
Jul 01 2016,114.20,115.13,113.81,114.19,114.19,14980000
Jul 02 2012,31.25,31.73,30.55,30.77,30.77,14122000
Jul 02 2013,24.70,24.77,24.30,24.41,24.41,18394100
Jul 02 2014,68.04,68.30,65.79,66.45,66.45,41895000
Jul 02 2015,87.40,87.44,86.34,87.29,87.29,16908800
Jul 02 2018,193.37,197.45,192.22,197.36,197.36,13961600
Jul 03 2012,30.91,31.44,30.80,31.20,31.20,8763600
Jul 03 2013,24.22,24.71,24.15,24.52,24.52,10404400
Jul 03 2014,66.86,67.00,65.76,66.29,66.29,25203200
Jul 03 2017,151.72,152.15,147.80,148.43,148.43,13862700
Jul 03 2018,194.55,195.40,192.52,192.73,192.73,13489500
Jul 05 2012,31.32,31.63,31.02,31.47,31.47,10032100
Jul 05 2013,24.65,24.66,24.20,24.37,24.37,20229500
Jul 05 2016,113.94,114.20,112.97,114.20,114.20,14207000
Jul 05 2017,149.00,150.85,148.13,150.34,150.34,14334300
Jul 05 2018,194.74,198.65,194.03,198.45,198.45,19684200
Jul 06 2012,31.44,31.90,31.26,31.73,31.73,10945600
Jul 06 2015,86.49,88.19,86.39,87.55,87.55,24635900
Jul 06 2016,113.36,116.79,112.97,116.70,116.70,24337600
Jul 06 2017,149.03,150.04,148.00,148.82,148.82,14951800
Jul 06 2018,198.45,203.64,197.70,203.23,203.23,19740100
Jul 07 2014,66.30,66.57,65.12,65.29,65.29,28745000
Jul 07 2015,87.80,87.85,85.23,87.22,87.22,33059900
Jul 07 2016,116.63,116.97,115.36,115.85,115.85,16630200
Jul 07 2017,149.25,151.99,149.19,151.44,151.44,13615900
Jul 08 2013,24.47,25.04,24.42,24.71,24.71,27064600
Jul 08 2014,65.06,65.56,62.21,62.76,62.76,68926000
Jul 08 2015,86.29,86.75,85.45,85.65,85.65,24399300
Jul 08 2016,116.43,117.50,115.85,117.24,117.24,18142600
Jul 09 2012,32.10,32.88,31.99,32.17,32.17,17785200
Jul 09 2013,25.07,25.49,25.03,25.48,25.48,30387900
Jul 09 2014,63.41,65.12,63.15,64.97,64.97,51432000
Jul 09 2015,86.73,87.60,85.65,85.88,85.88,23144200
Jul 09 2018,204.93,205.80,202.12,204.74,204.74,18149400
Jul 10 2012,32.43,32.48,31.16,31.47,31.47,14269500
Jul 10 2013,25.58,25.83,25.47,25.80,25.80,26721800
Jul 10 2014,63.31,65.34,63.05,64.87,64.87,44422000
Jul 10 2015,87.35,88.22,86.77,87.95,87.95,23245900
Jul 10 2017,151.69,153.98,151.51,153.50,153.50,13378700
Jul 10 2018,204.50,204.91,202.26,203.54,203.54,13190100
Jul 11 2012,31.48,31.56,30.55,30.97,30.97,13030300
Jul 11 2013,25.96,26.00,25.45,25.81,25.81,26777400
Jul 11 2014,65.28,66.59,64.79,66.34,66.34,39212000
Jul 11 2016,117.71,118.70,117.50,117.87,117.87,17711600
Jul 11 2017,153.37,155.42,152.91,155.27,155.27,13667700
Jul 11 2018,202.22,204.50,201.75,202.54,202.54,12927400
Jul 12 2012,30.70,31.40,30.60,30.81,30.81,11300700
Jul 12 2013,25.74,25.93,25.55,25.91,25.91,16537900
Jul 12 2016,118.63,118.72,117.57,117.93,117.93,15217700
Jul 12 2017,156.49,159.16,156.20,158.90,158.90,22739400
Jul 12 2018,203.43,207.08,203.19,206.92,206.92,15454700
Jul 13 2012,31.04,31.07,30.56,30.72,30.72,8108300
Jul 13 2015,88.66,90.22,88.42,90.10,90.10,29976700
Jul 13 2016,118.39,118.40,116.68,116.78,116.78,16207700
Jul 13 2017,158.74,159.78,158.42,159.26,159.26,13929200
Jul 13 2018,207.81,208.43,206.45,207.32,207.32,11486800
Jul 14 2014,67.13,68.17,66.90,67.90,67.90,38537000
Jul 14 2015,90.46,90.80,89.65,89.68,89.68,26627800
Jul 14 2016,117.50,117.64,116.70,117.29,117.29,14579700
Jul 14 2017,160.13,160.32,159.33,159.97,159.97,16371200
Jul 15 2013,25.93,26.43,25.65,26.28,26.28,24234000
Jul 15 2014,67.96,68.09,66.26,67.17,67.17,44213200
Jul 15 2015,90.00,90.99,89.42,89.76,89.76,30886600
Jul 15 2016,117.74,118.28,116.58,116.86,116.86,16646000
Jul 16 2012,30.50,30.50,28.21,28.25,28.25,24672100
Jul 16 2013,26.39,26.75,26.01,26.32,26.32,30817600
Jul 16 2014,67.54,67.94,67.07,67.66,67.66,29541600
Jul 16 2015,90.28,90.86,89.77,90.85,90.85,21804100
Jul 16 2018,207.50,208.72,206.84,207.23,207.23,11078200
Jul 17 2012,28.48,28.59,27.15,28.09,28.09,30438600
Jul 17 2013,26.37,26.78,26.30,26.65,26.65,21518500
Jul 17 2014,67.03,67.85,66.04,66.41,66.41,38188000
Jul 17 2015,92.55,95.39,92.54,94.97,94.97,54001600
Jul 17 2017,160.25,160.78,158.81,159.73,159.73,12858800
Jul 17 2018,204.90,210.46,204.84,209.99,209.99,15349900
Jul 18 2012,28.31,29.29,28.15,29.11,29.11,16841800
Jul 18 2013,26.75,26.77,26.12,26.18,26.18,24806900
Jul 18 2014,66.80,68.46,66.16,68.42,68.42,42456000
Jul 18 2016,117.32,119.61,116.89,119.37,119.37,20868400
Jul 18 2017,159.66,163.73,159.42,162.86,162.86,23722900
Jul 18 2018,209.82,210.99,208.44,209.36,209.36,15334900
Jul 19 2012,29.41,29.50,28.63,29.00,29.00,13685100
Jul 19 2013,25.82,26.11,25.60,25.88,25.88,46539700
Jul 19 2016,118.99,120.85,118.66,120.61,120.61,21541300
Jul 19 2017,163.59,165.70,163.17,164.14,164.14,26273600
Jul 19 2018,208.77,209.99,207.76,208.09,208.09,11350400
Jul 20 2012,29.00,29.47,28.72,28.76,28.76,11869100
Jul 20 2015,95.85,98.60,95.36,97.91,97.91,54860500
Jul 20 2016,121.25,122.20,120.56,121.92,121.92,20046500
Jul 20 2017,164.80,165.00,162.81,164.53,164.53,18523100
Jul 20 2018,208.85,211.50,208.50,209.94,209.94,16163900
Jul 21 2014,68.81,69.96,68.50,69.40,69.40,49539000
Jul 21 2015,98.95,99.24,97.14,98.39,98.39,39453300
Jul 21 2016,121.92,122.10,120.25,120.61,120.61,17801700
Jul 21 2017,164.16,165.05,163.75,164.43,164.43,14744000
Jul 22 2013,25.99,26.13,25.72,26.05,26.05,27526300
Jul 22 2014,69.76,69.77,68.61,69.27,69.27,40398000
Jul 22 2015,96.74,97.58,95.92,97.04,97.04,28299500
Jul 22 2016,119.90,121.01,119.31,121.00,121.00,18422400
Jul 23 2012,28.12,29.00,28.01,28.75,28.75,12390700
Jul 23 2013,26.10,26.30,25.97,26.13,26.13,28221600
Jul 23 2014,69.74,71.33,69.61,71.29,71.29,78435000
Jul 23 2015,96.96,97.45,94.81,95.44,95.44,29418800
Jul 23 2018,210.58,211.62,208.80,210.91,210.91,16732000
Jul 24 2012,28.82,29.45,28.10,28.45,28.45,11539800
Jul 24 2013,26.32,26.53,26.05,26.51,26.51,82635600
Jul 24 2014,75.96,76.74,74.51,74.98,74.98,124168000
Jul 24 2015,97.35,97.76,95.88,96.95,96.95,33444900
Jul 24 2017,164.64,166.17,164.31,166.00,166.00,17367000
Jul 24 2018,215.11,216.20,212.60,214.67,214.67,28468700
Jul 25 2012,28.39,29.49,28.08,29.34,29.34,17230200
Jul 25 2013,33.54,34.88,32.75,34.36,34.36,365457900
Jul 25 2014,74.99,75.67,74.66,75.19,75.19,45917000
Jul 25 2016,121.39,121.85,117.78,121.63,121.63,18487400
Jul 25 2017,165.01,165.54,163.86,165.28,165.28,15383200
Jul 25 2018,215.72,218.62,214.27,217.50,217.50,58954200
Jul 26 2012,27.75,28.23,26.73,26.85,26.85,64597400
Jul 26 2013,33.77,34.73,33.56,34.01,34.01,136028900
Jul 26 2016,122.00,122.07,120.75,121.22,121.22,17612000
Jul 26 2017,166.01,166.01,164.10,165.61,165.61,35236900
Jul 26 2018,174.89,180.13,173.75,176.26,176.26,169803700
Jul 27 2012,23.19,24.54,22.28,23.71,23.71,123102300
Jul 27 2015,96.58,96.61,93.83,94.17,94.17,38585400
Jul 27 2016,122.42,125.00,121.51,123.34,123.34,52654200
Jul 27 2017,174.70,175.49,167.50,170.44,170.44,68910700
Jul 27 2018,179.87,179.93,173.00,174.89,174.89,60073700
Jul 28 2014,75.17,75.50,73.85,74.92,74.92,41725000
Jul 28 2015,94.84,95.56,93.31,95.29,95.29,35236000
Jul 28 2016,127.52,128.33,123.63,125.00,125.00,78955800
Jul 28 2017,169.07,173.43,169.05,172.45,172.45,24557600
Jul 29 2013,34.07,35.63,34.01,35.43,35.43,124718800
Jul 29 2014,74.72,74.92,73.42,73.71,73.71,41324000
Jul 29 2015,96.32,97.28,94.74,96.99,96.99,64648300
Jul 29 2016,124.65,125.84,123.71,123.94,123.94,35058800
Jul 30 2012,24.00,24.04,23.03,23.15,23.15,29285900
Jul 30 2013,35.65,37.96,35.32,37.63,37.63,173582800
Jul 30 2014,74.21,75.19,74.13,74.68,74.68,36853000
Jul 30 2015,94.91,95.81,91.80,95.21,95.21,86211300
Jul 30 2018,175.30,175.30,166.56,171.06,171.06,65280800
Jul 31 2012,23.37,23.37,21.61,21.71,21.71,56179400
Jul 31 2013,37.96,38.31,36.33,36.80,36.80,154828700
Jul 31 2014,74.00,74.17,72.44,72.65,72.65,43992000
Jul 31 2015,94.95,96.33,93.95,94.01,94.01,46509000
Jul 31 2017,172.00,172.72,168.55,169.25,169.25,25478900
Jul 31 2018,170.67,174.24,170.00,172.58,172.58,40356500
Aug 01 2012,21.50,21.58,20.84,20.88,20.88,44604400
Aug 01 2013,37.30,38.29,36.92,37.49,37.49,106066500
Aug 01 2014,72.22,73.22,71.55,72.36,72.36,43535000
Aug 01 2016,123.85,124.58,122.86,124.31,124.31,25006900
Aug 01 2017,169.82,170.47,169.05,169.86,169.86,14385000
Aug 01 2018,173.93,175.08,170.90,171.65,171.65,34042100
Aug 02 2012,20.77,20.84,19.82,20.04,20.04,56374500
Aug 02 2013,37.66,38.49,37.50,38.05,38.05,73058500
Aug 02 2016,124.06,124.80,122.07,123.09,123.09,23968400
Aug 02 2017,170.30,170.55,166.91,169.30,169.30,17433800
Aug 02 2018,170.68,176.79,170.27,176.37,176.37,32400000
Aug 03 2012,20.36,22.16,19.90,21.09,21.09,80647000
Aug 03 2015,93.53,95.08,92.80,94.14,94.14,29343100
Aug 03 2016,123.09,123.92,122.31,122.51,122.51,18525300
Aug 03 2017,169.30,169.70,168.25,168.59,168.59,10793800
Aug 03 2018,177.69,178.85,176.15,177.78,177.78,24763400
Aug 04 2014,72.36,73.88,72.36,73.51,73.51,30777000
Aug 04 2015,93.79,94.73,93.33,94.06,94.06,20136000
Aug 04 2016,122.94,124.79,122.51,124.36,124.36,21066000
Aug 04 2017,168.97,170.06,168.69,169.62,169.62,10777700
Aug 05 2013,38.43,39.32,38.25,39.19,39.19,79994800
Aug 05 2014,73.20,73.59,72.18,72.69,72.69,34986000
Aug 05 2015,95.25,97.09,95.18,96.44,96.44,29813200
Aug 05 2016,124.98,125.84,124.62,125.15,125.15,20184000
Aug 06 2012,21.39,22.15,21.30,21.92,21.92,27778900
Aug 06 2013,39.11,39.25,37.94,38.55,38.55,63950800
Aug 06 2014,72.02,73.72,71.79,72.47,72.47,30986000
Aug 06 2015,97.18,98.74,94.42,95.12,95.12,42271300
Aug 06 2018,178.97,185.79,178.38,185.69,185.69,49716200
Aug 07 2012,22.20,22.45,20.50,20.72,20.72,36782900
Aug 07 2013,38.61,38.94,37.70,38.87,38.87,68854800
Aug 07 2014,73.00,74.00,72.70,73.17,73.17,38141000
Aug 07 2015,95.38,95.40,93.61,94.30,94.30,23199100
Aug 07 2017,169.95,172.06,169.66,171.98,171.98,12787800
Aug 07 2018,186.50,188.30,183.72,183.81,183.81,33398600
Aug 08 2012,20.71,21.15,20.22,20.72,20.72,29537400
Aug 08 2013,39.13,39.19,38.43,38.54,38.54,41301000
Aug 08 2014,73.40,73.43,72.56,73.06,73.06,27202000
Aug 08 2016,125.25,125.45,124.55,125.26,125.26,15233900
Aug 08 2017,171.88,173.05,170.62,171.23,171.23,14393500
Aug 08 2018,184.75,186.85,183.76,185.18,185.18,22205200
Aug 09 2012,20.75,21.17,20.61,21.01,21.01,15610700
Aug 09 2013,38.59,38.74,38.01,38.50,38.50,43532300
Aug 09 2016,125.34,126.09,124.53,125.06,125.06,19621000
Aug 09 2017,169.98,171.45,169.56,171.18,171.18,10815000
Aug 09 2018,185.85,186.57,182.48,183.09,183.09,19732100
Aug 10 2012,21.41,21.82,21.13,21.81,21.81,25794700
Aug 10 2015,95.68,95.90,93.63,94.15,94.15,21624200
Aug 10 2016,125.07,125.48,124.54,124.88,124.88,10670100
Aug 10 2017,170.06,170.59,166.85,167.40,167.40,20832700
Aug 10 2018,182.04,182.10,179.42,180.26,180.26,21500400
Aug 11 2014,73.46,73.91,73.06,73.44,73.44,24591000
Aug 11 2015,93.73,94.76,92.90,93.62,93.62,22491000
Aug 11 2016,125.20,125.38,124.75,124.90,124.90,11729500
Aug 11 2017,167.95,168.82,166.85,168.08,168.08,13791200
Aug 12 2013,38.20,38.50,38.10,38.22,38.22,31161000
Aug 12 2014,73.09,73.33,72.22,72.83,72.83,27419000
Aug 12 2015,92.70,94.44,91.19,94.19,94.19,27050500
Aug 12 2016,124.70,125.00,124.18,124.88,124.88,12159000
Aug 13 2012,22.15,22.45,21.40,21.60,21.60,24973100
Aug 13 2013,38.24,38.32,36.77,37.02,37.02,65379200
Aug 13 2014,73.12,74.25,73.05,73.77,73.77,29266000
Aug 13 2015,94.05,94.73,93.35,93.43,93.43,17451800
Aug 13 2018,180.10,182.61,178.90,180.05,180.05,17423300
Aug 14 2012,21.41,21.60,20.25,20.38,20.38,39308800
Aug 14 2013,36.83,37.55,36.62,36.65,36.65,48423900
Aug 14 2014,73.97,74.38,73.69,74.30,74.30,22207000
Aug 14 2015,93.54,94.72,93.21,94.42,94.42,15929700
Aug 14 2017,170.09,171.08,169.29,170.75,170.75,12954200
Aug 14 2018,180.71,181.99,178.62,181.11,181.11,19102000
Aug 15 2012,20.64,21.41,20.40,21.20,21.20,47861100
Aug 15 2013,36.36,37.07,36.02,36.56,36.56,56521100
Aug 15 2014,74.32,74.65,73.00,73.63,73.63,38846600
Aug 15 2016,124.91,124.92,123.70,123.90,123.90,19295100
Aug 15 2017,171.49,171.50,170.01,171.00,171.00,8729200
Aug 15 2018,179.34,180.87,174.78,179.53,179.53,33020200
Aug 16 2012,20.44,20.48,19.69,19.87,19.87,157565300
Aug 16 2013,36.97,37.49,36.90,37.08,37.08,45840800
Aug 16 2016,123.50,123.92,122.78,123.30,123.30,14222400
Aug 16 2017,171.25,171.38,169.24,170.00,170.00,15779900
Aug 16 2018,180.42,180.50,174.01,174.70,174.70,31351800
Aug 17 2012,20.01,20.08,19.00,19.05,19.05,129293400
Aug 17 2015,94.42,94.46,93.39,93.93,93.93,18313500
Aug 17 2016,123.66,124.38,122.85,124.37,124.37,13794200
Aug 17 2017,169.34,169.86,166.85,166.91,166.91,17216000
Aug 17 2018,174.50,176.22,172.04,173.80,173.80,24893200
Aug 18 2014,74.00,74.72,73.96,74.59,74.59,23974000
Aug 18 2015,94.08,95.85,94.04,95.17,95.17,22278800
Aug 18 2016,124.01,124.26,123.64,123.91,123.91,12400800
Aug 18 2017,166.84,168.67,166.21,167.41,167.41,15093600
Aug 19 2013,37.43,38.28,37.14,37.81,37.81,57609600
Aug 19 2014,74.81,75.58,74.51,75.29,75.29,26679000
Aug 19 2015,94.63,96.10,94.16,95.31,95.31,23156500
Aug 19 2016,123.60,124.16,123.28,123.56,123.56,11688300
Aug 20 2012,19.05,20.13,18.75,20.01,20.01,101186600
Aug 20 2013,38.35,38.58,37.69,38.41,38.41,57995200
Aug 20 2014,74.97,75.18,74.62,74.81,74.81,22917000
Aug 20 2015,93.54,94.77,90.46,90.56,90.56,44598200
Aug 20 2018,174.04,174.57,170.91,172.50,172.50,21518000
Aug 21 2012,19.58,19.98,19.09,19.16,19.16,70640600
Aug 21 2013,38.38,38.85,38.15,38.32,38.32,46116900
Aug 21 2014,74.92,75.19,74.41,74.57,74.57,20102000
Aug 21 2015,87.52,89.18,85.61,86.06,86.06,62778700
Aug 21 2017,167.16,168.00,165.82,167.78,167.78,11907500
Aug 21 2018,172.81,174.17,171.39,172.62,172.62,19578500
Aug 22 2012,19.36,19.53,18.96,19.44,19.44,49892200
Aug 22 2013,38.37,38.75,38.34,38.55,38.55,21931200
Aug 22 2014,74.34,74.73,73.57,74.57,74.57,20897000
Aug 22 2016,123.33,124.83,123.11,124.15,124.15,14386400
Aug 22 2017,168.28,169.87,167.15,169.64,169.64,11391000
Aug 22 2018,172.21,174.24,172.13,173.64,173.64,16894100
Aug 23 2012,19.50,19.73,19.36,19.44,19.44,32813700
Aug 23 2013,39.00,40.63,38.93,40.55,40.55,86442300
Aug 23 2016,124.51,125.09,124.25,124.37,124.37,13309500
Aug 23 2017,168.84,169.36,168.20,168.71,168.71,9856500
Aug 23 2018,173.09,175.55,172.83,172.90,172.90,18053600
Aug 24 2012,19.52,19.68,19.25,19.41,19.41,29622200
Aug 24 2015,77.03,82.09,72.00,82.09,82.09,83710700
Aug 24 2016,124.47,124.69,123.09,123.48,123.48,12243700
Aug 24 2017,168.88,169.29,166.41,167.74,167.74,14030400
Aug 24 2018,173.70,174.82,172.92,174.65,174.65,14631600
Aug 25 2014,74.94,75.28,74.79,75.02,75.02,19734000
Aug 25 2015,86.95,87.67,83.00,83.00,83.00,52021200
Aug 25 2016,123.12,124.37,123.10,123.89,123.89,10730800
Aug 25 2017,167.86,168.38,166.18,166.32,166.32,12614500
Aug 26 2013,40.90,41.94,40.62,41.34,41.34,94162400
Aug 26 2014,75.00,75.99,74.73,75.96,75.96,23993000
Aug 26 2015,85.95,87.46,83.26,87.19,87.19,45124300
Aug 26 2016,124.05,125.19,123.91,124.96,124.96,17504800
Aug 27 2012,19.49,19.53,19.10,19.15,19.15,20704000
Aug 27 2013,40.68,41.20,39.42,39.64,39.64,72695100
Aug 27 2014,75.27,75.49,74.46,74.63,74.63,36323000
Aug 27 2015,89.10,90.06,87.19,89.73,89.73,42431400
Aug 27 2018,175.99,178.67,175.79,177.46,177.46,17921900
Aug 28 2012,19.10,19.38,18.95,19.34,19.34,25417000
Aug 28 2013,39.96,40.85,39.88,40.55,40.55,57918200
Aug 28 2014,74.00,74.43,73.73,73.86,73.86,21947000
Aug 28 2015,89.88,91.48,89.79,91.01,91.01,33215900
Aug 28 2017,166.91,167.70,166.33,167.24,167.24,8553700
Aug 28 2018,178.10,178.24,175.83,176.26,176.26,15910700
Aug 29 2012,19.32,19.38,19.07,19.10,19.10,16124700
Aug 29 2013,40.89,41.78,40.80,41.28,41.28,58303400
Aug 29 2014,74.30,74.82,74.01,74.82,74.82,26241000
Aug 29 2016,124.35,126.73,124.35,126.54,126.54,15925900
Aug 29 2017,165.25,168.43,165.00,168.05,168.05,11121000
Aug 29 2018,176.30,176.79,174.75,175.90,175.90,18494100
Aug 30 2012,19.27,19.45,19.06,19.09,19.09,30647500
Aug 30 2013,42.02,42.26,41.06,41.29,41.29,67735100
Aug 30 2016,126.60,126.60,125.15,125.84,125.84,17804300
Aug 30 2017,168.17,170.18,167.63,169.92,169.92,11138300
Aug 30 2018,175.90,179.79,175.70,177.64,177.64,24216500
Aug 31 2012,18.68,18.70,18.03,18.06,18.06,58764200
Aug 31 2015,90.60,91.05,88.89,89.43,89.43,32850700
Aug 31 2016,125.60,126.22,125.10,126.12,126.12,14200600
Aug 31 2017,170.40,172.15,170.06,171.97,171.97,17226500
Aug 31 2018,177.15,177.62,174.98,175.73,175.73,18065200
Sep 01 2015,86.85,89.39,86.50,87.23,87.23,36097400
Sep 01 2016,126.38,126.63,125.60,126.17,126.17,13536100
Sep 01 2017,172.40,172.92,171.31,172.02,172.02,11677600
Sep 02 2014,75.01,76.70,74.82,76.68,76.68,34979000
Sep 02 2015,88.81,89.89,87.63,89.89,89.89,27190500
Sep 02 2016,126.85,126.86,126.00,126.51,126.51,12118800
Sep 03 2013,41.84,42.16,41.51,41.87,41.87,48774900
Sep 03 2014,77.14,77.48,75.60,75.83,75.83,32389000
Sep 03 2015,89.76,89.82,87.73,88.15,88.15,27048200
Sep 04 2012,18.08,18.27,17.55,17.73,17.73,46622400
Sep 04 2013,42.01,42.17,41.44,41.78,41.78,42581900
Sep 04 2014,75.89,76.93,75.53,75.95,75.95,26676000
Sep 04 2015,87.20,88.39,86.70,88.26,88.26,27328700
Sep 04 2018,173.50,173.89,168.80,171.16,171.16,29809000
Sep 05 2012,18.27,18.75,18.18,18.58,18.58,60781800
Sep 05 2013,41.79,42.77,41.77,42.66,42.66,50035400
Sep 05 2014,76.10,77.38,75.60,77.26,77.26,29476000
Sep 05 2017,171.27,172.39,169.55,170.72,170.72,13210900
Sep 05 2018,169.49,171.13,166.67,167.18,167.18,31226700
Sep 06 2012,18.74,19.26,18.72,18.96,18.96,46066500
Sep 06 2013,43.09,44.61,42.40,43.95,43.95,117535700
Sep 06 2016,126.67,129.94,126.47,129.73,129.73,26278400
Sep 06 2017,170.91,172.48,169.57,172.09,172.09,13906300
Sep 06 2018,166.98,166.98,160.00,162.53,162.53,41514800
Sep 07 2012,19.10,19.42,18.78,18.98,18.98,36371700
Sep 07 2016,130.04,131.98,129.95,131.05,131.05,27990800
Sep 07 2017,171.94,173.31,170.27,173.21,173.21,18049500
Sep 07 2018,160.31,164.63,160.16,163.04,163.04,24300600
Sep 08 2014,77.26,78.17,77.01,77.89,77.89,28183000
Sep 08 2015,89.69,90.24,88.83,89.53,89.53,27012500
Sep 08 2016,130.92,131.08,129.81,130.27,130.27,15676600
Sep 08 2017,173.09,173.49,170.80,170.95,170.95,10998500
Sep 09 2013,44.36,44.79,43.70,44.04,44.04,75794700
Sep 09 2014,77.59,78.17,76.20,76.67,76.67,28882000
Sep 09 2015,90.78,91.98,90.17,90.44,90.44,32551100
Sep 09 2016,129.71,129.95,127.10,127.10,127.10,27100700
Sep 10 2012,19.06,19.20,18.55,18.81,18.81,24797800
Sep 10 2013,44.24,44.26,43.23,43.60,43.60,54540300
Sep 10 2014,76.52,77.95,76.51,77.43,77.43,29909000
Sep 10 2015,90.07,92.06,89.63,91.98,91.98,26437400
Sep 10 2018,163.51,165.01,162.16,164.18,164.18,20197700
Sep 11 2012,18.92,19.58,18.85,19.43,19.43,50508200
Sep 11 2013,43.39,45.09,43.11,45.04,45.04,72328300
Sep 11 2014,77.13,78.36,77.05,77.92,77.92,32219000
Sep 11 2015,91.68,92.08,91.13,92.05,92.05,21185000
Sep 11 2017,172.40,173.89,172.20,173.51,173.51,12372000
Sep 11 2018,163.94,167.19,163.72,165.94,165.94,20457100
Sep 12 2012,20.76,21.16,20.28,20.93,20.93,121584000
Sep 12 2013,45.53,45.62,44.65,44.75,44.75,68072300
Sep 12 2014,78.02,78.30,77.10,77.48,77.48,26676800
Sep 12 2016,125.96,128.76,125.75,128.69,128.69,21252800
Sep 12 2017,173.76,174.00,171.75,172.96,172.96,11186300
Sep 12 2018,163.25,164.49,161.80,162.00,162.00,24078100
Sep 13 2012,20.96,21.48,20.61,20.71,20.71,65041600
Sep 13 2013,45.04,45.08,43.93,44.31,44.31,52765300
Sep 13 2016,128.03,128.35,126.66,127.21,127.21,18016200
Sep 13 2017,173.01,173.17,172.06,173.05,173.05,9119300
Sep 13 2018,162.00,163.32,160.86,161.36,161.36,25453800
Sep 14 2012,21.13,22.08,20.90,22.00,22.00,72819800
Sep 14 2015,92.31,92.62,91.60,92.31,92.31,20127900
Sep 14 2016,126.89,128.80,126.89,127.77,127.77,15691100
Sep 14 2017,172.26,172.28,170.50,170.96,170.96,15615700
Sep 14 2018,161.72,162.84,160.34,162.32,162.32,21770400
Sep 15 2014,77.15,77.25,73.43,74.58,74.58,49679000
Sep 15 2015,92.37,93.25,91.79,92.90,92.90,18859400
Sep 15 2016,127.98,129.10,127.67,128.35,128.35,15077200
Sep 15 2017,170.88,172.34,170.26,171.64,171.64,15660500
Sep 16 2013,44.85,44.94,42.43,42.51,42.51,70424200
Sep 16 2014,73.52,76.23,73.07,76.08,76.08,37742000
Sep 16 2015,92.90,93.60,92.63,93.45,93.45,16321200
Sep 16 2016,128.20,129.18,128.20,129.07,129.07,24119200
Sep 17 2012,22.67,22.75,21.50,21.52,21.52,50667600
Sep 17 2013,42.50,45.44,42.43,45.07,45.07,91934600
Sep 17 2014,75.96,77.25,75.57,76.43,76.43,28693000
Sep 17 2015,93.37,95.51,92.90,94.34,94.34,27841800
Sep 17 2018,161.92,162.06,159.77,160.58,160.58,21005300
Sep 18 2012,21.60,21.98,21.37,21.87,21.87,36760500
Sep 18 2013,44.84,45.47,44.40,45.23,45.23,79317000
Sep 18 2014,76.77,77.33,76.52,77.00,77.00,23031000
Sep 18 2015,93.20,95.19,93.05,94.40,94.40,62300000
Sep 18 2017,171.99,172.07,169.34,170.01,170.01,12954000
Sep 18 2018,159.39,161.76,158.87,160.30,160.30,22465200
Sep 19 2012,21.99,23.37,21.77,23.29,23.29,78782800
Sep 19 2013,45.51,46.05,45.23,45.98,45.98,63972400
Sep 19 2014,77.40,78.30,76.44,77.91,77.91,76671000
Sep 19 2016,129.91,129.94,128.26,128.65,128.65,14958800
Sep 19 2017,170.62,172.56,170.36,172.52,172.52,13168600
Sep 19 2018,160.08,163.44,159.48,163.06,163.06,19629000
Sep 20 2012,23.02,23.24,22.54,22.59,22.59,57248900
Sep 20 2013,46.32,47.60,45.74,47.49,47.49,115508400
Sep 20 2016,128.65,129.17,128.03,128.64,128.64,11083800
Sep 20 2017,172.50,173.05,170.70,172.17,172.17,12264100
Sep 20 2018,164.50,166.45,164.47,166.02,166.02,18824200
Sep 21 2012,22.97,23.24,22.60,22.86,22.86,51218100
Sep 21 2015,94.62,96.49,94.52,95.55,95.55,28790000
Sep 21 2016,129.13,130.01,128.39,129.94,129.94,14068300
Sep 21 2017,171.69,172.27,170.01,171.11,171.11,11161400
Sep 21 2018,166.64,167.25,162.81,162.93,162.93,45994800
Sep 22 2014,77.00,77.53,75.95,76.80,76.80,31961000
Sep 22 2015,93.77,94.68,91.92,92.96,92.96,36888900
Sep 22 2016,130.50,130.73,129.56,130.08,130.08,15538300
Sep 22 2017,170.21,171.73,169.22,170.54,170.54,12097100
Sep 23 2013,47.28,47.55,46.29,47.19,47.19,75177000
Sep 23 2014,76.33,78.63,76.04,78.29,78.29,36814000
Sep 23 2015,93.40,94.32,92.80,93.97,93.97,21701400
Sep 23 2016,127.56,128.60,127.30,127.96,127.96,28326300
Sep 24 2012,21.78,21.98,20.36,20.79,20.79,79106500
Sep 24 2013,48.51,49.66,48.16,48.45,48.45,136716100
Sep 24 2014,78.10,78.62,77.51,78.54,78.54,30680000
Sep 24 2015,93.06,94.77,92.24,94.41,94.41,29106000
Sep 24 2018,161.03,165.70,160.88,165.41,165.41,19222800
Sep 25 2012,21.20,21.21,20.22,20.28,20.28,46291700
Sep 25 2013,49.23,49.54,48.46,49.46,49.46,87879700
Sep 25 2014,78.60,78.94,77.13,77.22,77.22,37533000
Sep 25 2015,95.79,95.85,92.06,92.77,92.77,28961600
Sep 25 2017,169.24,169.30,161.56,162.87,162.87,41251600
Sep 25 2018,161.99,165.59,161.15,164.91,164.91,27622800
Sep 26 2012,20.15,20.78,19.80,20.62,20.62,38271900
Sep 26 2013,50.01,50.60,49.50,50.39,50.39,98220100
Sep 26 2014,77.59,78.84,77.33,78.79,78.79,28872000
Sep 26 2016,127.37,128.16,126.80,127.31,127.31,15064900
Sep 26 2017,164.50,165.50,162.78,164.21,164.21,23363300
Sep 26 2018,164.30,169.30,164.21,166.95,166.95,25252200
Sep 27 2012,20.99,21.00,20.16,20.32,20.32,30215900
Sep 27 2013,50.29,51.28,49.86,51.24,51.24,81410500
Sep 27 2016,127.61,129.01,127.43,128.69,128.69,15637100
Sep 27 2017,165.90,168.34,165.57,167.68,167.68,19242500
Sep 27 2018,167.55,171.77,167.21,168.84,168.84,27266900
Sep 28 2012,20.57,21.95,20.50,21.66,21.66,65486000
Sep 28 2015,92.08,92.29,88.18,89.21,89.21,41199900
Sep 28 2016,129.21,129.47,128.40,129.23,129.23,12047600
Sep 28 2017,167.94,169.07,167.16,168.73,168.73,12178700
Sep 28 2018,168.33,168.79,162.56,164.46,164.46,34265600
Sep 29 2014,78.12,79.20,77.91,79.00,79.00,34031000
Sep 29 2015,89.10,90.06,85.72,86.67,86.67,42281800
Sep 29 2016,129.18,129.29,127.55,128.09,128.09,14532200
Sep 29 2017,168.83,171.66,168.81,170.87,170.87,15340400
Sep 30 2013,50.14,51.60,49.80,50.23,50.23,100095000
Sep 30 2014,79.35,79.71,78.60,79.04,79.04,35899000
Sep 30 2015,88.44,90.02,88.01,89.90,89.90,36169100
Sep 30 2016,128.03,128.59,127.45,128.27,128.27,18402900
Oct 01 2012,22.08,22.59,21.73,21.99,21.99,51262700
Oct 01 2013,49.97,51.03,49.45,50.42,50.42,98114000
Oct 01 2014,78.78,78.82,75.90,76.55,76.55,55090000
Oct 01 2015,90.05,90.95,88.36,90.95,90.95,29283700
Oct 01 2018,163.03,165.88,161.26,162.44,162.44,26407700
Oct 02 2012,22.08,22.49,21.82,22.27,22.27,29341400
Oct 02 2013,50.13,51.10,49.95,50.28,50.28,62834000
Oct 02 2014,76.57,77.48,75.64,77.08,77.08,36488000
Oct 02 2015,88.90,92.20,88.37,92.07,92.07,37881700
Oct 02 2017,171.39,171.87,168.75,169.47,169.47,13392300
Oct 02 2018,161.58,162.28,158.67,159.33,159.33,36031000
Oct 03 2012,22.30,22.49,21.80,21.83,21.83,32000100
Oct 03 2013,50.47,50.72,49.06,49.18,49.18,82045000
Oct 03 2014,77.76,78.06,77.26,77.44,77.44,23340000
Oct 03 2016,128.38,129.09,127.80,128.77,128.77,13156900
Oct 03 2017,169.30,170.73,169.20,169.96,169.96,8190300
Oct 03 2018,160.00,163.66,159.53,162.43,162.43,23109500
Oct 04 2012,22.32,22.40,21.41,21.95,21.95,46892100
Oct 04 2013,49.77,51.16,49.57,51.04,51.04,74447000
Oct 04 2016,129.17,129.28,127.55,128.19,128.19,14307500
Oct 04 2017,169.83,170.67,168.29,168.42,168.42,12127900
Oct 04 2018,161.46,161.46,157.35,158.85,158.85,25739600
Oct 05 2012,21.49,21.63,20.88,20.91,20.91,40529300
Oct 05 2015,92.94,94.27,92.66,94.01,94.01,27292500
Oct 05 2016,128.25,128.80,127.83,128.47,128.47,12386800
Oct 05 2017,169.18,171.31,168.60,171.24,171.24,14580600
Oct 05 2018,159.21,160.90,156.20,157.33,157.33,25744000
Oct 06 2014,77.19,77.89,76.85,77.56,77.56,25729000
Oct 06 2015,94.08,94.17,92.34,92.80,92.80,22172800
Oct 06 2016,128.43,129.06,128.08,128.74,128.74,11682700
Oct 06 2017,170.25,172.37,169.75,172.23,172.23,13124500
Oct 07 2013,50.73,51.29,50.40,50.52,50.52,57204000
Oct 07 2014,77.05,77.95,76.24,76.29,76.29,25317000
Oct 07 2015,93.11,93.66,91.37,92.40,92.40,24129300
Oct 07 2016,129.04,129.25,128.33,128.99,128.99,12804400
Oct 08 2012,20.40,20.75,20.16,20.40,20.40,32236700
Oct 08 2013,50.60,50.60,47.08,47.14,47.14,136081000
Oct 08 2014,76.18,77.71,75.10,77.52,77.52,32976000
Oct 08 2015,91.89,93.22,90.47,92.47,92.47,27290500
Oct 08 2018,155.54,158.34,154.39,157.25,157.25,24046000
Oct 09 2012,20.39,20.55,19.97,20.23,20.23,27161800
Oct 09 2013,47.38,47.84,45.26,46.77,46.77,147297000
Oct 09 2014,77.28,77.76,75.85,75.91,75.91,32487000
Oct 09 2015,92.90,93.74,92.24,93.24,93.24,20012900
Oct 09 2017,172.70,174.88,172.00,172.50,172.50,14570400
Oct 09 2018,157.69,160.59,157.42,157.90,157.90,18844400
Oct 10 2012,19.93,19.94,19.45,19.64,19.64,39321800
Oct 10 2013,47.87,49.68,47.83,49.05,49.05,99774000
Oct 10 2014,75.59,76.50,72.76,72.91,72.91,52146000
Oct 10 2016,129.68,130.70,129.20,130.24,130.24,15138700
Oct 10 2017,173.00,173.20,170.80,171.59,171.59,11341100
Oct 10 2018,156.82,157.69,151.31,151.38,151.38,30610000
Oct 11 2012,19.88,19.96,19.61,19.75,19.75,21817300
Oct 11 2013,49.18,49.87,48.79,49.11,49.11,58428000
Oct 11 2016,130.23,130.64,128.23,128.88,128.88,17537900
Oct 11 2017,171.95,172.78,171.40,172.74,172.74,11283700
Oct 11 2018,150.13,154.81,149.16,153.35,153.35,35338900
Oct 12 2012,19.75,19.80,19.48,19.52,19.52,18809400
Oct 12 2015,93.32,94.60,92.67,94.26,94.26,18449600
Oct 12 2016,129.01,129.66,128.46,129.05,129.05,11073000
Oct 12 2017,172.61,173.85,172.29,172.55,172.55,10351000
Oct 12 2018,156.73,156.89,151.30,153.74,153.74,25293500
Oct 13 2014,73.23,74.78,72.52,72.99,72.99,43938000
Oct 13 2015,93.66,95.37,93.55,94.12,94.12,19480300
Oct 13 2016,128.21,128.25,126.75,127.82,127.82,17139300
Oct 13 2017,173.45,174.65,173.20,173.74,173.74,13658300
Oct 14 2013,48.31,49.63,47.91,49.51,49.51,68781000
Oct 14 2014,74.00,74.18,72.05,73.59,73.59,50299000
Oct 14 2015,94.08,95.20,93.61,94.07,94.07,19253400
Oct 14 2016,128.49,128.95,127.58,127.88,127.88,13345300
Oct 15 2012,19.68,19.88,19.49,19.52,19.52,20189700
Oct 15 2013,49.99,51.00,49.18,49.50,49.50,81167000
Oct 15 2014,71.69,73.80,70.32,73.21,73.21,61528000
Oct 15 2015,94.99,96.30,94.90,95.96,95.96,27557500
Oct 15 2018,153.32,155.57,152.55,153.52,153.52,15433500
Oct 16 2012,19.68,19.69,19.30,19.48,19.48,21834700
Oct 16 2013,50.04,51.24,49.90,51.14,51.14,64678000
Oct 16 2014,70.79,73.35,70.58,72.63,72.63,53529000
Oct 16 2015,96.18,97.59,95.35,97.54,97.54,25412900
Oct 16 2017,174.49,175.00,174.06,174.52,174.52,11498800
Oct 16 2018,155.40,159.46,155.01,158.78,158.78,19180100
Oct 17 2012,19.50,20.48,19.37,19.88,19.88,44074500
Oct 17 2013,51.12,52.22,50.95,52.21,52.21,71522000
Oct 17 2014,74.23,76.00,73.75,75.95,75.95,76342000
Oct 17 2016,128.20,128.47,127.32,127.54,127.54,11351700
Oct 17 2017,174.71,176.13,174.36,176.11,176.11,15990100
Oct 17 2018,159.56,160.49,157.95,159.42,159.42,17592000
Oct 18 2012,19.70,19.79,18.89,18.98,18.98,52157400
Oct 18 2013,54.18,54.83,53.60,54.22,54.22,88260000
Oct 18 2016,128.68,129.39,128.01,128.57,128.57,13504000
Oct 18 2017,176.65,176.74,175.75,176.03,176.03,12752400
Oct 18 2018,158.51,158.66,153.28,154.92,154.92,21675100
Oct 19 2012,19.00,19.06,18.80,19.00,19.00,34835000
Oct 19 2015,97.18,98.57,96.92,98.47,98.47,23729900
Oct 19 2016,128.74,130.47,128.60,130.11,130.11,16752300
Oct 19 2017,174.93,176.03,172.63,174.56,174.56,14048400
Oct 19 2018,155.86,157.35,153.55,154.05,154.05,19761300
Oct 20 2014,75.60,77.09,75.38,76.95,76.95,34701000
Oct 20 2015,98.73,99.59,96.56,97.00,97.00,30700500
Oct 20 2016,130.07,130.66,129.50,130.00,130.00,13167500
Oct 20 2017,175.50,175.88,174.63,174.98,174.98,12602200
Oct 21 2013,54.68,54.81,53.51,53.85,53.85,58235000
Oct 21 2014,77.56,78.74,77.15,78.69,78.69,32252000
Oct 21 2015,97.37,98.18,96.47,97.11,97.11,21917800
Oct 21 2016,129.78,132.13,129.70,132.07,132.07,19088800
Oct 22 2012,19.20,19.43,19.05,19.32,19.32,32447300
Oct 22 2013,54.33,54.76,52.20,52.68,52.68,83204000
Oct 22 2014,78.82,79.85,78.01,78.37,78.37,41862000
Oct 22 2015,97.79,99.73,97.55,99.67,99.67,26392100
Oct 22 2018,154.76,157.34,154.46,154.78,154.78,15424700
Oct 23 2012,19.25,19.80,19.10,19.50,19.50,78381200
Oct 23 2013,51.75,52.25,51.13,51.90,51.90,57207000
Oct 23 2014,79.38,80.63,79.01,80.04,80.04,35056000
Oct 23 2015,101.91,102.85,100.16,102.19,102.19,42809700
Oct 23 2017,175.20,175.34,171.25,171.27,171.27,13852700
Oct 23 2018,151.22,154.77,150.85,154.39,154.39,19095000
Oct 24 2012,24.13,24.25,22.85,23.23,23.23,228949900
Oct 24 2013,52.38,52.84,51.59,52.45,52.45,46775000
Oct 24 2014,80.20,80.82,79.32,80.67,80.67,32248000
Oct 24 2016,132.72,133.41,132.15,133.28,133.28,17470200
Oct 24 2017,172.30,173.24,171.50,171.80,171.80,12267900
Oct 24 2018,154.28,154.65,145.60,146.04,146.04,27744600
Oct 25 2012,23.29,23.31,22.47,22.56,22.56,76142000
Oct 25 2013,53.18,53.24,51.88,51.95,51.95,45085000
Oct 25 2016,133.50,133.50,132.22,132.29,132.29,13336800
Oct 25 2017,171.90,172.25,168.89,170.60,170.60,15868200
Oct 25 2018,147.73,152.21,147.00,150.95,150.95,22105700
Oct 26 2012,22.40,22.88,21.88,21.94,21.94,73175800
Oct 26 2015,102.20,103.81,101.55,103.77,103.77,25961200
Oct 26 2016,131.64,132.26,130.94,131.04,131.04,13084700
Oct 26 2017,171.38,172.29,170.39,170.63,170.63,11833100
Oct 26 2018,145.82,149.00,143.80,145.37,145.37,31303300
Oct 27 2014,80.74,80.80,79.76,80.28,80.28,30169000
Oct 27 2015,102.94,104.10,102.40,103.70,103.70,23795500
Oct 27 2016,131.74,131.80,129.27,129.69,129.69,16741400
Oct 27 2017,174.15,178.21,173.90,177.88,177.88,30285300
Oct 28 2013,51.54,51.70,49.61,50.23,50.23,73472000
Oct 28 2014,80.18,81.16,79.57,80.77,80.77,74212000
Oct 28 2015,103.90,104.48,102.92,104.20,104.20,24081500
Oct 28 2016,130.50,132.97,129.93,131.29,131.29,24545500
Oct 29 2013,50.73,50.79,49.25,49.40,49.40,102143000
Oct 29 2014,75.45,76.88,74.78,75.86,75.86,106120000
Oct 29 2015,103.96,105.12,103.52,104.88,104.88,20316700
Oct 29 2018,148.50,148.83,139.03,142.09,142.09,31336800
Oct 30 2013,50.00,50.21,48.75,49.01,49.01,127073000
Oct 30 2014,75.05,75.35,72.90,74.11,74.11,83270000
Oct 30 2015,104.51,104.72,101.65,101.97,101.97,33487100
Oct 30 2017,179.26,180.69,177.61,179.87,179.87,24353200
Oct 30 2018,139.94,146.64,139.74,146.22,146.22,50528300
Oct 31 2012,20.82,21.50,20.73,21.11,21.11,99378200
Oct 31 2013,47.16,52.00,46.50,50.21,50.21,248809000
Oct 31 2014,74.93,75.70,74.45,74.99,74.99,44544000
Oct 31 2016,132.01,132.12,130.88,130.99,130.99,15669000
Oct 31 2017,180.57,180.80,178.94,180.06,180.06,20174200
Oct 31 2018,155.00,156.40,148.96,151.79,151.79,60101300
Nov 01 2012,21.08,21.44,21.01,21.21,21.21,37713900
Nov 01 2013,50.85,52.09,49.72,49.75,49.75,95033000
Nov 01 2016,131.41,131.94,128.65,129.50,129.50,22077800
Nov 01 2017,182.36,182.90,180.57,182.66,182.66,40918300
Nov 01 2018,151.52,152.75,149.35,151.75,151.75,25640800
Nov 02 2012,21.26,21.69,21.07,21.18,21.18,38344400
Nov 02 2015,101.72,103.47,101.18,103.31,103.31,24003900
Nov 02 2016,130.23,130.23,126.28,127.17,127.17,39640900
Nov 02 2017,180.63,181.94,177.34,178.92,178.92,35529900
Nov 02 2018,151.80,154.13,148.96,150.35,150.35,24708700
Nov 03 2014,75.47,75.52,73.70,73.88,73.88,40727000
Nov 03 2015,103.22,103.65,102.40,102.58,102.58,21242300
Nov 03 2016,122.00,123.28,119.50,120.00,120.00,63766300
Nov 03 2017,179.29,179.86,176.71,178.92,178.92,17822100
Nov 04 2013,49.37,49.75,48.02,48.22,48.22,80371000
Nov 04 2014,74.23,75.77,73.65,75.76,75.76,39326000
Nov 04 2015,103.19,104.14,102.48,103.94,103.94,43469300
Nov 04 2016,119.59,121.93,119.25,120.75,120.75,30545500
Nov 05 2012,21.10,21.48,20.92,21.25,21.25,31806700
Nov 05 2013,47.79,50.18,47.51,50.11,50.11,76835000
Nov 05 2014,76.51,76.80,74.42,74.83,74.83,35913000
Nov 05 2015,108.80,110.65,107.95,108.76,108.76,63232900
Nov 05 2018,150.10,150.19,147.44,148.68,148.68,15971200
Nov 06 2012,21.24,21.37,20.99,21.17,21.17,29062700
Nov 06 2013,50.26,50.45,48.71,49.12,49.12,67889000
Nov 06 2014,74.89,75.60,74.31,75.26,75.26,21383000
Nov 06 2015,108.04,108.74,105.91,107.10,107.10,35084300
Nov 06 2017,178.56,180.45,178.31,180.17,180.17,13312700
Nov 06 2018,149.31,150.97,148.00,149.94,149.94,16667100
Nov 07 2012,20.85,20.95,20.37,20.47,20.47,33396800
Nov 07 2013,49.24,49.87,47.30,47.56,47.56,97128000
Nov 07 2014,75.39,75.86,75.02,75.60,75.60,20774000
Nov 07 2016,122.83,123.21,121.35,122.15,122.15,23008900
Nov 07 2017,180.50,180.75,178.96,180.25,180.25,12928200
Nov 07 2018,151.57,153.01,149.83,151.53,151.53,21877400
Nov 08 2012,20.52,20.73,19.98,19.99,19.99,34254600
Nov 08 2013,47.81,48.65,47.25,47.53,47.53,70731000
Nov 08 2016,122.03,124.61,121.54,124.22,124.22,19367800
Nov 08 2017,179.79,180.35,179.11,179.56,179.56,10494100
Nov 08 2018,150.49,150.94,146.74,147.87,147.87,24145800
Nov 09 2012,19.96,20.00,19.13,19.21,19.21,42295500
Nov 09 2015,107.00,108.25,105.86,106.49,106.49,26383500
Nov 09 2016,121.50,123.81,120.51,123.18,123.18,31916000
Nov 09 2017,178.31,179.40,177.09,179.30,179.30,12610300
Nov 09 2018,146.75,147.76,144.07,144.96,144.96,17326900
Nov 10 2014,75.36,75.48,74.61,75.00,75.00,21575100
Nov 10 2015,105.96,108.15,105.24,107.91,107.91,25031700
Nov 10 2016,123.93,124.18,115.27,120.80,120.80,67846700
Nov 10 2017,178.35,179.10,177.96,178.46,178.46,11070200
Nov 11 2013,47.04,47.53,45.73,46.20,46.20,80910000
Nov 11 2014,74.95,74.98,74.03,74.61,74.61,18715700
Nov 11 2015,108.27,109.87,107.11,109.01,109.01,25057100
Nov 11 2016,119.53,120.70,118.15,119.02,119.02,32804000
Nov 12 2012,19.15,20.17,18.87,20.07,20.07,67349200
Nov 12 2013,46.00,47.37,45.83,46.61,46.61,68196000
Nov 12 2014,74.28,75.14,73.54,74.72,74.72,26536600
Nov 12 2015,108.48,109.39,108.00,108.02,108.02,20924700
Nov 12 2018,144.48,145.04,140.49,141.55,141.55,18542100
Nov 13 2012,19.61,20.11,19.56,19.86,19.86,71775100
Nov 13 2013,46.23,48.74,46.06,48.71,48.71,79245000
Nov 13 2014,74.74,75.24,73.64,74.25,74.25,26448500
Nov 13 2015,107.71,108.25,103.83,103.95,103.95,30278400
Nov 13 2017,177.50,179.04,177.30,178.77,178.77,9523400
Nov 13 2018,142.00,144.88,141.62,142.16,142.16,15141700
Nov 14 2012,20.10,22.50,19.93,22.36,22.36,229751000
Nov 14 2013,48.70,49.57,48.03,48.99,48.99,75117000
Nov 14 2014,74.27,74.93,74.04,74.88,74.88,19476900
Nov 14 2016,119.13,119.13,113.55,115.08,115.08,51377000
Nov 14 2017,178.13,178.97,177.18,178.07,178.07,9585900
Nov 14 2018,143.70,145.58,141.55,144.22,144.22,22068400
Nov 15 2012,22.34,22.50,21.65,22.17,22.17,78857700
Nov 15 2013,49.11,49.48,48.71,49.01,49.01,42453000
Nov 15 2016,116.73,118.49,115.83,117.20,117.20,34681400
Nov 15 2017,176.66,178.57,176.40,177.95,177.95,10253700
Nov 15 2018,142.33,144.84,140.83,143.85,143.85,30320300
Nov 16 2012,22.25,23.93,22.18,23.56,23.56,107182200
Nov 16 2015,103.32,104.17,100.47,104.04,104.04,49309200
Nov 16 2016,114.48,117.88,114.21,116.34,116.34,32397900
Nov 16 2017,178.76,179.83,178.50,179.59,179.59,15607600
Nov 16 2018,141.07,141.77,137.77,139.53,139.53,37250600
Nov 17 2014,74.88,75.66,73.88,74.24,74.24,28701200
Nov 17 2015,104.62,106.20,104.14,105.13,105.13,26807200
Nov 17 2016,116.81,117.79,116.01,117.79,117.79,18597800
Nov 17 2017,179.30,179.98,178.90,179.00,179.00,13018000
Nov 18 2013,48.47,48.84,45.80,45.83,45.83,85910000
Nov 18 2014,74.45,74.80,73.90,74.34,74.34,20690500
Nov 18 2015,105.80,107.88,105.39,107.77,107.77,23836500
Nov 18 2016,118.39,119.13,116.84,117.02,117.02,22879300
Nov 19 2012,23.96,24.12,22.82,22.92,22.92,85021300
Nov 19 2013,46.26,47.00,45.72,46.36,46.36,75602000
Nov 19 2014,74.01,74.54,73.11,73.33,73.33,25441200
Nov 19 2015,107.36,107.73,105.95,106.26,106.26,25520600
Nov 19 2018,137.61,137.75,131.21,131.55,131.55,44362700
Nov 20 2012,22.73,23.90,22.70,23.10,23.10,46655300
Nov 20 2013,46.61,47.55,46.31,46.43,46.43,53933000
Nov 20 2014,72.80,73.99,72.51,73.60,73.60,19154900
Nov 20 2015,106.84,107.87,106.62,107.32,107.32,22129600
Nov 20 2017,178.87,179.50,178.10,178.74,178.74,10052400
Nov 20 2018,127.03,134.16,126.85,132.43,132.43,41939500
Nov 21 2012,23.22,24.53,23.05,24.32,24.32,89862400
Nov 21 2013,46.99,47.46,46.69,46.70,46.70,34886000
Nov 21 2014,74.50,74.50,73.50,73.75,73.75,23060400
Nov 21 2016,118.20,121.95,117.80,121.77,121.77,35415400
Nov 21 2017,179.15,181.89,178.99,181.86,181.86,14504000
Nov 21 2018,134.40,137.19,134.13,134.82,134.82,25469700
Nov 22 2013,47.04,47.27,45.96,46.23,46.23,40545000
Nov 22 2016,122.40,122.98,120.90,121.47,121.47,26089200
Nov 22 2017,181.30,181.73,180.44,180.87,180.87,10376300
Nov 23 2012,24.58,24.68,23.88,24.00,24.00,29520900
Nov 23 2015,107.19,107.47,106.08,106.95,106.95,19897200
Nov 23 2016,121.23,121.31,119.94,120.84,120.84,15672100
Nov 23 2018,133.65,134.50,131.26,131.73,131.73,11886100
Nov 24 2014,73.54,74.35,73.35,74.01,74.01,22103800
Nov 24 2015,106.00,106.49,104.39,105.74,105.74,23577300
Nov 24 2017,180.40,183.15,180.29,182.78,182.78,9426300
Nov 25 2013,46.36,46.65,44.04,44.82,44.82,82565000
Nov 25 2014,74.21,75.74,74.13,75.63,75.63,32250200
Nov 25 2015,106.33,106.60,105.10,105.41,105.41,15150800
Nov 25 2016,121.01,121.14,120.07,120.38,120.38,8658600
Nov 26 2012,24.94,26.09,24.81,25.94,25.94,123865000
Nov 26 2013,44.66,46.17,43.55,45.89,45.89,82016000
Nov 26 2014,75.53,77.78,75.51,77.62,77.62,32695300
Nov 26 2018,133.00,137.00,132.78,136.38,136.38,24263600
Nov 27 2012,26.04,26.50,25.46,26.15,26.15,85760600
Nov 27 2013,45.97,46.67,45.53,46.49,46.49,44993000
Nov 27 2015,105.78,105.96,104.86,105.45,105.45,5913100
Nov 27 2017,182.56,183.73,181.99,183.03,183.03,12344500
Nov 27 2018,135.75,136.61,133.71,135.00,135.00,20750300
Nov 28 2012,25.94,26.49,25.75,26.36,26.36,49205600
Nov 28 2014,77.67,78.27,77.23,77.70,77.70,15992000
Nov 28 2016,120.12,121.69,119.82,120.41,120.41,18101300
Nov 28 2017,183.51,184.25,182.09,182.42,182.42,14379700
Nov 28 2018,136.28,136.79,131.85,136.76,136.76,29847500
Nov 29 2012,26.50,27.52,26.16,27.32,27.32,88759700
Nov 29 2013,46.75,47.21,46.50,47.01,47.01,22953900
Nov 29 2016,120.57,122.10,120.40,120.87,120.87,18891000
Nov 29 2017,181.89,181.97,174.00,175.13,175.13,41933500
Nov 29 2018,135.92,139.99,135.66,138.68,138.68,24238700
Nov 30 2012,27.26,28.00,26.76,28.00,28.00,127049600
Nov 30 2015,105.84,106.10,103.75,104.24,104.24,20383200
Nov 30 2016,120.32,121.79,117.95,118.42,118.42,30188900
Nov 30 2017,176.85,178.28,175.20,177.18,177.18,25307600
Nov 30 2018,138.26,140.97,137.36,140.61,140.61,25732600
Dec 01 2014,77.26,77.31,74.80,75.10,75.10,31789900
Dec 01 2015,104.83,107.15,104.50,107.12,107.12,22781900
Dec 01 2016,118.38,118.45,114.00,115.10,115.10,43277000
Dec 01 2017,176.03,177.48,172.34,175.10,175.10,20182500
Dec 02 2013,46.90,47.54,46.26,47.06,47.06,50774000
Dec 02 2014,75.33,75.91,75.04,75.46,75.46,16773900
Dec 02 2015,107.00,107.92,105.79,106.07,106.07,24429100
Dec 02 2016,115.11,116.48,114.30,115.40,115.40,25070400
Dec 03 2012,28.00,28.88,26.98,27.04,27.04,123526100
Dec 03 2013,46.75,47.20,46.29,46.73,46.73,32086000
Dec 03 2014,75.38,75.73,74.40,74.88,74.88,16689900
Dec 03 2015,106.27,106.85,103.35,104.38,104.38,23236500
Dec 03 2018,143.00,143.68,140.76,141.09,141.09,24819200
Dec 04 2012,27.06,27.76,26.68,27.46,27.46,72869200
Dec 04 2013,46.46,48.77,46.26,48.62,48.62,60890000
Dec 04 2014,74.83,75.55,74.66,75.24,75.24,14362800
Dec 04 2015,104.81,107.73,104.11,106.18,106.18,21224700
Dec 04 2017,176.29,176.57,170.79,171.47,171.47,24459400
Dec 04 2018,140.73,143.39,137.16,137.93,137.93,30307400
Dec 05 2012,27.75,27.90,27.26,27.71,27.71,58976300
Dec 05 2013,48.15,48.70,47.87,48.34,48.34,43855000
Dec 05 2014,75.80,76.76,75.36,76.36,76.36,24306400
Dec 05 2016,115.95,117.57,115.07,117.43,117.43,20201500
Dec 05 2017,170.45,175.38,169.01,172.83,172.83,20184900
Dec 06 2012,27.68,27.75,26.82,26.97,26.97,46001500
Dec 06 2013,48.98,49.39,47.71,47.94,47.94,42938000
Dec 06 2016,117.69,117.80,116.33,117.31,117.31,19131200
Dec 06 2017,172.50,176.77,171.90,176.06,176.06,20255800
Dec 06 2018,133.82,139.70,133.67,139.63,139.63,28218100
Dec 07 2012,27.07,27.78,26.84,27.49,27.49,51751900
Dec 07 2015,106.48,106.83,104.66,105.61,105.61,15474900
Dec 07 2016,117.00,117.95,116.57,117.95,117.95,21913700
Dec 07 2017,175.80,180.39,175.80,180.14,180.14,20404500
Dec 07 2018,139.25,140.87,136.66,137.42,137.42,21195500
Dec 08 2014,76.18,77.25,75.40,76.52,76.52,25733900
Dec 08 2015,104.00,106.91,103.95,106.49,106.49,20401800
Dec 08 2016,117.98,119.50,117.64,118.91,118.91,22442800
Dec 08 2017,181.53,182.28,178.74,179.00,179.00,19883800
Dec 09 2013,48.09,48.97,47.74,48.84,48.84,36056000
Dec 09 2014,75.20,76.93,74.78,76.84,76.84,25358600
Dec 09 2015,106.18,106.44,103.55,104.60,104.60,23517300
Dec 09 2016,119.22,119.94,118.95,119.68,119.68,17464700
Dec 10 2012,27.17,28.17,27.10,27.84,27.84,50608500
Dec 10 2013,48.64,50.77,48.54,50.25,50.25,68479000
Dec 10 2014,76.65,77.55,76.07,76.18,76.18,32210500
Dec 10 2015,105.05,106.40,104.41,105.42,105.42,17414500
Dec 10 2018,139.60,143.05,139.01,141.85,141.85,26422200
Dec 11 2012,28.07,28.24,27.66,27.98,27.98,77099100
Dec 11 2013,50.55,50.77,49.01,49.38,49.38,65776000
Dec 11 2014,76.52,78.52,76.48,77.73,77.73,33462100
Dec 11 2015,104.15,104.34,101.91,102.12,102.12,26427700
Dec 11 2017,179.30,180.22,178.80,179.04,179.04,13168600
Dec 11 2018,143.88,143.88,141.10,142.08,142.08,20300300
Dec 12 2012,28.00,28.14,27.37,27.58,27.58,46704200
Dec 12 2013,51.05,52.07,50.66,51.83,51.83,92723000
Dec 12 2014,77.16,78.88,77.02,77.83,77.83,28091600
Dec 12 2016,119.22,119.24,117.65,117.77,117.77,17805500
Dec 12 2017,178.60,179.18,176.60,176.96,176.96,16854100
Dec 12 2018,143.08,147.19,142.51,144.50,144.50,23696900
Dec 13 2012,27.59,28.75,27.43,28.24,28.24,81051600
Dec 13 2013,51.66,53.50,51.34,53.32,53.32,82641000
Dec 13 2016,117.86,121.52,117.61,120.31,120.31,29768000
Dec 13 2017,177.30,179.16,177.25,178.30,178.30,14615700
Dec 13 2018,145.57,145.85,143.19,145.01,145.01,18148600
Dec 14 2012,28.18,28.33,26.76,26.81,26.81,91631600
Dec 14 2015,102.29,104.74,101.46,104.66,104.66,24648100
Dec 14 2016,120.00,121.69,118.85,120.21,120.21,25913100
Dec 14 2017,178.29,180.36,177.68,178.39,178.39,13591000
Dec 14 2018,143.34,146.01,142.51,144.06,144.06,21785800
Dec 15 2014,78.46,78.58,76.56,76.99,76.99,29396500
Dec 15 2015,105.30,105.80,104.28,104.55,104.55,21764300
Dec 15 2016,120.08,122.50,119.63,120.57,120.57,20139600
Dec 15 2017,179.02,180.49,178.36,180.18,180.18,28463100
Dec 16 2013,53.25,54.50,52.91,53.81,53.81,85119000
Dec 16 2014,76.19,77.39,74.59,74.69,74.69,31554600
Dec 16 2015,105.37,107.09,104.19,106.79,106.79,22680500
Dec 16 2016,120.90,121.50,119.27,119.87,119.87,25324300
Dec 17 2012,26.77,27.00,26.32,26.75,26.75,57742500
Dec 17 2013,54.76,55.18,54.24,54.86,54.86,78751000
Dec 17 2014,75.01,76.41,74.90,76.11,76.11,29203900
Dec 17 2015,107.49,107.75,106.13,106.22,106.22,21675700
Dec 17 2018,143.08,144.92,138.42,140.19,140.19,24334000
Dec 18 2012,26.96,27.91,26.90,27.71,27.71,60512900
Dec 18 2013,54.86,55.89,53.75,55.57,55.57,76003000
Dec 18 2014,76.89,78.40,76.51,78.40,78.40,34222100
Dec 18 2015,106.08,106.59,103.97,104.04,104.04,35994200
Dec 18 2017,181.01,181.30,179.75,180.82,180.82,17265400
Dec 18 2018,141.08,145.93,139.83,143.66,143.66,24709100
Dec 19 2012,27.83,28.22,26.95,27.41,27.41,61390300
Dec 19 2013,54.33,55.19,53.95,55.05,55.05,89753200
Dec 19 2014,78.75,80.00,78.33,79.88,79.88,43335000
Dec 19 2016,119.85,120.36,118.51,119.24,119.24,15918100
Dec 19 2017,179.95,180.08,178.22,179.51,179.51,14920600
Dec 19 2018,141.21,144.91,132.50,133.24,133.24,57404900
Dec 20 2012,27.49,27.60,27.13,27.36,27.36,35574800
Dec 20 2013,54.93,55.15,54.23,55.12,55.12,239824000
Dec 20 2016,119.50,119.77,118.80,119.09,119.09,13684400
Dec 20 2017,179.81,179.81,177.36,177.89,177.89,11860500
Dec 20 2018,130.70,135.57,130.00,133.40,133.40,40297900
Dec 21 2012,26.66,27.01,26.12,26.26,26.26,54555200
Dec 21 2015,104.91,105.15,103.60,104.77,104.77,16138800
Dec 21 2016,118.92,119.20,118.48,119.04,119.04,10767600
Dec 21 2017,177.94,178.68,177.05,177.45,177.45,11600700
Dec 21 2018,133.39,134.90,123.42,124.95,124.95,56901500
Dec 22 2014,80.08,81.89,80.00,81.45,81.45,31395800
Dec 22 2015,105.22,105.66,104.81,105.51,105.51,14597100
Dec 22 2016,118.86,118.99,116.93,117.40,117.40,16258600
Dec 22 2017,177.14,177.53,176.23,177.20,177.20,8487000
Dec 23 2013,55.50,58.32,55.45,57.77,57.77,98297000
Dec 23 2014,82.02,82.17,80.40,80.61,80.61,19865800
Dec 23 2015,105.89,106.11,103.86,104.63,104.63,19599700
Dec 23 2016,117.00,117.56,116.30,117.27,117.27,10890000
Dec 24 2012,26.50,26.96,26.20,26.93,26.93,28230100
Dec 24 2013,58.27,58.58,56.91,57.96,57.96,46617800
Dec 24 2014,81.03,81.43,80.75,80.77,80.77,7685500
Dec 24 2015,104.74,105.32,104.50,105.02,105.02,6501800
Dec 24 2018,123.10,129.74,123.02,124.06,124.06,22066000
Dec 26 2012,27.03,27.18,26.38,26.51,26.51,33175400
Dec 26 2013,58.32,58.38,57.37,57.73,57.73,55101000
Dec 26 2014,81.02,81.28,80.51,80.78,80.78,10647400
Dec 26 2017,176.63,177.00,174.67,175.99,175.99,8897300
Dec 26 2018,126.00,134.24,125.89,134.18,134.18,39723400
Dec 27 2012,26.55,26.80,25.52,26.05,26.05,43481700
Dec 27 2013,57.48,57.68,55.25,55.44,55.44,60466000
Dec 27 2016,116.96,118.68,116.86,118.01,118.01,12051500
Dec 27 2017,176.55,178.44,176.26,177.62,177.62,9496100
Dec 27 2018,132.44,134.99,129.67,134.52,134.52,31202500
Dec 28 2012,25.48,26.11,25.15,25.91,25.91,56574800
Dec 28 2015,105.02,105.98,104.53,105.93,105.93,13069700
Dec 28 2016,118.19,118.25,116.65,116.92,116.92,12087400
Dec 28 2017,177.95,178.94,177.68,177.92,177.92,12220800
Dec 28 2018,135.34,135.47,133.08,134.18,134.18,8143201
Dec 29 2014,80.49,80.96,79.71,80.02,80.02,14134700
Dec 29 2015,106.42,107.74,106.25,107.26,107.26,17179900
Dec 29 2016,117.00,117.53,116.06,116.35,116.35,9934900
Dec 29 2017,178.00,178.85,176.46,176.46,176.46,10178700
Dec 30 2013,54.93,55.18,53.43,53.71,53.71,68307000
Dec 30 2014,79.85,80.59,79.10,79.22,79.22,14370800
Dec 30 2015,107.00,107.25,106.06,106.22,106.22,13115000
Dec 30 2016,116.60,116.83,114.77,115.05,115.05,18684100
Dec 31 2012,26.20,26.99,26.11,26.62,26.62,60374500
Dec 31 2013,54.12,54.86,53.91,54.65,54.65,43076200
Dec 31 2014,79.54,79.80,77.86,78.02,78.02,19935400
