Jan 02 2013,30.65,31.35,30.65,31.30,30.93,4835200
Jan 02 2014,47.39,48.40,47.26,47.77,47.21,2221100
Jan 02 2015,73.94,74.63,73.07,73.97,73.10,2038000
Jan 02 2018,88.00,89.81,87.79,89.51,88.45,1826900
Jan 02 2019,122.91,123.06,120.09,121.76,121.76,1501300
Jan 03 2012,22.00,22.13,21.27,21.64,17.14,1943500
Jan 03 2013,30.93,31.85,30.87,31.65,31.28,3256900
Jan 03 2014,47.83,48.93,47.83,48.77,48.19,2434500
Jan 03 2017,74.36,74.80,73.52,74.46,73.58,2065400
Jan 03 2018,88.71,89.30,86.61,87.04,86.01,2402200
Jan 03 2019,120.82,122.57,119.12,119.44,119.44,1817300
Jan 04 2012,21.50,21.50,20.70,20.80,16.47,2927100
Jan 04 2013,31.65,32.32,31.61,31.94,31.56,3475600
Jan 04 2016,65.69,66.36,65.07,66.29,65.51,4068200
Jan 04 2017,75.13,77.32,74.57,77.13,76.22,3232300
Jan 04 2018,86.34,86.74,85.40,85.96,84.94,2750300
Jan 04 2019,121.19,123.98,121.19,123.39,123.39,1487100
Jan 05 2012,20.65,21.57,20.65,21.29,16.86,1959300
Jan 05 2015,73.93,73.97,71.06,71.81,70.96,3025500
Jan 05 2016,66.56,67.00,65.79,66.44,65.66,4366800
Jan 05 2017,76.72,77.43,76.66,76.81,75.90,2808800
Jan 05 2018,86.18,87.03,85.24,86.93,85.90,3079100
Jan 06 2012,21.30,22.64,21.30,22.34,17.69,3020200
Jan 06 2014,48.77,49.67,48.23,48.53,47.96,4756700
Jan 06 2015,71.89,72.55,70.91,71.69,70.84,3050300
Jan 06 2016,65.49,66.53,65.14,65.98,65.20,4443700
Jan 06 2017,76.66,77.31,76.57,76.62,75.72,1872300
Jan 07 2013,31.98,32.33,31.87,32.32,31.94,2448700
Jan 07 2014,48.53,49.97,48.51,49.85,49.26,5691100
Jan 07 2015,72.48,73.45,72.13,72.99,72.13,2023400
Jan 07 2016,65.14,65.51,63.60,64.29,63.53,4071700
Jan 07 2019,123.62,125.52,123.49,124.44,124.44,2906500
Jan 08 2013,32.28,32.50,31.64,31.70,31.33,2362700
Jan 08 2014,49.87,50.94,49.70,50.55,49.95,4096900
Jan 08 2015,73.77,75.09,73.56,74.93,74.05,3626800
Jan 08 2016,64.48,65.55,63.63,64.27,63.51,3866800
Jan 08 2018,86.64,86.94,85.80,86.75,85.73,1367400
Jan 08 2019,126.01,126.67,124.32,126.19,126.19,1036400
Jan 09 2012,22.14,22.68,21.59,21.65,17.15,1920600
Jan 09 2013,31.86,33.16,31.66,33.05,32.66,4383700
Jan 09 2014,50.55,51.02,50.25,50.90,50.30,2848300
Jan 09 2015,74.76,75.94,74.58,74.65,73.77,3349500
Jan 09 2017,76.04,81.06,76.04,78.92,77.99,4610500
Jan 09 2018,86.50,87.02,85.94,86.00,84.98,1842900
Jan 10 2012,21.98,22.50,20.33,22.46,17.79,5678500
Jan 10 2013,33.09,33.23,32.81,33.17,32.78,2703900
Jan 10 2014,50.70,51.71,50.58,51.32,50.71,2913500
Jan 10 2017,78.84,79.23,77.81,78.27,77.35,2319500
Jan 10 2018,85.74,86.44,84.92,84.96,83.96,1740800
Jan 11 2012,22.29,23.95,22.19,23.80,18.85,5801400
Jan 11 2013,33.12,33.81,33.08,33.20,32.81,2609800
Jan 11 2016,68.70,69.46,67.35,67.83,67.03,8441000
Jan 11 2017,78.64,79.63,78.26,79.31,78.37,1837500
Jan 11 2018,85.32,87.37,85.31,86.97,85.94,1911100
Jan 12 2012,23.95,24.10,22.89,23.32,18.47,4220200
Jan 12 2015,75.91,76.18,72.01,72.20,71.35,4524800
Jan 12 2016,68.51,69.01,65.51,66.65,65.86,5274700
Jan 12 2017,79.14,79.40,78.54,79.12,78.19,1482900
Jan 12 2018,87.36,89.03,86.72,88.80,87.75,1871300
Jan 13 2012,23.32,24.10,23.17,23.90,18.93,2466300
Jan 13 2014,51.21,51.76,50.78,50.96,50.36,2868300
Jan 13 2015,73.12,73.19,70.72,72.14,71.29,4460100
Jan 13 2016,66.60,68.02,63.60,64.95,64.18,6612800
Jan 13 2017,79.24,79.81,79.10,79.40,78.46,1436600
Jan 14 2013,32.95,34.10,32.95,33.85,33.45,3905900
Jan 14 2014,51.43,51.75,50.93,51.41,50.80,3543800
Jan 14 2015,71.27,71.54,69.92,70.46,69.63,4336400
Jan 14 2016,65.06,66.47,64.54,65.12,64.35,5089300
Jan 15 2013,33.69,35.17,33.68,34.99,34.58,5891100
Jan 15 2014,51.37,51.59,50.70,51.07,50.47,3239600
Jan 15 2015,70.75,71.06,69.58,70.07,69.24,2770600
Jan 15 2016,63.70,65.37,63.09,64.27,63.51,6356500
Jan 16 2013,34.91,35.23,34.48,35.18,34.76,3931200
Jan 16 2014,51.10,51.56,50.92,51.22,50.62,3380100
Jan 16 2015,69.80,70.01,68.36,69.84,69.02,4871400
Jan 16 2018,89.03,90.03,88.51,88.79,87.74,2394100
Jan 17 2012,23.92,24.18,23.56,24.02,19.02,1641000
Jan 17 2013,35.46,36.71,35.26,36.54,36.11,6543600
Jan 17 2014,51.30,51.75,50.84,51.41,50.80,2142600
Jan 17 2017,80.98,82.20,78.81,80.93,79.97,3009600
Jan 17 2018,89.04,89.69,88.59,89.40,88.34,1256200
Jan 18 2012,24.05,24.54,23.84,24.26,19.21,2147200
Jan 18 2013,36.56,37.23,36.42,36.95,36.51,3129600
Jan 18 2017,81.25,81.33,79.64,79.73,78.79,2845200
Jan 18 2018,89.57,90.48,89.13,90.11,89.05,2124000
Jan 19 2012,24.25,24.80,24.16,24.51,19.41,2033200
Jan 19 2016,64.94,65.53,62.47,63.47,62.72,4741300
Jan 19 2017,79.46,79.81,78.57,78.62,77.69,2560100
Jan 19 2018,90.32,93.32,90.06,93.01,91.91,4204200
Jan 20 2012,24.50,24.59,24.15,24.50,19.40,1470800
Jan 20 2015,69.86,70.05,67.05,67.86,67.06,5614800
Jan 20 2016,62.44,63.54,60.07,62.83,62.09,4933500
Jan 20 2017,78.55,79.85,78.53,79.71,78.77,1882500
Jan 21 2014,51.72,51.72,49.55,50.00,49.41,3351100
Jan 21 2015,67.69,69.87,67.53,69.27,68.45,3597300
Jan 21 2016,62.99,65.39,62.37,64.03,63.27,3591500
Jan 22 2013,36.99,38.07,36.83,38.00,37.55,3931300
Jan 22 2014,49.97,50.17,49.82,49.82,49.23,2477700
Jan 22 2015,69.52,70.68,68.75,70.40,69.57,2759100
Jan 22 2016,64.82,66.96,64.68,65.82,65.04,4278400
Jan 22 2018,92.88,93.39,92.08,92.86,91.76,1844000
Jan 23 2012,24.43,24.80,24.43,24.64,19.51,1551300
Jan 23 2013,37.82,37.85,36.48,37.56,37.12,5343900
Jan 23 2014,49.69,50.00,49.25,49.79,49.20,1830300
Jan 23 2015,70.45,70.51,68.56,68.64,67.83,2508400
Jan 23 2017,79.06,80.33,78.07,79.84,78.90,4095700
Jan 23 2018,92.31,92.71,91.11,91.73,90.65,1532400
Jan 24 2012,24.60,26.16,24.47,26.06,20.64,6702100
Jan 24 2013,37.68,37.94,37.27,37.73,37.28,2591300
Jan 24 2014,49.61,49.61,47.51,48.40,47.83,4336800
Jan 24 2017,79.60,80.35,79.02,80.33,79.38,2010600
Jan 24 2018,92.06,92.42,91.06,91.49,90.41,1165600
Jan 25 2012,26.12,27.03,25.89,27.00,21.38,5779500
Jan 25 2013,37.84,37.99,37.73,37.74,37.29,3911400
Jan 25 2016,65.75,66.47,65.35,65.58,64.81,2193500
Jan 25 2017,80.42,81.14,80.10,80.57,79.62,2994300
Jan 25 2018,92.02,93.25,91.85,92.83,91.73,2065800
Jan 26 2012,26.55,26.87,26.18,26.36,20.88,1779400
Jan 26 2015,71.90,73.45,71.27,73.00,72.14,81148400
Jan 26 2016,65.72,67.35,65.39,66.96,66.17,2500400
Jan 26 2017,80.51,81.34,80.14,80.28,79.33,1855000
Jan 26 2018,93.06,97.12,92.72,97.07,95.92,3621800
Jan 27 2012,26.23,26.26,25.71,25.72,20.37,2851700
Jan 27 2014,48.54,50.02,48.24,49.10,48.52,2782900
Jan 27 2015,72.56,72.90,71.84,72.42,71.56,6572100
Jan 27 2016,66.94,68.66,66.93,67.47,66.67,4727600
Jan 27 2017,80.58,80.60,79.37,79.52,78.58,1481900
Jan 28 2013,37.70,37.70,36.99,37.38,36.94,4148200
Jan 28 2014,49.05,50.04,48.99,49.52,48.94,1528500
Jan 28 2015,72.32,73.00,71.41,71.50,70.66,5963500
Jan 28 2016,68.79,70.39,66.31,67.51,66.71,5490400
Jan 29 2013,37.38,37.58,36.36,36.66,36.23,6906500
Jan 29 2014,49.36,49.98,48.83,49.30,48.72,1816400
Jan 29 2015,71.92,72.42,70.74,72.19,71.34,4202000
Jan 29 2016,68.00,71.27,67.75,69.58,68.76,7218000
Jan 29 2018,96.76,98.42,96.36,97.62,96.47,3608600
Jan 30 2012,25.65,25.82,24.72,24.85,19.68,2472400
Jan 30 2013,36.56,38.14,36.46,38.07,37.62,5116600
Jan 30 2014,49.48,50.17,49.39,49.49,48.91,1815000
Jan 30 2015,71.52,72.37,70.60,70.80,69.96,5436700
Jan 30 2017,79.49,79.49,78.40,79.29,78.35,1911900
Jan 30 2018,101.55,106.84,101.00,101.45,100.25,6562400
Jan 31 2012,25.13,25.45,24.28,24.44,19.36,3674000
Jan 31 2013,37.78,38.00,37.58,37.65,37.21,1788200
Jan 31 2014,48.85,50.75,48.81,50.27,49.68,2629200
Jan 31 2017,79.70,80.49,78.50,80.28,79.33,3077300
Jan 31 2018,102.00,103.18,100.24,101.16,99.97,3733500
Feb 01 2012,24.83,25.25,24.40,24.97,19.78,3174500
Feb 01 2013,38.12,38.46,37.74,38.22,37.77,2636800
Feb 01 2016,69.45,71.51,69.18,71.02,70.18,5208100
Feb 01 2017,80.84,82.61,80.73,81.96,80.99,3091200
Feb 01 2018,100.75,103.57,100.29,102.24,101.03,3193600
Feb 02 2012,25.04,25.31,24.78,25.27,20.01,2187600
Feb 02 2015,71.04,71.27,69.32,70.18,69.35,7447400
Feb 02 2016,70.55,72.45,69.88,71.96,71.11,4490100
Feb 02 2017,81.72,82.86,81.43,82.29,81.32,2316200
Feb 02 2018,101.54,102.25,99.59,99.69,98.51,2417600
Feb 03 2012,25.26,26.50,25.26,26.46,20.96,4524000
Feb 03 2014,50.45,50.45,48.44,48.46,47.89,3475800
Feb 03 2015,67.74,70.10,67.49,69.89,69.06,8453600
Feb 03 2016,72.58,72.71,68.60,70.20,69.37,4981900
Feb 03 2017,82.80,84.12,82.57,83.80,82.81,2847300
Feb 04 2013,38.02,38.47,37.43,37.61,37.17,3206500
Feb 04 2014,49.50,50.57,46.02,48.52,47.95,5615600
Feb 04 2015,68.50,69.65,68.50,68.96,68.15,5677400
Feb 04 2016,70.20,70.89,69.03,70.13,69.30,3215600
Feb 05 2013,37.05,39.60,36.54,37.51,37.07,6927500
Feb 05 2014,48.03,48.25,46.61,47.97,47.40,3741200
Feb 05 2015,69.00,69.69,68.61,68.85,68.04,4916600
Feb 05 2016,70.13,71.20,68.80,69.19,68.37,3465100
Feb 05 2018,98.93,99.75,95.62,95.89,94.76,2670600
Feb 06 2012,28.99,28.99,27.43,28.40,22.49,11567800
Feb 06 2013,37.41,37.81,37.09,37.18,36.74,3206600
Feb 06 2014,48.06,48.45,47.63,48.37,47.80,1878300
Feb 06 2015,69.00,69.15,67.54,67.98,67.18,4507500
Feb 06 2017,83.81,84.26,82.59,82.67,81.69,2819700
Feb 06 2018,94.63,99.13,94.11,98.71,97.54,3353800
Feb 07 2012,28.48,29.30,28.48,28.82,22.82,6231600
Feb 07 2013,37.30,37.50,36.81,37.07,36.63,3716000
Feb 07 2014,48.00,48.78,47.87,48.33,47.76,1560800
Feb 07 2017,82.75,83.24,82.21,82.59,81.61,1455400
Feb 07 2018,98.26,100.30,98.00,98.40,97.24,1894800
Feb 08 2012,28.90,29.30,28.45,28.97,22.94,4131400
Feb 08 2013,37.30,37.49,37.16,37.22,36.78,1868500
Feb 08 2016,68.36,68.43,66.12,66.77,65.98,3693400
Feb 08 2017,82.31,83.38,82.05,83.00,82.02,1918200
Feb 08 2018,98.61,99.25,95.91,95.97,94.84,2129300
Feb 09 2012,29.00,29.00,27.41,27.80,22.02,6654600
Feb 09 2015,67.85,67.97,66.63,67.26,66.47,5209500
Feb 09 2016,65.94,67.24,65.77,66.50,65.71,3010100
Feb 09 2017,82.64,83.97,82.64,83.64,82.65,1286800
Feb 09 2018,97.01,98.80,94.75,97.84,96.68,2532000
Feb 10 2012,27.80,28.20,27.53,27.83,22.04,5350400
Feb 10 2014,48.21,49.00,47.73,48.97,48.39,2442000
Feb 10 2015,67.85,69.66,67.66,69.01,68.20,3701000
Feb 10 2016,66.77,68.51,66.71,67.30,66.51,2468500
Feb 10 2017,83.65,84.08,83.10,83.63,82.64,1347000
Feb 11 2013,37.17,37.67,36.62,36.66,36.23,3524300
Feb 11 2014,48.89,49.11,48.31,48.96,48.38,2278500
Feb 11 2015,68.81,69.54,68.52,68.97,68.16,3843700
Feb 11 2016,66.11,67.28,64.11,64.25,63.49,4256800
Feb 12 2013,36.12,36.53,35.85,36.45,36.02,22095600
Feb 12 2014,48.51,49.54,48.50,49.07,48.49,1937500
Feb 12 2015,68.91,69.46,68.65,69.02,68.20,2808600
Feb 12 2016,64.50,66.11,64.23,66.01,65.23,3077300
Feb 12 2018,98.53,99.00,96.42,98.28,97.12,1512200
Feb 13 2013,36.93,37.19,36.35,36.89,36.45,7184700
Feb 13 2014,48.76,50.65,48.67,50.00,49.41,4917000
Feb 13 2015,68.70,69.15,68.02,68.54,67.73,3318800
Feb 13 2017,83.68,84.22,83.58,83.75,82.76,1323300
Feb 13 2018,97.48,99.20,97.30,98.92,97.75,1139500
Feb 14 2012,25.21,25.46,24.99,25.09,21.44,2462000
Feb 14 2013,36.74,37.11,36.73,36.83,36.40,2861800
Feb 14 2014,49.99,50.55,49.71,49.76,49.17,2244500
Feb 14 2017,83.59,84.31,83.50,83.71,82.72,1930700
Feb 14 2018,98.26,100.99,97.89,99.91,98.73,2224800
Feb 15 2012,25.23,25.36,24.66,24.84,21.23,2673800
Feb 15 2013,36.80,36.98,36.10,36.28,35.85,2785000
Feb 15 2017,83.75,84.62,83.37,84.29,83.29,2867700
Feb 15 2018,100.54,101.36,99.43,100.95,99.76,1999600
Feb 16 2012,25.00,25.98,24.82,25.94,22.17,3320500
Feb 16 2016,64.06,65.69,63.87,65.60,64.83,4123800
Feb 16 2017,84.42,84.88,83.69,84.14,83.15,1519500
Feb 16 2018,100.72,102.22,100.29,101.00,99.81,1893500
Feb 17 2012,25.83,26.00,24.91,25.08,21.43,2058000
Feb 17 2015,68.42,69.36,68.23,69.32,68.50,2663200
Feb 17 2016,66.20,67.65,65.60,67.05,66.26,3140300
Feb 17 2017,83.82,84.65,83.16,84.63,83.63,1813600
Feb 18 2014,50.00,50.48,49.63,49.84,49.25,2460100
Feb 18 2015,69.24,69.56,68.50,69.00,68.19,3597000
Feb 18 2016,67.40,68.22,66.91,67.52,66.72,3089200
Feb 19 2013,36.28,36.51,35.63,36.41,35.98,5254700
Feb 19 2014,49.65,49.99,49.31,49.56,48.97,2116900
Feb 19 2015,69.03,70.26,68.94,69.60,68.78,3408200
Feb 19 2016,67.48,68.02,66.03,67.62,66.82,3912400
Feb 20 2013,36.32,36.36,35.29,35.41,34.99,5442600
Feb 20 2014,49.60,50.42,49.30,50.23,49.64,1279100
Feb 20 2015,69.56,70.17,69.00,69.79,68.97,3086100
Feb 20 2018,100.68,101.41,100.54,101.00,99.81,1413300
Feb 21 2012,25.18,25.47,25.00,25.17,21.51,978500
Feb 21 2013,35.50,35.98,35.15,35.79,35.37,6301100
Feb 21 2014,50.27,50.62,49.69,50.01,49.42,1451000
Feb 21 2017,84.96,86.39,84.73,85.74,84.73,2170600
Feb 21 2018,100.68,101.85,100.29,100.35,99.17,1340000
Feb 22 2012,25.16,25.75,25.11,25.60,21.88,2004200
Feb 22 2013,35.81,35.97,35.62,35.76,35.34,2357600
Feb 22 2016,68.09,70.18,68.00,69.95,69.12,3407000
Feb 22 2017,85.35,86.12,84.88,85.91,84.90,1701700
Feb 22 2018,100.94,101.94,100.16,100.54,99.35,1485500
Feb 23 2012,26.08,26.30,25.83,26.07,22.28,1886500
Feb 23 2015,70.32,71.15,70.32,70.86,70.02,3501600
Feb 23 2016,69.70,70.48,69.01,69.84,69.02,3329200
Feb 23 2017,86.00,86.61,85.36,86.45,85.43,2207800
Feb 23 2018,101.27,101.42,99.82,100.84,99.65,1650700
Feb 24 2012,26.11,26.83,25.94,26.74,22.85,2369100
Feb 24 2014,50.25,50.94,50.00,50.37,49.78,1301600
Feb 24 2015,71.00,71.61,70.21,70.41,69.58,2777000
Feb 24 2016,69.35,70.40,68.67,70.14,69.31,2275500
Feb 24 2017,85.98,87.44,85.68,87.07,86.04,1857000
Feb 25 2013,35.84,36.05,35.17,35.21,34.79,3180000
Feb 25 2014,50.22,50.56,49.33,49.56,48.97,2236500
Feb 25 2015,70.29,71.19,69.97,70.98,70.14,2732200
Feb 25 2016,70.43,70.81,69.08,70.00,69.17,2847600
Feb 26 2013,35.21,35.80,34.90,35.64,35.22,3706700
Feb 26 2014,49.62,50.80,49.41,50.48,49.88,1327400
Feb 26 2015,70.92,72.37,70.44,72.27,71.42,3567600
Feb 26 2016,70.20,71.82,69.88,70.44,69.61,3870800
Feb 26 2018,100.70,100.85,99.05,100.02,98.84,1815400
Feb 27 2012,26.54,27.20,26.50,26.98,23.06,2401500
Feb 27 2013,35.51,36.86,35.39,36.68,36.25,11416400
Feb 27 2014,50.32,51.65,50.23,51.52,50.91,2504200
Feb 27 2015,72.33,72.57,71.35,71.54,70.70,2787800
Feb 27 2017,86.95,87.97,86.95,87.78,86.74,2606000
Feb 28 2012,26.67,27.10,26.59,26.93,23.01,1866600
Feb 28 2013,36.60,37.65,36.53,37.09,36.65,8893200
Feb 28 2014,51.61,52.23,50.82,51.20,50.60,3005400
Feb 28 2017,86.88,87.62,86.78,87.24,86.21,2171400
Feb 28 2018,101.23,101.87,99.23,99.25,98.42,2896100
Feb 29 2012,26.96,27.37,26.36,26.67,22.79,2453400
Feb 29 2016,70.28,70.54,69.19,69.21,68.39,3579300
Mar 01 2012,26.75,26.85,25.89,26.25,22.43,1971200
Mar 01 2013,37.00,37.50,36.58,36.96,36.52,3892700
Mar 01 2016,69.67,70.94,69.48,70.79,69.95,3358100
Mar 01 2017,87.95,88.50,87.43,88.04,87.00,1646500
Mar 01 2018,99.50,100.91,98.04,99.43,98.60,2312900
Mar 02 2012,26.10,26.19,25.87,25.91,22.14,1678400
Mar 02 2015,71.54,73.45,71.54,71.99,71.14,3190800
Mar 02 2016,70.53,71.50,69.94,71.30,70.46,2078200
Mar 02 2017,87.72,88.16,87.29,87.34,86.31,1290700
Mar 02 2018,99.00,101.64,98.82,101.38,100.53,2054700
Mar 03 2014,50.71,52.09,50.71,51.69,51.08,2670400
Mar 03 2015,71.72,71.99,70.07,70.79,69.95,4123000
Mar 03 2016,71.23,73.00,71.11,72.93,72.07,3441100
Mar 03 2017,87.37,88.62,87.23,88.53,87.48,1339700
Mar 04 2013,36.73,37.27,36.28,36.65,36.22,5424100
Mar 04 2014,52.00,52.49,51.03,51.06,50.46,3520900
Mar 04 2015,70.73,77.08,70.21,74.93,74.05,12451900
Mar 04 2016,72.96,74.21,72.46,73.00,72.14,3851300
Mar 05 2012,25.87,26.12,25.56,25.88,22.12,1457100
Mar 05 2013,36.77,37.22,36.77,36.94,36.50,6738100
Mar 05 2014,51.19,51.29,50.11,50.29,49.70,3713600
Mar 05 2015,74.99,75.38,72.31,72.91,72.05,4418000
Mar 05 2018,100.90,101.40,99.72,101.11,100.26,1755800
Mar 06 2012,25.54,25.76,24.99,25.16,21.50,2591600
Mar 06 2013,37.00,37.24,36.80,36.91,36.47,2972000
Mar 06 2014,50.63,50.72,49.58,49.62,49.03,4358400
Mar 06 2015,73.01,74.32,72.01,72.82,71.96,5026200
Mar 06 2017,88.28,88.41,87.68,87.78,86.74,1350900
Mar 06 2018,101.27,101.74,100.43,100.99,100.14,1529400
Mar 07 2012,25.26,25.79,25.18,25.39,21.70,1375500
Mar 07 2013,36.85,37.46,36.85,37.04,36.60,4086100
Mar 07 2014,49.99,50.52,49.45,49.63,49.04,2575500
Mar 07 2016,72.51,73.40,72.02,72.94,72.08,2472900
Mar 07 2017,87.40,87.67,86.43,86.63,85.61,1990700
Mar 07 2018,100.35,101.58,100.03,101.31,100.46,1686400
Mar 08 2012,25.56,25.72,25.23,25.28,21.60,1070700
Mar 08 2013,37.10,37.50,37.09,37.25,36.81,6147300
Mar 08 2016,72.25,72.86,71.25,71.49,70.65,2683100
Mar 08 2017,86.50,87.85,86.25,86.48,85.46,2763700
Mar 08 2018,101.51,102.75,101.21,102.35,101.49,1261100
Mar 09 2012,25.43,25.71,25.27,25.62,21.89,2146600
Mar 09 2015,73.00,73.38,71.56,71.69,70.84,3135500
Mar 09 2016,71.85,72.37,71.03,72.26,71.41,3270700
Mar 09 2017,86.54,87.63,86.25,86.89,85.86,1907600
Mar 09 2018,102.69,104.17,102.19,103.90,103.03,1614900
Mar 10 2014,49.66,49.96,49.39,49.55,48.96,1775000
Mar 10 2015,71.19,71.63,70.24,70.24,69.41,3926100
Mar 10 2016,72.60,73.72,71.78,72.20,71.35,2364500
Mar 10 2017,87.36,87.45,85.56,85.75,84.74,2620300
Mar 11 2011,30.50,31.29,30.50,31.12,24.65,9531600
Mar 11 2013,37.25,38.12,37.25,37.79,37.34,4089100
Mar 11 2014,49.60,50.45,49.21,49.24,48.66,1365200
Mar 11 2015,70.47,72.37,70.22,71.76,70.91,3598400
Mar 11 2016,72.90,75.06,72.79,74.95,74.06,3764100
Mar 12 2012,25.53,25.53,24.66,25.02,21.38,2413300
Mar 12 2013,37.77,38.27,37.77,38.02,37.57,2954000
Mar 12 2014,48.80,49.27,48.66,49.21,48.63,1436300
Mar 12 2015,71.99,73.08,71.85,72.42,71.56,3610000
Mar 12 2018,103.76,104.20,102.80,103.56,102.69,2411100
Mar 13 2012,25.18,25.25,24.75,25.25,21.58,2247100
Mar 13 2013,37.99,38.41,37.94,38.28,37.83,3215500
Mar 13 2014,49.33,49.43,47.17,48.00,47.43,4641900
Mar 13 2015,72.44,73.14,71.31,71.80,70.95,2143000
Mar 13 2017,85.98,85.98,84.16,84.99,83.99,2505900
Mar 13 2018,103.99,103.99,102.25,102.58,101.72,1798600
Mar 14 2011,30.96,31.05,30.57,30.91,24.48,8663800
Mar 14 2012,25.21,25.96,25.15,25.76,22.01,1794000
Mar 14 2013,38.45,38.79,38.27,38.45,38.00,4670300
Mar 14 2014,47.84,48.28,47.21,47.65,47.09,3179300
Mar 14 2016,75.92,75.95,74.13,74.72,73.84,2558300
Mar 14 2017,84.28,84.40,83.05,83.68,82.69,2663800
Mar 14 2018,102.84,103.50,101.60,101.93,101.07,1737600
Mar 15 2011,30.39,31.50,30.36,31.34,24.82,7121200
Mar 15 2012,25.82,25.90,25.17,25.42,21.72,2605300
Mar 15 2013,38.43,38.51,37.80,37.92,37.47,5918200
Mar 15 2016,74.08,74.52,72.90,73.17,72.31,1598900
Mar 15 2017,84.00,85.79,83.80,85.55,84.54,2395600
Mar 15 2018,102.24,103.87,102.01,103.15,102.28,1349600
Mar 16 2011,31.25,31.95,31.12,31.25,24.75,6157900
Mar 16 2012,25.48,25.58,25.11,25.44,21.74,2206900
Mar 16 2015,72.38,73.49,72.38,73.14,72.28,3275000
Mar 16 2016,72.99,74.77,72.98,74.49,73.61,1993000
Mar 16 2017,85.43,85.73,83.90,84.25,83.26,4014200
Mar 16 2018,103.16,103.93,102.48,102.77,101.91,2068900
Mar 17 2011,31.54,31.93,31.40,31.91,25.27,3332400
Mar 17 2014,47.82,48.44,47.74,48.27,47.70,1480200
Mar 17 2015,72.61,73.56,72.11,73.16,72.30,1962500
Mar 17 2016,74.36,74.58,72.80,73.72,72.85,2572100
Mar 17 2017,84.45,84.73,83.84,84.59,83.59,2528900
Mar 18 2011,32.11,33.08,31.90,33.06,26.18,5463200
Mar 18 2013,37.73,37.89,37.38,37.78,37.33,2789400
Mar 18 2014,48.55,49.82,48.52,49.23,48.65,1607900
Mar 18 2015,73.17,75.08,73.05,75.03,74.14,3848100
Mar 18 2016,73.94,76.23,73.76,75.46,74.57,5385200
Mar 19 2012,25.32,25.46,25.05,25.16,21.50,1051100
Mar 19 2013,38.04,38.44,37.93,38.27,37.82,4119500
Mar 19 2014,49.32,50.37,49.22,49.95,49.36,1572300
Mar 19 2015,75.00,75.87,74.74,75.42,74.53,3048200
Mar 19 2018,102.58,102.82,101.64,102.66,101.80,1115800
Mar 20 2012,25.00,25.13,24.13,24.67,21.08,2277600
Mar 20 2013,38.50,38.86,38.29,38.56,38.10,2375700
Mar 20 2014,49.95,50.23,49.32,49.43,48.85,1564900
Mar 20 2015,75.91,76.26,75.19,76.03,75.13,4569100
Mar 20 2017,84.56,84.77,83.54,83.92,82.93,1875100
Mar 20 2018,102.75,102.77,99.75,100.60,99.76,1576400
Mar 21 2011,33.39,33.39,32.00,32.25,25.54,3823500
Mar 21 2012,24.72,25.21,24.57,25.02,21.38,1389000
Mar 21 2013,38.30,38.83,38.09,38.56,38.10,2245300
Mar 21 2014,49.72,50.41,49.51,50.14,49.55,3276600
Mar 21 2016,75.25,76.61,74.93,75.52,74.63,2552500
Mar 21 2017,83.93,84.49,81.51,82.62,81.64,2659600
Mar 21 2018,100.07,101.80,100.07,100.90,100.05,1959800
Mar 22 2011,32.37,32.39,31.39,31.87,25.24,3943900
Mar 22 2012,24.82,25.06,24.65,24.78,21.18,873100
Mar 22 2013,38.76,39.77,38.70,39.31,38.85,3199400
Mar 22 2016,75.12,78.00,75.03,77.16,76.25,3083700
Mar 22 2017,82.50,82.73,81.36,82.54,81.57,2531100
Mar 22 2018,100.49,101.72,99.65,99.79,98.95,1740700
Mar 23 2011,31.70,32.68,31.50,32.68,25.88,4216300
Mar 23 2012,24.95,25.25,24.72,25.05,21.41,5130400
Mar 23 2015,76.27,78.44,76.21,77.64,76.72,4484600
Mar 23 2016,77.27,78.67,76.83,76.95,76.04,2662400
Mar 23 2017,82.52,84.21,82.39,83.17,82.19,3160000
Mar 23 2018,100.30,101.61,98.59,98.78,97.95,1901700
Mar 24 2011,32.53,32.95,32.50,32.69,25.89,2125600
Mar 24 2014,50.00,50.25,48.64,48.79,48.21,1827300
Mar 24 2015,77.33,77.48,76.37,76.50,75.60,2216600
Mar 24 2016,76.19,76.99,75.33,76.37,75.47,3617900
Mar 24 2017,83.64,86.48,83.41,86.04,85.02,5855200
Mar 25 2011,32.71,33.10,32.58,32.95,26.10,3026600
Mar 25 2013,39.32,39.96,39.25,39.40,38.93,2710400
Mar 25 2014,48.85,49.29,48.30,48.84,48.26,2063600
Mar 25 2015,76.62,77.14,75.46,75.65,74.76,2660200
Mar 26 2012,25.24,25.82,25.16,25.31,21.63,2652600
Mar 26 2013,39.55,40.25,39.49,40.19,39.72,3183800
Mar 26 2014,49.13,50.84,49.03,50.35,49.76,3605700
Mar 26 2015,75.47,76.81,75.13,76.10,75.20,3043000
Mar 26 2018,99.70,99.99,96.86,97.98,97.16,1927600
Mar 27 2012,25.30,25.40,24.15,24.28,20.75,6268400
Mar 27 2013,40.13,40.65,39.72,40.43,39.95,2395600
Mar 27 2014,50.44,50.66,50.02,50.36,49.77,2163400
Mar 27 2015,76.22,77.04,75.96,76.07,75.17,1827000
Mar 27 2017,87.97,91.03,87.76,90.49,89.42,8584400
Mar 27 2018,98.25,98.92,96.93,97.43,96.61,2374000
Mar 28 2011,32.87,33.11,32.75,33.04,26.17,2098300
Mar 28 2012,24.40,24.70,23.65,23.96,20.47,5628000
Mar 28 2013,40.43,40.92,40.42,40.63,40.15,3415000
Mar 28 2014,50.59,51.75,50.59,51.14,50.54,3270000
Mar 28 2016,76.56,77.20,75.96,76.44,75.54,1379900
Mar 28 2017,89.99,90.17,88.05,89.63,88.57,4933200
Mar 28 2018,97.75,98.66,97.13,97.15,96.33,1929300
Mar 29 2011,33.44,34.01,33.05,33.89,26.84,5137300
Mar 29 2012,23.76,24.45,22.95,23.89,20.42,6243100
Mar 29 2016,76.05,77.61,76.00,77.56,76.64,1918100
Mar 29 2017,89.38,90.42,88.66,89.19,88.14,3553300
Mar 29 2018,97.70,97.82,95.80,97.00,96.19,3301600
Mar 30 2011,34.57,34.57,33.93,34.24,27.12,3049500
Mar 30 2012,23.92,25.00,23.87,24.74,21.14,3719300
Mar 30 2015,76.95,77.08,76.09,76.17,75.27,1580400
Mar 30 2016,78.00,79.00,77.15,78.10,77.18,2157300
Mar 30 2017,88.94,89.47,88.72,89.25,88.20,1923400
Mar 31 2011,34.00,34.11,33.67,33.87,26.82,1960600
Mar 31 2014,51.75,52.68,51.75,52.50,51.88,3919100
Mar 31 2015,76.06,76.69,75.22,75.23,74.34,2111600
Mar 31 2016,77.92,78.70,77.84,78.05,77.13,2312100
Mar 31 2017,89.09,89.29,88.54,88.99,87.94,1709000
Apr 01 2011,33.89,34.10,33.66,33.74,26.72,1822100
Apr 01 2013,40.50,41.20,40.22,40.72,40.24,2679900
Apr 01 2014,52.54,52.83,51.54,51.90,51.29,2814300
Apr 01 2015,75.70,76.02,73.65,74.85,73.97,2546100
Apr 01 2016,77.82,79.36,77.11,79.20,78.26,2487400
Apr 02 2012,24.70,26.10,24.61,25.98,22.20,4602900
Apr 02 2013,41.40,41.50,39.11,39.86,39.39,6662000
Apr 02 2014,52.01,52.39,51.64,52.24,51.62,2364000
Apr 02 2015,74.96,75.78,74.57,75.05,74.16,1657800
Apr 02 2018,97.33,97.95,94.67,95.32,94.52,1979500
Apr 03 2012,26.02,27.34,25.95,26.92,23.00,6027000
Apr 03 2013,39.80,39.80,37.67,37.91,37.46,7316000
Apr 03 2014,52.07,52.07,50.96,51.15,50.55,3101100
Apr 03 2017,88.97,89.42,88.54,89.33,88.28,1838100
Apr 03 2018,95.73,97.17,95.34,97.07,96.26,2390700
Apr 04 2011,33.87,33.87,33.31,33.67,26.67,2648000
Apr 04 2012,26.67,26.87,26.40,26.86,22.95,3967100
Apr 04 2013,37.79,37.86,36.53,37.69,37.24,9090700
Apr 04 2014,51.56,52.34,50.13,50.17,49.58,2340100
Apr 04 2016,79.25,79.35,78.21,78.73,77.80,2075300
Apr 04 2017,88.92,88.94,86.27,87.67,86.63,3326400
Apr 04 2018,95.90,97.36,95.87,96.86,96.05,2638700
Apr 05 2011,33.70,34.05,33.25,34.02,26.94,3607100
Apr 05 2012,26.86,27.09,26.59,26.96,23.04,5084100
Apr 05 2013,37.20,38.14,37.09,37.48,37.04,4232000
Apr 05 2016,78.08,78.67,77.67,78.24,77.32,3204500
Apr 05 2017,88.22,89.80,88.00,88.47,87.43,2094800
Apr 05 2018,97.00,98.40,96.70,98.24,97.42,3632600
Apr 06 2011,33.75,34.20,33.24,33.30,26.37,2718500
Apr 06 2015,74.59,76.69,74.42,75.95,75.05,2556300
Apr 06 2016,78.20,79.18,77.92,79.10,78.17,2635300
Apr 06 2017,88.47,88.73,87.74,88.72,87.67,2732800
Apr 06 2018,97.76,98.17,95.72,96.24,95.43,1965700
Apr 07 2011,33.28,33.85,32.85,33.66,26.66,1946900
Apr 07 2014,50.13,50.18,48.53,48.76,48.18,3103800
Apr 07 2015,76.03,76.75,75.69,75.72,74.83,1214400
Apr 07 2016,78.49,79.31,78.06,78.84,77.91,3592100
Apr 07 2017,88.63,88.63,87.58,87.90,86.86,1185700
Apr 08 2011,33.52,33.99,32.99,33.17,26.27,2339800
Apr 08 2013,37.50,37.79,37.12,37.70,37.25,1248800
Apr 08 2014,48.75,50.45,48.03,49.98,49.39,3921100
Apr 08 2015,75.82,77.21,75.80,76.76,75.85,2668700
Apr 08 2016,79.45,80.22,78.77,79.14,78.21,3108000
Apr 09 2012,26.79,26.89,26.14,26.85,22.94,3150800
Apr 09 2013,37.70,38.08,37.15,37.63,37.19,3932700
Apr 09 2014,50.00,50.82,49.62,50.75,50.15,3443700
Apr 09 2015,76.72,77.92,76.55,77.85,76.93,3083200
Apr 09 2018,96.74,97.56,96.27,96.31,95.50,1249900
Apr 10 2012,26.85,27.00,26.21,26.35,22.52,4904000
Apr 10 2013,36.40,37.00,35.85,36.67,36.24,9024900
Apr 10 2014,50.67,50.75,48.77,49.21,48.63,1736600
Apr 10 2015,77.85,78.46,77.36,78.24,77.32,2487800
Apr 10 2017,87.92,88.52,87.58,88.25,87.21,1375400
Apr 10 2018,97.25,97.33,96.27,96.93,96.12,2080400
Apr 11 2011,33.34,33.34,30.79,32.12,25.44,15028000
Apr 11 2012,26.57,26.88,26.57,26.73,22.84,6764400
Apr 11 2013,36.69,38.52,36.42,38.43,37.98,5767000
Apr 11 2014,49.07,49.91,48.14,48.21,47.64,2511600
Apr 11 2016,79.32,80.05,79.09,79.57,78.63,2409100
Apr 11 2017,88.05,88.12,87.39,88.00,86.96,1102500
Apr 11 2018,96.40,97.15,96.12,96.19,95.38,1472200
Apr 12 2011,32.11,32.59,31.33,31.53,24.97,3848800
Apr 12 2012,27.50,28.17,26.87,27.57,23.56,8664000
Apr 12 2013,38.17,38.69,38.03,38.32,37.87,2445200
Apr 12 2016,79.28,80.03,79.28,79.78,78.84,3202000
Apr 12 2017,87.52,88.29,87.02,88.20,87.16,1474600
Apr 12 2018,96.68,97.17,96.28,96.63,95.82,1256700
Apr 13 2011,32.00,32.45,31.70,32.06,25.39,3969800
Apr 13 2012,27.46,27.53,26.86,27.00,23.07,4824300
Apr 13 2015,78.23,79.24,77.27,77.41,76.50,2292500
Apr 13 2016,80.50,81.00,79.97,80.60,79.65,2937100
Apr 13 2017,88.55,88.55,87.55,87.72,86.68,1045500
Apr 13 2018,96.53,96.72,95.72,96.28,95.47,1953300
Apr 14 2011,31.89,32.50,31.79,32.14,25.45,1565900
Apr 14 2014,48.52,48.99,48.02,48.50,47.93,2228200
Apr 14 2015,77.20,77.37,76.51,77.34,76.43,2344700
Apr 14 2016,80.79,81.00,80.24,80.72,79.77,2810000
Apr 15 2011,32.30,32.38,31.89,31.98,25.33,3072800
Apr 15 2013,38.06,38.50,36.30,36.72,36.29,4647300
Apr 15 2014,48.73,49.22,47.79,48.74,48.16,3670600
Apr 15 2015,79.12,80.20,78.47,79.24,78.30,6450000
Apr 15 2016,80.72,80.93,78.58,80.33,79.38,3752200
Apr 16 2012,27.04,27.32,26.89,27.18,23.23,1637800
Apr 16 2013,35.59,37.88,35.55,37.87,37.42,8599600
Apr 16 2014,49.16,49.20,48.31,48.57,48.00,2247000
Apr 16 2015,79.94,79.94,77.64,77.81,76.89,3109800
Apr 16 2018,96.99,97.77,96.36,97.44,96.62,1738000
Apr 17 2012,27.27,28.02,27.18,27.61,23.59,1895900
Apr 17 2013,37.55,37.81,36.65,37.54,37.10,3630900
Apr 17 2014,48.65,49.22,48.10,49.01,48.43,1576400
Apr 17 2015,77.22,78.23,76.91,78.04,77.12,2195900
Apr 17 2017,85.00,85.90,84.15,85.65,84.64,4345200
Apr 17 2018,97.80,98.05,96.23,97.71,96.89,2419700
Apr 18 2011,31.82,32.54,30.75,32.08,25.41,2911100
Apr 18 2012,27.49,27.89,27.23,27.49,23.49,2353400
Apr 18 2013,37.66,37.66,36.64,36.92,36.48,2129600
Apr 18 2016,80.23,81.01,79.10,80.88,79.92,3819200
Apr 18 2017,85.59,85.85,84.81,85.21,84.20,2295400
Apr 18 2018,97.90,99.48,97.81,98.73,97.90,1935200
Apr 19 2011,33.08,33.10,31.66,31.74,25.14,3838100
Apr 19 2012,27.60,27.88,27.33,27.60,23.59,2581900
Apr 19 2013,37.28,37.97,36.95,37.66,37.22,1629900
Apr 19 2016,81.12,81.45,79.25,79.78,78.84,5151800
Apr 19 2017,85.30,85.80,84.42,84.61,83.61,2254400
Apr 19 2018,98.53,98.85,97.99,98.41,97.58,1133200
Apr 20 2011,32.00,32.19,31.15,31.65,25.07,3866100
Apr 20 2012,27.60,27.74,26.95,26.98,23.06,1971200
Apr 20 2015,78.83,78.90,77.88,78.56,77.63,1940300
Apr 20 2016,79.43,81.06,78.06,80.11,79.16,4619400
Apr 20 2017,84.26,84.82,82.72,84.12,83.13,4299000
Apr 20 2018,98.47,98.70,97.27,97.45,96.63,1581000
Apr 21 2011,31.81,31.98,31.27,31.40,24.87,1462000
Apr 21 2014,48.80,49.51,48.74,49.46,48.88,1008000
Apr 21 2015,78.39,78.60,77.56,77.68,76.76,4365800
Apr 21 2016,80.39,81.09,80.01,80.22,79.27,3322000
Apr 21 2017,84.06,84.22,83.31,83.55,82.56,1764400
Apr 22 2013,37.69,37.98,36.81,37.72,37.27,2404800
Apr 22 2014,49.40,50.35,49.12,49.42,48.84,2193200
Apr 22 2015,77.73,78.00,76.80,77.53,76.61,3408100
Apr 22 2016,80.44,81.43,80.44,80.91,79.95,2705400
Apr 23 2012,26.72,26.78,25.96,26.26,22.44,2074500
Apr 23 2013,37.73,38.08,37.44,37.86,37.41,2549700
Apr 23 2014,49.70,50.60,49.48,50.40,49.80,2836200
Apr 23 2015,77.58,78.02,76.97,77.44,76.53,4276100
Apr 23 2018,97.45,97.73,96.39,96.90,96.09,2796400
Apr 24 2012,26.28,27.00,26.01,26.86,22.95,1656000
Apr 24 2013,37.92,38.49,37.29,38.16,37.71,4710600
Apr 24 2014,50.76,51.23,50.46,50.53,49.93,2579500
Apr 24 2015,77.59,78.37,77.53,77.74,76.82,2497700
Apr 24 2017,84.59,85.17,84.23,84.26,83.27,2108000
Apr 24 2018,97.57,97.62,96.00,96.81,96.00,2534000
Apr 25 2011,31.56,31.60,31.10,31.40,24.87,732700
Apr 25 2012,26.91,27.24,26.82,27.05,23.12,3655600
Apr 25 2013,37.98,38.31,37.45,37.94,37.49,5820100
Apr 25 2014,51.24,53.73,50.73,53.44,52.81,7662400
Apr 25 2016,80.73,80.94,79.45,80.12,79.17,2036300
Apr 25 2017,84.39,85.03,84.22,84.61,83.61,1451400
Apr 25 2018,96.63,98.43,95.72,98.42,97.59,1847500
Apr 26 2011,31.35,32.07,31.16,32.00,25.34,1800000
Apr 26 2012,26.74,27.57,26.49,27.30,23.33,1613900
Apr 26 2013,38.17,38.55,37.79,38.25,37.80,3672500
Apr 26 2016,80.62,81.54,80.13,81.18,80.22,2686100
Apr 26 2017,84.91,85.08,82.93,83.54,82.55,2634400
Apr 26 2018,96.62,96.90,94.67,95.34,94.54,3335000
Apr 27 2011,32.26,33.00,32.25,32.65,25.86,3354500
Apr 27 2012,27.37,27.41,26.88,27.23,23.27,1568400
Apr 27 2015,77.85,78.10,76.22,76.38,75.48,2083900
Apr 27 2016,81.20,82.00,80.65,81.78,80.81,2643700
Apr 27 2017,83.53,84.03,82.88,83.44,82.45,1560800
Apr 27 2018,95.44,96.35,95.35,96.25,95.44,1663900
Apr 28 2011,32.51,32.99,32.25,32.57,25.79,1600000
Apr 28 2014,53.49,53.81,52.50,52.61,51.99,5976800
Apr 28 2015,76.58,76.98,73.93,75.95,75.05,4146000
Apr 28 2016,81.56,83.69,81.51,81.96,80.99,4002200
Apr 28 2017,83.60,84.35,83.60,84.21,83.22,1463200
Apr 29 2011,32.50,32.86,32.03,32.80,25.98,1233900
Apr 29 2013,40.50,41.83,40.11,40.37,39.89,8188100
Apr 29 2014,51.00,51.97,49.91,51.40,50.79,5525200
Apr 29 2015,75.52,76.48,75.22,76.06,75.16,2433900
Apr 29 2016,81.47,81.52,79.30,80.62,79.67,3281600
Apr 30 2012,27.38,27.45,26.68,26.92,23.00,1685900
Apr 30 2013,40.26,40.85,39.56,39.89,39.42,4421100
Apr 30 2014,51.62,52.40,51.40,52.00,51.39,4750100
Apr 30 2015,75.71,76.27,73.88,74.01,73.14,5310500
Apr 30 2018,96.57,96.95,95.74,95.74,94.94,3189000
May 01 2012,27.02,27.90,26.94,27.56,23.55,2086300
May 01 2013,39.75,40.08,39.22,39.49,39.02,3833400
May 01 2014,52.00,52.84,51.48,52.40,51.78,3084800
May 01 2015,74.31,74.59,73.68,74.50,73.62,2231500
May 01 2017,84.21,84.70,83.84,83.86,82.87,1780600
May 01 2018,96.63,96.75,93.03,96.20,95.39,3119000
May 02 2011,32.80,33.79,32.80,33.44,26.48,2786200
May 02 2012,27.36,27.59,26.98,26.99,23.06,2466700
May 02 2013,39.50,40.94,38.56,40.47,39.99,4845000
May 02 2014,52.36,52.53,51.72,51.88,51.27,2899000
May 02 2016,80.60,81.24,79.43,81.21,80.25,3598400
May 02 2017,84.26,85.93,84.06,84.74,83.74,3018300
May 02 2018,95.49,99.33,95.27,97.74,96.92,2737900
May 03 2011,33.59,33.88,31.94,32.61,25.83,3429400
May 03 2012,27.04,27.68,26.60,26.76,22.87,4675600
May 03 2013,40.67,41.53,40.35,41.00,40.52,4749300
May 03 2016,79.51,79.62,76.83,79.06,78.13,5887500
May 03 2017,84.50,85.04,82.44,82.85,81.87,3307000
May 03 2018,97.15,97.32,94.23,95.84,95.04,2281200
May 04 2011,33.10,33.96,32.79,33.55,26.57,4518300
May 04 2012,26.96,27.00,25.85,26.69,22.81,2354400
May 04 2015,74.85,75.77,74.72,75.44,74.55,2081900
May 04 2016,78.67,80.40,78.56,79.80,78.86,3821700
May 04 2017,82.58,83.87,81.42,83.48,82.49,2997000
May 04 2018,96.24,97.72,95.56,97.55,96.73,1506500
May 05 2011,33.45,34.74,33.15,34.34,27.20,2613000
May 05 2014,51.95,52.57,51.62,52.35,51.73,2452900
May 05 2015,75.50,75.76,73.02,73.61,72.74,4848300
May 05 2016,79.99,80.96,79.90,80.61,79.66,2332000
May 05 2017,83.60,84.21,83.13,83.50,82.51,1350300
May 06 2011,34.06,34.50,33.89,34.25,27.12,1601300
May 06 2013,41.07,41.80,40.79,41.40,40.91,2701400
May 06 2014,52.25,52.84,51.91,51.96,51.35,2346600
May 06 2015,73.96,74.98,73.65,74.50,73.62,4557800
May 06 2016,80.29,82.00,80.11,80.90,79.94,4875100
May 07 2012,26.57,26.61,25.96,26.26,22.44,1070000
May 07 2013,41.41,41.56,41.08,41.18,40.69,2232200
May 07 2014,52.01,52.07,50.69,51.54,50.93,2652900
May 07 2015,74.70,77.37,74.54,76.59,75.69,4451900
May 07 2018,97.66,98.20,97.25,97.62,96.80,1268400
May 08 2012,25.97,26.71,25.97,26.60,22.73,2473400
May 08 2013,40.65,41.01,39.98,40.44,39.96,3209800
May 08 2014,51.43,52.32,51.01,51.18,50.58,1678000
May 08 2015,77.08,77.32,76.60,76.90,75.99,3334500
May 08 2017,83.74,83.99,83.47,83.86,82.87,2060000
May 08 2018,97.92,97.97,96.92,97.40,96.58,2081500
May 09 2011,34.35,34.75,34.14,34.49,27.31,1996100
May 09 2012,26.30,26.60,26.05,26.44,22.59,1682700
May 09 2013,40.50,40.71,39.81,40.34,39.86,3413300
May 09 2014,51.14,51.83,50.79,51.51,50.90,1524500
May 09 2016,81.00,81.32,80.59,80.98,80.02,2505200
May 09 2017,84.01,84.28,83.77,84.13,83.14,1606400
May 09 2018,97.37,100.31,97.06,100.12,99.28,2273300
May 10 2011,34.03,34.86,34.00,34.59,27.39,1475100
May 10 2012,26.49,26.69,26.23,26.27,22.45,906000
May 10 2013,40.28,41.09,40.16,40.73,40.25,1769000
May 10 2016,81.06,81.07,80.13,80.93,79.97,2078900
May 10 2017,84.24,85.90,83.94,85.56,84.55,1935400
May 10 2018,100.52,101.87,100.25,101.47,100.62,1724700
May 11 2011,34.20,34.79,34.06,34.54,27.35,1431700
May 11 2012,26.12,26.75,26.03,26.25,22.43,1057400
May 11 2015,76.74,77.92,76.68,77.63,76.71,2927000
May 11 2016,80.90,81.47,80.24,80.25,79.30,1804300
May 11 2017,85.03,85.39,84.44,85.29,84.28,1195000
May 11 2018,101.36,102.23,101.00,101.78,100.93,1948700
May 12 2011,34.30,34.59,34.12,34.51,27.33,814000
May 12 2014,51.70,52.39,51.70,52.30,51.68,1094800
May 12 2015,77.25,77.61,76.14,76.51,75.61,2267200
May 12 2016,80.60,80.85,77.43,77.69,76.77,4608800
May 12 2017,85.21,85.22,84.04,84.61,83.61,1225300
May 13 2011,34.43,34.77,34.23,34.60,27.40,1694000
May 13 2013,40.46,40.94,40.45,40.69,40.21,1433700
May 13 2014,52.07,52.73,52.03,52.36,51.74,1819000
May 13 2015,76.51,78.09,76.50,77.73,76.81,4346300
May 13 2016,77.86,78.57,77.45,77.92,77.00,2211500
May 14 2012,26.09,26.29,25.89,25.89,22.12,1742200
May 14 2013,40.79,41.06,40.60,40.81,40.33,1292900
May 14 2014,52.36,52.87,52.13,52.68,52.06,1664200
May 14 2015,78.51,79.48,78.31,79.07,78.14,2874500
May 14 2018,102.00,102.52,101.57,101.78,100.93,1769200
May 15 2012,25.79,26.14,25.70,25.72,21.98,1627700
May 15 2013,40.30,40.62,39.72,40.20,39.73,2765100
May 15 2014,52.52,52.64,51.80,52.10,51.48,1538900
May 15 2015,79.04,79.85,78.64,79.84,78.90,2259500
May 15 2017,84.52,84.72,83.77,83.82,82.83,1564800
May 15 2018,101.21,101.72,100.64,101.06,100.21,1096900
May 16 2011,34.30,34.60,34.05,34.25,27.12,1719900
May 16 2012,25.93,26.09,25.33,25.37,21.68,2523100
May 16 2013,40.14,40.21,39.44,39.49,39.02,1937000
May 16 2014,51.97,51.97,51.11,51.25,50.64,2273100
May 16 2016,78.02,78.50,77.17,77.81,76.89,2654900
May 16 2017,84.23,84.23,83.20,83.49,82.50,1414000
May 16 2018,101.26,103.35,100.90,102.92,102.06,2154000
May 17 2011,34.21,34.95,34.00,34.54,27.35,3131000
May 17 2012,25.47,26.00,25.17,25.44,21.74,1883000
May 17 2013,39.55,39.61,38.71,39.09,38.63,4598400
May 17 2016,77.87,78.46,76.77,77.27,76.36,3471100
May 17 2017,83.03,83.15,81.43,81.57,80.61,3322600
May 17 2018,102.69,104.07,101.88,103.10,102.23,1878200
May 18 2011,34.40,35.24,34.15,35.07,27.77,2070300
May 18 2012,25.45,25.60,24.40,24.63,21.05,2144400
May 18 2015,79.76,81.00,79.69,81.00,80.04,3901500
May 18 2016,77.27,77.42,76.29,76.58,75.68,2360900
May 18 2017,81.70,82.01,81.10,81.26,80.30,1664800
May 18 2018,103.23,103.60,102.64,102.83,101.97,1214100
May 19 2011,35.02,35.23,34.50,35.05,27.76,1183900
May 19 2014,51.16,51.75,51.00,51.51,50.90,1794400
May 19 2015,81.00,83.88,80.68,82.52,81.55,5439700
May 19 2016,76.07,77.15,75.69,76.72,75.81,2396900
May 19 2017,81.55,83.05,81.44,82.15,81.18,1965600
May 20 2011,34.90,35.04,34.15,34.63,27.43,2012400
May 20 2013,38.98,39.06,37.37,38.20,37.75,6896000
May 20 2014,51.44,51.98,51.44,51.72,51.11,6609300
May 20 2015,82.34,83.16,81.88,82.14,81.17,3684300
May 20 2016,77.24,77.99,76.79,77.12,76.21,1891800
May 21 2012,24.59,25.99,24.33,25.85,22.09,2427800
May 21 2013,38.25,38.44,37.56,37.66,37.22,4303500
May 21 2014,51.92,52.68,51.92,52.27,51.65,4455200
May 21 2015,82.22,82.39,81.56,81.59,80.63,2673100
May 21 2018,103.60,104.52,103.56,103.86,102.99,1353400
May 22 2012,25.85,26.54,25.83,26.07,22.28,3252300
May 22 2013,37.44,38.50,36.92,37.29,36.85,5321800
May 22 2014,52.45,53.47,52.08,52.33,51.71,5786000
May 22 2015,81.35,82.58,81.26,82.13,81.16,2820500
May 22 2017,81.86,82.71,81.83,82.32,81.35,993900
May 22 2018,103.98,104.85,103.40,103.41,102.54,1681100
May 23 2011,34.40,34.55,34.00,34.41,27.25,2200000
May 23 2012,25.97,26.18,25.38,26.00,22.22,1600000
May 23 2013,37.04,38.04,36.67,37.90,37.45,3283800
May 23 2014,52.70,53.66,52.37,53.44,52.81,2945700
May 23 2016,76.79,77.09,75.96,76.22,75.32,2100800
May 23 2017,82.33,82.64,81.87,81.93,80.96,1353000
May 23 2018,103.00,103.85,102.32,103.51,102.64,3101800
May 24 2011,34.53,34.64,34.07,34.49,27.31,3000000
May 24 2012,26.05,26.67,25.56,26.10,22.30,2565200
May 24 2013,37.71,37.84,37.38,37.53,37.09,1453300
May 24 2016,76.20,77.95,76.03,77.56,76.64,2449400
May 24 2017,81.86,82.76,81.29,82.43,81.46,1214900
May 24 2018,103.26,103.86,102.53,103.60,102.73,1181500
May 25 2011,34.57,35.00,34.24,34.68,27.47,2539100
May 25 2012,26.09,26.26,25.83,26.02,22.24,2131600
May 25 2016,77.61,78.48,77.61,77.73,76.81,2230200
May 25 2017,82.51,83.49,82.08,83.11,82.13,697400
May 25 2018,103.42,104.09,103.42,103.69,102.82,1165300
May 26 2011,34.90,34.91,34.05,34.83,27.58,1796500
May 26 2015,82.00,82.51,81.74,82.19,81.22,3132100
May 26 2016,77.75,77.88,76.89,77.20,76.29,1354000
May 26 2017,82.90,83.28,81.96,82.70,81.72,1139800
May 27 2011,34.92,35.10,34.41,34.74,27.51,1474700
May 27 2014,53.80,54.00,53.03,53.12,52.49,1931000
May 27 2015,82.58,82.68,81.40,81.95,80.98,2846200
May 27 2016,77.29,78.24,77.19,77.36,76.45,1335900
May 28 2013,37.96,38.68,37.72,38.31,37.86,1945900
May 28 2014,53.38,53.97,53.18,53.37,52.74,2217600
May 28 2015,81.74,82.01,80.95,81.80,80.83,1946100
May 29 2012,26.29,26.54,26.21,26.35,22.52,1534600
May 29 2013,38.10,38.13,37.49,38.03,37.58,1977100
May 29 2014,53.37,53.66,53.29,53.39,52.76,1737000
May 29 2015,81.53,82.39,81.17,81.83,80.86,3417300
May 29 2018,103.02,103.54,102.22,103.28,102.41,1064900
May 30 2012,26.20,26.20,25.85,26.00,22.22,1619100
May 30 2013,38.14,39.20,38.11,38.82,38.36,2787200
May 30 2014,53.30,53.52,52.87,52.99,52.36,2607800
May 30 2017,82.32,83.25,81.98,81.99,81.02,1235300
May 31 2011,34.99,35.31,34.56,34.89,27.63,8113400
May 31 2012,25.92,26.10,25.19,25.99,22.21,1912300
May 31 2013,38.78,39.67,38.53,39.06,38.60,2975900
May 31 2016,77.50,78.11,77.26,78.02,77.10,2634000
May 31 2017,81.94,82.58,81.73,81.91,80.94,2773100
May 31 2018,104.49,104.80,102.87,103.14,102.62,1889400
Jun 01 2011,35.00,35.27,34.42,34.77,27.54,3049800
Jun 01 2012,25.49,25.65,24.30,24.74,21.14,2741200
Jun 01 2015,82.39,82.69,81.22,82.39,81.42,3199400
Jun 01 2016,77.65,78.79,77.65,78.37,77.44,2270100
Jun 01 2017,82.03,84.03,82.03,83.75,82.76,1794900
Jun 01 2018,103.79,104.50,103.34,104.32,103.79,1274800
Jun 02 2011,34.84,35.05,34.25,34.36,27.21,2160100
Jun 02 2014,53.10,53.28,52.37,52.99,52.36,4012900
Jun 02 2015,81.96,82.25,81.12,81.55,80.59,2311900
Jun 02 2016,78.18,78.99,77.97,78.98,78.05,2015700
Jun 02 2017,83.64,84.12,82.99,83.33,82.35,1216600
Jun 03 2011,34.00,34.15,33.72,34.14,27.04,2519100
Jun 03 2013,39.13,39.41,38.42,39.28,38.82,2369800
Jun 03 2014,53.04,54.82,53.03,54.50,53.86,3663200
Jun 03 2015,81.91,82.01,80.97,81.09,80.13,2241200
Jun 03 2016,79.00,79.03,78.00,78.14,77.22,1756900
Jun 04 2012,24.87,24.92,24.16,24.40,20.85,1649900
Jun 04 2013,39.20,39.75,38.75,39.02,38.56,2791600
Jun 04 2014,54.30,54.95,54.12,54.77,54.12,2147500
Jun 04 2015,80.81,81.18,80.40,80.48,79.53,2062500
Jun 04 2018,104.32,104.99,104.26,104.31,103.78,1919900
Jun 05 2012,24.32,25.23,24.09,25.03,21.39,1854700
Jun 05 2013,38.75,38.90,37.87,38.11,37.66,4227700
Jun 05 2014,54.71,56.39,54.68,56.26,55.60,3971400
Jun 05 2015,80.80,81.42,80.39,81.28,80.32,2831600
Jun 05 2017,83.03,83.28,82.05,82.40,81.43,1378600
Jun 05 2018,104.29,105.10,104.04,104.25,103.72,1396200
Jun 06 2011,33.98,34.28,33.06,33.74,26.72,2361000
Jun 06 2012,25.15,25.88,25.03,25.77,22.02,2407700
Jun 06 2013,38.26,38.80,37.88,38.40,37.95,4427000
Jun 06 2014,56.31,56.71,55.52,55.59,54.93,1948700
Jun 06 2016,78.11,78.83,77.91,78.67,77.74,1298500
Jun 06 2017,82.40,82.65,81.65,82.48,81.51,1406100
Jun 06 2018,104.33,105.12,104.09,104.65,104.12,1703500
Jun 07 2011,33.79,34.90,33.73,34.52,27.34,1896300
Jun 07 2012,25.89,25.94,25.38,25.45,21.75,1518500
Jun 07 2013,38.62,39.80,38.48,39.60,39.13,3024500
Jun 07 2016,78.59,79.66,78.59,79.24,78.30,1598300
Jun 07 2017,83.45,83.87,82.05,82.68,81.70,1509300
Jun 07 2018,105.05,105.49,104.80,105.32,104.79,1809100
Jun 08 2011,34.57,34.99,34.25,34.76,27.53,1458400
Jun 08 2012,25.36,26.29,25.20,25.75,22.00,1678500
Jun 08 2015,81.14,81.47,80.25,80.25,79.30,2209100
Jun 08 2016,79.27,81.22,79.27,80.98,80.02,2912500
Jun 08 2017,82.81,83.45,82.16,82.80,81.82,2038900
Jun 08 2018,104.94,105.41,103.66,105.39,104.86,1939000
Jun 09 2011,35.03,35.37,34.58,35.24,27.91,1634100
Jun 09 2014,55.58,55.96,55.13,55.38,54.73,1143800
Jun 09 2015,80.34,81.51,80.30,81.32,80.36,2370700
Jun 09 2016,80.82,81.28,80.63,81.03,80.07,1589400
Jun 09 2017,82.80,83.62,82.31,83.57,82.58,1959700
Jun 10 2011,35.00,35.00,33.86,33.90,26.85,2222700
Jun 10 2013,39.60,40.48,39.52,40.24,39.76,3366200
Jun 10 2014,55.35,55.35,54.42,55.26,54.61,1945800
Jun 10 2015,81.71,83.31,81.50,83.09,82.11,4702900
Jun 10 2016,80.25,80.47,79.21,79.55,78.61,1544500
Jun 11 2012,26.41,26.63,25.99,26.09,22.30,2954000
Jun 11 2013,39.78,40.33,39.54,39.73,39.26,2670400
Jun 11 2014,55.05,55.53,54.00,55.01,54.36,3383100
Jun 11 2015,82.83,84.11,82.62,83.62,82.63,3774400
Jun 11 2018,105.50,107.11,105.50,106.44,105.90,1875300
Jun 12 2012,26.35,26.50,26.09,26.20,22.39,3232000
Jun 12 2013,40.24,40.29,39.13,39.53,39.06,3204400
Jun 12 2014,55.00,55.00,54.29,54.52,53.88,1557500
Jun 12 2015,83.29,84.16,82.43,82.46,81.49,2377300
Jun 12 2017,83.44,85.01,83.44,84.86,83.86,2234700
Jun 12 2018,106.76,106.95,106.03,106.31,105.77,1499100
Jun 13 2011,34.15,34.15,33.25,33.65,26.65,1671700
Jun 13 2012,26.14,26.41,26.06,26.22,22.41,3652900
Jun 13 2013,39.42,40.44,39.21,40.29,39.81,2917800
Jun 13 2014,54.49,55.34,54.13,54.98,54.33,1846700
Jun 13 2016,79.20,79.45,77.95,77.95,77.03,2106100
Jun 13 2017,84.98,85.26,84.68,84.85,83.85,1288200
Jun 13 2018,106.87,107.37,105.56,105.68,105.14,1431500
Jun 14 2011,33.80,34.07,33.26,33.54,26.56,1846300
Jun 14 2012,26.38,26.59,26.22,26.40,22.56,3527500
Jun 14 2013,40.25,40.32,39.81,39.90,39.43,1637300
Jun 14 2016,77.61,78.41,77.26,78.01,77.09,1457000
Jun 14 2017,85.14,85.69,84.72,85.35,84.34,1711500
Jun 14 2018,105.71,106.62,105.24,106.01,105.47,1505500
Jun 15 2011,33.25,33.52,32.62,33.15,26.25,2544700
Jun 15 2012,26.38,26.80,26.09,26.73,22.84,5242800
Jun 15 2015,81.67,84.03,81.67,83.83,82.84,2623100
Jun 15 2016,78.27,78.54,77.63,77.81,76.89,1477000
Jun 15 2017,84.86,85.22,83.94,84.02,83.03,1547400
Jun 15 2018,105.97,106.73,105.90,106.51,105.97,2046800
Jun 16 2011,34.05,34.80,33.50,33.87,26.82,5779300
Jun 16 2014,55.00,56.63,54.99,55.99,55.33,3236500
Jun 16 2015,83.38,84.13,82.56,83.02,82.04,2266900
Jun 16 2016,77.01,77.75,76.51,77.66,76.74,1347300
Jun 16 2017,84.13,84.20,83.06,83.41,82.43,1915400
Jun 17 2011,34.00,34.99,33.95,34.59,27.39,3872600
Jun 17 2013,40.27,40.27,38.69,39.26,38.80,4547900
Jun 17 2014,56.02,56.48,55.49,55.56,54.90,2137400
Jun 17 2015,83.15,84.58,82.72,84.12,83.13,3279100
Jun 17 2016,77.72,78.46,76.82,77.43,76.52,3211200
Jun 18 2012,26.35,27.15,26.35,26.87,22.96,1577800
Jun 18 2013,39.21,39.28,38.74,38.83,38.37,3634400
Jun 18 2014,55.52,55.89,54.77,55.81,55.15,2082800
Jun 18 2015,84.04,84.34,82.72,83.60,82.61,2899700
Jun 18 2018,106.39,107.09,105.85,105.95,105.41,954100
Jun 19 2012,27.00,27.38,26.64,27.15,23.20,2363400
Jun 19 2013,38.83,39.10,37.90,38.75,38.29,6374200
Jun 19 2014,55.73,56.54,55.47,56.49,55.82,1604300
Jun 19 2015,83.71,85.06,83.65,84.40,83.40,3851600
Jun 19 2017,83.62,84.69,83.20,84.61,83.61,1079100
Jun 19 2018,105.40,106.27,105.12,105.52,104.98,1062100
Jun 20 2011,34.72,34.72,34.05,34.23,27.11,1461700
Jun 20 2012,27.28,27.76,27.06,27.23,23.27,3839900
Jun 20 2013,38.27,38.49,37.13,37.68,37.24,5774100
Jun 20 2014,56.54,57.77,56.54,57.61,56.93,4023700
Jun 20 2016,78.13,78.97,78.13,78.57,77.64,3305600
Jun 20 2017,84.16,84.50,82.98,83.74,82.75,1681300
Jun 20 2018,105.67,107.87,105.46,107.79,107.24,1600800
Jun 21 2011,34.20,34.36,33.50,33.90,26.85,2728100
Jun 21 2012,27.27,27.27,26.28,26.53,22.67,3424700
Jun 21 2013,37.82,37.92,36.38,37.44,37.00,4372100
Jun 21 2016,78.88,79.18,78.04,78.75,77.82,2009600
Jun 21 2017,83.82,84.85,83.52,84.05,83.06,1725500
Jun 21 2018,108.07,108.85,107.38,107.57,107.02,1776600
Jun 22 2011,33.90,33.99,33.36,33.42,26.47,2487500
Jun 22 2012,26.57,26.93,26.23,26.25,22.43,8785800
Jun 22 2015,84.66,85.48,84.15,84.51,83.51,2136600
Jun 22 2016,78.66,79.76,78.35,79.30,78.36,1864400
Jun 22 2017,83.98,87.88,83.89,86.14,85.12,3249500
Jun 22 2018,108.22,108.30,106.62,106.74,106.20,2811800
Jun 23 2011,33.30,33.44,32.28,33.21,26.30,3222100
Jun 23 2014,57.69,58.55,57.50,58.01,57.32,2653400
Jun 23 2015,84.69,85.21,83.93,83.96,82.97,2180400
Jun 23 2016,79.85,80.62,79.45,79.75,78.81,1460600
Jun 23 2017,86.37,86.58,85.51,86.24,85.22,4885900
Jun 24 2011,33.31,33.31,32.16,32.25,25.54,11475100
Jun 24 2013,37.13,37.84,35.98,36.60,36.17,4815200
Jun 24 2014,57.98,57.98,56.49,56.54,55.87,2199100
Jun 24 2015,84.00,84.10,82.60,83.37,82.39,2795600
Jun 24 2016,77.30,78.22,76.57,76.72,75.81,5764900
Jun 25 2012,26.24,26.39,25.43,25.61,21.88,2914700
Jun 25 2013,36.76,37.22,36.44,36.62,36.19,2091300
Jun 25 2014,56.48,57.44,55.81,56.85,56.18,3186600
Jun 25 2015,84.02,92.63,83.74,90.72,89.65,15829700
Jun 25 2018,106.46,106.66,104.68,105.22,104.69,2068700
Jun 26 2012,25.63,26.33,25.39,26.19,22.38,2119400
Jun 26 2013,36.75,37.24,36.13,36.52,36.09,2703200
Jun 26 2014,56.60,56.72,54.58,55.76,55.10,5599100
Jun 26 2015,92.44,92.63,91.27,91.84,90.76,10373600
Jun 26 2017,86.23,87.37,86.15,86.62,85.60,1420300
Jun 26 2018,105.30,105.73,105.09,105.34,104.81,1828800
Jun 27 2011,32.40,32.71,31.49,32.48,25.72,3136700
Jun 27 2012,26.14,26.90,26.11,26.61,22.74,1933600
Jun 27 2013,36.55,36.96,36.08,36.39,35.96,7830200
Jun 27 2014,55.66,56.27,54.70,55.43,54.78,5525700
Jun 27 2016,76.15,76.20,73.82,74.43,73.55,2871900
Jun 27 2017,86.43,87.04,85.88,86.01,84.99,1669500
Jun 27 2018,105.49,105.49,104.18,104.18,103.65,1248000
Jun 28 2011,32.59,33.08,32.58,32.75,25.94,2536500
Jun 28 2012,26.55,29.75,26.55,29.47,25.18,20119400
Jun 28 2013,36.23,36.47,35.40,36.06,35.63,16042800
Jun 28 2016,75.02,76.07,74.95,75.93,75.03,1893900
Jun 28 2017,86.86,87.52,86.46,86.98,85.95,1516200
Jun 28 2018,103.48,103.64,102.45,103.09,102.57,1631500
Jun 29 2011,32.98,33.30,32.59,32.76,25.94,1405800
Jun 29 2012,29.79,31.39,29.79,30.43,26.00,8294800
Jun 29 2015,91.02,93.09,90.40,90.61,89.54,5274700
Jun 29 2016,76.39,77.31,76.30,77.05,76.14,1640100
Jun 29 2017,87.25,87.79,86.08,86.81,85.78,1618300
Jun 29 2018,102.89,103.35,101.71,102.60,102.08,1258700
Jun 30 2011,32.78,33.39,32.63,33.00,26.13,1479200
Jun 30 2014,55.62,56.83,55.52,56.38,55.71,3023600
Jun 30 2015,91.58,91.58,90.31,90.72,89.65,4654600
Jun 30 2016,77.17,77.50,76.21,77.01,76.10,2473800
Jun 30 2017,87.23,87.79,87.10,87.20,86.17,1727900
Jul 01 2011,33.14,33.50,32.54,33.06,26.18,1663200
Jul 01 2013,36.41,37.19,36.26,36.94,36.50,4618100
Jul 01 2014,56.73,57.22,55.77,56.09,55.43,3611700
Jul 01 2015,91.20,91.40,90.41,90.87,89.80,4136600
Jul 01 2016,76.92,77.56,76.36,76.66,75.75,2204300
Jul 02 2012,30.44,30.50,29.53,29.99,25.63,3461400
Jul 02 2013,36.97,37.19,36.48,36.91,36.47,3029100
Jul 02 2014,55.89,57.39,55.73,57.27,56.59,1666000
Jul 02 2015,91.00,91.60,90.43,90.50,89.43,2785400
Jul 02 2018,102.29,103.24,101.30,103.19,102.67,1403100
Jul 03 2012,29.47,29.99,29.39,29.50,25.21,1975800
Jul 03 2013,35.78,36.20,35.20,35.49,35.07,6750800
Jul 03 2014,57.29,57.75,56.69,57.11,56.44,1044500
Jul 03 2017,87.48,87.83,86.98,87.19,86.16,695700
Jul 03 2018,103.24,104.30,103.08,103.87,103.34,741700
Jul 05 2011,33.07,33.47,32.98,33.17,26.27,957900
Jul 05 2012,29.37,29.56,28.31,28.74,24.56,3811300
Jul 05 2013,35.64,36.06,35.45,35.86,35.44,3541000
Jul 05 2016,76.50,76.50,75.33,76.11,75.21,3435400
Jul 05 2017,87.30,87.99,87.09,87.24,86.21,1534900
Jul 05 2018,104.02,104.38,102.77,103.48,102.96,2002200
Jul 06 2011,33.26,34.17,33.12,33.99,26.92,2467500
Jul 06 2012,28.34,28.60,28.12,28.41,24.28,2174300
Jul 06 2015,90.05,92.66,90.01,92.10,91.01,4272800
Jul 06 2016,75.91,76.68,75.13,76.17,75.27,2269600
Jul 06 2017,86.81,86.98,84.59,84.83,83.83,2319900
Jul 06 2018,103.68,105.48,103.52,105.22,104.69,1233600
Jul 07 2011,34.25,34.74,34.00,34.29,27.16,1928600
Jul 07 2014,56.93,57.03,55.37,55.48,54.82,1903800
Jul 07 2015,92.28,92.99,90.64,92.45,91.36,4289000
Jul 07 2016,76.42,77.94,76.11,76.99,76.08,2212800
Jul 07 2017,84.95,86.49,84.70,86.14,85.12,1613200
Jul 08 2011,33.96,34.01,33.29,33.83,26.79,874800
Jul 08 2013,36.08,36.53,35.80,36.45,36.02,2695400
Jul 08 2014,55.24,55.38,53.61,54.52,53.88,4583200
Jul 08 2015,91.94,92.55,90.93,91.04,89.96,2912000
Jul 08 2016,77.57,78.59,77.37,78.21,77.29,4021200
Jul 09 2012,28.51,28.79,27.52,28.15,24.06,3627400
Jul 09 2013,36.74,37.14,36.03,36.87,36.43,3585700
Jul 09 2014,54.75,55.61,54.26,54.95,54.30,1909400
Jul 09 2015,91.43,92.18,91.14,91.64,90.56,4195400
Jul 09 2018,105.21,106.17,104.84,105.72,105.18,960500
Jul 10 2012,28.26,28.52,27.75,28.03,23.95,3311200
Jul 10 2013,36.97,37.39,36.67,37.27,36.83,2506200
Jul 10 2014,54.36,56.11,54.36,55.70,55.04,2656300
Jul 10 2015,92.51,93.24,91.88,92.97,91.87,2709300
Jul 10 2017,85.95,86.48,85.26,85.88,84.87,1253100
Jul 10 2018,105.71,106.33,105.09,105.80,105.26,1024800
Jul 11 2011,33.54,33.67,32.99,33.06,26.18,777900
Jul 11 2012,28.08,28.25,27.54,27.91,23.85,3401500
Jul 11 2013,37.52,37.66,36.99,37.24,36.80,2707300
Jul 11 2014,55.52,56.16,55.05,55.94,55.28,2469100
Jul 11 2016,78.56,78.68,78.10,78.16,77.24,1601100
Jul 11 2017,85.95,87.12,85.71,86.40,85.38,1750700
Jul 11 2018,105.64,106.25,105.41,105.52,104.98,1018000
Jul 12 2011,33.05,33.73,32.65,32.80,25.98,1075800
Jul 12 2012,27.69,27.93,27.43,27.83,23.78,3406900
Jul 12 2013,37.33,37.64,37.14,37.62,37.18,2324900
Jul 12 2016,78.27,78.73,77.91,78.40,77.47,2701000
Jul 12 2017,86.91,87.29,86.27,86.45,85.43,1016300
Jul 12 2018,105.85,106.23,105.22,105.37,104.84,1370900
Jul 13 2011,32.98,33.67,32.81,33.24,26.32,1120100
Jul 13 2012,27.95,28.25,27.77,28.16,24.06,5503100
Jul 13 2015,93.84,94.95,93.36,94.81,93.69,3802700
Jul 13 2016,79.00,79.95,78.84,79.55,78.61,2749700
Jul 13 2017,86.39,86.79,86.02,86.57,85.55,1198900
Jul 13 2018,105.31,106.68,105.28,106.55,106.01,1111100
Jul 14 2011,33.30,33.54,32.98,33.22,26.31,1107800
Jul 14 2014,56.00,56.32,55.39,55.78,55.12,1977600
Jul 14 2015,94.45,95.49,94.37,94.72,93.60,3691000
Jul 14 2016,79.98,80.13,78.04,78.31,77.39,2098200
Jul 14 2017,86.42,86.88,85.96,86.64,85.62,1057300
Jul 15 2011,33.27,33.28,32.74,33.22,26.31,1116700
Jul 15 2013,37.90,37.90,36.97,37.21,36.77,2701200
Jul 15 2014,55.37,56.39,55.12,55.21,54.56,1917000
Jul 15 2015,94.89,95.18,93.37,94.12,93.01,2676600
Jul 15 2016,78.58,79.32,78.56,78.71,77.78,1618300
Jul 16 2012,28.04,28.23,27.23,27.77,23.73,2252700
Jul 16 2013,38.50,39.25,38.17,38.86,38.40,10196400
Jul 16 2014,58.52,61.44,58.18,60.99,60.27,14306600
Jul 16 2015,93.74,93.99,91.90,93.74,92.63,4567300
Jul 16 2018,106.50,106.92,106.19,106.83,106.29,1167000
Jul 17 2012,27.86,28.25,27.59,28.13,24.04,2143500
Jul 17 2013,39.07,39.07,38.37,38.49,38.04,4031400
Jul 17 2014,61.22,62.99,60.37,60.61,59.89,7161600
Jul 17 2015,93.63,94.67,92.49,93.24,92.14,3670700
Jul 17 2017,86.44,87.06,86.17,86.50,85.48,955400
Jul 17 2018,106.74,108.48,106.15,108.41,107.86,1805300
Jul 18 2011,33.04,33.07,32.44,32.59,25.81,1609500
Jul 18 2012,27.89,28.72,27.72,28.60,24.44,3215000
Jul 18 2013,38.45,39.24,38.45,39.16,38.70,4280400
Jul 18 2014,60.46,62.55,60.31,62.44,61.70,3319200
Jul 18 2016,78.61,79.60,78.61,79.55,78.61,1314100
Jul 18 2017,86.92,87.17,85.20,85.87,84.86,2088700
Jul 18 2018,108.23,108.38,106.46,106.59,106.05,1428500
Jul 19 2011,33.04,33.93,32.87,33.03,26.16,2768200
Jul 19 2012,28.63,28.81,27.72,27.79,23.75,1989400
Jul 19 2013,38.69,39.20,38.28,38.63,38.17,4880000
Jul 19 2016,79.45,80.08,78.60,79.36,78.42,1607700
Jul 19 2017,85.96,86.66,85.05,85.23,84.22,2308900
Jul 19 2018,106.22,108.01,105.64,107.70,107.15,3015900
Jul 20 2011,33.20,33.51,32.69,33.25,26.33,721700
Jul 20 2012,27.71,27.81,27.41,27.52,23.52,1608400
Jul 20 2015,93.68,93.89,92.82,93.17,92.07,1907500
Jul 20 2016,79.63,80.60,79.63,80.53,79.58,1699200
Jul 20 2017,85.22,86.76,85.02,85.76,84.75,2254700
Jul 20 2018,107.99,108.31,107.04,108.00,107.45,1216200
Jul 21 2011,33.43,34.56,33.43,34.43,27.27,1554300
Jul 21 2014,62.05,62.05,60.90,61.55,60.82,3316900
Jul 21 2015,93.01,93.34,91.64,92.28,91.19,1897200
Jul 21 2016,80.37,81.79,80.17,80.63,79.68,2750100
Jul 21 2017,86.14,86.50,85.22,85.73,84.72,2150300
Jul 22 2011,34.32,34.92,34.02,34.61,27.41,2101300
Jul 22 2013,38.53,39.34,38.29,39.22,38.76,2298600
Jul 22 2014,61.47,63.60,59.39,61.77,61.04,7262300
Jul 22 2015,92.07,93.76,91.93,93.27,92.17,2073200
Jul 22 2016,81.02,81.20,79.30,80.35,79.40,1451000
Jul 23 2012,26.97,27.15,26.35,27.02,23.09,1466500
Jul 23 2013,39.21,39.28,38.61,39.10,38.64,2244800
Jul 23 2014,62.00,62.68,61.07,62.05,61.32,2486300
Jul 23 2015,93.44,94.44,93.02,93.32,92.22,1451300
Jul 23 2018,109.44,110.00,108.22,108.36,107.81,2038600
Jul 24 2012,27.08,27.17,26.51,26.76,22.87,2149400
Jul 24 2013,39.10,39.23,38.66,38.76,38.30,1463800
Jul 24 2014,61.89,62.41,61.39,61.50,60.77,3002200
Jul 24 2015,92.97,93.39,92.21,92.83,91.73,1765900
Jul 24 2017,85.74,86.62,85.50,86.09,85.07,2533300
Jul 24 2018,108.00,108.46,107.25,108.16,107.61,2428100
Jul 25 2011,30.05,30.80,27.51,27.97,22.15,25100300
Jul 25 2012,26.89,27.25,26.72,27.16,23.21,2332500
Jul 25 2013,38.54,38.70,38.44,38.68,38.22,1292300
Jul 25 2014,62.80,64.00,62.57,62.90,62.16,4286400
Jul 25 2016,80.23,80.49,79.10,79.70,78.76,1778600
Jul 25 2017,82.60,84.68,81.79,82.18,81.21,4952300
Jul 25 2018,111.85,119.40,111.41,118.13,117.53,4998800
Jul 26 2011,27.67,28.38,26.96,28.04,22.21,7726300
Jul 26 2012,27.50,27.54,25.99,26.90,22.99,4275300
Jul 26 2013,38.71,39.90,38.68,39.74,39.27,2830800
Jul 26 2016,79.48,80.15,79.08,79.66,78.72,2614600
Jul 26 2017,81.00,82.47,80.19,81.63,80.67,4316000
Jul 26 2018,119.39,124.51,118.82,124.30,123.67,3970000
Jul 27 2011,27.96,28.38,27.33,27.37,21.68,7519300
Jul 27 2012,27.01,27.44,26.77,27.31,23.34,1517400
Jul 27 2015,92.60,92.62,91.38,92.03,90.94,1525800
Jul 27 2016,77.54,78.92,76.41,77.98,77.06,3886200
Jul 27 2017,81.02,81.23,79.62,79.96,79.02,2816600
Jul 27 2018,124.47,124.47,122.17,124.15,123.52,2252300
Jul 28 2011,27.52,27.90,26.89,27.22,21.56,3745300
Jul 28 2014,62.95,63.90,62.60,63.65,62.90,4053800
Jul 28 2015,92.20,92.66,90.93,92.29,91.20,2124300
Jul 28 2016,74.88,78.87,74.10,77.88,76.96,4733900
Jul 28 2017,80.11,81.62,80.08,80.44,79.49,2461800
Jul 29 2011,27.03,27.15,26.50,26.68,21.13,4122700
Jul 29 2013,39.70,40.13,39.01,39.05,38.59,1955300
Jul 29 2014,63.78,65.27,62.72,65.07,64.30,4907000
Jul 29 2015,92.50,94.16,92.13,93.56,92.46,2167900
Jul 29 2016,76.73,77.86,75.95,77.13,76.22,3725800
Jul 30 2012,27.25,27.68,26.85,27.14,23.19,1182400
Jul 30 2013,39.25,39.29,38.08,39.09,38.63,3886800
Jul 30 2014,64.58,66.71,64.58,66.26,65.48,5152700
Jul 30 2015,93.30,93.59,92.09,92.96,91.86,1614300
Jul 30 2018,124.40,126.41,123.29,124.05,123.42,1912800
Jul 31 2012,27.11,27.14,26.32,26.48,22.63,2355400
Jul 31 2013,39.11,39.21,38.84,39.00,38.54,3357300
Jul 31 2014,65.53,65.57,64.51,65.31,64.54,4663300
Jul 31 2015,93.65,94.31,92.78,93.01,91.91,1800400
Jul 31 2017,80.33,80.58,79.53,80.34,79.39,2016200
Jul 31 2018,123.77,124.47,122.37,124.23,123.60,1650500
Aug 01 2011,26.96,27.19,23.53,24.94,19.75,11984800
Aug 01 2012,26.64,26.99,26.18,26.24,22.42,1553400
Aug 01 2013,39.00,39.96,38.40,39.08,38.62,4306200
Aug 01 2014,65.09,66.50,64.77,65.49,64.72,3627200
Aug 01 2016,77.00,77.75,75.08,75.52,74.63,3775700
Aug 01 2017,80.46,80.90,79.18,79.28,78.34,3178900
Aug 01 2018,124.68,127.25,124.20,124.58,123.95,2156100
Aug 02 2011,25.95,26.09,24.34,24.64,19.51,4763100
Aug 02 2012,26.23,26.75,26.10,26.44,22.59,1563500
Aug 02 2013,39.00,39.28,38.87,39.04,38.58,2318400
Aug 02 2016,75.45,76.08,74.65,75.04,74.15,3591900
Aug 02 2017,79.40,79.67,78.72,78.98,78.05,2714900
Aug 02 2018,124.42,125.31,123.91,125.28,124.64,2112700
Aug 03 2011,24.57,24.90,22.71,24.76,19.61,8645800
Aug 03 2012,26.83,26.95,26.17,26.60,22.73,2093400
Aug 03 2015,92.88,94.17,92.44,92.88,91.78,1616400
Aug 03 2016,74.25,75.94,74.11,75.71,74.82,2943400
Aug 03 2017,78.46,79.35,78.31,78.96,78.03,1552100
Aug 03 2018,125.79,130.29,125.70,130.16,129.50,2831900
Aug 04 2011,24.63,24.65,22.58,22.90,18.14,6587900
Aug 04 2014,65.93,66.28,65.02,65.83,65.05,3952900
Aug 04 2015,93.70,94.41,93.21,94.04,92.93,1749300
Aug 04 2016,75.64,75.70,75.00,75.25,74.36,1669100
Aug 04 2017,79.29,79.44,78.67,78.87,77.94,1156600
Aug 05 2011,23.09,23.25,21.69,21.99,17.42,5344500
Aug 05 2013,39.04,39.74,38.98,39.56,39.09,1848400
Aug 05 2014,66.36,67.39,66.10,66.80,66.01,5630600
Aug 05 2015,93.73,94.15,87.28,92.26,91.17,6346800
Aug 05 2016,75.60,75.93,75.26,75.84,74.94,2955300
Aug 06 2012,26.18,26.25,23.91,25.55,21.83,10563000
Aug 06 2013,39.52,39.52,38.08,38.33,37.88,3576700
Aug 06 2014,66.56,68.09,65.74,67.03,66.24,5097700
Aug 06 2015,90.78,93.05,90.73,91.38,90.30,2616000
Aug 06 2018,129.71,131.10,128.69,128.81,128.16,2199700
Aug 07 2012,26.26,27.59,26.25,26.89,22.98,3625600
Aug 07 2013,38.18,38.42,37.80,38.06,37.61,2097600
Aug 07 2014,67.43,68.00,66.93,67.22,66.43,2495500
Aug 07 2015,91.80,92.38,90.65,91.46,90.38,1988100
Aug 07 2017,78.77,79.13,78.41,78.49,77.56,1684700
Aug 07 2018,128.00,129.63,127.86,129.44,128.78,1051100
Aug 08 2011,21.58,21.67,17.25,18.19,14.41,10496600
Aug 08 2012,26.71,27.38,26.69,27.25,23.29,2286100
Aug 08 2013,38.20,38.81,38.19,38.53,38.08,2134700
Aug 08 2014,67.21,67.72,65.85,67.13,66.34,3346200
Aug 08 2016,76.02,77.07,75.65,76.25,75.35,3698200
Aug 08 2017,78.00,78.79,77.22,78.13,77.21,3036400
Aug 08 2018,130.04,130.61,128.23,128.31,127.66,2009300
Aug 09 2011,18.51,19.26,17.03,18.35,14.53,8246200
Aug 09 2012,27.26,27.80,27.10,27.41,23.42,1801500
Aug 09 2013,38.58,39.20,38.53,39.01,38.55,2298400
Aug 09 2016,76.21,77.10,75.89,76.14,75.24,2472500
Aug 09 2017,78.23,78.26,77.62,77.92,77.00,1766800
Aug 09 2018,128.50,128.60,127.15,128.20,127.55,1331700
Aug 10 2011,17.80,18.96,17.68,18.58,14.71,12044400
Aug 10 2012,27.12,27.30,26.99,27.21,23.25,1593200
Aug 10 2015,91.88,92.99,91.08,91.43,90.35,1637100
Aug 10 2016,75.99,77.06,75.88,76.48,75.58,1596200
Aug 10 2017,77.79,78.10,77.55,77.81,76.89,2519800
Aug 10 2018,127.91,128.33,127.17,128.17,127.52,1286800
Aug 11 2011,18.79,19.87,18.75,19.47,15.42,7056800
Aug 11 2014,67.40,67.40,65.75,65.93,65.15,2750200
Aug 11 2015,90.69,91.27,89.08,90.46,89.39,2007400
Aug 11 2016,76.54,77.49,76.43,77.12,76.21,2598400
Aug 11 2017,77.63,79.69,77.63,79.37,78.43,2491800
Aug 12 2011,19.52,21.41,18.59,21.22,16.81,6145000
Aug 12 2013,39.02,39.12,38.56,38.77,38.31,1303000
Aug 12 2014,65.82,66.07,65.06,65.41,64.64,3368500
Aug 12 2015,89.46,91.30,88.30,90.88,89.81,1923400
Aug 12 2016,77.02,77.18,76.46,76.64,75.74,1469400
Aug 13 2012,27.17,27.46,26.94,27.09,23.15,1526300
Aug 13 2013,38.88,39.09,38.36,38.63,38.17,2109800
Aug 13 2014,65.81,66.57,65.56,66.39,65.61,2739100
Aug 13 2015,91.11,91.89,90.46,90.85,89.78,1247100
Aug 13 2018,128.23,130.04,128.16,128.65,128.00,973500
Aug 14 2012,27.26,27.49,26.76,27.19,23.24,2132800
Aug 14 2013,38.82,39.50,38.71,39.12,38.66,2620900
Aug 14 2014,66.72,67.34,66.68,67.20,66.41,1682600
Aug 14 2015,91.22,91.86,90.90,91.40,90.32,1871400
Aug 14 2017,79.62,79.76,78.95,79.52,78.58,2032200
Aug 14 2018,129.21,130.31,128.95,130.01,129.35,1033200
Aug 15 2011,21.42,23.55,21.42,22.58,17.88,7085300
Aug 15 2012,27.29,27.33,26.97,27.27,23.30,2387900
Aug 15 2013,38.63,38.83,37.98,38.41,37.96,2304500
Aug 15 2014,67.35,67.99,67.26,67.74,66.94,2330100
Aug 15 2016,76.72,77.80,76.52,77.42,76.51,2070800
Aug 15 2017,79.81,80.16,78.86,79.25,78.31,1599200
Aug 15 2018,129.67,130.84,128.91,129.63,128.97,1724400
Aug 16 2011,22.33,22.41,21.52,21.77,17.24,2753200
Aug 16 2012,27.32,28.28,27.23,28.11,24.02,2282400
Aug 16 2013,38.42,38.45,37.80,37.90,37.45,1926500
Aug 16 2016,77.00,77.00,76.11,76.11,75.21,2648400
Aug 16 2017,79.30,79.63,78.82,78.99,78.06,1275600
Aug 16 2018,130.45,130.57,128.89,129.02,128.37,1510900
Aug 17 2011,21.95,22.06,20.81,20.99,16.62,3437400
Aug 17 2012,28.21,29.27,28.00,29.01,24.79,2604800
Aug 17 2015,90.81,91.52,89.76,91.32,90.24,2850700
Aug 17 2016,75.94,75.94,73.29,74.02,73.15,5272600
Aug 17 2017,78.81,79.44,77.68,77.79,76.87,1473800
Aug 17 2018,129.66,131.88,129.66,131.57,130.90,1608300
Aug 18 2011,20.49,20.70,19.67,19.96,15.81,3699900
Aug 18 2014,68.18,69.19,68.01,68.87,68.06,2826200
Aug 18 2015,91.35,91.58,90.32,90.48,89.41,1913700
Aug 18 2016,73.75,75.08,73.24,74.66,73.78,2282300
Aug 18 2017,77.64,78.10,77.50,77.53,76.61,1360900
Aug 19 2011,19.67,20.05,19.06,19.27,15.26,1865200
Aug 19 2013,37.96,38.38,37.75,38.05,37.60,2391000
Aug 19 2014,69.15,69.19,67.88,68.69,67.88,3738800
Aug 19 2015,90.26,90.54,89.27,89.82,88.76,2711400
Aug 19 2016,74.18,74.72,73.91,74.51,73.63,1891300
Aug 20 2012,28.84,29.41,28.84,29.04,24.82,1904700
Aug 20 2013,38.10,38.78,38.00,38.58,38.12,1957800
Aug 20 2014,68.35,68.76,67.78,68.53,67.72,2782000
Aug 20 2015,89.25,89.25,87.01,87.05,86.02,2861500
Aug 20 2018,131.59,132.40,131.06,131.46,130.79,1112700
Aug 21 2012,29.10,29.15,28.50,28.60,24.44,1372300
Aug 21 2013,38.51,38.76,38.10,38.26,37.81,2558900
Aug 21 2014,68.77,68.83,68.20,68.45,67.64,1956900
Aug 21 2015,86.21,87.00,84.10,86.25,85.23,6136800
Aug 21 2017,77.51,78.44,77.43,78.26,77.34,1703100
Aug 21 2018,131.44,132.21,130.29,130.61,129.95,2208900
Aug 22 2011,19.57,19.91,18.80,19.06,15.09,1310900
Aug 22 2012,28.51,28.66,28.24,28.30,24.18,979300
Aug 22 2013,38.43,38.99,38.23,38.50,38.05,1307600
Aug 22 2014,68.54,69.49,68.54,69.26,68.44,1539200
Aug 22 2016,74.51,75.00,74.33,74.79,73.91,1314700
Aug 22 2017,78.36,78.93,78.23,78.79,77.86,1331100
Aug 22 2018,130.50,131.48,130.29,131.11,130.45,973300
Aug 23 2011,19.14,19.60,18.55,19.58,15.51,3408800
Aug 23 2012,28.30,28.32,27.87,28.13,24.04,1163700
Aug 23 2013,38.50,38.51,38.04,38.26,37.81,2651900
Aug 23 2016,75.02,75.56,74.71,74.97,74.08,1170800
Aug 23 2017,78.62,79.08,78.16,78.90,77.97,1789500
Aug 23 2018,131.13,131.38,130.25,131.08,130.42,1245200
Aug 24 2011,19.56,20.24,19.09,20.04,15.87,2030400
Aug 24 2012,28.02,28.31,27.92,28.12,24.03,1221400
Aug 24 2015,81.54,85.97,43.91,84.31,83.31,5482700
Aug 24 2016,74.90,74.99,73.90,74.02,73.15,2815600
Aug 24 2017,79.11,79.67,78.89,79.26,78.32,1412600
Aug 24 2018,131.22,131.64,130.09,131.36,130.69,692400
Aug 25 2011,20.24,20.24,18.87,19.06,15.09,1532500
Aug 25 2014,69.36,69.72,68.53,68.77,67.96,2152000
Aug 25 2015,85.90,86.61,83.08,83.11,82.13,4093200
Aug 25 2016,74.16,75.46,73.85,75.02,74.13,2653700
Aug 25 2017,79.37,80.12,78.89,79.51,78.57,1245700
Aug 26 2011,19.02,19.60,18.47,19.50,15.44,1456000
Aug 26 2013,38.33,39.64,38.21,39.38,38.91,2657900
Aug 26 2014,68.99,69.51,68.84,69.27,68.45,2078500
Aug 26 2015,84.70,87.09,83.83,86.95,85.92,4152900
Aug 26 2016,74.96,75.44,73.69,74.26,73.38,2794400
Aug 27 2012,28.19,28.43,27.99,28.36,24.23,1742600
Aug 27 2013,38.89,39.12,38.39,38.50,38.05,2855500
Aug 27 2014,69.25,69.58,69.04,69.25,68.43,1240100
Aug 27 2015,87.48,89.84,86.76,88.84,87.79,3115500
Aug 27 2018,131.45,131.87,130.72,131.26,130.59,876800
Aug 28 2012,28.36,28.54,28.15,28.35,24.23,1039400
Aug 28 2013,38.50,39.00,38.41,38.57,38.11,2032200
Aug 28 2014,69.20,69.46,68.94,68.98,68.17,1153100
Aug 28 2015,88.48,89.23,87.94,88.82,87.77,2195200
Aug 28 2017,79.43,79.78,78.90,79.16,78.23,1370100
Aug 28 2018,131.52,132.25,130.14,130.24,129.58,1392400
Aug 29 2011,19.73,20.44,19.64,19.98,15.82,2126400
Aug 29 2012,28.33,28.47,28.21,28.32,24.20,1103100
Aug 29 2013,38.47,39.11,38.47,38.75,38.29,1317500
Aug 29 2014,68.98,70.07,68.98,69.82,69.00,1779800
Aug 29 2016,74.20,75.15,74.15,74.96,74.07,1477900
Aug 29 2017,78.32,78.77,76.97,77.59,76.67,2808700
Aug 29 2018,130.98,132.57,130.45,132.13,131.46,1296000
Aug 30 2011,19.93,20.00,19.61,19.86,15.73,1880200
Aug 30 2012,28.13,28.59,28.08,28.51,24.36,1346600
Aug 30 2013,38.71,38.87,37.99,38.19,37.74,2079000
Aug 30 2016,74.96,76.17,74.96,76.12,75.22,1845500
Aug 30 2017,77.47,77.70,76.85,77.39,76.48,1429200
Aug 31 2011,19.89,20.41,19.75,20.03,15.86,2863200
Aug 31 2012,28.57,28.87,28.44,28.55,24.40,1304200
Aug 31 2015,89.00,89.61,86.13,86.62,85.60,2644300
Aug 31 2016,75.85,76.15,75.00,75.55,74.66,1932600
Aug 31 2017,77.61,78.88,77.57,78.66,77.73,2127000
Aug 31 2018,131.68,132.53,130.92,131.79,131.12,958200
Sep 01 2011,20.16,20.62,19.08,19.19,15.20,1599200
Sep 01 2015,84.89,85.77,83.60,84.32,83.32,2491000
Sep 01 2016,75.59,75.90,74.76,75.16,74.27,1953000
Sep 01 2017,78.86,79.21,78.15,78.67,77.74,1852100
Sep 02 2011,18.82,19.00,18.31,18.65,14.77,1920900
Sep 02 2014,70.00,70.29,69.06,70.15,69.32,1944400
Sep 02 2015,85.25,85.50,83.74,85.47,84.46,2589900
Sep 02 2016,75.56,76.68,75.35,76.51,75.61,2105300
Sep 03 2013,38.31,38.87,38.30,38.68,38.22,2128900
Sep 03 2014,70.10,70.15,69.14,69.15,68.33,2258100
Sep 03 2015,86.17,88.18,85.74,86.40,85.38,2372200
Sep 04 2012,28.73,28.83,28.32,28.54,24.39,1283300
Sep 04 2013,38.75,38.75,38.40,38.51,38.06,1320000
Sep 04 2014,69.15,69.25,67.42,68.08,67.28,5281400
Sep 04 2015,85.26,86.25,84.45,85.41,84.40,1721100
Sep 04 2018,138.07,138.18,133.89,134.03,133.71,3377800
Sep 05 2012,28.60,28.93,28.44,28.73,24.55,1492200
Sep 05 2013,38.44,38.92,38.44,38.69,38.23,5440800
Sep 05 2014,68.18,69.86,68.06,69.24,68.42,4968200
Sep 05 2017,78.58,79.01,78.06,78.31,77.39,2151900
Sep 05 2018,133.98,134.92,132.73,133.79,133.47,1835800
Sep 06 2011,18.08,18.91,17.87,18.76,14.86,2363000
Sep 06 2012,28.82,29.67,28.82,29.34,25.07,2538200
Sep 06 2013,38.78,39.89,38.49,39.52,39.05,2394300
Sep 06 2016,76.25,76.28,74.94,76.15,75.25,4533900
Sep 06 2017,78.44,78.44,76.14,77.28,76.37,2784800
Sep 06 2018,134.02,134.37,131.55,132.30,131.98,1572200
Sep 07 2011,19.10,20.11,18.90,19.84,15.71,2327200
Sep 07 2012,29.40,29.65,29.13,29.31,25.05,1309900
Sep 07 2016,76.43,79.28,75.80,78.13,77.21,3536700
Sep 07 2017,77.26,77.73,76.10,76.37,75.47,2789000
Sep 07 2018,131.80,133.18,131.54,132.47,132.15,1403700
Sep 08 2011,19.71,20.15,19.42,19.49,15.44,1371000
Sep 08 2014,69.50,70.45,69.35,70.23,69.40,2219400
Sep 08 2015,87.04,87.90,86.41,87.42,86.39,1986900
Sep 08 2016,78.00,78.11,77.39,77.98,77.06,1419900
Sep 08 2017,76.18,77.10,75.74,77.05,76.14,1921800
Sep 09 2011,19.32,19.59,18.28,18.30,14.49,2378000
Sep 09 2013,39.51,39.55,38.43,38.84,38.38,4034300
Sep 09 2014,70.88,72.48,70.64,70.70,69.87,3690800
Sep 09 2015,88.44,88.46,85.76,85.97,84.95,1912200
Sep 09 2016,77.46,77.79,75.94,75.94,75.04,1834800
Sep 10 2012,29.25,29.35,28.99,29.20,24.95,1098600
Sep 10 2013,39.03,39.54,39.02,39.34,38.88,2707800
Sep 10 2014,70.62,71.09,70.02,70.83,69.99,2374400
Sep 10 2015,85.80,86.45,84.85,85.28,84.27,2983300
Sep 10 2018,132.89,132.95,130.97,131.50,131.18,1451000
Sep 11 2012,29.18,29.29,28.90,28.93,24.72,939200
Sep 11 2013,39.35,39.83,39.35,39.70,39.23,1760400
Sep 11 2014,70.71,72.43,70.71,72.35,71.50,2443100
Sep 11 2015,85.01,85.95,84.40,84.69,83.69,3278800
Sep 11 2017,77.81,78.79,77.01,78.35,77.42,1876800
Sep 11 2018,131.61,132.70,131.26,131.78,131.46,1707300
Sep 12 2011,18.09,18.84,17.60,18.40,14.57,3584300
Sep 12 2012,29.02,29.31,29.00,29.16,24.92,1716700
Sep 12 2013,39.67,39.91,38.95,39.74,39.27,3206300
Sep 12 2014,72.55,73.19,71.01,71.56,70.71,2636400
Sep 12 2016,75.36,77.50,74.94,77.05,76.14,2779700
Sep 12 2017,78.30,78.95,77.91,78.76,77.83,1362400
Sep 12 2018,131.83,132.28,130.18,131.50,131.18,2103200
Sep 13 2011,18.07,18.07,17.20,17.66,13.99,4192500
Sep 13 2012,29.12,30.35,29.12,30.30,25.89,2704900
Sep 13 2013,39.86,40.58,39.75,40.29,39.81,2843500
Sep 13 2016,76.14,76.59,75.52,76.16,75.26,1740700
Sep 13 2017,78.61,79.01,78.46,78.94,78.01,1668600
Sep 13 2018,131.78,133.90,131.78,133.84,133.52,1547400
Sep 14 2011,17.71,19.11,17.60,18.61,14.74,7234800
Sep 14 2012,30.37,31.83,30.22,31.16,26.63,2967500
Sep 14 2015,85.06,86.09,84.64,84.98,83.98,2719900
Sep 14 2016,76.02,76.02,74.05,75.13,74.24,4022500
Sep 14 2017,79.08,79.94,78.47,79.87,78.93,1840100
Sep 14 2018,134.09,134.73,133.56,133.63,133.31,990400
Sep 15 2011,19.96,21.00,19.93,20.84,16.50,7338600
Sep 15 2014,71.57,71.89,70.90,71.34,70.50,1597900
Sep 15 2015,85.11,86.20,84.46,85.84,84.83,1849700
Sep 15 2016,74.98,75.88,74.70,75.39,74.50,1951700
Sep 15 2017,79.87,80.38,78.73,79.24,78.30,2451700
Sep 16 2011,21.26,21.54,20.75,21.23,16.81,3972600
Sep 16 2013,40.73,41.57,40.70,41.10,40.61,2959700
Sep 16 2014,71.20,72.20,70.90,71.70,70.85,3077800
Sep 16 2015,85.59,85.72,84.09,85.20,84.19,3077300
Sep 16 2016,75.25,76.00,74.87,75.29,74.40,3955000
Sep 17 2012,31.16,31.97,30.77,31.84,27.21,1939900
Sep 17 2013,41.04,41.32,40.62,41.31,40.82,1912200
Sep 17 2014,72.16,72.44,71.28,71.48,70.64,2049400
Sep 17 2015,85.52,87.05,84.39,86.02,85.00,3211200
Sep 17 2018,134.03,134.20,132.35,132.70,132.38,866000
Sep 18 2012,31.69,33.29,31.62,32.67,27.92,4804500
Sep 18 2013,41.50,42.75,41.36,42.75,42.25,6365800
Sep 18 2014,71.77,72.76,71.37,72.36,71.51,1807800
Sep 18 2015,84.96,86.04,82.47,82.48,81.51,8943600
Sep 18 2017,79.28,79.35,77.01,77.68,76.76,2810100
Sep 18 2018,132.89,134.51,132.89,133.78,133.46,1927600
Sep 19 2011,20.73,20.74,19.74,19.81,15.69,3967900
Sep 19 2012,32.67,32.90,32.43,32.75,27.99,2534500
Sep 19 2013,42.75,43.11,42.29,42.34,41.84,3376000
Sep 19 2014,72.80,73.63,71.94,73.48,72.61,3008100
Sep 19 2016,75.42,76.70,75.41,75.85,74.95,1440800
Sep 19 2017,77.53,77.75,75.56,76.30,75.40,4522400
Sep 19 2018,133.72,133.72,131.62,131.92,131.60,2461200
Sep 20 2011,20.00,20.19,19.49,19.90,15.76,2470400
Sep 20 2012,32.52,32.70,32.40,32.51,27.78,1517200
Sep 20 2013,42.34,42.50,41.80,42.16,41.66,3706700
Sep 20 2016,76.00,76.13,74.68,74.95,74.06,2362700
Sep 20 2017,76.37,77.90,76.23,77.75,76.83,2659900
Sep 20 2018,132.82,133.79,132.38,132.70,132.38,1304400
Sep 21 2011,19.89,20.52,19.75,19.82,15.70,4255800
Sep 21 2012,32.70,32.75,32.56,32.56,27.82,2007200
Sep 21 2015,83.35,84.04,81.21,82.24,81.27,3445000
Sep 21 2016,74.95,75.90,74.73,75.44,74.55,2808600
Sep 21 2017,77.79,77.89,77.31,77.65,76.73,1366000
Sep 21 2018,132.93,133.79,132.85,133.37,133.05,3714700
Sep 22 2011,19.03,20.33,19.03,19.92,15.78,3843300
Sep 22 2014,73.56,73.94,72.14,72.63,71.77,2004700
Sep 22 2015,81.58,83.00,81.02,82.70,81.72,3075900
Sep 22 2016,76.04,76.71,75.84,76.38,75.48,2366600
Sep 22 2017,77.44,78.94,77.44,78.22,77.30,3027100
Sep 23 2011,19.53,19.84,19.23,19.46,15.41,2915600
Sep 23 2013,42.18,42.18,41.50,42.01,41.51,2068900
Sep 23 2014,72.43,72.99,72.00,72.08,71.23,1962900
Sep 23 2015,82.71,84.64,82.14,84.16,83.17,3223700
Sep 23 2016,76.97,77.35,76.03,76.12,75.22,1959200
Sep 24 2012,32.36,32.54,32.15,32.20,27.52,1961000
Sep 24 2013,41.87,42.05,41.30,41.45,40.96,3862300
Sep 24 2014,72.38,73.35,71.61,73.12,72.26,1458700
Sep 24 2015,83.42,83.68,81.67,81.90,80.93,2766600
Sep 24 2018,133.34,134.96,133.34,134.31,133.98,1090800
Sep 25 2012,32.24,32.43,31.83,31.84,27.21,1393500
Sep 25 2013,41.78,42.13,41.56,42.03,41.53,2566700
Sep 25 2014,73.01,73.18,71.40,71.54,70.70,1929400
Sep 25 2015,82.58,82.99,79.26,79.45,78.51,3997800
Sep 25 2017,77.88,78.47,75.77,76.25,75.35,2730400
Sep 25 2018,134.81,135.35,133.39,134.52,134.19,1896200
Sep 26 2011,19.77,20.00,19.37,19.85,15.72,2518400
Sep 26 2012,31.83,32.20,31.21,31.97,27.32,2267200
Sep 26 2013,42.21,42.56,42.06,42.37,41.87,1819000
Sep 26 2014,71.78,72.27,70.31,71.20,70.36,1987600
Sep 26 2016,75.77,75.98,74.48,74.91,74.03,2991700
Sep 26 2017,76.76,77.84,76.75,77.65,76.73,1972000
Sep 26 2018,135.02,137.26,134.49,136.63,136.30,1965300
Sep 27 2011,20.30,20.37,19.75,19.83,15.70,1372800
Sep 27 2012,32.08,33.25,32.07,33.05,28.24,2825800
Sep 27 2013,42.07,42.57,41.91,42.07,41.57,2767500
Sep 27 2016,74.88,75.37,74.64,75.13,74.24,1833000
Sep 27 2017,77.85,78.35,77.04,78.17,77.25,1949800
Sep 27 2018,136.68,138.96,136.57,138.33,137.99,2427000
Sep 28 2011,19.88,19.88,19.20,19.20,15.21,1467000
Sep 28 2012,32.78,33.55,32.78,33.25,28.41,3565200
Sep 28 2015,78.96,78.96,72.79,74.03,73.16,8229300
Sep 28 2016,75.30,75.63,74.37,75.43,74.54,2171100
Sep 28 2017,77.83,79.58,77.76,79.10,78.17,1928100
Sep 28 2018,138.01,139.37,136.76,139.12,138.78,2013100
Sep 29 2011,19.50,19.94,19.23,19.80,15.68,1730100
Sep 29 2014,70.82,72.10,70.59,71.77,70.92,1872300
Sep 29 2015,74.05,74.75,71.34,74.08,73.21,7131900
Sep 29 2016,75.39,76.04,74.67,75.26,74.37,2452200
Sep 29 2017,79.11,79.71,78.97,79.59,78.65,1455800
Sep 30 2011,19.52,20.31,19.47,20.16,15.97,4126700
Sep 30 2013,41.96,43.00,41.77,42.75,42.25,3834200
Sep 30 2014,72.00,72.19,70.43,70.52,69.69,3417100
Sep 30 2015,75.00,77.98,74.50,77.36,76.45,5818600
Sep 30 2016,75.52,75.89,74.74,75.63,74.74,2572600
Oct 01 2012,33.24,34.32,32.97,33.75,28.84,2635600
Oct 01 2013,42.81,44.61,42.60,44.60,44.07,7655000
Oct 01 2014,70.52,70.52,68.26,68.45,67.64,4445500
Oct 01 2015,77.32,78.33,75.55,77.09,76.18,3605500
Oct 01 2018,139.95,140.54,139.16,140.30,139.96,1616000
Oct 02 2012,33.73,34.27,32.96,33.26,28.42,2375400
Oct 02 2013,44.53,45.46,44.27,45.34,44.80,7025000
Oct 02 2014,68.75,69.54,67.19,69.37,68.55,3472000
Oct 02 2015,75.78,77.91,74.76,77.89,76.97,3898400
Oct 02 2017,79.79,80.40,79.05,79.92,78.98,1557900
Oct 02 2018,140.30,141.05,137.70,137.93,137.60,2151700
Oct 03 2011,20.09,20.49,18.72,18.81,14.90,4123900
Oct 03 2012,33.39,33.39,32.72,32.88,28.10,2836800
Oct 03 2013,45.29,47.07,45.29,45.94,45.40,8183500
Oct 03 2014,69.71,71.63,69.50,71.25,70.41,2992600
Oct 03 2016,75.17,75.20,74.04,74.55,73.67,1961000
Oct 03 2017,79.72,80.18,79.13,79.48,78.54,1696700
Oct 03 2018,138.64,139.06,137.90,138.65,138.31,1498800
Oct 04 2011,18.51,18.68,17.43,18.61,14.74,4096800
Oct 04 2012,31.51,32.66,30.21,32.18,27.50,3999300
Oct 04 2013,46.00,46.60,45.76,46.10,45.56,3778900
Oct 04 2016,74.63,75.16,74.06,74.50,73.62,1905200
Oct 04 2017,79.26,79.63,77.33,77.69,76.77,2201200
Oct 04 2018,138.58,139.35,137.94,139.22,138.88,1389000
Oct 05 2011,17.88,18.84,17.70,18.07,14.31,4669800
Oct 05 2012,32.48,32.95,31.77,31.96,27.31,1890400
Oct 05 2015,78.67,81.39,77.91,78.85,77.92,4077000
Oct 05 2016,74.67,75.11,74.55,74.74,73.86,1306400
Oct 05 2017,77.62,78.67,77.12,77.26,76.35,3200400
Oct 05 2018,139.23,140.90,138.28,138.97,138.63,1512900
Oct 06 2011,18.11,18.80,17.99,18.27,14.47,2032500
Oct 06 2014,71.54,71.77,70.08,70.91,70.07,2351400
Oct 06 2015,78.95,79.31,76.06,77.20,76.29,3837500
Oct 06 2016,74.66,74.87,74.11,74.60,73.72,1790800
Oct 06 2017,77.35,77.71,76.43,76.64,75.74,1998900
Oct 07 2011,18.58,19.02,18.15,18.60,14.73,2169300
Oct 07 2013,44.79,46.51,44.79,46.26,45.71,3173400
Oct 07 2014,70.51,71.94,69.91,70.99,70.15,3457600
Oct 07 2015,77.32,77.85,75.45,77.55,76.63,4021800
Oct 07 2016,74.68,75.38,73.86,74.23,73.35,2189500
Oct 08 2012,32.04,32.10,31.22,31.32,26.76,3823000
Oct 08 2013,46.54,46.70,45.71,45.81,45.27,4683100
Oct 08 2014,71.28,72.36,70.34,72.09,71.24,3524900
Oct 08 2015,76.95,77.34,74.77,76.66,75.75,3380300
Oct 08 2018,138.98,139.35,137.44,138.88,138.54,1215100
Oct 09 2012,31.36,31.46,29.94,30.73,26.26,2972300
Oct 09 2013,45.92,46.69,45.80,46.01,45.47,4015000
Oct 09 2014,72.00,72.11,69.14,69.48,68.66,3260300
Oct 09 2015,76.66,78.30,75.95,77.91,76.99,2972700
Oct 09 2017,76.40,76.53,74.48,75.31,74.42,2455300
Oct 09 2018,139.16,141.11,138.60,139.58,139.24,1649800
Oct 10 2011,18.99,19.28,18.82,19.18,15.19,1054600
Oct 10 2012,30.73,30.80,30.09,30.40,25.98,2497600
Oct 10 2013,46.30,46.75,45.54,45.65,45.11,4319900
Oct 10 2014,69.29,71.07,68.81,69.06,68.24,3489900
Oct 10 2016,74.55,76.25,74.55,75.95,75.05,3811700
Oct 10 2017,75.45,76.34,74.90,75.45,74.56,2817600
Oct 10 2018,139.77,139.99,134.99,135.09,134.76,1642300
Oct 11 2011,19.19,19.26,18.86,19.10,15.13,875700
Oct 11 2012,31.09,31.56,30.71,30.99,26.48,3291700
Oct 11 2013,45.68,46.82,45.67,46.56,46.01,3005800
Oct 11 2016,76.25,76.25,75.06,75.76,74.87,2767900
Oct 11 2017,75.42,75.85,75.04,75.53,74.64,1862800
Oct 11 2018,136.41,137.67,132.24,132.43,132.11,1940600
Oct 12 2011,19.29,20.80,19.11,20.32,16.09,4898800
Oct 12 2012,31.00,31.14,30.77,30.92,26.42,1789800
Oct 12 2015,77.53,78.37,76.78,77.79,76.87,2242000
Oct 12 2016,75.87,76.93,75.42,76.89,75.98,3645900
Oct 12 2017,75.33,75.48,73.64,74.22,73.34,4312900
Oct 12 2018,133.99,135.71,132.73,133.86,133.54,1605800
Oct 13 2011,20.12,21.21,19.92,21.13,16.73,3378300
Oct 13 2014,69.04,70.67,66.96,67.05,66.26,3896500
Oct 13 2015,77.32,78.48,75.70,75.86,74.96,4023300
Oct 13 2016,76.96,80.41,76.88,80.29,79.34,6765600
Oct 13 2017,71.50,74.72,71.18,74.58,73.70,4928000
Oct 14 2011,21.47,22.16,21.34,22.05,17.46,3463600
Oct 14 2013,46.20,46.45,45.30,46.33,45.78,2444500
Oct 14 2014,67.60,68.10,64.96,66.98,66.19,3225500
Oct 14 2015,76.11,77.14,75.39,76.02,75.12,3887200
Oct 14 2016,80.49,81.28,79.94,80.32,79.37,2868600
Oct 15 2012,31.03,31.91,31.00,31.80,27.17,3604400
Oct 15 2013,46.39,46.44,45.52,45.90,45.36,1690800
Oct 15 2014,65.73,66.51,62.50,64.84,64.07,9486700
Oct 15 2015,69.50,72.58,68.13,72.21,71.36,15350400
Oct 15 2018,133.96,134.22,132.68,132.76,132.44,1422600
Oct 16 2012,32.75,32.77,30.64,30.85,26.36,6533500
Oct 16 2013,46.06,46.31,45.57,46.22,45.67,1648600
Oct 16 2014,66.56,68.99,65.06,68.23,67.42,11510000
Oct 16 2015,72.51,74.57,72.10,72.95,72.09,5777300
Oct 16 2017,74.29,75.47,74.25,75.19,74.30,3428500
Oct 16 2018,133.95,135.74,132.34,135.50,135.17,1908800
Oct 17 2011,21.95,22.21,21.46,21.80,17.26,1974300
Oct 17 2012,31.23,31.77,30.60,30.76,26.29,3124500
Oct 17 2013,46.03,47.47,46.03,47.38,46.82,2053600
Oct 17 2014,69.20,70.89,68.65,69.44,68.62,5445300
Oct 17 2016,80.27,80.74,79.95,80.39,79.44,2183800
Oct 17 2017,75.62,78.35,75.30,76.82,75.91,3771300
Oct 17 2018,136.35,137.00,134.18,136.47,136.14,1552000
Oct 18 2011,21.92,22.88,21.76,22.70,17.98,2975500
Oct 18 2012,30.83,30.93,30.51,30.78,26.30,1969900
Oct 18 2013,49.19,49.52,47.60,48.54,47.97,7156100
Oct 18 2016,81.11,82.37,80.76,82.02,81.05,2657200
Oct 18 2017,77.04,78.11,76.97,77.45,76.54,4521900
Oct 18 2018,137.18,137.88,135.34,136.37,136.04,2227200
Oct 19 2011,22.75,22.86,21.76,21.94,17.38,2507400
Oct 19 2012,30.65,30.79,29.86,30.05,25.68,1839400
Oct 19 2015,72.92,73.93,72.13,73.51,72.64,3914500
Oct 19 2016,81.79,82.21,80.95,81.83,80.86,3146700
Oct 19 2017,78.30,79.95,76.86,79.79,78.85,6572100
Oct 19 2018,136.35,136.94,133.37,133.71,133.39,2247300
Oct 20 2011,21.93,22.13,21.11,21.67,17.16,3167400
Oct 20 2014,69.38,70.58,67.69,70.46,69.63,3966600
Oct 20 2015,73.49,74.15,71.85,72.42,71.56,4228100
Oct 20 2016,81.91,82.30,81.33,82.01,81.04,2347300
Oct 20 2017,80.15,81.14,79.95,81.05,80.09,3793200
Oct 21 2011,22.10,23.38,22.10,23.31,18.46,3662500
Oct 21 2013,48.54,48.75,47.43,47.53,46.97,2017500
Oct 21 2014,70.63,71.73,70.44,71.61,70.76,4654700
Oct 21 2015,72.91,72.96,69.78,71.20,70.36,4185200
Oct 21 2016,81.68,82.00,81.13,81.74,80.77,1325000
Oct 22 2012,29.91,30.76,29.83,30.75,26.28,1555700
Oct 22 2013,47.67,48.03,46.97,47.00,46.45,3499200
Oct 22 2014,71.90,72.20,70.02,70.24,69.41,2948800
Oct 22 2015,65.79,69.01,64.04,66.08,65.30,14727000
Oct 22 2018,134.03,134.98,131.57,132.36,132.04,2356200
Oct 23 2012,30.27,30.30,29.60,29.64,25.33,2659900
Oct 23 2013,46.82,46.95,46.24,46.77,46.22,2062200
Oct 23 2014,71.08,71.99,70.30,71.36,70.52,2218600
Oct 23 2015,67.00,69.67,66.40,68.98,68.17,6580500
Oct 23 2017,81.33,81.77,80.69,80.75,79.80,2277200
Oct 23 2018,130.28,130.87,127.50,130.63,130.31,2294500
Oct 24 2011,23.27,23.55,22.54,22.80,18.06,1943500
Oct 24 2012,30.13,30.99,29.91,30.62,26.17,9617700
Oct 24 2013,46.70,46.91,45.35,45.80,45.26,5327400
Oct 24 2014,71.75,72.09,70.59,72.07,71.22,2228200
Oct 24 2016,82.00,82.31,81.68,81.72,80.76,1796300
Oct 24 2017,80.52,80.95,79.12,79.57,78.63,2453100
Oct 24 2018,130.28,131.76,126.22,126.50,126.19,2084100
Oct 25 2011,22.59,22.59,22.10,22.16,17.55,1446000
Oct 25 2012,30.75,31.48,30.75,31.26,26.71,3430600
Oct 25 2013,45.68,47.19,45.68,46.92,46.37,3399400
Oct 25 2016,81.69,82.16,80.61,80.96,80.00,2106300
Oct 25 2017,79.31,79.32,77.95,79.20,78.26,2922200
Oct 25 2018,127.00,128.74,126.51,127.06,126.75,1595600
Oct 26 2011,22.52,22.70,21.45,22.34,17.69,2247300
Oct 26 2015,68.54,70.54,68.39,69.08,68.26,5958000
Oct 26 2016,80.38,80.38,78.69,78.93,78.00,3690600
Oct 26 2017,79.43,79.58,76.70,76.89,75.98,3925400
Oct 26 2018,125.13,128.66,124.32,127.86,127.55,2469600
Oct 27 2011,22.95,22.95,21.33,22.54,17.85,3777400
Oct 27 2014,71.89,72.20,70.99,71.40,70.56,2563100
Oct 27 2015,69.64,70.94,68.36,68.80,67.99,7370800
Oct 27 2016,79.08,81.06,78.94,79.31,78.37,4621700
Oct 27 2017,76.85,77.84,75.98,76.67,75.76,2899600
Oct 28 2011,22.48,23.09,22.26,22.78,18.04,2215300
Oct 28 2013,46.74,47.49,46.64,47.02,46.46,1658900
Oct 28 2014,72.25,72.85,69.04,71.28,70.44,6686300
Oct 28 2015,68.74,69.64,67.05,68.98,68.17,7227900
Oct 28 2016,79.33,79.41,76.26,77.31,76.40,4814100
Oct 29 2013,46.91,47.62,46.50,47.34,46.78,2353900
Oct 29 2014,70.66,71.99,69.58,69.92,69.09,3858600
Oct 29 2015,69.00,69.65,67.67,67.70,66.90,4531500
Oct 29 2018,129.23,132.08,128.79,129.00,128.69,4097500
Oct 30 2013,46.95,47.00,46.40,46.67,46.12,9637400
Oct 30 2014,69.66,69.82,68.45,69.40,68.58,3984500
Oct 30 2015,68.39,69.86,68.01,68.79,67.98,6279300
Oct 30 2017,76.26,76.90,75.95,76.18,75.28,2865600
Oct 30 2018,128.00,136.07,121.17,135.21,134.88,4695800
Oct 31 2011,22.68,23.73,22.52,23.45,18.57,4239400
Oct 31 2012,29.63,29.65,28.40,28.41,26.37,3180100
Oct 31 2013,46.69,47.45,46.67,47.14,46.58,5919700
Oct 31 2014,70.58,70.90,68.91,70.05,69.22,3329200
Oct 31 2016,77.42,77.48,76.25,76.53,75.63,3310200
Oct 31 2017,76.16,77.61,74.99,75.65,74.76,3483100
Oct 31 2018,134.87,137.16,133.03,133.53,133.21,2536200
Nov 01 2011,22.94,25.64,22.50,23.50,18.61,5719200
Nov 01 2012,28.00,30.19,27.92,30.01,27.85,3730600
Nov 01 2013,47.36,47.68,46.67,47.31,46.75,3511000
Nov 01 2016,76.80,77.02,74.97,75.40,74.51,3083400
Nov 01 2017,75.73,77.53,75.29,76.83,75.92,3895600
Nov 01 2018,135.13,136.70,133.65,135.69,135.36,2013300
Nov 02 2011,24.05,24.70,23.31,23.35,18.49,4120600
Nov 02 2012,30.35,30.86,30.00,30.67,28.47,3003600
Nov 02 2015,68.96,70.05,68.79,69.75,68.93,3384900
Nov 02 2016,75.44,75.86,74.98,75.10,74.21,3145000
Nov 02 2017,76.34,77.47,75.78,76.43,75.53,2395800
Nov 02 2018,136.52,138.31,133.80,134.44,134.11,2084300
Nov 03 2011,23.00,23.42,22.52,23.09,18.29,3674800
Nov 03 2014,70.34,72.54,69.84,70.23,69.40,4263600
Nov 03 2015,69.35,69.79,68.16,68.80,67.99,3473800
Nov 03 2016,75.46,76.29,73.31,73.41,72.54,3197900
Nov 03 2017,76.91,77.49,75.72,76.43,75.53,2124500
Nov 04 2011,23.23,23.62,22.85,23.51,18.62,1343600
Nov 04 2013,47.31,47.74,47.18,47.74,47.18,2842100
Nov 04 2014,70.36,70.52,68.86,69.34,68.52,5719200
Nov 04 2015,68.98,69.49,68.15,68.67,67.86,3094100
Nov 04 2016,73.94,75.57,73.58,75.33,74.44,3801200
Nov 05 2012,30.60,32.77,30.55,32.23,29.91,7700300
Nov 05 2013,47.16,47.74,45.86,46.45,45.90,4675800
Nov 05 2014,69.73,70.18,67.27,67.85,67.05,7309000
Nov 05 2015,68.67,68.98,67.27,68.59,67.78,5229900
Nov 05 2018,135.05,136.94,134.55,135.36,135.03,2047000
Nov 06 2012,32.20,32.25,30.54,30.93,28.71,7165600
Nov 06 2013,46.83,47.10,45.05,45.30,44.77,5169300
Nov 06 2014,67.91,69.12,67.86,68.97,68.16,3543300
Nov 06 2015,68.46,70.46,68.46,69.97,69.14,4766300
Nov 06 2017,76.45,77.47,76.43,76.87,75.96,2455000
Nov 06 2018,135.02,136.30,134.27,135.24,134.91,1534300
Nov 07 2011,23.35,24.61,23.35,24.52,19.42,2936000
Nov 07 2012,33.57,34.16,32.43,33.85,31.42,20485600
Nov 07 2013,45.48,45.50,43.87,44.24,43.72,6181700
Nov 07 2014,68.75,69.11,64.30,65.75,64.97,13825000
Nov 07 2016,77.21,79.81,77.21,79.62,78.68,5036000
Nov 07 2017,76.99,78.20,76.92,77.92,77.00,1707700
Nov 07 2018,136.60,141.89,136.08,141.65,141.31,2345200
Nov 08 2011,24.38,25.59,23.90,25.21,19.97,6044300
Nov 08 2012,33.88,33.89,31.96,32.26,29.94,7238100
Nov 08 2013,44.45,45.15,44.17,45.13,44.60,4251400
Nov 08 2016,79.09,81.27,78.56,80.88,79.92,3532400
Nov 08 2017,77.71,79.62,77.50,78.86,77.93,2653100
Nov 08 2018,141.50,143.03,140.04,141.63,141.29,2216300
Nov 09 2011,24.32,25.40,24.32,25.02,19.81,3704700
Nov 09 2012,32.35,32.88,31.59,32.62,30.28,5733500
Nov 09 2015,69.59,70.09,68.79,69.98,69.15,3626800
Nov 09 2016,68.69,72.34,67.00,72.16,71.31,23023700
Nov 09 2017,78.49,79.48,78.46,79.41,78.47,2668800
Nov 09 2018,141.90,144.18,141.64,143.95,143.60,1903200
Nov 10 2011,25.01,25.98,25.01,25.87,20.49,4279400
Nov 10 2014,66.15,67.61,65.44,65.75,64.97,7421700
Nov 10 2015,69.84,70.60,69.41,70.08,69.25,3636600
Nov 10 2016,72.50,73.94,70.39,72.06,71.21,9313100
Nov 10 2017,79.15,79.33,78.31,78.68,77.75,1804600
Nov 11 2011,26.12,26.86,25.95,26.53,21.01,4686700
Nov 11 2013,45.15,45.69,44.90,45.50,44.96,2282800
Nov 11 2014,65.92,66.92,65.47,66.01,65.23,4765200
Nov 11 2015,70.32,70.32,67.52,67.66,66.86,3384100
Nov 11 2016,71.28,71.53,68.02,69.58,68.76,8891600
Nov 12 2012,32.53,32.99,32.08,32.52,30.18,2401400
Nov 12 2013,45.14,45.55,44.63,45.44,44.90,3670800
Nov 12 2014,64.75,65.41,63.76,64.84,64.07,6893700
Nov 12 2015,67.48,67.79,65.02,65.11,64.34,6039200
Nov 12 2018,144.00,144.96,141.66,141.91,141.57,1426800
Nov 13 2012,32.38,32.44,31.54,31.69,29.41,3824000
Nov 13 2013,45.28,45.85,45.10,45.63,45.09,3606900
Nov 13 2014,65.00,65.70,63.81,64.77,64.01,4640400
Nov 13 2015,65.16,67.14,64.67,66.45,65.67,3767100
Nov 13 2017,78.53,78.53,77.22,77.71,76.79,1878000
Nov 13 2018,142.12,143.38,140.54,141.54,141.20,1538400
Nov 14 2011,26.40,26.73,26.06,26.53,21.01,2891000
Nov 14 2012,31.66,31.74,29.93,30.37,28.19,5016200
Nov 14 2013,45.58,45.99,45.34,45.85,45.31,2216200
Nov 14 2014,64.78,64.89,62.75,62.94,62.20,9777400
Nov 14 2016,69.58,72.69,69.58,71.94,71.09,5969000
Nov 14 2017,77.50,77.68,75.72,76.05,75.15,3323200
Nov 14 2018,142.73,143.06,138.65,139.85,139.51,1985000
Nov 15 2011,26.43,26.76,25.94,26.61,21.07,2435400
Nov 15 2012,30.31,30.33,29.67,29.92,27.77,3205600
Nov 15 2013,45.85,45.99,44.25,45.07,44.54,6522900
Nov 15 2016,73.11,74.00,72.02,74.00,73.13,4393200
Nov 15 2017,75.73,75.80,74.84,74.93,74.05,2410200
Nov 15 2018,139.11,139.60,135.97,137.74,137.41,2628200
Nov 16 2011,26.52,26.75,25.46,25.52,20.21,2462500
Nov 16 2012,30.10,30.86,30.07,30.50,28.31,3107600
Nov 16 2015,66.31,67.31,65.95,67.20,66.41,3976700
Nov 16 2016,74.12,74.25,72.94,73.54,72.67,2720600
Nov 16 2017,75.12,76.22,75.12,75.97,75.07,2608500
Nov 16 2018,138.16,140.34,137.82,140.29,139.95,2388800
Nov 17 2011,25.41,25.78,24.72,25.05,19.84,3054300
Nov 17 2014,63.32,65.75,63.31,65.73,64.95,4898300
Nov 17 2015,67.13,69.58,66.74,69.25,68.43,4199800
Nov 17 2016,73.44,75.13,73.31,74.66,73.78,3483400
Nov 17 2017,75.60,75.93,74.97,75.24,74.35,1735500
Nov 18 2011,25.09,25.69,24.63,25.20,19.96,3779500
Nov 18 2013,44.60,45.02,44.13,44.31,43.79,3462000
Nov 18 2014,65.81,67.96,65.81,67.23,66.44,5835700
Nov 18 2015,69.30,70.72,69.03,70.21,69.38,3915900
Nov 18 2016,74.68,74.97,72.32,72.39,71.54,4314300
Nov 19 2012,30.97,31.56,30.90,31.49,29.23,2751800
Nov 19 2013,44.36,44.50,43.20,43.78,43.26,4480700
Nov 19 2014,67.38,67.63,66.80,67.04,66.25,2892600
Nov 19 2015,68.97,69.09,65.09,65.39,64.62,8715600
Nov 19 2018,140.22,141.47,134.57,135.16,134.83,2693700
Nov 20 2012,31.52,31.54,31.21,31.36,29.11,2875700
Nov 20 2013,44.00,44.80,43.90,44.20,43.68,2994700
Nov 20 2014,66.70,67.91,66.34,67.87,67.07,3553400
Nov 20 2015,66.03,67.78,65.74,67.42,66.62,4827100
Nov 20 2017,75.24,75.42,74.26,74.61,73.73,2122700
Nov 20 2018,134.25,136.20,133.48,135.09,134.76,1653000
Nov 21 2011,24.68,25.50,24.68,25.04,19.83,2041700
Nov 21 2012,31.47,31.59,31.16,31.36,29.11,2261600
Nov 21 2013,44.11,44.56,43.96,44.44,43.92,2013300
Nov 21 2014,68.23,68.74,67.68,68.47,67.66,3268300
Nov 21 2016,72.56,73.61,72.14,72.94,72.08,3173300
Nov 21 2017,74.78,75.94,74.28,75.89,74.99,1860300
Nov 21 2018,136.11,136.46,134.55,134.81,134.48,1906100
Nov 22 2011,24.93,25.03,23.79,23.95,18.97,2668800
Nov 22 2013,44.42,44.91,43.97,44.76,44.23,2087000
Nov 22 2016,73.00,73.35,69.94,70.09,69.26,4934700
Nov 22 2017,75.84,78.19,75.45,77.07,76.16,1582000
Nov 23 2011,23.73,24.01,23.22,23.58,18.67,2631100
Nov 23 2012,31.50,31.71,31.34,31.46,29.20,1010700
Nov 23 2015,66.43,68.20,66.03,67.36,66.56,3264700
Nov 23 2016,69.60,71.48,69.18,71.00,70.16,2985900
Nov 23 2018,133.81,136.47,133.81,134.93,134.60,570000
Nov 24 2014,68.50,70.22,68.20,69.43,68.61,4630700
Nov 24 2015,67.09,69.11,66.79,68.99,68.18,2723700
Nov 24 2017,77.28,77.36,76.34,77.19,76.28,482300
Nov 25 2011,23.59,23.99,23.41,23.46,18.58,258800
Nov 25 2013,44.87,45.03,44.27,44.35,43.83,1401600
Nov 25 2014,69.47,70.02,69.11,69.60,68.78,1863900
Nov 25 2015,68.99,69.60,68.60,68.96,68.15,3313500
Nov 25 2016,71.24,71.41,70.59,71.39,70.55,787600
Nov 26 2012,31.21,31.40,30.64,30.96,28.74,2093000
Nov 26 2013,44.40,45.91,44.16,45.48,44.94,4109000
Nov 26 2014,69.57,69.88,69.24,69.48,68.66,1842200
Nov 26 2018,135.74,137.32,134.99,135.51,135.18,2047400
Nov 27 2012,30.95,31.06,30.41,30.75,28.54,2677700
Nov 27 2013,45.72,46.69,45.36,46.52,45.97,3305500
Nov 27 2015,69.20,69.97,68.91,69.45,68.63,955900
Nov 27 2017,77.19,77.69,76.48,77.35,76.44,1347700
Nov 27 2018,134.99,138.47,134.73,138.07,137.74,1962000
Nov 28 2011,23.86,24.36,23.61,23.77,18.83,1705000
Nov 28 2012,30.47,30.74,30.21,30.70,28.49,1925500
Nov 28 2014,69.05,70.01,68.80,69.69,68.87,1031300
Nov 28 2016,71.23,71.37,70.25,70.44,69.61,2144500
Nov 28 2017,77.35,78.22,76.93,78.07,77.15,1272600
Nov 28 2018,139.02,144.42,138.99,144.38,144.03,2458500
Nov 29 2011,23.90,24.24,23.42,24.05,19.05,1698500
Nov 29 2012,30.90,32.07,30.86,31.74,29.46,4068100
Nov 29 2013,46.83,47.19,46.33,46.42,45.87,1462800
Nov 29 2016,69.90,71.62,69.59,71.52,70.68,2099500
Nov 29 2017,78.03,81.59,77.76,80.14,79.19,3616000
Nov 30 2011,24.68,24.73,23.91,24.38,19.31,3441400
Nov 30 2012,31.46,31.95,31.46,31.75,29.47,2925300
Nov 30 2015,69.51,69.71,68.02,68.06,67.26,3925900
Nov 30 2016,71.72,71.80,70.33,70.89,70.05,2367400
Nov 30 2017,82.74,86.04,82.74,85.00,84.00,8262200
Nov 30 2018,144.23,144.96,142.82,143.99,143.99,2214300
Dec 01 2011,24.29,24.58,24.05,24.19,19.16,1495700
Dec 01 2014,69.91,69.91,68.01,68.69,67.88,3725900
Dec 01 2015,68.77,71.63,68.33,71.16,70.32,4124100
Dec 01 2016,70.93,72.45,70.75,71.20,70.36,2063400
Dec 01 2017,84.68,84.88,82.73,84.05,83.06,3486400
Dec 02 2011,24.02,24.47,21.55,22.45,17.78,8681400
Dec 02 2013,46.28,47.06,46.24,46.72,46.17,1867100
Dec 02 2014,68.49,69.29,68.23,68.95,68.14,2810800
Dec 02 2015,71.01,72.30,69.75,70.01,69.18,4662500
Dec 02 2016,71.44,72.18,70.26,70.31,69.48,1805900
Dec 03 2012,32.70,32.90,31.93,32.21,29.90,3740100
Dec 03 2013,46.54,47.10,46.48,47.06,46.50,2149100
Dec 03 2014,69.39,70.71,69.24,70.60,69.77,3528000
Dec 03 2015,70.02,70.56,66.82,67.38,66.58,4258000
Dec 03 2018,145.69,146.50,143.74,146.29,146.29,1385000
Dec 04 2012,32.26,32.49,31.98,32.01,29.71,2501800
Dec 04 2013,47.03,47.20,46.62,47.00,46.45,2010900
Dec 04 2014,71.24,72.98,70.96,72.53,71.67,5132900
Dec 04 2015,67.72,68.43,67.01,67.25,66.46,4038700
Dec 04 2017,84.75,85.88,84.20,84.27,83.27,2258500
Dec 04 2018,146.10,147.42,141.58,142.13,142.13,3066900
Dec 05 2011,23.74,24.00,23.37,23.65,18.73,4116500
Dec 05 2012,32.05,32.59,31.83,32.40,30.07,1699800
Dec 05 2013,46.90,46.90,46.43,46.57,46.02,1218500
Dec 05 2014,72.93,74.74,72.57,74.00,73.13,10148900
Dec 05 2016,70.58,70.91,70.00,70.58,69.75,2511900
Dec 05 2017,84.31,84.31,82.38,83.22,82.24,2626700
Dec 06 2011,23.65,24.03,23.00,23.24,18.41,3034400
Dec 06 2012,32.34,33.40,32.15,33.22,30.83,3297400
Dec 06 2013,46.85,47.46,46.67,47.24,46.68,2522200
Dec 06 2016,70.57,71.41,70.39,71.20,70.36,2853200
Dec 06 2017,83.32,83.47,82.08,83.10,82.12,1760300
Dec 06 2018,140.91,141.97,136.49,140.85,140.85,2121900
Dec 07 2011,23.06,23.19,22.43,22.67,17.95,2697300
Dec 07 2012,33.56,34.03,33.34,33.76,31.33,4199600
Dec 07 2015,67.28,67.31,65.83,66.42,65.64,3503900
Dec 07 2016,71.05,73.00,70.72,71.96,71.11,3115800
Dec 07 2017,83.04,85.73,82.21,85.06,84.06,3036900
Dec 07 2018,140.29,141.11,135.52,135.86,135.86,1829800
Dec 08 2011,22.53,22.55,21.13,21.45,16.99,2941500
Dec 08 2014,74.35,74.80,73.67,74.35,73.47,3797500
Dec 08 2015,66.13,67.63,65.39,67.25,66.46,2940100
Dec 08 2016,72.11,72.89,70.65,72.54,71.68,3093100
Dec 08 2017,85.39,85.55,84.13,84.84,83.84,2683300
Dec 09 2011,21.51,21.73,21.17,21.18,16.77,1562200
Dec 09 2013,47.32,47.48,46.93,46.98,46.43,1312700
Dec 09 2014,73.35,74.09,72.76,73.88,73.01,3449600
Dec 09 2015,66.97,68.98,66.78,67.38,66.58,3794300
Dec 09 2016,72.65,74.03,72.40,73.25,72.39,2403900
Dec 10 2012,33.67,33.98,33.50,33.87,31.44,3557100
Dec 10 2013,46.90,47.71,46.79,47.30,46.74,2416800
Dec 10 2014,73.52,73.65,72.31,72.60,71.74,2991300
Dec 10 2015,67.44,69.09,67.38,68.43,67.62,2812500
Dec 10 2018,135.61,136.25,129.93,134.12,134.12,1987400
Dec 11 2012,32.75,33.15,32.52,32.98,30.61,13138100
Dec 11 2013,47.22,47.39,46.15,46.73,46.18,3141800
Dec 11 2014,73.05,74.33,72.59,73.56,72.69,3021900
Dec 11 2015,67.63,68.14,65.89,66.30,65.52,2974900
Dec 11 2017,84.81,85.75,84.62,84.97,83.97,2242800
Dec 11 2018,135.42,136.39,132.90,133.89,133.89,1169100
Dec 12 2011,21.08,21.28,20.34,20.66,16.36,2690300
Dec 12 2013,46.82,46.86,45.19,46.32,45.77,2921800
Dec 12 2014,73.47,74.66,72.91,72.94,72.08,3048400
Dec 12 2016,73.58,75.58,73.15,73.97,73.10,3575200
Dec 12 2017,86.37,87.16,86.11,86.45,85.43,3107700
Dec 12 2018,135.44,137.41,134.78,134.96,134.96,2356600
Dec 13 2011,20.68,21.24,20.13,20.22,16.01,2385400
Dec 13 2012,31.18,31.30,30.33,30.85,30.49,6224300
Dec 13 2013,46.63,47.07,46.31,46.83,46.28,1649800
Dec 13 2016,73.91,74.70,73.58,73.95,73.08,2139800
Dec 13 2017,86.53,88.30,85.44,87.59,86.56,3067300
Dec 13 2018,135.48,137.62,134.44,136.32,136.32,2377100
Dec 14 2011,20.16,20.77,19.86,20.60,16.31,4290500
Dec 14 2012,30.93,31.35,30.62,30.75,30.39,4752000
Dec 14 2015,66.43,66.93,63.32,65.46,64.69,4915400
Dec 14 2016,73.81,73.90,72.62,73.07,72.21,2563400
Dec 14 2017,87.35,87.78,86.09,86.15,85.13,1729400
Dec 14 2018,134.37,134.37,125.54,126.73,126.73,2450300
Dec 15 2011,20.63,21.28,20.53,21.14,16.74,3124300
Dec 15 2014,73.24,73.98,72.18,73.49,72.62,3498800
Dec 15 2015,65.97,67.05,65.43,65.66,64.88,2798200
Dec 15 2016,72.98,74.96,72.90,74.46,73.58,2505500
Dec 15 2017,86.63,88.69,86.49,88.46,87.42,3810900
Dec 16 2011,21.42,21.90,21.20,21.57,17.08,6188100
Dec 16 2013,46.94,47.26,46.77,47.18,46.62,2639000
Dec 16 2014,73.00,73.73,72.23,72.46,71.60,3495400
Dec 16 2015,66.49,67.49,64.28,65.46,64.69,4882100
Dec 16 2016,74.90,74.95,73.41,74.16,73.28,6169300
Dec 17 2012,30.93,31.30,30.55,31.21,30.84,9013800
Dec 17 2013,47.05,47.05,45.07,45.54,45.00,4833200
Dec 17 2014,72.60,73.02,71.68,72.58,71.72,3619200
Dec 17 2015,64.42,66.10,64.42,64.74,63.98,4842100
Dec 17 2018,120.00,124.61,119.31,123.12,123.12,3510500
Dec 18 2012,31.37,32.14,31.37,31.76,31.38,8758300
Dec 18 2013,46.19,46.66,46.01,46.55,46.00,3471500
Dec 18 2014,73.99,74.29,73.37,74.22,73.34,2755200
Dec 18 2015,64.31,65.60,64.18,64.47,63.71,5548800
Dec 18 2017,88.99,90.09,88.68,89.69,88.63,2573000
Dec 18 2018,124.36,127.21,123.37,125.31,125.31,2391100
Dec 19 2011,21.67,21.90,21.14,21.23,16.81,1709700
Dec 19 2012,31.83,32.00,31.39,31.71,31.34,6596400
Dec 19 2013,46.49,46.50,45.62,45.66,45.12,2181400
Dec 19 2014,74.69,74.79,74.29,74.47,73.59,2870300
Dec 19 2016,73.76,74.17,73.15,73.50,72.63,1955500
Dec 19 2017,89.82,90.29,88.70,88.83,87.78,2512000
Dec 19 2018,125.39,125.80,120.53,122.25,122.25,2103200
Dec 20 2011,21.53,21.80,20.94,21.06,16.68,2592300
Dec 20 2012,31.67,31.75,31.00,31.17,30.80,3838800
Dec 20 2013,45.48,46.95,45.09,46.89,46.34,5315000
Dec 20 2016,73.70,73.79,73.28,73.35,72.48,1793600
Dec 20 2017,87.37,87.94,84.72,86.45,85.43,3414900
Dec 20 2018,121.85,122.67,118.73,119.85,119.85,2185400
Dec 21 2011,21.07,21.98,21.07,21.90,17.34,1678800
Dec 21 2012,30.51,31.31,30.15,31.14,30.77,3221700
Dec 21 2015,64.99,67.68,64.85,67.61,66.81,4809600
Dec 21 2016,73.35,73.93,73.16,73.52,72.65,1078000
Dec 21 2017,86.52,88.41,86.42,87.84,86.80,1957400
Dec 21 2018,119.85,123.50,118.97,120.08,120.08,3192800
Dec 22 2011,21.91,22.22,21.69,21.88,17.33,1272600
Dec 22 2014,74.43,74.98,74.37,74.96,74.07,1363300
Dec 22 2015,67.68,68.24,66.45,66.86,66.07,2944600
Dec 22 2016,73.60,74.53,73.50,73.96,73.09,1557000
Dec 22 2017,87.98,89.10,87.85,89.09,88.04,1908900
Dec 23 2011,21.80,21.91,21.41,21.46,17.00,1161600
Dec 23 2013,46.91,47.07,45.58,46.04,45.50,2398700
Dec 23 2014,74.97,75.82,74.38,75.00,74.11,2722000
Dec 23 2015,67.32,69.79,67.30,69.54,68.72,3431200
Dec 23 2016,73.90,74.61,73.70,74.46,73.58,1048500
Dec 24 2012,31.14,31.38,30.86,31.01,30.64,839300
Dec 24 2013,45.96,46.99,45.96,46.53,45.98,609800
Dec 24 2014,75.27,75.42,74.83,74.89,74.01,660800
Dec 24 2015,69.21,70.00,68.62,68.92,68.11,911500
Dec 24 2018,119.71,120.52,115.72,116.13,116.13,971100
Dec 26 2012,31.00,31.00,30.36,30.44,30.08,1673100
Dec 26 2013,46.70,46.80,46.50,46.62,46.07,803500
Dec 26 2014,75.04,75.34,74.69,74.82,73.94,771700
Dec 26 2017,89.24,89.94,88.96,89.14,88.09,921900
Dec 26 2018,116.73,121.29,116.18,121.29,121.29,1275000
Dec 27 2011,21.41,21.69,21.05,21.38,16.93,981700
Dec 27 2012,30.54,30.64,30.29,30.60,30.24,1786200
Dec 27 2013,46.90,46.90,46.32,46.47,45.92,761000
Dec 27 2016,74.50,75.14,74.13,74.37,73.49,1058900
Dec 27 2017,88.94,89.10,87.23,87.89,86.85,1698200
Dec 27 2018,119.53,122.38,117.04,122.38,122.38,1641600
Dec 28 2011,21.40,21.44,20.82,20.91,16.56,1201800
Dec 28 2012,30.87,31.75,30.11,30.14,29.78,5991000
Dec 28 2015,68.79,68.95,67.62,68.04,67.24,1660400
Dec 28 2016,74.41,74.61,73.21,73.56,72.69,1292900
Dec 28 2017,88.16,88.50,87.63,88.31,87.27,1228000
Dec 28 2018,123.07,124.07,121.61,123.19,123.19,337646
Dec 29 2011,20.93,21.39,20.85,21.27,16.85,781300
Dec 29 2014,74.89,75.04,74.19,74.58,73.70,1314500
Dec 29 2015,68.34,69.33,68.24,68.99,68.18,1702400
Dec 29 2016,73.25,74.21,73.25,73.89,73.02,1036300
Dec 29 2017,88.48,89.06,87.78,87.84,86.80,1242800
Dec 30 2011,21.22,22.35,21.22,22.03,17.45,1972500
Dec 30 2013,46.43,47.29,46.11,47.19,46.63,1048300
Dec 30 2014,74.64,74.90,74.04,74.27,73.39,1829400
Dec 30 2015,68.81,69.60,68.22,68.44,67.63,1847500
Dec 30 2016,73.85,74.26,72.86,74.02,73.15,1711100
Dec 31 2012,30.15,30.59,29.86,30.17,29.81,5035300
Dec 31 2013,47.25,47.98,47.18,47.71,47.15,1499800
Dec 31 2014,74.54,74.92,73.30,73.39,72.52,1470200
Dec 31 2015,67.95,68.86,67.60,67.63,66.83,2320200
