Jan 02 2014,45.66,45.86,44.67,44.86,43.70,1763700
Jan 02 2015,53.76,53.91,52.28,53.23,51.86,1791600
Jan 02 2018,80.28,80.34,78.93,79.68,79.07,1701500
Jan 02 2019,70.69,71.44,70.15,70.94,70.94,3629500
Jan 03 2014,44.73,45.33,44.63,45.16,44.00,461200
Jan 03 2018,79.81,80.90,79.62,80.85,80.23,1425600
Jan 03 2019,70.45,70.62,67.18,67.30,67.30,5629200
Jan 04 2016,43.50,43.65,42.37,43.28,42.28,3512100
Jan 04 2017,57.30,59.76,57.30,58.00,57.01,5614500
Jan 04 2018,80.86,81.23,80.23,80.25,79.64,1548200
Jan 04 2019,68.41,70.05,68.25,69.94,69.94,4110700
Jan 05 2015,52.84,53.04,51.30,51.51,50.18,2112100
Jan 05 2016,43.30,43.81,42.93,43.30,42.30,2215300
Jan 05 2017,58.06,58.42,56.84,57.32,56.34,5122200
Jan 05 2018,80.24,80.24,78.91,79.29,78.68,2273600
Jan 06 2014,45.12,45.39,44.65,45.14,43.98,1172300
Jan 06 2015,51.40,51.42,49.99,51.03,49.72,3422600
Jan 06 2016,42.54,42.66,40.71,41.04,40.10,6963300
Jan 06 2017,57.18,57.56,56.23,57.47,56.49,3359000
Jan 07 2014,45.14,45.35,44.94,45.14,43.98,1992500
Jan 07 2015,51.65,52.06,51.14,51.85,50.52,2239400
Jan 07 2016,40.26,40.69,39.28,39.50,38.59,13039400
Jan 07 2019,69.70,71.36,69.12,70.74,70.74,3171200
Jan 08 2014,45.21,45.21,44.73,45.21,44.04,1154200
Jan 08 2015,52.31,53.39,52.14,53.29,51.92,2098400
Jan 08 2016,39.97,40.63,39.25,39.30,38.39,3435900
Jan 08 2018,80.30,81.06,79.53,80.94,80.32,2483100
Jan 08 2019,71.76,72.13,70.83,71.86,71.86,6213000
Jan 09 2014,45.14,45.19,44.55,44.88,43.72,459600
Jan 09 2015,53.29,53.41,52.63,52.76,51.40,2061200
Jan 09 2017,57.30,57.30,56.48,56.96,55.99,3921800
Jan 09 2018,81.11,82.07,80.97,81.93,81.30,1354800
Jan 10 2014,44.65,44.86,44.26,44.51,43.36,812300
Jan 10 2017,56.96,57.00,55.78,56.02,55.06,3384700
Jan 10 2018,81.66,82.11,81.39,81.65,81.03,1745500
Jan 11 2016,39.52,40.30,38.99,39.48,38.57,4270800
Jan 11 2017,55.76,56.31,55.71,56.00,55.04,2781500
Jan 11 2018,81.98,83.22,81.64,83.07,82.43,3886400
Jan 12 2015,52.72,52.72,52.02,52.22,50.88,1670500
Jan 12 2016,39.87,40.36,39.44,40.14,39.21,3502200
Jan 12 2017,56.11,56.30,55.00,55.40,54.46,7378600
Jan 12 2018,83.25,84.71,83.10,83.95,83.31,1870000
Jan 13 2014,44.24,44.80,44.24,44.57,43.42,728200
Jan 13 2015,53.27,53.87,52.00,52.63,51.28,2895900
Jan 13 2016,39.99,40.20,37.94,38.04,37.17,5022400
Jan 13 2017,55.57,56.25,55.48,56.22,55.26,3058600
Jan 14 2014,44.55,45.37,44.41,45.35,44.18,1251600
Jan 14 2015,52.04,53.21,51.63,53.21,51.84,1962700
Jan 14 2016,37.12,37.82,36.14,37.76,36.89,5821200
Jan 15 2014,45.25,45.49,44.80,44.96,43.80,915200
Jan 15 2015,53.29,53.35,52.45,52.53,51.18,1157400
Jan 15 2016,36.55,36.73,35.54,36.42,35.58,5868100
Jan 16 2014,44.94,45.21,44.51,45.06,43.90,1130000
Jan 16 2015,52.28,53.11,52.06,53.06,51.70,1285900
Jan 16 2018,84.57,84.99,82.98,83.40,82.76,1530600
Jan 17 2014,45.06,46.29,44.73,45.66,44.48,2702200
Jan 17 2017,56.32,56.32,55.68,56.09,55.13,2828900
Jan 17 2018,82.90,84.51,82.90,84.03,83.39,1440300
Jan 18 2017,56.13,56.95,56.02,56.95,55.98,2854600
Jan 18 2018,84.18,84.82,83.91,83.95,83.31,1314400
Jan 19 2016,36.77,36.92,34.76,35.52,34.70,3537600
Jan 19 2017,57.49,57.91,57.28,57.50,56.52,4200900
Jan 19 2018,84.64,86.05,84.48,85.49,84.84,2206800
Jan 20 2015,53.11,53.23,52.26,52.90,51.54,1490800
Jan 20 2016,34.93,37.04,33.16,36.40,35.56,8575300
Jan 20 2017,57.54,58.08,57.54,57.70,56.72,2350500
Jan 21 2014,46.19,46.35,44.82,44.98,43.82,1280200
Jan 21 2015,52.74,53.35,52.33,53.11,51.74,1183800
Jan 21 2016,36.38,38.25,36.34,37.67,36.81,7649800
Jan 22 2014,45.12,46.15,44.94,46.09,44.90,1428600
Jan 22 2015,53.35,55.08,53.09,54.87,53.46,2673900
Jan 22 2016,38.29,38.72,36.94,37.49,36.63,4069100
Jan 22 2018,85.42,85.79,85.02,85.77,85.11,1541400
Jan 23 2014,46.03,46.50,45.35,46.50,45.30,936000
Jan 23 2015,54.89,55.20,54.42,54.50,53.10,1493200
Jan 23 2017,57.71,57.84,57.19,57.75,56.77,2315200
Jan 23 2018,85.69,86.98,85.57,86.53,85.87,1632600
Jan 24 2014,45.86,46.13,45.33,46.07,44.88,891000
Jan 24 2017,58.01,58.30,57.71,58.10,57.11,1857100
Jan 24 2018,86.80,86.99,85.13,85.79,85.13,2134200
Jan 25 2016,37.47,37.72,35.48,35.75,34.92,4192000
Jan 25 2017,58.10,58.94,58.10,58.78,57.78,1993100
Jan 25 2018,86.04,86.75,85.40,86.63,85.97,1467800
Jan 26 2015,54.52,55.28,54.36,55.22,53.80,1615800
Jan 26 2016,36.09,38.02,35.87,37.94,37.07,4570600
Jan 26 2017,59.05,59.27,58.68,58.75,57.75,2989000
Jan 26 2018,86.94,87.69,86.33,87.69,87.02,944700
Jan 27 2014,46.07,46.07,44.92,45.12,43.96,1099600
Jan 27 2015,54.64,54.97,53.89,54.32,52.92,1399100
Jan 27 2016,37.61,37.96,36.53,36.77,35.93,3543100
Jan 27 2017,58.87,59.00,58.47,58.55,57.55,1336000
Jan 28 2014,44.82,45.14,44.63,44.94,43.78,686200
Jan 28 2015,54.85,55.22,54.17,54.28,52.88,3175700
Jan 28 2016,37.26,37.28,35.13,35.25,34.44,4624400
Jan 29 2014,44.75,44.90,44.24,44.45,43.30,437800
Jan 29 2015,54.17,54.46,53.62,54.13,52.74,2703100
Jan 29 2016,35.44,36.55,35.23,36.55,35.71,4175200
Jan 29 2018,87.44,88.11,87.03,87.28,86.61,1599100
Jan 30 2014,44.65,44.77,44.32,44.45,43.30,520200
Jan 30 2015,53.76,54.17,53.21,53.29,51.92,1681800
Jan 30 2017,58.24,58.38,57.63,58.04,57.05,1719500
Jan 30 2018,86.50,87.43,86.36,86.41,85.75,1678600
Jan 31 2014,44.14,44.51,43.79,44.43,43.28,428600
Jan 31 2017,57.77,57.96,57.57,57.58,56.60,2273900
Jan 31 2018,86.52,87.00,85.63,85.65,84.99,1857400
Feb 01 2016,36.46,37.06,35.95,36.85,36.01,2887200
Feb 01 2017,57.93,58.11,57.23,57.35,56.37,3689900
Feb 01 2018,85.33,86.29,85.10,85.76,85.10,2139900
Feb 02 2015,53.35,53.66,52.43,53.60,52.22,3069500
Feb 02 2016,36.28,36.28,35.07,35.46,34.64,3482300
Feb 02 2017,57.53,57.69,57.13,57.30,56.32,2620000
Feb 02 2018,85.55,85.80,82.31,82.65,82.02,2718400
Feb 03 2014,44.43,44.53,42.76,42.99,41.88,1115000
Feb 03 2015,53.76,54.54,53.52,54.52,53.12,1687100
Feb 03 2016,35.68,35.93,34.04,35.73,34.90,3050900
Feb 03 2017,57.33,57.82,57.30,57.80,56.81,1353200
Feb 04 2014,43.09,43.26,42.76,43.15,42.04,835700
Feb 04 2015,54.79,54.91,53.72,54.03,52.64,2346100
Feb 04 2016,35.38,37.24,35.29,37.12,36.27,3505700
Feb 05 2014,42.78,43.01,42.17,42.68,41.58,694700
Feb 05 2015,53.99,55.14,53.99,55.14,53.72,1186600
Feb 05 2016,37.00,37.16,35.81,36.12,35.28,3374800
Feb 05 2018,82.13,83.01,79.82,79.91,79.30,2386200
Feb 06 2014,42.76,43.50,42.72,43.50,42.38,294100
Feb 06 2015,55.34,55.92,54.05,54.09,52.70,4544100
Feb 06 2017,57.56,58.23,57.39,57.72,56.74,1710400
Feb 06 2018,78.58,80.97,77.78,80.69,80.07,4634700
Feb 07 2014,43.63,44.88,43.54,44.43,43.28,513000
Feb 07 2017,57.98,58.24,57.63,57.81,56.82,2061400
Feb 07 2018,80.99,83.28,80.54,82.02,81.39,3526600
Feb 08 2016,35.70,36.18,35.05,35.87,35.04,5068300
Feb 08 2017,57.72,58.43,57.47,58.26,57.27,1024900
Feb 08 2018,81.95,82.37,78.64,78.66,78.06,5065800
Feb 09 2015,54.11,54.79,53.76,54.36,52.96,2400400
Feb 09 2016,35.70,37.41,35.34,36.20,35.36,3629100
Feb 09 2017,58.26,58.92,58.19,58.64,57.64,1476800
Feb 09 2018,79.23,81.23,77.56,80.43,79.81,3239100
Feb 10 2014,44.47,44.51,43.71,43.93,42.80,562400
Feb 10 2015,55.12,56.37,54.93,56.35,54.90,3182900
Feb 10 2016,36.38,37.65,36.36,37.10,36.25,3420300
Feb 10 2017,58.84,58.84,58.48,58.69,57.69,1191000
Feb 11 2014,44.59,44.67,44.04,44.51,43.36,642400
Feb 11 2015,56.37,58.87,56.27,57.78,56.30,6616600
Feb 11 2016,36.28,36.89,35.97,36.63,35.79,5605700
Feb 12 2014,44.61,45.04,44.36,44.92,43.76,436600
Feb 12 2015,58.22,58.75,57.68,58.36,56.86,4064700
Feb 12 2016,37.14,38.25,36.94,38.04,37.17,4209800
Feb 12 2018,80.91,82.16,80.59,81.82,81.19,2435900
Feb 13 2014,44.69,45.19,44.43,45.04,43.88,551600
Feb 13 2015,58.79,59.38,58.38,58.63,57.12,3179200
Feb 13 2017,58.87,59.17,58.64,58.85,57.85,1915300
Feb 13 2018,81.74,83.57,81.66,83.21,82.57,2515600
Feb 14 2014,45.14,45.25,44.86,45.14,43.98,647800
Feb 14 2017,58.79,58.91,58.42,58.47,57.47,2317300
Feb 14 2018,82.12,87.11,82.01,85.97,85.31,3946800
Feb 15 2017,58.42,59.84,57.50,59.46,58.45,4716200
Feb 15 2018,86.09,86.31,84.33,84.56,83.91,3023900
Feb 16 2016,38.66,39.23,37.88,38.97,38.07,3867300
Feb 16 2017,59.54,60.49,59.14,59.24,58.23,3145300
Feb 16 2018,84.46,84.72,83.26,83.27,82.63,2543100
Feb 17 2015,58.63,59.30,58.15,58.79,57.28,2797700
Feb 17 2016,39.19,40.61,39.19,40.42,39.49,4682300
Feb 17 2017,59.03,59.03,58.06,58.50,57.50,2778200
Feb 18 2014,45.14,45.14,44.59,44.65,43.50,616100
Feb 18 2015,58.17,58.83,57.23,58.56,57.06,4485200
Feb 18 2016,40.28,40.98,39.07,40.24,39.31,4251600
Feb 19 2014,44.65,45.04,44.12,44.18,43.04,441000
Feb 19 2015,58.56,58.87,58.17,58.17,56.68,2530900
Feb 19 2016,40.03,40.94,39.17,40.79,39.86,5255500
Feb 20 2014,44.12,44.47,43.73,44.10,42.96,602000
Feb 20 2015,57.87,58.50,57.68,58.17,56.68,1913400
Feb 20 2018,82.73,84.70,82.73,84.31,83.66,1977800
Feb 21 2014,44.12,45.53,44.06,45.45,44.28,1166000
Feb 21 2017,58.65,58.65,57.98,58.02,57.03,2058800
Feb 21 2018,84.43,86.44,84.26,84.29,83.65,1772100
Feb 22 2016,41.37,42.05,40.12,40.83,39.90,3418400
Feb 22 2017,57.87,58.14,57.60,57.85,56.86,2581000
Feb 22 2018,84.74,84.90,83.12,83.38,82.74,1863500
Feb 23 2015,57.87,58.01,57.17,57.29,55.82,2179100
Feb 23 2016,40.73,41.68,40.59,40.79,39.86,2867300
Feb 23 2017,58.09,58.21,57.12,57.21,56.23,1614900
Feb 23 2018,83.75,83.97,83.08,83.81,83.17,1565700
Feb 24 2014,45.57,46.17,45.23,45.68,44.50,743100
Feb 24 2015,57.21,57.46,56.80,57.03,55.56,2516700
Feb 24 2016,40.42,40.92,39.46,40.81,39.88,3419000
Feb 24 2017,57.32,58.01,57.18,57.78,56.79,1511300
Feb 25 2014,45.66,46.33,45.57,45.90,44.72,823100
Feb 25 2015,57.09,57.39,56.90,57.29,55.82,2689700
Feb 25 2016,40.90,41.61,40.36,41.45,40.50,2662600
Feb 26 2014,45.99,46.54,45.76,46.25,45.06,1072000
Feb 26 2015,57.37,57.54,56.68,57.48,56.00,2964900
Feb 26 2016,43.60,43.99,41.55,42.48,41.50,6245200
Feb 26 2018,84.03,84.29,82.13,82.14,81.51,2888400
Feb 27 2014,45.99,46.91,44.73,46.15,44.96,2187800
Feb 27 2015,57.46,58.05,57.46,58.01,56.52,2306200
Feb 27 2017,57.77,58.10,57.41,58.02,57.03,1396000
Feb 27 2018,82.36,82.62,79.81,79.84,79.23,3865900
Feb 28 2014,46.17,46.33,45.31,45.88,44.70,970500
Feb 28 2017,58.04,58.18,57.05,57.20,56.22,2634800
Feb 29 2016,42.48,42.70,41.35,42.64,41.66,5197200
Mar 01 2016,43.05,43.40,42.33,42.99,42.00,2996700
Mar 01 2017,57.89,58.19,57.52,57.70,56.72,2753700
Mar 01 2018,80.51,80.66,78.79,79.35,78.89,2515200
Mar 02 2015,58.15,59.32,57.99,59.24,57.72,2030700
Mar 02 2016,43.01,43.91,42.99,43.89,42.88,3146600
Mar 02 2017,57.52,58.34,57.34,58.17,57.18,2835800
Mar 02 2018,78.73,79.12,77.23,78.90,78.44,2814000
Mar 03 2014,45.60,46.17,45.37,46.15,44.96,676700
Mar 03 2015,59.18,60.06,58.44,60.06,58.52,4133000
Mar 03 2016,43.81,44.45,43.58,44.30,43.28,2253200
Mar 03 2017,57.72,57.79,56.47,57.75,56.77,3303400
Mar 04 2014,47.01,47.40,46.09,46.29,45.10,2307000
Mar 04 2015,59.84,59.86,58.48,59.43,57.90,4532100
Mar 04 2016,44.49,44.94,44.06,44.92,43.88,2764100
Mar 05 2014,46.11,46.97,46.07,46.72,45.52,668700
Mar 05 2015,59.45,60.19,59.38,59.57,58.04,1934800
Mar 05 2018,78.29,78.69,77.08,78.22,77.77,2719000
Mar 06 2014,46.72,46.91,45.96,46.13,44.94,682400
Mar 06 2015,59.10,59.30,57.91,57.95,56.46,2665000
Mar 06 2017,57.44,57.60,56.97,57.31,56.33,1804300
Mar 06 2018,78.62,79.37,78.41,78.94,78.48,2230600
Mar 07 2014,46.07,46.85,45.96,46.60,45.40,642300
Mar 07 2016,44.69,45.02,44.14,44.24,43.22,2571800
Mar 07 2018,78.25,79.32,78.13,79.20,78.74,1459500
Mar 08 2016,43.87,43.97,42.93,42.97,41.98,2872000
Mar 08 2017,56.93,56.99,56.27,56.29,55.48,2710800
Mar 08 2018,79.53,79.89,79.00,79.21,78.75,2322800
Mar 09 2015,58.28,58.28,57.68,58.03,56.54,1806500
Mar 09 2016,43.22,43.32,42.11,42.62,41.64,2338500
Mar 09 2017,56.31,56.61,55.79,55.84,55.03,1606800
Mar 09 2018,80.01,81.80,79.71,81.47,81.00,2912800
Mar 10 2014,46.70,46.89,45.62,45.92,44.74,922000
Mar 10 2015,57.19,57.70,56.80,57.27,55.80,2936500
Mar 10 2016,42.91,43.01,41.27,42.09,41.12,2573900
Mar 10 2017,56.07,56.50,55.94,56.48,55.66,2443200
Mar 11 2014,45.94,46.09,45.14,45.37,44.20,835400
Mar 11 2015,57.19,57.70,57.09,57.54,56.06,2876900
Mar 11 2016,42.66,43.63,41.94,43.63,42.62,2795500
Mar 12 2014,45.23,45.96,44.67,45.86,44.68,788600
Mar 12 2015,57.91,59.12,57.91,58.09,56.60,2314600
Mar 12 2018,81.52,81.71,80.69,81.13,80.66,1836800
Mar 13 2014,45.62,46.03,45.06,45.25,44.08,992600
Mar 13 2015,58.01,58.30,57.39,57.76,56.28,3998600
Mar 13 2017,56.50,57.52,56.42,57.51,56.68,1811900
Mar 13 2018,81.42,81.82,81.06,81.25,80.78,1641600
Mar 14 2014,45.06,45.68,44.88,45.21,44.04,609000
Mar 14 2016,44.41,44.59,43.67,43.73,42.72,4016400
Mar 14 2017,57.34,57.50,57.07,57.29,56.46,1818300
Mar 14 2018,81.47,81.54,81.05,81.24,80.77,1594300
Mar 15 2017,57.45,58.37,57.38,58.15,57.31,1993500
Mar 15 2018,81.40,82.25,81.05,81.89,81.41,2285800
Mar 16 2015,58.03,59.71,58.03,59.47,57.94,2623500
Mar 16 2016,43.05,43.71,42.80,43.56,42.63,3070000
Mar 16 2017,58.21,58.80,58.07,58.21,57.37,1580700
Mar 16 2018,82.00,82.54,81.44,81.51,81.04,2204400
Mar 17 2014,45.37,45.94,45.33,45.39,44.22,369200
Mar 17 2015,59.30,59.51,58.89,59.28,57.76,1725500
Mar 17 2016,43.38,43.65,42.58,43.58,42.65,2348000
Mar 17 2017,58.59,58.65,57.84,57.92,57.08,1267500
Mar 18 2014,45.35,46.35,45.27,46.31,45.12,677700
Mar 18 2015,59.20,60.19,58.79,60.12,58.58,1586800
Mar 18 2016,43.87,45.39,43.87,45.16,44.20,4138500
Mar 19 2014,46.21,46.23,45.47,45.68,44.50,733300
Mar 19 2015,59.90,60.55,59.84,60.45,58.90,1693700
Mar 19 2018,81.31,81.76,80.88,81.30,80.83,2027200
Mar 20 2014,45.66,46.01,45.37,45.49,44.32,652700
Mar 20 2015,60.82,60.96,60.02,60.14,58.60,3327500
Mar 20 2017,57.92,58.09,57.31,57.50,56.67,999800
Mar 20 2018,81.61,82.13,81.27,81.35,80.88,1028300
Mar 21 2014,45.70,47.18,45.45,47.18,45.96,3026700
Mar 21 2016,45.39,46.38,45.27,45.99,45.00,4822400
Mar 21 2017,57.89,58.35,56.63,56.69,55.87,2149600
Mar 21 2018,81.30,82.22,81.19,81.84,81.36,1233200
Mar 22 2016,45.39,45.90,45.08,45.72,44.74,4440900
Mar 22 2017,56.62,57.83,56.39,57.70,56.87,1514500
Mar 22 2018,81.25,81.60,80.41,80.44,79.97,3031600
Mar 23 2015,60.19,60.94,59.86,60.47,58.92,2032500
Mar 23 2016,45.70,45.82,44.75,45.02,44.06,2723400
Mar 23 2017,57.81,58.81,57.70,58.32,57.48,1996900
Mar 23 2018,80.49,80.56,78.06,78.17,77.72,1682800
Mar 24 2014,47.07,47.38,46.09,46.70,45.50,966000
Mar 24 2015,60.35,60.78,59.84,60.49,58.94,3181500
Mar 24 2016,44.82,45.29,44.43,45.29,44.32,3913100
Mar 24 2017,58.37,58.79,58.04,58.31,57.47,1066700
Mar 25 2014,46.74,46.99,46.13,46.13,44.94,781700
Mar 25 2015,60.43,60.45,58.89,58.99,57.48,3669900
Mar 26 2014,46.17,46.31,45.74,45.84,44.66,781900
Mar 26 2015,58.58,60.29,58.38,59.88,58.34,4954600
Mar 26 2018,79.04,80.08,78.45,79.98,79.52,1278200
Mar 27 2014,45.78,46.21,45.49,45.62,44.44,670500
Mar 27 2015,59.75,61.33,59.59,61.05,59.48,4743800
Mar 27 2017,57.96,58.03,57.33,57.85,57.01,2572000
Mar 27 2018,80.16,80.55,78.48,78.79,78.33,1585700
Mar 28 2014,45.49,45.92,45.04,45.66,44.48,2073000
Mar 28 2016,45.57,46.09,44.57,45.72,44.74,3011400
Mar 28 2017,57.92,59.10,57.55,58.67,57.82,1871500
Mar 28 2018,78.74,78.96,77.79,78.31,77.86,2199000
Mar 29 2016,45.74,46.17,45.37,46.09,45.10,3021000
Mar 29 2017,58.44,58.96,58.35,58.61,57.76,1549100
Mar 29 2018,78.77,79.53,78.47,78.76,78.30,2481600
Mar 30 2015,61.38,61.68,60.55,60.80,59.24,2529600
Mar 30 2016,46.46,46.74,45.92,46.64,45.64,3100000
Mar 30 2017,58.62,59.44,58.60,58.77,57.92,1965400
Mar 31 2014,45.84,46.03,45.14,45.64,44.46,4896900
Mar 31 2015,60.72,61.25,60.41,60.78,59.22,5110100
Mar 31 2016,46.66,46.97,46.13,46.21,45.22,1922100
Mar 31 2017,58.66,59.18,58.36,58.46,57.62,2283900
Apr 01 2014,45.60,46.58,45.57,46.27,45.08,1052500
Apr 01 2015,60.90,60.94,59.69,60.08,58.54,2307500
Apr 01 2016,45.27,45.45,44.08,45.16,44.20,7315200
Apr 02 2014,46.17,46.56,46.07,46.11,44.92,1061500
Apr 02 2015,60.19,60.96,60.12,60.25,58.70,3461300
Apr 02 2018,78.72,79.04,75.66,77.07,76.62,2722000
Apr 03 2014,46.17,46.33,45.19,45.19,44.02,959300
Apr 03 2017,57.87,58.45,57.05,57.62,56.79,3273200
Apr 03 2018,77.50,77.94,76.61,77.53,77.08,2575600
Apr 04 2014,45.21,45.25,44.24,44.30,43.16,2767300
Apr 04 2016,45.23,45.78,44.84,45.53,44.56,2209400
Apr 04 2017,57.41,57.53,56.76,57.07,56.25,2188500
Apr 04 2018,76.37,78.33,76.33,78.03,77.58,3074700
Apr 05 2016,45.08,45.14,44.49,44.82,43.86,3276600
Apr 05 2017,57.31,57.69,56.69,56.75,55.93,2314200
Apr 05 2018,77.23,79.37,75.95,79.04,78.58,6840100
Apr 06 2015,60.02,61.01,59.96,60.78,59.22,3101200
Apr 06 2016,44.75,45.68,44.38,45.66,44.68,3131400
Apr 06 2017,56.99,57.12,56.54,57.10,56.28,1107200
Apr 06 2018,78.69,79.29,76.68,77.51,77.06,3295400
Apr 07 2014,44.32,44.38,43.63,43.85,42.72,694200
Apr 07 2015,60.96,60.96,59.86,59.90,58.36,1719000
Apr 07 2016,45.25,45.53,44.96,45.35,44.38,3204500
Apr 07 2017,57.08,57.08,55.91,56.60,55.78,3066200
Apr 08 2014,43.81,43.91,43.38,43.83,42.70,686100
Apr 08 2015,61.72,62.65,61.19,62.61,61.00,5736900
Apr 08 2016,45.88,46.42,45.57,45.76,44.78,2762900
Apr 09 2014,43.97,44.43,43.87,44.14,43.00,864800
Apr 09 2015,62.42,64.02,61.89,63.82,62.18,4197900
Apr 09 2018,76.84,79.49,76.00,76.15,75.71,7557400
Apr 10 2014,44.06,44.26,43.17,43.46,42.34,527900
Apr 10 2015,63.84,64.31,62.98,63.51,61.88,2825000
Apr 10 2017,57.35,57.55,56.88,57.18,56.35,2651000
Apr 10 2018,76.74,76.79,74.61,75.01,74.57,11745800
Apr 11 2014,43.30,43.87,43.01,43.60,42.48,760100
Apr 11 2016,46.03,46.56,45.74,45.76,44.78,2507500
Apr 11 2017,57.35,57.54,56.94,57.48,56.65,1369500
Apr 11 2018,77.39,80.35,77.04,79.61,79.15,52096400
Apr 12 2016,46.38,46.91,45.94,46.09,45.10,4462000
Apr 12 2017,57.62,57.63,57.16,57.42,56.59,1929600
Apr 12 2018,80.39,80.94,79.34,79.95,79.49,10665700
Apr 13 2015,62.65,63.20,62.36,62.54,60.94,1597400
Apr 13 2016,46.23,46.83,46.01,46.79,45.78,2841900
Apr 13 2017,57.39,57.76,57.10,57.11,56.29,2129200
Apr 13 2018,80.49,81.33,78.25,79.61,79.15,14439600
Apr 14 2014,43.69,44.34,43.32,43.81,42.68,515300
Apr 14 2015,62.50,62.54,61.66,62.11,60.52,1335400
Apr 14 2016,46.93,47.22,46.58,46.60,45.60,2260200
Apr 15 2014,44.14,44.14,43.09,43.87,42.74,484900
Apr 15 2015,62.52,62.98,61.99,61.99,60.40,1367700
Apr 15 2016,46.42,46.68,45.72,46.15,45.16,2432600
Apr 16 2014,43.65,44.36,43.56,44.32,43.18,523900
Apr 16 2015,61.97,62.44,61.07,61.27,59.70,1969800
Apr 16 2018,80.09,80.67,79.60,80.53,80.06,4265300
Apr 17 2014,44.20,44.86,43.71,44.67,43.52,805100
Apr 17 2015,60.76,61.25,60.37,60.74,59.18,1767700
Apr 17 2017,57.34,57.48,56.95,57.33,56.50,1965800
Apr 17 2018,81.45,82.41,80.69,81.16,80.69,3844200
Apr 18 2016,46.13,46.23,45.41,45.62,44.64,3384200
Apr 18 2017,57.10,57.40,56.24,56.86,56.04,1730100
Apr 18 2018,81.67,82.99,81.53,82.18,81.70,3523800
Apr 19 2016,45.66,46.07,45.31,45.78,44.80,2436500
Apr 19 2017,57.17,57.36,56.66,56.92,56.10,1939800
Apr 19 2018,82.00,82.80,81.69,81.98,81.50,2552100
Apr 20 2015,60.94,61.91,60.86,61.27,59.70,1898800
Apr 20 2016,45.94,45.96,44.98,44.98,44.02,5996400
Apr 20 2017,57.09,57.85,56.28,57.59,56.76,5217200
Apr 20 2018,82.05,82.67,81.66,82.33,81.85,2257600
Apr 21 2014,44.57,44.57,43.85,44.04,42.90,498100
Apr 21 2015,61.60,62.05,61.29,61.79,60.20,1441100
Apr 21 2016,45.19,46.17,45.19,45.39,44.42,4251900
Apr 21 2017,57.64,57.64,57.15,57.35,56.52,1197800
Apr 22 2014,44.02,44.57,43.97,44.14,43.00,511700
Apr 22 2015,61.68,62.16,61.11,61.60,60.02,1569300
Apr 22 2016,45.25,45.64,44.12,44.43,43.47,4794000
Apr 23 2014,44.08,44.43,43.83,44.10,42.96,469800
Apr 23 2015,61.60,62.50,61.42,62.20,60.60,1418700
Apr 23 2018,82.28,82.53,81.82,82.09,81.61,1795400
Apr 24 2014,44.24,44.47,44.04,44.12,42.98,302300
Apr 24 2015,62.61,62.79,62.05,62.13,60.54,961000
Apr 24 2017,58.00,58.17,57.77,58.04,57.20,2150700
Apr 24 2018,82.60,83.12,80.88,82.04,81.56,4170200
Apr 25 2014,44.12,44.16,43.58,43.77,42.64,204900
Apr 25 2016,44.51,45.19,44.51,44.61,43.65,3844100
Apr 25 2017,58.20,58.73,58.12,58.54,57.69,1330000
Apr 25 2018,81.72,82.35,81.35,81.83,81.35,2865400
Apr 26 2016,44.61,44.82,43.54,44.41,43.45,5203600
Apr 26 2017,58.38,61.02,58.28,60.60,59.72,4502400
Apr 26 2018,81.93,82.79,80.48,81.93,81.45,5691200
Apr 27 2015,62.42,62.98,60.78,60.82,59.26,2141400
Apr 27 2016,44.08,46.17,43.97,45.72,44.74,4117200
Apr 27 2017,60.74,60.74,59.88,60.24,59.37,1695400
Apr 27 2018,82.35,82.57,79.99,80.17,79.70,4380100
Apr 28 2014,43.79,43.97,43.19,43.85,42.72,625600
Apr 28 2015,60.92,61.29,59.92,60.41,58.86,2873000
Apr 28 2016,45.53,46.52,45.27,45.64,44.66,4018800
Apr 28 2017,60.36,60.37,58.41,58.97,58.12,3223000
Apr 29 2014,44.36,44.49,43.03,43.28,42.16,1292800
Apr 29 2015,62.46,64.84,60.78,61.07,59.50,6059200
Apr 29 2016,45.60,45.70,44.90,45.25,44.28,2915400
Apr 30 2014,43.52,44.84,43.40,44.80,43.64,920900
Apr 30 2015,60.92,61.01,58.75,59.43,57.90,3870100
Apr 30 2018,80.30,80.74,78.79,78.84,78.38,3476400
May 01 2014,44.71,45.41,44.02,45.31,44.14,700500
May 01 2015,59.88,61.38,59.55,61.21,59.64,2465200
May 01 2017,59.40,60.05,58.90,59.32,58.46,2957200
May 01 2018,78.76,80.31,78.66,80.24,79.77,3243800
May 02 2014,45.31,46.52,45.23,45.25,44.08,991000
May 02 2016,45.53,45.70,45.02,45.66,44.68,3118300
May 02 2017,61.46,61.82,59.96,61.49,60.60,4208800
May 02 2018,79.96,80.66,79.26,79.45,78.99,2916700
May 03 2016,45.19,45.82,45.10,45.55,44.58,3166900
May 03 2017,61.45,61.87,60.76,61.00,60.12,2471700
May 03 2018,79.24,80.18,78.44,79.87,79.41,3083100
May 04 2015,61.23,61.56,60.16,60.31,58.76,1499500
May 04 2016,45.19,45.57,44.92,45.23,44.26,4359600
May 04 2017,61.15,61.29,60.12,60.50,59.63,2316300
May 04 2018,79.60,81.52,79.08,81.16,80.69,2639600
May 05 2014,45.02,45.53,44.77,45.47,44.30,410800
May 05 2015,60.14,60.27,59.26,59.59,58.06,1408600
May 05 2016,45.33,45.70,45.08,45.23,44.26,1761900
May 05 2017,60.68,61.12,60.67,61.07,60.19,2605500
May 06 2014,45.35,45.72,44.94,45.47,44.30,683100
May 06 2015,59.71,59.98,59.08,59.63,58.10,1674000
May 06 2016,44.88,45.41,44.63,45.21,44.24,2451600
May 07 2014,46.79,47.15,45.37,46.50,45.30,1038000
May 07 2015,59.71,60.66,59.65,60.49,58.94,1530800
May 07 2018,81.60,81.60,80.85,81.35,80.88,2087600
May 08 2014,46.70,46.91,46.29,46.46,45.26,1212800
May 08 2015,61.42,62.48,61.09,61.77,60.18,2040000
May 08 2017,61.07,61.40,60.51,60.68,59.80,2005800
May 08 2018,81.47,82.65,80.92,82.43,81.95,3219600
May 09 2014,48.69,48.84,46.74,47.34,46.12,3461100
May 09 2016,45.16,45.47,44.82,45.43,44.46,2113600
May 10 2016,45.76,47.03,45.25,46.87,45.86,4084800
May 10 2017,62.16,62.40,61.59,62.12,61.37,1954500
May 10 2018,83.16,83.23,82.31,82.76,82.43,2207800
May 11 2015,60.96,61.25,60.70,60.92,59.36,12699200
May 11 2016,46.56,46.85,45.55,45.72,44.74,4019800
May 11 2017,61.80,62.36,61.51,62.21,61.46,1348800
May 11 2018,82.83,83.74,82.47,83.51,83.18,1750400
May 12 2014,48.12,48.32,46.52,47.15,45.94,1586700
May 12 2015,60.66,60.90,60.25,60.39,58.84,3094500
May 12 2016,45.80,45.92,44.49,45.00,44.04,3265500
May 12 2017,62.10,62.31,61.85,62.10,61.35,1163800
May 13 2014,47.40,47.65,46.97,47.20,45.98,1098500
May 13 2015,60.49,60.70,59.63,59.73,58.20,2891200
May 13 2016,44.82,45.41,44.04,44.12,43.17,2875500
May 14 2014,47.20,47.32,45.74,46.27,45.08,1191700
May 14 2015,60.37,61.07,59.94,60.53,58.98,6242100
May 14 2018,83.49,83.73,82.73,82.97,82.64,2590500
May 15 2014,46.38,46.38,44.45,44.94,43.78,1821300
May 15 2015,60.82,61.23,60.41,60.53,58.98,5011600
May 15 2017,62.24,62.75,62.11,62.62,61.86,2124900
May 15 2018,82.82,83.25,82.59,83.02,82.69,1908600
May 16 2014,45.14,45.27,43.99,44.88,43.72,1228800
May 16 2016,44.22,44.84,44.06,44.65,43.69,2151000
May 16 2017,62.69,62.87,62.16,62.43,61.68,2114800
May 16 2018,83.12,84.42,82.63,84.20,83.86,2379200
May 17 2017,61.82,61.88,61.02,61.30,60.56,1765200
May 17 2018,84.39,84.40,83.13,83.30,82.97,1309300
May 18 2015,60.47,60.82,60.39,60.55,59.00,3451400
May 18 2016,44.18,44.73,42.85,43.26,42.40,5630900
May 18 2017,61.30,62.81,60.96,62.44,61.69,2239500
May 18 2018,83.63,84.68,82.40,83.84,83.50,8072300
May 19 2014,44.94,45.16,44.57,44.96,43.80,970400
May 19 2015,60.72,61.09,60.55,60.72,59.16,2385700
May 19 2016,41.92,42.39,41.55,42.31,41.47,8099800
May 19 2017,62.80,64.05,62.62,63.85,63.08,2605400
May 20 2014,45.00,45.12,43.85,43.93,42.80,1359200
May 20 2015,60.70,60.92,60.06,60.78,59.22,2086800
May 20 2016,42.35,42.68,42.07,42.15,41.31,3129800
May 21 2014,44.12,45.14,44.02,44.84,43.68,1872800
May 21 2015,60.80,60.80,60.02,60.08,58.54,9917300
May 21 2018,84.46,84.58,83.24,83.92,83.58,2129700
May 22 2014,44.82,45.25,44.82,45.12,43.96,1002300
May 22 2015,60.06,60.35,59.67,60.23,58.68,3617000
May 22 2017,63.78,65.32,63.67,65.25,64.46,3643600
May 22 2018,84.09,84.25,82.62,82.76,82.43,1645200
May 23 2014,45.70,45.84,45.16,45.25,44.08,527700
May 23 2016,42.07,42.64,41.96,42.31,41.47,3892900
May 23 2017,65.50,66.39,64.91,65.49,64.70,4021800
May 23 2018,82.69,82.80,81.99,82.33,82.00,2283800
May 24 2016,42.58,43.05,42.02,42.76,41.91,2877000
May 24 2017,65.77,66.29,65.10,65.48,64.69,3024100
May 24 2018,82.48,82.94,81.99,82.03,81.70,2888700
May 25 2016,42.78,43.26,42.05,43.01,42.15,4668100
May 25 2017,65.76,66.11,65.13,65.13,64.34,2766600
May 25 2018,81.85,82.39,81.43,81.83,81.50,1892700
May 26 2015,60.86,60.96,59.69,59.86,58.32,3009400
May 26 2016,43.07,43.09,41.96,42.07,41.23,2600800
May 26 2017,65.16,65.55,64.94,65.34,64.55,1445800
May 27 2014,45.51,45.82,45.04,45.64,44.46,1164800
May 27 2015,60.14,60.60,59.73,60.39,58.84,3195100
May 27 2016,42.13,42.76,42.07,42.58,41.73,2288800
May 28 2014,45.80,46.23,45.14,45.16,44.00,1054100
May 28 2015,60.19,60.49,59.63,60.35,58.80,3095300
May 29 2014,45.27,45.55,44.90,45.51,44.34,732900
May 29 2015,60.16,60.33,59.41,59.43,57.90,4467200
May 29 2018,80.97,81.57,80.01,80.33,80.01,2184800
May 30 2014,45.41,46.48,45.41,46.42,45.22,1272500
May 30 2017,65.26,65.70,65.13,65.54,64.75,1104500
May 30 2018,80.85,82.03,80.85,81.73,81.40,2049800
May 31 2016,42.66,42.89,42.19,42.64,41.79,3399000
May 31 2017,65.85,66.58,65.35,66.47,65.67,3402000
May 31 2018,81.60,81.64,80.57,80.71,80.39,2874200
Jun 01 2015,59.71,60.14,59.51,59.86,58.32,3460100
Jun 01 2016,42.64,43.03,42.56,42.97,42.11,1708300
Jun 01 2017,66.71,67.50,66.32,66.64,65.84,2001900
Jun 01 2018,81.09,83.11,81.09,82.65,82.32,2495200
Jun 02 2014,46.42,46.87,45.96,46.74,45.54,1202400
Jun 02 2015,59.69,60.02,59.53,59.90,58.36,2869900
Jun 02 2016,43.01,44.59,42.80,44.34,43.46,4807700
Jun 02 2017,66.97,67.54,66.53,67.41,66.60,1590400
Jun 03 2014,46.54,47.01,46.05,46.60,45.40,1484600
Jun 03 2015,60.23,60.64,60.02,60.10,58.56,3361400
Jun 03 2016,44.16,44.63,43.60,44.57,43.68,6970700
Jun 04 2014,46.44,47.09,46.35,46.72,45.52,665600
Jun 04 2015,59.63,60.55,59.55,60.06,58.52,2536400
Jun 04 2018,83.18,83.31,82.28,83.19,82.86,1716200
Jun 05 2014,46.72,47.30,46.38,47.24,46.02,878900
Jun 05 2015,60.06,60.37,59.90,60.31,58.76,3076500
Jun 05 2017,67.67,67.79,66.97,66.99,66.18,1599200
Jun 05 2018,82.90,83.83,82.72,83.07,82.74,1911400
Jun 06 2014,47.24,47.93,46.62,47.77,46.54,1235300
Jun 06 2016,44.63,45.31,44.57,45.16,44.27,5536500
Jun 06 2017,66.58,66.71,65.55,65.76,64.97,1999400
Jun 06 2018,83.04,84.73,82.88,84.68,84.34,3572900
Jun 07 2016,45.21,45.39,44.73,44.80,43.90,2055700
Jun 07 2017,65.76,66.27,65.42,66.15,65.35,2661200
Jun 07 2018,84.88,84.88,83.70,84.17,83.83,1772700
Jun 08 2015,60.31,60.35,58.87,59.02,57.50,7089400
Jun 08 2016,44.88,45.08,44.08,44.57,43.68,2732500
Jun 08 2017,65.26,65.50,64.66,65.02,64.24,8180400
Jun 08 2018,84.09,84.41,83.40,84.14,83.80,1677800
Jun 09 2014,47.77,48.12,47.07,47.79,46.56,1235200
Jun 09 2015,59.10,60.00,59.08,59.88,58.34,4935700
Jun 09 2016,44.36,44.53,43.91,44.32,43.44,1697600
Jun 09 2017,65.35,65.86,64.02,64.75,63.97,7990900
Jun 10 2014,47.52,48.57,47.52,48.08,46.84,1351800
Jun 10 2015,59.82,60.16,58.73,58.83,57.32,5560700
Jun 10 2016,43.83,43.85,43.11,43.46,42.60,2509600
Jun 11 2014,47.18,47.34,46.48,46.81,45.60,3671100
Jun 11 2015,59.14,59.38,58.77,59.10,57.58,3791300
Jun 11 2018,84.23,84.50,83.80,83.99,83.65,1792300
Jun 12 2014,46.35,46.85,46.01,46.13,44.94,1815800
Jun 12 2015,58.79,59.06,58.26,58.69,57.18,3875000
Jun 12 2017,66.31,66.46,65.25,65.85,65.06,10162800
Jun 12 2018,84.50,84.88,82.67,83.81,83.47,3559300
Jun 13 2014,46.07,46.27,45.49,45.74,44.56,2073700
Jun 13 2016,43.40,44.02,43.19,43.46,42.60,2520000
Jun 13 2017,66.14,66.69,66.02,66.45,65.65,5087200
Jun 13 2018,84.00,84.03,82.32,82.73,82.40,3605200
Jun 14 2016,43.15,43.65,43.11,43.38,42.52,2849500
Jun 14 2017,66.62,66.86,65.88,66.25,65.45,7387200
Jun 14 2018,83.12,83.44,82.73,82.93,82.60,2126300
Jun 15 2015,58.89,59.28,58.26,58.32,56.82,7119300
Jun 15 2016,43.60,45.08,43.50,44.49,43.60,4476600
Jun 15 2017,65.81,66.99,65.53,66.85,66.04,4511100
Jun 15 2018,82.75,84.02,82.33,83.84,83.50,2953200
Jun 16 2014,45.76,46.68,45.16,45.57,44.40,2613700
Jun 16 2015,58.22,58.42,57.44,57.52,56.04,7338000
Jun 16 2016,44.22,44.73,43.54,44.61,43.72,3610100
Jun 16 2017,67.27,67.29,66.40,66.41,65.61,33236400
Jun 17 2014,45.55,46.25,45.55,45.84,44.66,1243700
Jun 17 2015,57.46,57.66,56.61,57.31,55.84,12383900
Jun 17 2016,44.61,46.15,44.61,46.11,45.19,5036100
Jun 18 2014,45.76,46.09,45.62,45.86,44.68,1400300
Jun 18 2015,57.48,58.83,57.48,58.19,56.70,18487100
Jun 18 2018,83.09,84.42,83.09,84.33,83.99,1854400
Jun 19 2014,45.92,46.33,45.76,45.82,44.64,1299200
Jun 19 2015,58.03,58.54,57.58,57.64,56.16,6731100
Jun 19 2017,66.59,67.31,66.30,66.84,66.03,4391000
Jun 19 2018,83.68,83.84,82.05,82.98,82.65,2104500
Jun 20 2014,46.09,46.09,45.68,45.68,44.50,1644700
Jun 20 2016,46.60,47.77,46.54,47.52,46.58,6271200
Jun 20 2017,67.04,67.07,65.69,65.88,65.08,4031600
Jun 20 2018,83.19,83.92,81.98,82.01,81.68,3178800
Jun 21 2016,47.48,47.54,46.70,46.93,46.00,4007300
Jun 21 2017,66.30,66.35,65.28,65.60,64.81,3997000
Jun 21 2018,81.92,82.31,80.78,81.02,80.70,3822800
Jun 22 2015,58.03,58.61,57.58,57.60,56.12,5411100
Jun 22 2016,47.13,47.59,46.79,46.93,46.00,2609700
Jun 22 2017,65.45,65.47,64.89,65.20,64.41,2623500
Jun 22 2018,81.62,81.72,80.53,80.87,80.55,2755900
Jun 23 2014,45.90,46.17,45.57,45.84,44.66,1575300
Jun 23 2015,57.56,57.89,57.15,57.66,56.18,4901900
Jun 23 2016,47.54,48.43,47.30,48.08,47.12,5248100
Jun 23 2017,65.10,65.56,64.76,65.40,64.61,3110900
Jun 24 2014,45.84,46.99,45.78,46.17,44.98,5474100
Jun 24 2015,57.64,58.15,57.31,57.41,55.94,2976200
Jun 24 2016,46.05,46.89,44.61,44.84,43.94,8209600
Jun 25 2014,46.99,47.77,46.74,47.11,45.90,27335200
Jun 25 2015,57.60,57.95,57.21,57.44,55.96,4327000
Jun 25 2018,80.06,80.55,78.68,79.27,78.95,3203000
Jun 26 2014,47.05,47.24,46.77,46.91,45.70,7572900
Jun 26 2015,57.52,58.09,57.07,57.62,56.14,12658700
Jun 26 2017,65.38,65.55,64.98,65.23,64.44,1736200
Jun 26 2018,79.29,79.72,78.95,79.19,78.87,3457300
Jun 27 2014,46.99,47.40,46.58,46.81,45.60,6862700
Jun 27 2016,44.38,44.38,42.80,43.36,42.50,6493400
Jun 27 2017,65.05,65.10,63.42,63.45,62.68,3272200
Jun 27 2018,79.55,79.90,78.20,78.26,77.95,3220400
Jun 28 2016,44.04,44.51,43.36,44.16,43.28,3747400
Jun 28 2017,63.80,64.07,63.17,63.36,62.60,2607000
Jun 28 2018,78.12,78.25,76.79,78.25,77.94,5142900
Jun 29 2015,56.94,57.44,56.02,56.08,54.64,4051900
Jun 29 2016,44.75,46.58,44.75,45.74,44.83,5680300
Jun 29 2017,63.25,63.34,61.66,62.25,61.50,3666800
Jun 29 2018,78.38,79.99,78.13,79.16,78.84,3544900
Jun 30 2014,46.79,47.87,46.64,47.81,46.58,3204700
Jun 30 2015,56.53,56.78,56.12,56.53,55.08,2729400
Jun 30 2016,45.94,46.25,45.43,46.23,45.31,4422300
Jun 30 2017,62.65,62.91,61.82,61.85,61.10,3556000
Jul 01 2014,47.79,48.67,47.69,48.49,47.24,5010100
Jul 01 2015,57.09,57.52,56.76,57.00,55.54,2653000
Jul 01 2016,46.33,47.05,46.33,46.95,46.02,1968700
Jul 02 2014,48.22,49.06,48.06,48.96,47.70,3300600
Jul 02 2015,57.48,57.64,56.66,57.00,55.54,1649400
Jul 02 2018,78.49,79.31,77.52,79.30,78.98,3065800
Jul 03 2014,48.96,50.89,48.96,50.89,49.58,5482100
Jul 03 2017,61.98,62.08,61.30,61.31,60.57,1967400
Jul 03 2018,79.42,79.82,79.01,79.45,79.13,1719600
Jul 05 2016,46.70,46.83,45.51,45.92,45.01,2250900
Jul 05 2017,61.31,61.80,60.74,61.51,60.77,3681400
Jul 05 2018,79.65,79.94,78.85,79.69,79.37,3350600
Jul 06 2015,56.70,57.50,56.20,57.05,55.58,2684300
Jul 06 2016,45.76,46.33,45.49,46.31,45.39,2381300
Jul 06 2017,61.02,61.54,60.62,61.08,60.34,2926200
Jul 06 2018,79.53,81.00,79.40,80.56,80.24,2278500
Jul 07 2014,50.48,50.70,50.07,50.27,48.98,3754300
Jul 07 2015,57.05,57.27,56.20,57.15,55.68,3029900
Jul 07 2016,46.42,47.22,46.38,46.87,45.94,3424600
Jul 07 2017,61.21,62.01,61.02,61.76,61.01,4443300
Jul 08 2014,50.07,50.09,49.23,49.64,48.36,2931200
Jul 08 2015,56.72,56.76,55.59,55.83,54.40,3127700
Jul 08 2016,47.46,47.91,47.34,47.87,46.92,1721300
Jul 09 2014,49.86,50.83,49.58,50.73,49.42,2832700
Jul 09 2015,56.45,56.96,55.92,55.98,54.54,2805000
Jul 09 2018,81.01,81.68,80.56,80.94,80.62,2949900
Jul 10 2014,49.84,50.73,49.80,50.32,49.02,1868600
Jul 10 2015,56.74,57.50,56.51,57.23,55.76,3384600
Jul 10 2017,61.76,62.29,61.63,62.20,61.45,4126300
Jul 10 2018,80.94,82.29,80.88,81.28,80.95,2915100
Jul 11 2014,49.27,50.32,49.27,49.90,48.62,1384400
Jul 11 2016,48.22,48.37,47.96,48.14,47.18,1814100
Jul 11 2017,61.89,62.61,61.82,62.46,61.71,5848800
Jul 11 2018,80.50,81.00,80.02,80.61,80.29,3803800
Jul 12 2016,48.61,49.12,48.45,48.76,47.79,5553600
Jul 12 2017,62.80,62.97,61.84,61.93,61.18,2444000
Jul 12 2018,81.00,81.13,80.35,81.00,80.68,3367900
Jul 13 2015,57.91,58.19,57.70,57.80,56.32,3257200
Jul 13 2016,48.71,48.80,47.65,48.47,47.50,3316600
Jul 13 2017,62.04,62.38,61.78,62.08,61.33,1780200
Jul 13 2018,80.99,81.16,80.67,80.97,80.65,2124700
Jul 14 2014,50.40,50.97,50.07,50.19,48.90,2394700
Jul 14 2015,57.91,58.32,57.74,58.24,56.74,2311600
Jul 14 2016,48.86,49.06,48.53,48.65,47.69,1434900
Jul 14 2017,61.96,62.54,61.75,62.45,61.70,3466500
Jul 15 2014,50.17,50.73,50.09,50.42,49.12,1918100
Jul 15 2015,58.38,58.52,57.68,57.74,56.26,2591200
Jul 15 2016,48.39,49.04,48.14,48.82,47.85,1852800
Jul 16 2014,50.50,50.68,49.95,50.44,49.14,1315700
Jul 16 2015,58.34,58.46,57.87,57.97,56.48,2772700
Jul 16 2018,81.18,81.18,79.79,80.08,79.76,2285600
Jul 17 2014,50.13,50.68,49.25,49.39,48.12,3192100
Jul 17 2015,58.13,58.38,57.62,58.01,56.52,2515300
Jul 17 2017,62.40,62.88,62.18,62.62,61.86,1403100
Jul 17 2018,80.22,81.17,79.80,81.07,80.75,3353300
Jul 18 2014,49.74,50.42,49.54,50.38,49.08,1820500
Jul 18 2016,48.86,49.35,48.76,49.23,48.25,3150800
Jul 18 2017,62.56,62.90,62.33,62.49,61.74,2219600
Jul 18 2018,81.21,83.25,81.21,82.96,82.63,5303800
Jul 19 2016,48.53,49.31,48.28,49.02,48.05,3320200
Jul 19 2017,62.44,62.65,62.09,62.12,61.37,1810300
Jul 19 2018,83.00,83.49,81.97,82.14,81.81,2773400
Jul 20 2015,58.01,58.28,57.68,58.11,56.62,1899800
Jul 20 2016,49.31,49.58,48.84,49.25,48.27,3272800
Jul 20 2017,62.11,62.23,61.51,62.01,61.26,2172100
Jul 20 2018,81.95,82.71,81.58,81.96,81.63,2435600
Jul 21 2014,50.17,51.16,50.17,50.95,49.64,2381900
Jul 21 2015,57.78,57.91,57.27,57.50,56.02,2794800
Jul 21 2016,49.08,50.13,48.96,49.19,48.21,4259900
Jul 21 2017,61.88,62.49,61.84,62.47,61.72,1871200
Jul 22 2014,51.07,51.83,50.79,51.57,50.24,2022900
Jul 22 2015,57.44,57.64,57.13,57.44,55.96,1991900
Jul 22 2016,49.19,49.99,48.96,49.95,48.95,3713500
Jul 23 2014,51.42,52.51,51.38,52.35,51.00,3073200
Jul 23 2015,57.39,57.44,54.93,55.51,54.08,7144700
Jul 23 2018,82.00,82.26,81.54,81.61,81.28,3686800
Jul 24 2014,52.33,52.98,51.79,51.90,50.56,3345800
Jul 24 2015,55.61,55.67,54.01,55.06,53.64,5884100
Jul 24 2017,62.50,62.79,61.99,62.01,61.26,1923400
Jul 24 2018,81.65,81.84,79.68,80.49,80.17,4260700
Jul 25 2014,51.69,52.41,51.44,51.87,50.54,920200
Jul 25 2016,49.88,50.11,49.06,49.12,48.15,3072600
Jul 25 2017,62.32,63.13,61.72,63.08,62.32,3711500
Jul 25 2018,80.07,80.55,77.64,80.37,80.05,5891600
Jul 26 2016,49.04,49.31,48.88,48.98,48.01,4405200
Jul 26 2017,63.90,64.66,62.03,62.52,61.77,6574700
Jul 26 2018,79.92,80.69,79.27,79.61,79.29,2774500
Jul 27 2015,54.44,54.97,53.89,54.38,52.98,4668400
Jul 27 2016,48.63,48.84,47.46,47.54,46.60,8082100
Jul 27 2017,62.83,62.83,61.75,62.56,61.81,2882500
Jul 27 2018,79.91,80.21,78.19,78.45,78.14,2683400
Jul 28 2014,51.87,52.31,51.48,51.79,50.46,1143400
Jul 28 2015,54.58,55.06,54.01,54.36,52.96,4083500
Jul 28 2016,47.38,47.40,46.42,46.97,46.04,5283200
Jul 28 2017,62.23,62.75,62.23,62.46,61.71,1184800
Jul 29 2014,52.02,52.08,51.16,51.26,49.94,1686500
Jul 29 2015,55.49,57.27,55.30,56.86,55.40,9417400
Jul 29 2016,46.81,47.65,46.70,47.59,46.64,5408800
Jul 30 2014,51.61,51.96,50.15,50.64,49.34,3035000
Jul 30 2015,56.59,56.78,54.42,54.46,53.06,7572100
Jul 30 2018,78.13,78.60,77.07,77.28,76.97,3132200
Jul 31 2014,50.11,50.46,49.27,49.68,48.40,2718300
Jul 31 2015,55.03,55.51,54.34,55.10,53.68,4404600
Jul 31 2017,62.81,62.87,62.29,62.53,61.78,2068100
Jul 31 2018,77.42,78.83,77.41,78.66,78.35,2744000
Aug 01 2014,50.27,50.38,47.50,49.84,48.56,4673200
Aug 01 2016,47.50,47.96,47.24,47.85,46.90,2403300
Aug 01 2017,62.88,63.35,62.44,62.77,62.01,2659200
Aug 01 2018,79.20,79.47,78.23,78.54,78.23,2667200
Aug 02 2016,47.57,47.98,46.35,46.93,46.00,2429900
Aug 02 2017,62.69,63.58,61.28,61.98,61.23,2185900
Aug 02 2018,77.86,78.44,77.12,78.44,78.13,3687600
Aug 03 2015,55.34,55.34,54.21,54.44,53.04,2408100
Aug 03 2016,46.72,47.46,46.29,46.85,45.92,3318400
Aug 03 2017,62.10,62.65,62.00,62.13,61.38,1957400
Aug 03 2018,78.48,78.59,77.88,78.18,77.87,1969100
Aug 04 2014,49.88,50.03,49.12,49.62,48.34,1665300
Aug 04 2015,54.36,54.77,53.45,53.68,52.30,3695700
Aug 04 2016,46.85,47.44,46.68,47.36,46.42,2374700
Aug 04 2017,62.31,63.13,62.14,62.98,62.22,2891400
Aug 05 2014,49.49,49.66,48.22,48.67,47.42,2776900
Aug 05 2015,53.76,54.81,52.59,52.90,51.54,8778800
Aug 05 2016,47.67,48.30,47.54,48.12,47.16,1965000
Aug 06 2014,48.24,48.41,47.61,48.12,46.88,2932300
Aug 06 2015,52.80,52.80,51.65,52.72,51.36,7624400
Aug 06 2018,78.06,78.26,77.57,78.13,77.82,3835100
Aug 07 2014,48.49,49.19,48.41,48.59,47.34,2239200
Aug 07 2015,52.72,53.29,52.18,53.17,51.80,4402900
Aug 07 2017,63.34,63.87,63.02,63.77,63.00,3245100
Aug 07 2018,77.66,78.11,76.94,77.60,77.29,3777900
Aug 08 2014,48.67,49.00,48.06,48.65,47.40,1580700
Aug 08 2016,48.22,49.21,48.14,48.88,47.91,3835600
Aug 08 2017,62.84,63.18,61.74,62.08,61.33,2852100
Aug 09 2016,48.76,49.29,48.41,48.59,47.62,6379900
Aug 09 2017,61.76,61.80,60.99,61.37,60.63,2983200
Aug 09 2018,76.84,77.08,75.97,76.15,75.99,3900600
Aug 10 2015,53.58,53.91,53.39,53.78,52.40,4218600
Aug 10 2016,48.67,48.94,48.04,48.35,47.38,3879300
Aug 10 2017,60.99,61.41,60.65,61.00,60.26,2226600
Aug 10 2018,76.09,76.42,75.39,75.65,75.49,3268300
Aug 11 2014,49.15,49.78,48.94,49.37,48.10,809400
Aug 11 2016,48.57,49.00,48.41,48.55,47.58,4978500
Aug 11 2017,60.92,61.56,60.77,61.30,60.56,1682900
Aug 12 2014,49.19,49.62,48.94,49.47,48.20,689500
Aug 12 2015,52.98,53.15,51.85,53.02,51.73,3113300
Aug 12 2016,48.37,49.10,48.28,49.06,48.09,3507400
Aug 13 2014,49.68,50.44,49.39,50.25,48.96,1191000
Aug 13 2015,53.06,53.31,52.49,53.02,51.73,2706100
Aug 13 2018,75.64,76.08,74.84,75.31,75.16,2928100
Aug 14 2014,50.40,50.77,50.25,50.75,49.44,924200
Aug 14 2015,52.86,53.00,52.10,52.57,51.29,2190200
Aug 14 2017,61.87,61.94,61.32,61.75,61.00,2410300
Aug 14 2018,75.62,76.74,75.04,76.54,76.38,2763700
Aug 15 2014,51.03,51.20,50.05,50.62,49.32,1224700
Aug 15 2016,49.23,49.51,48.86,49.49,48.51,2933700
Aug 15 2018,75.92,76.39,75.49,76.22,76.06,2919400
Aug 16 2017,62.30,62.76,62.10,62.44,61.84,2149400
Aug 16 2018,76.92,77.92,76.58,77.24,77.08,3373600
Aug 17 2015,52.47,53.45,52.26,53.39,52.09,1915600
Aug 17 2016,49.86,49.97,49.51,49.82,48.90,7279400
Aug 17 2017,62.03,62.39,60.68,60.82,60.23,2701800
Aug 17 2018,76.53,77.30,75.97,77.20,77.04,1964800
Aug 18 2014,51.09,51.32,50.62,51.28,49.96,1073000
Aug 18 2015,53.48,53.48,52.92,53.02,51.73,1209000
Aug 18 2016,49.72,49.95,49.54,49.56,48.64,6605100
Aug 18 2017,60.72,61.53,60.54,61.06,60.47,2654300
Aug 19 2014,51.32,51.81,51.12,51.53,50.20,1098800
Aug 19 2015,52.90,53.25,52.37,52.76,51.47,2112400
Aug 19 2016,49.35,49.62,49.23,49.60,48.68,2358100
Aug 20 2014,51.32,52.26,51.18,52.20,50.86,1634300
Aug 20 2015,52.02,52.31,51.09,51.22,49.97,3251600
Aug 20 2018,77.19,77.54,76.12,76.29,76.13,2430700
Aug 21 2014,52.12,52.61,52.06,52.41,51.06,1219900
Aug 21 2015,50.58,51.16,50.11,50.27,49.05,2970500
Aug 21 2017,61.21,61.90,61.10,61.78,61.18,1689200
Aug 21 2018,76.22,77.25,76.22,76.73,76.57,2324900
Aug 22 2014,52.33,52.84,52.28,52.61,51.26,946900
Aug 22 2016,49.49,49.70,49.31,49.56,48.64,1300300
Aug 22 2017,61.88,63.37,61.80,63.32,62.71,1820200
Aug 22 2018,76.54,77.41,76.38,77.20,77.04,2540500
Aug 23 2016,49.66,49.93,49.49,49.51,48.60,1938500
Aug 23 2017,62.89,63.40,62.72,63.12,62.51,1286000
Aug 23 2018,77.22,77.42,76.50,76.77,76.61,3009600
Aug 24 2015,47.44,50.09,42.95,48.63,47.44,3293700
Aug 24 2016,49.51,49.88,49.12,49.60,48.68,2204600
Aug 24 2017,63.47,63.72,62.84,62.91,62.30,1445800
Aug 24 2018,76.77,77.60,76.77,77.11,76.95,2149200
Aug 25 2014,52.63,52.78,52.18,52.78,51.42,1304100
Aug 25 2015,50.44,50.56,48.30,48.30,47.12,5663100
Aug 25 2016,49.49,49.68,49.23,49.66,48.74,1580200
Aug 25 2017,63.16,63.71,63.01,63.48,62.87,1365000
Aug 26 2014,52.74,52.92,52.39,52.63,51.28,961800
Aug 26 2015,49.51,50.11,48.30,49.93,48.71,3280800
Aug 26 2016,49.58,49.90,48.98,49.29,48.38,2453300
Aug 27 2014,52.67,53.19,52.61,52.86,51.50,1292900
Aug 27 2015,50.52,51.34,49.82,51.05,49.81,4370800
Aug 27 2018,77.64,78.16,77.47,77.76,77.60,1865300
Aug 28 2014,52.55,52.86,52.20,52.65,51.30,1369000
Aug 28 2015,50.64,51.46,50.40,51.38,50.13,2156200
Aug 28 2017,63.72,63.77,62.92,63.17,62.56,1517800
Aug 28 2018,77.93,78.01,77.17,77.47,77.31,1241700
Aug 29 2014,52.65,52.76,51.71,51.96,50.62,5281400
Aug 29 2016,49.27,49.62,49.21,49.25,48.34,1917300
Aug 29 2017,62.82,63.00,62.53,62.89,62.28,1795400
Aug 29 2018,77.55,78.36,77.38,78.18,78.02,1831600
Aug 30 2016,49.37,49.47,48.57,48.80,47.89,4598600
Aug 30 2017,62.93,64.80,62.81,64.32,63.70,2070500
Aug 30 2018,78.18,78.19,77.27,77.58,77.42,1398100
Aug 31 2015,51.30,51.65,50.75,50.95,49.71,2129900
Aug 31 2016,48.30,49.21,48.30,48.98,48.07,2733300
Aug 31 2017,64.33,64.76,64.03,64.33,63.71,2797900
Aug 31 2018,77.34,78.04,77.34,77.62,77.46,2496900
Sep 01 2015,49.90,50.50,49.12,49.45,48.25,2140700
Sep 01 2016,49.37,49.37,48.43,48.78,47.87,4685600
Sep 01 2017,64.70,64.87,64.28,64.59,63.96,1273100
Sep 02 2014,52.37,52.98,51.61,52.24,50.90,1346300
Sep 02 2015,50.13,50.23,49.54,50.05,48.83,2212900
Sep 02 2016,48.51,49.15,48.49,48.71,47.81,1457300
Sep 03 2014,52.45,52.61,51.75,51.87,50.54,2212400
Sep 03 2015,50.19,51.42,50.09,50.73,49.49,2826600
Sep 04 2014,52.08,52.70,51.46,52.00,50.66,1593400
Sep 04 2015,49.86,50.77,49.64,50.48,49.25,3508900
Sep 04 2018,77.63,77.70,76.67,77.16,77.00,1887000
Sep 05 2014,52.04,53.15,51.61,52.86,51.50,1606000
Sep 05 2017,64.42,64.46,62.90,63.60,62.98,2696600
Sep 05 2018,76.84,76.97,75.68,75.72,75.56,3076600
Sep 06 2016,48.71,48.80,48.14,48.49,47.59,1354000
Sep 06 2017,63.80,64.00,63.29,63.67,63.05,1495600
Sep 06 2018,75.90,76.24,75.16,75.69,75.53,4244200
Sep 07 2016,48.51,48.76,48.39,48.53,47.63,1443800
Sep 07 2017,63.88,64.17,63.53,63.89,63.27,1518000
Sep 07 2018,75.39,76.62,75.39,76.44,76.28,2974000
Sep 08 2014,52.67,52.92,52.47,52.70,51.34,582300
Sep 08 2015,51.36,52.10,51.18,52.02,50.75,2448100
Sep 08 2016,48.45,48.65,47.93,48.04,47.15,1987200
Sep 08 2017,63.89,65.34,63.74,65.14,64.51,2551700
Sep 09 2014,52.53,52.90,52.12,52.35,51.00,1520600
Sep 09 2015,52.47,52.82,51.85,52.12,50.85,4203900
Sep 09 2016,47.61,47.79,46.58,46.64,45.78,4347100
Sep 10 2014,52.43,52.47,51.75,51.87,50.54,1757500
Sep 10 2015,52.12,52.72,51.63,52.24,50.97,3903700
Sep 10 2018,76.79,77.03,76.16,76.59,76.43,2029700
Sep 11 2014,50.89,51.71,50.60,50.97,49.66,3296200
Sep 11 2015,51.96,52.55,51.77,52.51,51.23,2344300
Sep 11 2017,65.67,66.30,65.59,65.95,65.31,2604400
Sep 11 2018,76.29,77.46,76.24,77.41,77.25,2774900
Sep 12 2014,50.85,50.99,49.76,50.07,48.78,2576400
Sep 12 2016,46.27,47.50,46.17,47.30,46.42,3783100
Sep 12 2017,65.98,66.25,65.66,66.07,65.43,1213100
Sep 12 2018,77.25,78.07,77.06,77.96,77.80,3110900
Sep 13 2016,46.81,47.32,46.74,47.05,46.18,2821600
Sep 13 2017,65.87,66.86,65.83,66.68,66.03,1863500
Sep 13 2018,78.43,79.92,78.36,78.94,78.78,3745600
Sep 14 2015,52.47,52.72,52.08,52.26,50.99,2525200
Sep 14 2016,47.03,47.67,46.62,47.46,46.58,2957200
Sep 14 2017,66.60,66.72,65.91,66.52,65.88,1726800
Sep 14 2018,79.05,80.22,79.04,80.06,79.90,3229500
Sep 15 2014,50.07,50.23,49.43,49.51,48.24,1700900
Sep 15 2015,52.26,52.26,50.97,51.32,50.07,6693900
Sep 15 2016,47.28,47.77,47.28,47.40,46.52,2129400
Sep 15 2017,66.46,66.89,66.07,66.63,65.99,2449200
Sep 16 2014,49.39,50.73,49.27,50.58,49.28,1901900
Sep 16 2015,51.48,52.51,51.40,52.26,50.99,3557200
Sep 16 2016,47.24,47.57,47.09,47.26,46.38,2340700
Sep 17 2014,50.66,51.55,50.56,51.32,50.00,2660100
Sep 17 2015,52.26,53.15,52.08,52.16,50.89,2200200
Sep 17 2018,80.17,80.25,79.05,79.10,78.94,3395000
Sep 18 2014,51.38,51.67,50.66,50.75,49.44,1769000
Sep 18 2015,50.91,50.91,49.12,49.17,47.97,6746000
Sep 18 2017,66.59,66.81,66.33,66.56,65.92,2207000
Sep 18 2018,79.20,79.64,78.95,79.39,79.23,2703400
Sep 19 2014,50.91,50.99,50.44,50.79,49.48,2259400
Sep 19 2016,47.44,47.71,47.11,47.24,46.36,1670000
Sep 19 2017,66.56,67.07,66.21,66.89,66.24,1977200
Sep 19 2018,79.52,80.54,79.52,80.43,80.26,2327500
Sep 20 2016,47.46,48.14,47.42,47.83,46.95,2565300
Sep 20 2017,67.02,67.36,66.64,67.04,66.39,1440800
Sep 20 2018,80.66,81.34,80.17,81.08,80.91,3407600
Sep 21 2015,49.45,49.97,49.15,49.31,48.11,2727700
Sep 21 2016,47.81,47.89,47.01,47.83,46.95,4356200
Sep 21 2017,66.99,67.52,66.82,67.34,66.69,1184600
Sep 21 2018,81.55,82.00,80.82,80.96,80.79,6804400
Sep 22 2014,50.77,50.95,50.36,50.91,49.60,2198400
Sep 22 2015,48.63,48.80,47.91,48.59,47.40,3014300
Sep 22 2016,48.06,48.57,48.02,48.37,47.47,2025100
Sep 22 2017,67.34,68.37,67.18,68.19,67.53,2072700
Sep 23 2014,50.75,50.95,50.58,50.66,49.36,2152800
Sep 23 2015,48.47,48.69,47.85,47.93,46.76,3154200
Sep 23 2016,48.10,48.63,48.06,48.43,47.53,1511500
Sep 24 2014,50.77,50.99,50.44,50.68,49.38,1537100
Sep 24 2015,47.81,48.10,47.22,47.59,46.42,3421700
Sep 24 2018,80.69,80.72,79.55,80.16,80.00,2265300
Sep 25 2014,50.62,50.64,50.05,50.27,48.98,2197600
Sep 25 2015,47.85,47.93,47.05,47.38,46.22,2958600
Sep 25 2017,68.19,69.35,67.98,68.71,68.04,2245600
Sep 25 2018,80.40,80.51,79.87,80.11,79.95,2533300
Sep 26 2014,50.29,50.95,49.99,50.93,49.62,1887000
Sep 26 2016,48.00,48.16,47.03,47.09,46.22,3066400
Sep 26 2017,69.08,69.52,68.80,69.50,68.83,2773200
Sep 26 2018,80.28,81.10,79.92,80.66,80.49,2168200
Sep 27 2016,47.18,47.50,47.09,47.32,46.44,1780400
Sep 27 2017,69.69,69.74,68.69,69.11,68.44,1930400
Sep 27 2018,80.37,82.18,80.33,82.04,81.87,2654100
Sep 28 2015,47.07,47.15,45.08,45.23,44.12,3792500
Sep 28 2016,47.48,47.63,46.66,46.91,46.04,6334200
Sep 28 2017,69.03,69.55,68.97,69.36,68.69,1485200
Sep 28 2018,81.77,81.81,80.69,80.78,80.61,4263000
Sep 29 2014,50.54,50.81,50.21,50.38,49.08,1417900
Sep 29 2015,45.41,45.64,44.61,44.94,43.84,2987100
Sep 29 2016,46.79,47.40,46.50,46.83,45.96,4898900
Sep 29 2017,68.95,69.45,68.44,69.45,68.78,7072200
Sep 30 2014,50.32,50.77,49.90,50.54,49.24,2636500
Sep 30 2015,45.35,47.07,45.14,47.07,45.92,4732000
Sep 30 2016,46.89,47.44,46.79,47.05,46.18,2799400
Oct 01 2014,50.36,50.48,48.69,49.25,47.98,3817500
Oct 01 2015,47.20,49.17,47.18,48.18,47.00,7969800
Oct 01 2018,81.34,81.34,78.38,78.39,78.23,4116900
Oct 02 2014,49.25,49.51,48.57,49.21,47.94,2136300
Oct 02 2015,47.50,48.55,46.81,48.39,47.20,16812600
Oct 02 2017,69.25,69.69,69.16,69.43,68.76,2902500
Oct 02 2018,78.33,78.89,77.05,77.08,76.92,4398400
Oct 03 2014,49.64,50.03,49.43,49.90,48.62,661200
Oct 03 2016,47.07,47.38,46.83,46.95,46.08,1738500
Oct 03 2017,69.49,69.51,68.72,68.86,68.19,2494000
Oct 03 2018,77.39,77.57,76.50,76.55,76.39,4619600
Oct 04 2016,47.15,47.28,46.62,46.85,45.98,3495500
Oct 04 2017,68.87,69.03,68.60,68.91,68.24,1905900
Oct 04 2018,76.57,76.76,74.57,75.41,75.25,4779400
Oct 05 2015,48.67,49.23,48.57,49.17,47.97,2934500
Oct 05 2016,46.81,47.03,46.54,46.66,45.80,2435700
Oct 05 2017,68.94,69.61,68.80,69.37,68.70,2302300
Oct 05 2018,75.46,75.79,73.52,74.38,74.23,3622200
Oct 06 2014,50.50,50.91,49.47,49.68,48.40,2113400
Oct 06 2015,49.31,49.60,48.63,48.82,47.62,2053000
Oct 06 2016,46.68,46.83,46.01,46.23,45.38,3090600
Oct 06 2017,69.36,69.70,69.20,69.48,68.81,1987600
Oct 07 2014,49.25,49.66,48.94,49.21,47.94,1424700
Oct 07 2015,48.94,50.13,48.84,49.68,48.47,3078200
Oct 07 2016,46.25,46.52,45.82,46.03,45.17,1582100
Oct 08 2014,49.31,49.39,48.35,49.08,47.82,1802600
Oct 08 2015,49.62,51.57,49.35,51.07,49.83,3393700
Oct 08 2018,74.23,75.03,73.62,74.95,74.80,5211700
Oct 09 2014,49.37,49.49,47.89,47.96,46.72,2234500
Oct 09 2015,51.12,51.83,50.68,51.73,50.47,2792400
Oct 09 2017,69.50,69.97,69.46,69.66,68.99,1358300
Oct 09 2018,75.00,75.66,74.78,75.23,75.08,6063700
Oct 10 2014,47.83,47.89,46.64,46.72,45.52,2639000
Oct 10 2016,46.29,47.09,46.23,46.85,45.98,3368100
Oct 10 2017,69.80,69.97,69.51,69.92,69.24,1799700
Oct 10 2018,74.66,75.20,73.30,73.40,73.25,7380600
Oct 11 2016,46.72,46.85,46.17,46.27,45.42,3558100
Oct 11 2017,70.00,70.35,69.83,70.22,69.54,3004100
Oct 11 2018,73.20,73.54,72.07,73.10,72.95,5937600
Oct 12 2015,51.67,52.26,51.48,51.75,50.49,1810800
Oct 12 2016,46.31,46.81,46.17,46.68,45.82,3019600
Oct 12 2017,70.15,70.50,69.84,70.38,69.70,2080900
Oct 12 2018,74.24,74.35,72.72,73.62,73.47,3676400
Oct 13 2014,46.85,46.97,45.16,45.23,44.06,4251700
Oct 13 2015,51.16,51.90,50.89,51.30,50.05,2813200
Oct 13 2016,46.13,46.93,45.64,46.62,45.76,3303100
Oct 13 2017,70.58,71.38,70.40,71.16,70.47,2326200
Oct 14 2014,45.66,46.01,44.36,45.21,44.04,3008200
Oct 14 2015,51.18,51.53,50.01,50.11,48.89,2675700
Oct 14 2016,46.79,47.36,46.72,46.97,46.10,4657800
Oct 15 2014,43.93,45.45,42.52,44.34,43.20,5587800
Oct 15 2015,50.54,50.79,48.98,50.64,49.41,4074200
Oct 15 2018,73.34,73.61,72.97,72.99,72.84,2994000
Oct 16 2014,43.60,45.86,43.38,44.86,43.70,5365500
Oct 16 2015,50.15,50.52,49.25,49.70,48.49,3176900
Oct 16 2017,71.09,71.26,70.62,71.13,70.44,1904000
Oct 16 2018,73.55,74.69,73.01,74.63,74.48,1927400
Oct 17 2014,45.99,47.67,45.99,46.81,45.60,3238200
Oct 17 2016,46.81,47.24,46.64,46.68,45.82,2450800
Oct 17 2017,71.04,71.22,70.72,71.22,70.53,1549200
Oct 17 2018,74.48,74.96,73.69,74.52,74.37,1777700
Oct 18 2016,47.11,47.44,46.85,47.26,46.38,2298000
Oct 18 2017,71.54,71.54,70.88,71.06,70.37,2171600
Oct 18 2018,74.53,74.53,71.94,72.05,71.90,3723200
Oct 19 2015,49.62,50.03,49.39,49.60,48.39,1995500
Oct 19 2016,47.46,47.87,47.26,47.40,46.52,1922200
Oct 19 2017,70.95,71.12,70.33,71.10,70.41,2170400
Oct 19 2018,71.80,72.01,70.50,70.66,70.51,7482000
Oct 20 2014,46.87,48.55,46.77,48.47,47.22,2321700
Oct 20 2015,49.80,51.16,49.72,51.14,49.89,2995700
Oct 20 2016,47.40,47.54,46.85,47.20,46.32,3499100
Oct 20 2017,71.37,71.41,70.52,71.04,70.35,1726400
Oct 21 2014,49.25,50.34,49.21,50.29,49.00,2224700
Oct 21 2015,51.40,52.06,50.25,50.38,49.15,2132700
Oct 21 2016,46.99,47.42,46.68,47.01,46.14,2714000
Oct 22 2014,50.50,50.62,49.08,49.27,48.00,1728900
Oct 22 2015,50.89,52.20,50.73,51.75,50.49,3245500
Oct 22 2018,70.62,70.97,70.02,70.16,70.02,4126100
Oct 23 2014,49.99,50.19,48.98,49.33,48.06,1345100
Oct 23 2015,51.12,51.85,50.29,50.40,49.17,5183100
Oct 23 2017,71.27,71.27,70.39,70.42,69.74,1402300
Oct 23 2018,68.87,69.45,66.87,68.87,68.73,8984600
Oct 24 2014,49.19,49.82,48.74,49.74,48.46,761200
Oct 24 2016,48.26,48.76,46.99,47.07,46.20,9890900
Oct 24 2017,70.79,71.16,70.53,71.14,70.45,3208200
Oct 24 2018,69.18,70.63,63.76,63.82,63.69,13473000
Oct 25 2016,46.77,47.01,46.44,46.64,45.78,3552500
Oct 25 2017,71.16,71.41,70.81,71.32,70.63,2611800
Oct 25 2018,66.75,68.22,66.01,67.55,67.41,11014300
Oct 26 2015,50.42,51.59,50.34,51.30,50.05,2367500
Oct 26 2016,45.37,46.01,45.14,45.80,44.95,7565400
Oct 26 2017,72.10,72.93,70.90,72.48,71.78,3318400
Oct 26 2018,67.17,69.58,66.36,68.27,68.13,5634300
Oct 27 2014,49.74,49.86,48.78,49.62,48.34,925600
Oct 27 2015,51.34,52.94,50.48,51.94,50.67,4740200
Oct 27 2016,44.73,45.88,44.73,45.66,44.81,5190400
Oct 27 2017,71.80,72.81,71.59,71.91,71.21,2916400
Oct 28 2014,49.70,50.50,49.25,49.99,48.70,2384700
Oct 28 2015,53.43,53.91,50.07,51.48,50.23,8571000
Oct 28 2016,45.70,46.01,45.33,45.66,44.81,3663600
Oct 29 2014,50.23,50.83,49.86,50.40,49.10,1636000
Oct 29 2015,50.89,51.73,50.27,51.61,50.35,2736200
Oct 29 2018,68.92,70.02,67.68,68.60,68.46,6077500
Oct 30 2014,50.03,51.73,49.86,51.32,50.00,2099800
Oct 30 2015,51.63,51.81,50.93,51.28,50.03,1805300
Oct 30 2017,71.76,72.82,71.70,72.65,71.95,2571500
Oct 30 2018,68.60,69.63,67.86,68.70,68.56,3200500
Oct 31 2014,51.98,52.63,50.89,51.79,50.46,3463400
Oct 31 2016,46.38,46.58,46.11,46.38,45.52,5513100
Oct 31 2017,72.65,72.85,72.25,72.28,71.58,2688300
Oct 31 2018,69.93,72.42,69.69,71.17,71.02,5039300
Nov 01 2016,46.68,46.68,45.45,46.05,45.19,3070700
Nov 01 2017,72.93,73.08,72.37,72.44,71.74,1871000
Nov 01 2018,71.48,72.96,71.23,72.65,72.50,3044300
Nov 02 2015,51.65,52.31,51.32,51.90,50.63,2283400
Nov 02 2016,46.05,46.56,45.70,45.76,44.91,3854400
Nov 02 2017,72.97,73.31,71.89,72.44,71.74,1924600
Nov 02 2018,73.16,74.12,72.13,72.82,72.67,2982300
Nov 03 2014,50.99,52.47,50.87,51.81,50.48,2772800
Nov 03 2015,51.69,52.76,51.16,52.47,51.19,2887100
Nov 03 2016,45.99,46.68,45.66,45.72,44.87,3421600
Nov 03 2017,72.38,73.17,72.33,73.16,72.45,1653400
Nov 04 2014,50.62,50.91,50.07,50.48,49.18,24618600
Nov 04 2015,52.67,52.74,51.79,52.14,50.87,2219700
Nov 04 2016,45.68,46.72,45.68,46.35,45.50,4480200
Nov 05 2014,50.81,51.51,50.58,51.38,50.06,7300000
Nov 05 2015,52.06,53.11,51.94,52.67,51.39,1775000
Nov 05 2018,72.48,72.65,71.76,72.40,72.25,2633100
Nov 06 2014,51.38,51.71,51.16,51.40,50.08,3861200
Nov 06 2015,52.74,53.37,52.24,52.61,51.33,1513900
Nov 06 2017,72.59,73.45,72.59,73.39,72.68,1352500
Nov 06 2018,71.31,71.75,69.55,70.59,70.44,3991600
Nov 07 2014,51.65,51.71,50.91,51.24,49.92,2379400
Nov 07 2017,73.40,73.76,72.55,72.61,71.91,1809000
Nov 08 2016,46.29,48.16,46.03,47.81,47.00,3854000
Nov 08 2017,72.67,73.45,72.36,72.90,72.19,1473500
Nov 08 2018,72.49,72.76,71.54,72.02,72.02,2369400
Nov 09 2015,52.31,52.49,51.42,52.20,50.93,1966100
Nov 09 2016,47.36,48.69,46.54,48.45,47.62,4268600
Nov 09 2017,72.40,72.76,71.70,72.05,71.35,2326400
Nov 09 2018,71.71,72.14,70.76,71.16,71.16,3249400
Nov 10 2014,51.32,51.67,51.14,51.59,50.26,2507200
Nov 10 2015,52.16,52.80,51.98,52.74,51.45,1924200
Nov 10 2016,48.41,48.55,47.93,48.14,47.32,10535500
Nov 10 2017,72.22,72.83,71.63,72.69,71.99,2117700
Nov 11 2014,51.57,51.92,51.40,51.73,50.40,2884600
Nov 11 2015,53.00,53.15,52.47,52.53,51.25,1589100
Nov 11 2016,48.24,48.69,48.08,48.65,47.82,3629900
Nov 12 2014,51.71,52.06,51.07,51.96,50.62,2179900
Nov 12 2015,52.00,52.06,51.32,51.55,50.29,2146000
Nov 12 2018,71.16,71.40,70.04,70.19,70.19,4186300
Nov 13 2014,52.12,52.37,51.18,52.06,50.72,2876300
Nov 13 2015,51.32,51.44,49.93,50.11,48.89,2519800
Nov 13 2017,72.45,72.72,72.25,72.62,71.92,1819800
Nov 13 2018,70.66,71.80,70.22,70.86,70.86,2346600
Nov 14 2014,52.12,52.98,51.77,52.96,51.60,4424300
Nov 14 2016,48.82,50.27,48.53,49.90,49.05,6655800
Nov 14 2017,71.93,72.97,71.87,72.91,72.20,1810500
Nov 14 2018,71.56,72.28,70.79,71.08,71.08,3790700
Nov 15 2016,49.90,50.36,49.78,50.25,49.40,3906100
Nov 15 2018,70.53,72.99,70.35,72.89,72.89,4069800
Nov 16 2015,49.66,49.70,47.59,48.92,47.73,10488900
Nov 16 2016,50.09,50.83,50.09,50.38,49.52,4199800
Nov 16 2017,73.75,74.31,73.28,74.02,73.45,1829100
Nov 16 2018,72.32,73.34,72.20,73.04,73.04,4737900
Nov 17 2014,52.57,52.86,52.04,52.16,50.82,1568300
Nov 17 2015,49.29,49.37,47.28,47.50,46.34,6608100
Nov 17 2016,50.38,50.64,49.93,50.42,49.56,5008500
Nov 17 2017,74.05,74.44,73.96,74.11,73.54,2443900
Nov 18 2014,52.16,52.84,51.98,52.55,51.20,1838100
Nov 18 2015,47.61,48.14,47.07,48.04,46.86,5659000
Nov 18 2016,50.44,50.56,49.97,50.11,49.26,3329400
Nov 19 2014,52.37,52.72,52.02,52.37,51.02,1343500
Nov 19 2015,48.22,48.51,47.79,48.22,47.04,2292500
Nov 19 2018,72.93,73.18,70.63,71.20,71.20,4401500
Nov 20 2014,52.26,52.45,51.53,52.22,50.88,2426900
Nov 20 2015,48.80,49.15,47.91,48.26,47.08,2115900
Nov 20 2017,74.17,74.63,74.05,74.31,73.74,1152800
Nov 20 2018,70.17,71.80,69.81,71.49,71.49,5740100
Nov 21 2014,52.84,52.86,52.33,52.37,51.02,2745100
Nov 21 2016,50.34,50.58,50.17,50.54,49.68,3861000
Nov 21 2017,74.76,76.22,74.75,75.64,75.06,2922700
Nov 21 2018,71.97,73.27,71.57,72.57,72.57,2499500
Nov 22 2016,50.66,51.03,50.56,50.99,50.12,3022400
Nov 22 2017,75.71,76.13,75.19,75.68,75.10,1404200
Nov 23 2016,50.97,51.42,50.62,51.36,50.49,3400900
Nov 23 2018,72.20,73.45,72.20,73.12,73.12,1095300
Nov 24 2014,52.67,53.21,52.59,52.94,51.58,2041000
Nov 24 2015,47.40,48.22,47.28,48.12,47.01,2924800
Nov 24 2017,75.78,75.90,75.47,75.76,75.18,470400
Nov 25 2014,52.92,53.68,52.86,53.66,52.28,2261900
Nov 25 2015,48.18,48.53,47.69,47.89,46.79,2450600
Nov 25 2016,51.51,52.22,51.44,51.94,51.05,1087600
Nov 26 2014,53.60,53.72,53.17,53.39,52.02,1306600
Nov 26 2018,73.86,75.24,73.78,75.09,75.09,3508400
Nov 27 2015,47.73,48.00,47.61,47.81,46.71,906600
Nov 27 2017,75.76,76.16,75.67,76.00,75.42,1407000
Nov 27 2018,74.52,75.88,74.52,75.17,75.17,5549600
Nov 28 2014,53.66,54.07,53.64,53.80,52.42,751000
Nov 28 2016,51.65,51.85,50.89,50.91,50.04,5419300
Nov 28 2017,76.05,76.53,75.75,76.13,75.55,1887600
Nov 28 2018,75.25,77.08,75.01,76.95,76.95,4285900
Nov 29 2016,51.07,51.57,50.83,50.91,50.04,5103800
Nov 29 2017,76.13,76.90,76.03,76.56,75.97,1874500
Nov 29 2018,76.83,76.99,75.84,76.46,76.46,1970300
Nov 30 2015,47.79,47.93,47.03,47.65,46.55,2455200
Nov 30 2016,50.89,51.59,50.56,51.44,50.57,5181500
Nov 30 2017,76.57,77.79,76.13,77.56,76.97,2553700
Nov 30 2018,75.75,76.37,74.69,75.54,75.54,4767500
Dec 01 2014,53.62,53.74,52.18,52.18,50.84,2709000
Dec 01 2015,48.02,48.47,47.61,48.41,47.29,1907300
Dec 01 2016,51.69,52.08,51.26,51.73,50.85,8746500
Dec 01 2017,77.27,77.92,76.25,77.25,76.66,2164600
Dec 02 2014,52.47,52.72,52.31,52.35,51.00,2625500
Dec 02 2015,48.30,48.37,47.48,47.79,46.69,2069200
Dec 02 2016,51.63,52.06,51.53,51.83,50.95,4477200
Dec 03 2014,52.35,53.31,52.31,53.23,51.86,2231800
Dec 03 2015,48.78,48.90,46.25,46.87,45.79,2999000
Dec 03 2018,76.99,78.17,76.65,77.97,77.97,2836500
Dec 04 2014,53.15,53.80,52.84,53.35,51.98,4503500
Dec 04 2015,47.11,47.63,46.85,47.30,46.21,2127300
Dec 04 2017,78.03,78.62,77.52,77.66,77.07,2348600
Dec 04 2018,77.58,77.80,74.89,75.15,75.15,4194200
Dec 05 2014,53.54,54.30,53.54,54.21,52.82,2260700
Dec 05 2016,52.96,53.64,52.51,53.54,52.62,8980200
Dec 05 2017,77.70,78.31,77.61,77.63,77.04,1493500
Dec 06 2016,53.70,54.05,53.37,53.99,53.07,7967500
Dec 06 2017,77.75,77.86,76.63,76.75,76.16,1435000
Dec 06 2018,73.67,75.63,73.31,75.59,75.59,2342900
Dec 07 2015,47.34,47.50,45.96,46.52,45.45,2941500
Dec 07 2016,54.09,55.98,53.89,55.49,54.54,8609200
Dec 07 2017,76.83,77.39,76.60,77.28,76.69,2254400
Dec 07 2018,75.24,75.94,72.38,72.86,72.86,3067700
Dec 08 2014,54.13,54.36,53.76,54.05,52.66,1060200
Dec 08 2015,45.51,46.42,45.39,46.21,45.15,1987200
Dec 08 2016,55.51,56.06,53.74,53.84,52.93,5862200
Dec 08 2017,77.61,78.40,77.50,78.38,77.78,2142500
Dec 09 2014,53.29,53.91,52.51,53.82,52.44,1532600
Dec 09 2015,46.07,46.77,44.61,44.61,43.58,5317000
Dec 09 2016,54.13,55.06,53.89,54.42,53.49,3599500
Dec 10 2014,53.64,54.19,53.25,53.33,51.96,1456100
Dec 10 2015,44.86,45.57,44.67,45.33,44.29,3751600
Dec 10 2018,73.01,73.73,71.50,72.67,72.67,3278000
Dec 11 2014,53.64,54.44,53.62,53.89,52.50,1591200
Dec 11 2015,44.67,44.92,44.12,44.73,43.70,3626200
Dec 11 2017,78.16,78.30,77.25,77.47,76.88,1589800
Dec 11 2018,74.11,74.42,71.99,72.40,72.40,3296400
Dec 12 2014,53.70,53.89,53.04,53.09,51.72,1711600
Dec 12 2016,53.99,54.17,52.80,53.33,52.42,6675000
Dec 12 2017,77.57,77.58,76.93,77.00,76.41,2246600
Dec 12 2018,73.39,74.56,72.71,72.78,72.78,2004500
Dec 13 2013,45.12,45.92,44.22,45.35,44.18,1224800
Dec 13 2016,53.58,54.25,53.45,54.13,53.21,4144100
Dec 13 2017,77.22,77.62,76.74,76.75,76.16,2245600
Dec 13 2018,73.23,73.32,72.06,72.22,72.22,1785200
Dec 14 2015,44.41,44.90,42.91,43.67,42.66,5520300
Dec 14 2016,54.23,55.18,53.97,54.75,53.81,7132900
Dec 14 2017,77.09,77.09,76.01,76.02,75.44,1739500
Dec 14 2018,71.44,73.01,71.44,71.86,71.86,2524300
Dec 15 2014,53.43,53.62,51.83,51.96,50.62,4511800
Dec 15 2015,44.16,44.59,43.71,43.79,42.78,3442400
Dec 15 2016,55.36,56.20,55.01,56.04,55.08,7545700
Dec 15 2017,76.44,77.37,76.28,77.09,76.50,3694500
Dec 16 2013,47.36,52.84,44.16,44.16,43.02,4717600
Dec 16 2014,51.48,51.81,50.77,50.77,49.46,4312700
Dec 16 2015,44.20,48.65,44.02,46.07,45.01,9301700
Dec 16 2016,56.18,56.57,55.77,56.49,55.53,8102200
Dec 17 2013,44.34,45.12,44.28,44.75,43.60,2313800
Dec 17 2014,51.09,52.12,50.40,51.92,50.58,2926900
Dec 17 2015,46.93,46.95,45.35,45.39,44.35,3477900
Dec 17 2018,71.75,72.99,69.86,70.27,70.27,4462400
Dec 18 2013,44.80,45.51,44.45,44.80,43.64,2857800
Dec 18 2014,52.59,53.11,52.14,53.09,51.72,2347000
Dec 18 2015,45.19,45.90,43.87,44.04,43.02,3741200
Dec 18 2017,77.49,78.57,77.38,78.09,77.49,2275100
Dec 18 2018,70.79,71.44,70.08,70.49,70.49,2402000
Dec 19 2013,44.63,45.99,44.22,45.72,44.54,1469100
Dec 19 2014,53.23,53.76,52.82,53.72,52.34,3023100
Dec 19 2016,56.53,57.19,56.37,56.84,55.87,10293100
Dec 19 2017,78.39,78.46,77.63,77.81,77.21,1449000
Dec 19 2018,70.76,72.11,68.94,69.66,69.66,4020800
Dec 20 2013,46.17,46.27,44.86,45.00,43.84,994800
Dec 20 2016,56.96,57.35,56.70,56.92,55.95,6540700
Dec 20 2017,77.92,78.63,77.56,78.35,77.75,1327500
Dec 20 2018,68.58,69.08,66.52,67.50,67.50,4862900
Dec 21 2015,44.18,44.41,43.54,43.85,42.84,4114100
Dec 21 2016,57.11,57.35,56.82,56.90,55.93,5141400
Dec 21 2017,78.49,79.95,78.49,79.37,78.76,2047100
Dec 21 2018,67.89,68.53,65.75,66.47,66.47,5417300
Dec 22 2014,53.72,54.07,53.27,53.35,51.98,1819800
Dec 22 2015,43.81,45.12,43.67,44.65,43.62,4923700
Dec 22 2016,56.98,57.21,56.12,56.33,55.37,3401400
Dec 22 2017,79.38,79.70,79.25,79.35,78.74,1415700
Dec 23 2013,45.16,45.53,44.24,44.24,43.10,1220700
Dec 23 2014,53.76,53.89,53.41,53.56,52.18,1849400
Dec 23 2015,44.67,45.39,44.04,45.23,44.19,3595100
Dec 23 2016,56.20,56.43,56.02,56.16,55.21,1534900
Dec 24 2013,44.32,44.47,43.40,44.14,43.00,1234000
Dec 24 2014,53.45,54.07,53.37,53.78,52.40,561800
Dec 24 2015,45.19,45.39,44.75,44.88,43.84,717300
Dec 24 2018,66.06,67.80,65.64,66.51,66.51,2015800
Dec 26 2013,44.24,45.06,44.22,44.53,43.38,1309200
Dec 26 2014,54.01,54.30,53.91,53.93,52.54,314500
Dec 26 2017,79.40,79.96,79.26,79.37,78.76,909600
Dec 26 2018,66.79,69.58,66.28,69.51,69.51,2606200
Dec 27 2013,44.32,44.82,44.22,44.32,43.18,1090300
Dec 27 2016,56.45,56.66,56.12,56.29,55.33,3147300
Dec 27 2017,79.46,80.38,79.32,80.15,79.54,939200
Dec 27 2018,68.62,70.35,67.78,70.33,70.33,2203300
Dec 28 2015,44.80,45.08,44.22,44.69,43.66,1498600
Dec 28 2016,56.47,56.55,55.45,55.51,54.56,5389400
Dec 28 2017,80.18,80.54,80.00,80.45,79.83,828900
Dec 28 2018,70.92,71.57,70.38,70.99,70.99,585903
Dec 29 2014,53.80,53.82,53.23,53.58,52.20,1188200
Dec 29 2015,44.96,45.10,44.34,44.71,43.68,1268600
Dec 29 2016,55.67,56.00,55.30,55.92,54.96,1376100
Dec 29 2017,80.79,80.94,79.84,79.86,79.25,1514100
Dec 30 2013,44.57,45.08,44.32,44.92,43.76,871800
Dec 30 2014,53.45,53.82,53.31,53.54,52.16,824400
Dec 30 2015,44.47,44.90,44.26,44.32,43.30,1604300
Dec 30 2016,55.92,56.12,55.47,55.81,54.86,2213200
Dec 31 2013,45.14,46.11,45.04,45.66,44.48,1134300
Dec 31 2014,53.58,54.25,53.50,53.54,52.16,1115500
Dec 31 2015,44.28,44.84,43.91,43.91,42.90,1688000
