Jan 02 2015,57.68,58.04,56.33,57.15,54.18,372700
Jan 02 2018,89.61,89.61,88.15,88.86,87.63,931100
Jan 02 2019,72.93,75.02,72.93,74.04,74.04,1312300
Jan 03 2017,70.38,70.96,69.09,69.68,67.95,598600
Jan 03 2018,89.34,90.36,88.71,89.80,88.55,1030100
Jan 03 2019,73.60,73.65,71.39,71.54,71.54,1311900
Jan 04 2016,56.56,56.68,55.62,56.34,54.12,2222500
Jan 04 2017,70.09,72.38,69.70,72.31,70.52,971800
Jan 04 2018,90.00,91.66,90.00,90.54,89.28,1345500
Jan 04 2019,72.78,74.68,72.14,74.44,74.44,1207700
Jan 05 2015,56.74,56.74,55.29,55.54,52.65,722200
Jan 05 2016,56.34,56.63,55.71,56.46,54.24,1387300
Jan 05 2017,72.66,73.65,72.36,73.59,71.77,1313000
Jan 05 2018,90.96,90.98,90.15,90.95,89.69,1168100
Jan 06 2015,55.51,55.52,53.72,54.08,51.27,456900
Jan 06 2016,55.39,55.57,54.05,54.26,52.13,1481000
Jan 06 2017,73.95,74.73,73.53,74.66,72.81,1049800
Jan 07 2015,54.38,54.58,54.02,54.56,51.73,512600
Jan 07 2016,53.03,53.38,51.86,52.02,49.97,1686300
Jan 07 2019,74.17,75.56,73.62,74.79,74.79,881200
Jan 08 2015,55.25,55.68,54.91,55.65,52.76,476700
Jan 08 2016,52.64,52.66,50.78,50.83,48.83,1700200
Jan 08 2018,91.04,91.91,90.37,91.69,90.42,852000
Jan 08 2019,75.54,75.77,74.56,75.33,75.33,1333400
Jan 09 2015,55.68,55.68,54.42,54.63,51.79,314300
Jan 09 2017,74.26,74.30,73.35,73.65,71.83,709300
Jan 09 2018,91.93,93.95,91.93,93.15,91.86,1116900
Jan 10 2017,74.00,74.65,73.41,74.43,72.59,587500
Jan 10 2018,93.24,95.23,93.24,94.40,93.09,1413700
Jan 11 2016,51.17,51.55,50.52,51.27,49.25,1352300
Jan 11 2017,74.41,74.94,73.88,74.90,73.05,892700
Jan 11 2018,94.59,95.24,94.17,95.17,93.85,796200
Jan 12 2015,54.83,54.87,53.42,53.89,51.09,415700
Jan 12 2016,51.25,51.86,50.21,50.70,48.71,1755500
Jan 12 2017,74.43,74.43,72.73,73.82,71.99,497600
Jan 12 2018,95.81,96.79,95.07,96.79,95.45,887200
Jan 13 2015,54.53,55.08,53.03,53.62,50.83,656400
Jan 13 2016,50.91,50.97,47.98,48.52,46.61,1870600
Jan 13 2017,74.43,75.16,73.95,74.38,72.54,461400
Jan 14 2015,52.53,53.15,51.88,52.85,50.10,652400
Jan 14 2016,48.84,49.86,47.81,49.39,47.45,1318000
Jan 15 2015,52.91,53.18,51.94,51.95,49.25,625000
Jan 15 2016,47.69,48.46,46.95,48.24,46.34,2099100
Jan 16 2015,51.68,52.68,50.97,52.65,49.91,476700
Jan 16 2018,97.35,97.83,94.97,95.60,94.27,1029200
Jan 17 2017,73.73,73.93,71.96,72.13,70.34,421800
Jan 17 2018,96.07,96.66,94.82,96.25,94.91,715800
Jan 18 2017,72.28,72.87,70.74,72.83,71.03,755800
Jan 18 2018,96.34,96.87,95.32,95.40,94.07,800500
Jan 19 2016,49.13,49.34,48.01,48.39,46.49,1448700
Jan 19 2017,73.05,73.35,71.92,72.21,70.42,312000
Jan 19 2018,95.61,96.45,95.56,96.19,94.85,605300
Jan 20 2015,52.56,52.86,51.35,52.20,49.49,626800
Jan 20 2016,47.47,47.98,45.90,47.27,45.41,2279100
Jan 20 2017,72.21,72.74,71.96,72.70,70.90,332100
Jan 21 2015,52.01,52.68,51.50,52.32,49.60,925800
Jan 21 2016,44.52,46.41,44.11,44.69,42.93,3046700
Jan 22 2015,52.85,54.74,51.75,54.41,51.58,1094600
Jan 22 2016,45.34,46.12,45.14,45.46,43.67,1569000
Jan 22 2018,96.20,96.58,95.20,96.56,95.22,737400
Jan 23 2015,54.41,54.44,52.55,52.61,49.88,942000
Jan 23 2017,72.11,73.04,72.00,72.93,71.12,399000
Jan 23 2018,96.33,96.75,95.41,96.57,95.23,677100
Jan 24 2017,73.09,74.63,72.96,74.25,72.41,683000
Jan 24 2018,97.05,97.42,95.71,96.90,95.55,1015400
Jan 25 2016,45.00,45.19,42.65,42.80,41.12,2337300
Jan 25 2017,75.24,75.67,74.69,75.61,73.74,857600
Jan 25 2018,98.00,98.78,94.77,95.85,94.52,1365700
Jan 26 2015,52.58,53.98,52.34,53.92,51.12,646600
Jan 26 2016,42.88,43.31,42.72,43.17,41.47,2074500
Jan 26 2017,74.62,77.79,74.62,77.16,75.25,953100
Jan 26 2018,96.72,98.33,95.80,98.26,96.89,1558700
Jan 27 2015,53.01,53.96,52.63,53.57,50.79,618200
Jan 27 2016,43.00,44.80,42.77,43.45,41.74,1900700
Jan 27 2017,77.37,77.44,75.59,75.99,74.11,906800
Jan 28 2015,53.97,54.02,52.27,52.29,49.57,625500
Jan 28 2016,43.85,44.01,42.57,42.72,41.04,1529200
Jan 29 2015,52.72,53.44,52.48,53.28,50.51,595000
Jan 29 2016,43.04,43.86,42.52,43.81,42.09,2030900
Jan 29 2018,98.22,99.10,96.89,96.99,95.64,672400
Jan 30 2015,52.55,53.25,52.25,52.62,49.89,732200
Jan 30 2017,75.66,75.69,73.95,75.56,73.69,706700
Jan 30 2018,96.44,97.31,95.52,95.71,94.38,716500
Jan 31 2017,75.32,75.72,74.10,74.93,73.07,681900
Jan 31 2018,95.63,96.77,95.63,96.39,95.05,891300
Feb 01 2016,43.44,44.53,43.12,44.25,42.51,1567700
Feb 01 2017,75.83,76.90,75.05,75.48,73.61,574800
Feb 01 2018,96.22,97.40,95.22,97.36,96.01,1312100
Feb 02 2015,53.10,53.35,51.96,53.26,50.49,583000
Feb 02 2016,43.05,43.41,41.52,41.90,40.25,2862000
Feb 02 2017,74.50,75.24,73.84,74.43,72.59,780500
Feb 02 2018,96.81,97.32,94.00,94.33,93.02,659500
Feb 03 2015,53.65,54.65,53.65,54.63,51.79,563400
Feb 03 2016,42.08,42.18,40.26,41.70,40.06,2242900
Feb 03 2017,75.40,76.72,75.22,76.35,74.46,506800
Feb 04 2015,54.40,54.98,54.30,54.57,51.74,529300
Feb 04 2016,41.42,43.56,41.42,43.27,41.57,2308900
Feb 05 2015,54.95,55.48,54.68,55.22,52.35,291400
Feb 05 2016,43.23,44.26,43.01,43.40,41.69,2488800
Feb 05 2018,93.00,94.61,89.62,89.79,88.54,911800
Feb 06 2015,55.72,56.95,55.60,56.34,53.41,708400
Feb 06 2017,75.82,76.83,75.78,76.57,74.67,499200
Feb 06 2018,87.73,91.64,86.90,91.42,90.15,1050300
Feb 07 2017,76.96,77.25,76.52,76.90,75.00,749700
Feb 07 2018,90.78,92.79,90.78,91.05,89.78,724900
Feb 08 2016,42.81,42.94,41.16,41.94,40.29,2287300
Feb 08 2017,76.38,76.53,75.33,76.45,74.56,539800
Feb 08 2018,91.13,91.13,86.02,86.06,84.86,1235200
Feb 09 2015,56.00,56.17,55.36,55.50,52.62,420900
Feb 09 2016,41.45,42.69,41.01,42.40,40.73,1712500
Feb 09 2017,76.95,77.74,76.61,77.55,75.63,412100
Feb 09 2018,86.87,87.68,84.37,87.08,85.87,1389200
Feb 10 2015,56.17,56.29,55.73,56.21,53.29,288200
Feb 10 2016,42.92,43.82,41.73,41.85,40.20,1375600
Feb 10 2017,78.00,78.00,76.88,76.90,75.00,410400
Feb 11 2015,56.06,56.75,55.93,56.46,53.53,249400
Feb 11 2016,40.58,40.83,39.84,40.43,38.84,1942400
Feb 12 2015,56.75,57.41,56.37,57.41,54.43,588400
Feb 12 2016,41.34,41.68,40.33,41.00,39.39,1717100
Feb 12 2018,87.84,89.83,87.27,89.01,87.77,1213400
Feb 13 2015,57.33,57.65,56.82,57.05,54.09,611000
Feb 13 2017,77.48,78.08,77.43,77.58,75.66,528800
Feb 13 2018,88.45,89.10,87.57,88.73,87.50,972300
Feb 14 2017,77.28,78.64,77.09,78.27,76.33,881200
Feb 14 2018,88.41,91.07,88.24,91.02,89.76,1130000
Feb 15 2017,78.77,79.22,78.19,79.06,77.10,349900
Feb 15 2018,91.97,92.39,90.45,91.31,90.04,864600
Feb 16 2016,41.80,42.56,41.38,42.22,40.56,1367500
Feb 16 2017,79.27,79.27,78.41,79.07,77.11,519200
Feb 16 2018,90.96,92.85,90.83,92.56,91.27,1080800
Feb 17 2015,57.12,57.67,56.45,56.99,54.03,536500
Feb 17 2016,42.43,43.55,42.28,43.31,41.61,1737700
Feb 17 2017,78.16,78.94,77.91,78.86,76.91,403500
Feb 18 2015,56.93,56.97,55.84,56.24,53.32,438200
Feb 18 2016,43.50,43.64,42.53,43.22,41.52,1617800
Feb 19 2015,55.98,56.48,55.82,56.13,53.21,548700
Feb 19 2016,42.90,44.14,42.67,43.87,42.14,1533500
Feb 20 2015,55.84,56.61,55.34,56.60,53.66,483200
Feb 20 2018,92.22,93.17,91.83,92.23,90.95,689700
Feb 21 2017,79.16,79.42,78.80,79.24,77.28,500900
Feb 21 2018,92.21,92.99,91.18,91.22,89.95,796000
Feb 22 2016,44.25,44.75,43.88,44.24,42.50,1095400
Feb 22 2017,78.66,80.05,78.66,79.65,77.68,560400
Feb 22 2018,91.57,92.80,89.88,90.08,88.83,968000
Feb 23 2015,56.40,56.50,55.88,56.50,53.56,772700
Feb 23 2016,44.14,44.16,43.30,43.44,41.73,1113300
Feb 23 2017,79.59,79.59,78.30,78.53,76.59,624000
Feb 23 2018,90.18,91.47,90.07,91.47,90.20,643900
Feb 24 2015,56.71,57.94,56.66,57.68,54.68,747500
Feb 24 2016,42.82,43.12,41.48,42.92,41.23,1034900
Feb 24 2017,77.57,78.77,77.57,78.49,76.55,544800
Feb 25 2015,57.50,57.76,57.18,57.28,54.30,625900
Feb 25 2016,42.97,44.15,42.91,44.10,42.37,1006600
Feb 26 2015,57.17,57.51,56.67,57.12,54.15,708200
Feb 26 2016,44.64,45.42,44.51,44.96,43.19,1249700
Feb 26 2018,91.93,92.64,90.96,92.60,91.31,408200
Feb 27 2015,57.19,57.67,57.04,57.13,54.16,687900
Feb 27 2017,78.50,79.43,78.04,79.41,77.44,400600
Feb 27 2018,93.60,95.07,93.02,93.70,92.40,1264700
Feb 28 2017,79.15,79.20,77.59,78.56,76.62,679700
Feb 28 2018,94.02,94.59,92.69,92.71,91.42,1259600
Feb 29 2016,44.85,45.01,43.80,43.84,42.12,796400
Mar 01 2016,44.27,45.78,44.08,45.77,43.97,838300
Mar 01 2017,79.81,81.92,79.81,81.04,79.03,862200
Mar 01 2018,92.72,93.66,91.28,92.02,90.74,1403000
Mar 02 2015,57.13,58.28,56.96,58.16,55.14,705400
Mar 02 2016,45.63,46.14,45.46,46.12,44.31,580800
Mar 02 2017,81.13,81.13,79.40,79.51,77.54,522800
Mar 02 2018,91.29,92.10,89.64,91.86,90.58,651800
Mar 03 2015,58.01,58.24,57.57,57.94,54.93,401400
Mar 03 2016,45.96,46.62,45.71,46.32,44.50,858500
Mar 03 2017,79.47,80.09,78.94,79.79,77.81,373500
Mar 04 2015,57.75,58.00,57.40,57.83,54.83,462000
Mar 04 2016,46.60,46.97,45.97,46.26,44.44,1446100
Mar 05 2015,57.86,58.09,57.57,58.05,55.03,368300
Mar 05 2018,91.20,94.05,90.68,93.61,92.31,578000
Mar 06 2015,58.22,59.48,58.12,58.78,55.73,845000
Mar 06 2017,79.10,79.66,78.69,79.17,77.21,457000
Mar 06 2018,94.25,95.87,93.16,95.85,94.52,915800
Mar 07 2016,45.92,46.53,45.47,46.45,44.62,780400
Mar 07 2017,79.13,79.32,78.44,78.69,76.74,481800
Mar 07 2018,94.77,96.23,94.47,96.00,94.67,696800
Mar 08 2016,45.67,45.98,44.89,45.40,43.61,897100
Mar 08 2017,79.84,80.10,78.64,78.67,76.72,426900
Mar 08 2018,96.31,96.39,94.79,96.26,94.92,756400
Mar 09 2015,58.80,59.21,58.58,58.75,55.70,471200
Mar 09 2016,45.77,45.96,45.13,45.49,43.70,618200
Mar 09 2017,79.06,79.62,78.76,79.22,77.26,415400
Mar 09 2018,97.11,98.76,96.88,98.75,97.38,694800
Mar 10 2015,57.97,58.40,57.65,57.89,54.88,473000
Mar 10 2016,45.77,46.12,44.66,45.50,43.71,490100
Mar 10 2017,79.15,79.71,78.36,79.30,77.34,511000
Mar 11 2015,57.88,58.95,57.72,58.76,55.71,632200
Mar 11 2016,45.99,47.51,45.99,47.45,45.58,658300
Mar 12 2015,59.26,59.77,58.78,59.65,56.55,498000
Mar 12 2018,98.69,99.26,98.09,98.24,96.88,496300
Mar 13 2015,59.38,59.45,58.26,58.72,55.67,824200
Mar 13 2017,80.15,80.39,78.95,79.07,77.11,1608600
Mar 13 2018,98.80,99.14,96.91,97.25,95.90,688700
Mar 14 2016,47.15,47.30,46.77,47.25,45.39,682600
Mar 14 2017,78.83,78.88,77.28,78.23,76.29,841100
Mar 14 2018,97.53,97.53,95.58,95.82,94.49,993500
Mar 15 2016,46.87,46.93,45.80,46.34,44.52,803700
Mar 15 2017,78.56,78.71,76.73,77.21,75.30,1655700
Mar 15 2018,96.09,96.58,94.94,95.42,94.09,1068500
Mar 16 2015,59.16,59.48,58.85,59.15,56.08,742400
Mar 16 2016,46.28,47.26,45.80,46.28,44.46,719900
Mar 16 2017,77.60,78.45,77.19,77.91,75.98,1389900
Mar 16 2018,95.66,97.88,95.56,97.57,96.21,1273900
Mar 17 2015,58.75,58.94,58.43,58.84,55.78,974500
Mar 17 2016,46.10,47.52,45.35,47.20,45.34,1060000
Mar 17 2017,77.77,78.03,77.13,77.90,75.97,23045100
Mar 18 2015,58.76,59.08,58.00,58.21,55.19,870800
Mar 18 2016,47.30,48.34,47.27,48.06,46.17,1390600
Mar 19 2015,57.92,58.09,57.10,57.42,54.44,868000
Mar 19 2018,97.12,97.30,94.84,96.52,95.18,912200
Mar 20 2015,57.63,58.40,57.49,58.23,55.20,1088600
Mar 20 2017,77.90,78.53,77.00,77.65,75.73,1886100
Mar 20 2018,96.74,96.89,95.96,96.45,95.11,467800
Mar 21 2016,48.12,48.70,47.89,48.24,46.34,525100
Mar 21 2017,77.88,77.88,73.70,73.91,72.08,1269600
Mar 21 2018,96.33,98.05,96.08,96.85,95.50,624000
Mar 22 2016,47.88,48.41,47.39,48.11,46.22,550100
Mar 22 2017,73.25,74.75,72.71,74.31,72.47,1065800
Mar 22 2018,95.64,95.85,91.46,91.60,90.33,818100
Mar 23 2015,58.23,58.37,57.73,57.73,54.73,524000
Mar 23 2016,48.06,48.06,47.11,47.37,45.51,702100
Mar 23 2017,74.20,75.61,74.17,74.85,73.00,1079400
Mar 23 2018,91.51,91.75,86.90,87.15,85.94,1507900
Mar 24 2015,57.74,57.88,57.23,57.42,54.44,522200
Mar 24 2016,47.00,47.02,46.07,46.90,45.06,590300
Mar 24 2017,75.02,75.51,74.13,74.68,72.83,885900
Mar 25 2015,57.68,57.71,56.38,56.50,53.56,592800
Mar 26 2015,56.23,56.83,55.83,56.68,53.74,486700
Mar 26 2018,88.74,89.65,87.10,89.56,88.32,901300
Mar 27 2015,56.73,56.96,56.27,56.92,53.96,411700
Mar 27 2017,72.86,73.83,72.13,73.76,71.93,1006200
Mar 27 2018,89.91,90.36,86.98,87.65,86.43,1044700
Mar 28 2016,46.94,47.23,46.28,47.05,45.20,438300
Mar 28 2017,73.59,75.59,73.59,75.11,73.25,651300
Mar 28 2018,87.76,88.43,85.93,87.76,86.54,920800
Mar 29 2016,46.84,47.78,46.23,47.73,45.85,856800
Mar 29 2017,75.07,75.15,74.24,74.94,73.08,595100
Mar 29 2018,87.68,89.75,87.19,89.41,88.42,1030500
Mar 30 2015,57.21,57.87,56.72,57.44,54.63,575000
Mar 30 2016,47.76,48.67,47.39,47.75,46.06,607700
Mar 30 2017,74.75,76.12,74.75,76.09,74.42,583600
Mar 31 2015,57.01,57.24,56.44,56.78,54.00,599500
Mar 31 2016,47.66,47.89,47.35,47.61,45.93,914200
Mar 31 2017,75.98,76.76,75.68,76.26,74.59,950000
Apr 01 2015,56.71,56.75,56.06,56.46,53.70,561400
Apr 01 2016,47.19,47.79,46.51,47.79,46.10,674600
Apr 02 2015,56.52,57.06,56.26,57.00,54.21,351900
Apr 02 2018,89.16,89.90,85.61,86.33,85.37,995100
Apr 03 2017,76.29,76.56,75.07,76.26,74.59,1163500
Apr 03 2018,86.87,87.83,86.12,87.50,86.53,718000
Apr 04 2016,47.82,48.05,47.09,47.24,45.57,558600
Apr 04 2017,76.01,76.55,75.65,75.92,74.26,733400
Apr 04 2018,85.70,88.37,85.67,88.12,87.14,804500
Apr 05 2016,46.62,46.68,45.63,46.02,44.40,1023000
Apr 05 2017,76.60,76.81,74.41,74.51,72.88,897700
Apr 05 2018,89.06,89.06,87.75,88.37,87.39,912700
Apr 06 2015,56.39,57.15,55.95,57.01,54.22,373600
Apr 06 2016,46.23,48.51,46.23,47.17,45.51,1803900
Apr 06 2017,74.65,75.94,73.87,75.64,73.98,645500
Apr 06 2018,86.90,87.09,83.89,84.82,83.88,1306000
Apr 07 2015,56.97,57.36,56.63,56.64,53.87,460400
Apr 07 2016,46.76,46.76,44.22,44.48,42.91,1174200
Apr 07 2017,75.07,76.24,74.63,75.82,74.16,891900
Apr 08 2015,56.76,57.38,56.68,57.03,54.24,426600
Apr 08 2016,44.95,45.26,44.32,44.63,43.05,788300
Apr 09 2015,56.94,57.26,56.70,56.75,53.97,768800
Apr 09 2018,85.22,87.09,84.44,84.83,83.89,715600
Apr 10 2015,56.76,57.02,54.99,55.89,53.15,1462500
Apr 10 2017,75.74,76.22,74.70,75.36,73.71,533700
Apr 10 2018,86.06,87.18,85.07,86.69,85.73,819100
Apr 11 2016,44.98,46.03,44.94,45.11,43.52,679600
Apr 11 2017,74.80,75.06,73.72,74.75,73.11,822700
Apr 11 2018,85.89,86.55,84.90,85.81,84.86,637300
Apr 12 2016,45.13,46.48,45.13,46.23,44.60,687000
Apr 12 2017,74.70,74.85,73.55,73.76,72.15,791500
Apr 12 2018,86.56,87.93,86.28,87.13,86.16,519700
Apr 13 2015,55.84,56.31,55.83,55.91,53.17,608200
Apr 13 2016,46.89,48.63,46.85,48.46,46.75,996400
Apr 13 2017,73.26,74.07,72.60,72.62,71.03,972400
Apr 13 2018,87.91,87.95,85.16,85.54,84.59,712400
Apr 14 2015,55.79,56.84,55.35,56.58,53.81,1422700
Apr 14 2016,48.32,48.99,47.83,48.45,46.74,574100
Apr 15 2015,56.70,57.60,56.45,56.91,54.12,714100
Apr 15 2016,48.52,48.59,47.39,47.63,45.95,1020900
Apr 16 2015,57.16,57.76,56.65,57.34,54.53,706700
Apr 16 2018,86.26,87.28,86.00,86.55,85.59,1285700
Apr 17 2015,56.85,57.06,56.26,56.41,53.65,437700
Apr 17 2017,72.87,73.79,72.34,73.72,72.11,452900
Apr 17 2018,87.42,87.96,86.40,86.99,86.03,1736300
Apr 18 2016,47.53,47.70,47.05,47.63,45.95,973000
Apr 18 2017,73.06,73.98,72.18,73.07,71.47,648400
Apr 18 2018,87.54,87.95,86.37,86.58,85.62,630400
Apr 19 2016,47.81,48.36,47.54,48.31,46.61,975200
Apr 19 2017,73.81,74.27,72.71,72.82,71.23,1468500
Apr 19 2018,86.60,88.05,86.04,88.01,87.04,562000
Apr 20 2015,56.73,57.03,56.56,56.59,53.82,249000
Apr 20 2016,48.41,49.39,48.01,48.96,47.23,1089600
Apr 20 2017,73.45,74.29,72.49,74.16,72.54,1336100
Apr 20 2018,88.00,88.44,86.95,87.80,86.83,672700
Apr 21 2015,56.75,57.12,56.38,56.78,54.00,570400
Apr 21 2016,51.71,54.51,51.60,53.22,51.34,2933100
Apr 21 2017,74.00,74.49,72.89,73.21,71.61,681700
Apr 22 2015,56.95,57.18,56.28,57.00,54.21,995700
Apr 22 2016,53.48,54.77,53.24,53.92,52.02,1831800
Apr 23 2015,56.86,57.77,56.34,57.56,54.74,959400
Apr 23 2018,88.11,88.30,87.01,87.62,86.65,394300
Apr 24 2015,57.60,57.82,57.06,57.06,54.27,506500
Apr 24 2017,75.14,75.46,74.72,75.08,73.44,751200
Apr 24 2018,88.21,88.68,85.81,86.91,85.95,561300
Apr 25 2016,53.85,54.24,52.98,53.50,51.61,841100
Apr 25 2017,75.89,76.00,75.09,75.19,73.54,560800
Apr 25 2018,86.96,87.36,85.50,86.82,85.86,948300
Apr 26 2016,53.90,54.21,53.65,54.09,52.18,1044000
Apr 26 2017,75.22,76.26,75.05,75.74,74.08,722900
Apr 26 2018,86.82,90.71,85.95,89.84,88.84,1333200
Apr 27 2015,57.10,57.67,56.81,56.91,54.12,546000
Apr 27 2016,53.92,54.23,53.39,53.87,51.97,1197800
Apr 27 2017,75.81,76.76,73.52,74.90,73.26,1288200
Apr 27 2018,90.04,91.46,89.01,91.31,90.30,854900
Apr 28 2015,56.77,57.39,56.44,57.22,54.42,603800
Apr 28 2016,53.28,53.86,52.55,52.87,51.00,739900
Apr 28 2017,74.85,75.00,74.12,74.52,72.89,931200
Apr 29 2015,56.92,57.64,56.92,57.40,54.59,617000
Apr 29 2016,52.64,52.67,51.85,52.17,50.33,1173700
Apr 30 2015,57.37,57.59,56.42,56.53,53.76,862900
Apr 30 2018,91.49,92.00,89.70,89.75,88.76,982900
May 01 2015,56.87,57.26,56.66,56.78,54.00,557200
May 01 2017,75.00,75.69,74.34,74.95,73.31,627900
May 01 2018,89.61,90.01,88.38,89.95,88.95,399700
May 02 2016,52.20,52.92,51.77,52.80,50.94,1014000
May 02 2017,75.31,76.13,75.20,75.83,74.17,843600
May 02 2018,89.68,90.01,88.25,88.52,87.54,542500
May 03 2016,52.04,52.04,50.71,51.36,49.55,580900
May 03 2017,75.55,76.50,75.34,76.45,74.78,561800
May 03 2018,88.04,88.10,85.99,87.59,86.62,628300
May 04 2015,56.86,57.78,56.74,57.62,54.80,389500
May 04 2016,51.00,51.83,50.33,51.04,49.24,1184100
May 04 2017,77.05,77.39,75.99,76.41,74.74,620200
May 04 2018,87.08,90.18,86.74,89.55,88.56,451200
May 05 2015,57.64,58.13,57.26,57.41,54.60,477100
May 05 2016,51.13,51.36,50.36,51.01,49.21,593500
May 05 2017,76.74,76.89,75.66,76.00,74.34,673000
May 06 2015,57.48,57.72,56.91,57.45,54.64,584600
May 06 2016,50.47,51.04,50.06,50.79,49.00,733700
May 07 2015,57.21,58.11,57.18,57.82,54.99,719400
May 07 2018,89.98,91.60,89.36,91.20,90.19,656400
May 08 2015,58.21,58.22,57.78,57.96,55.12,384500
May 08 2017,76.01,76.10,75.03,75.63,73.97,494500
May 08 2018,91.15,92.11,90.76,91.25,90.24,663100
May 09 2016,50.69,51.11,50.24,50.36,48.58,691400
May 09 2017,75.75,76.28,75.33,75.52,73.87,513800
May 09 2018,91.78,92.48,90.94,92.43,91.41,714000
May 10 2016,50.84,52.33,50.63,52.26,50.42,825900
May 10 2017,75.36,75.58,74.80,75.51,73.86,408600
May 10 2018,92.55,93.46,92.13,93.12,92.09,504500
May 11 2015,57.82,58.83,57.80,58.30,55.45,514300
May 11 2016,52.19,52.26,51.13,51.22,49.41,797900
May 11 2017,75.20,75.43,74.01,74.95,73.31,553800
May 11 2018,93.33,94.14,92.98,93.76,92.72,484700
May 12 2015,57.97,58.09,57.34,57.53,54.71,604000
May 12 2016,51.61,52.02,50.67,51.29,49.48,852600
May 12 2017,74.39,74.79,73.91,74.41,72.78,640400
May 13 2015,57.67,57.89,57.36,57.74,54.91,417600
May 13 2016,51.20,52.00,50.22,50.41,48.63,513000
May 14 2015,57.95,58.35,57.59,58.33,55.48,458600
May 14 2018,93.84,94.20,93.29,93.79,92.75,413100
May 15 2015,58.35,58.48,57.50,57.93,55.09,520100
May 15 2017,74.80,75.83,74.41,75.71,74.05,910600
May 15 2018,93.39,94.42,93.39,93.95,92.91,1077800
May 16 2016,50.55,51.25,50.39,50.77,48.98,491400
May 16 2017,75.82,76.81,75.71,76.80,75.12,579000
May 16 2018,95.00,96.64,94.90,96.41,95.34,1287900
May 17 2016,50.55,51.36,50.26,50.80,49.01,601300
May 17 2017,76.80,76.80,71.60,71.78,70.21,1312300
May 17 2018,96.31,98.75,95.77,98.66,97.57,1392900
May 18 2015,57.91,58.91,57.71,58.85,55.97,536500
May 18 2016,50.83,52.96,50.82,52.60,50.74,1142500
May 18 2017,71.73,72.93,71.38,72.20,70.62,1139200
May 18 2018,98.40,99.27,98.02,99.05,97.95,1296600
May 19 2015,59.12,59.12,58.48,58.50,55.64,626400
May 19 2016,52.25,52.68,50.90,51.57,49.75,632300
May 19 2017,72.46,73.54,72.05,73.01,71.41,565400
May 20 2015,58.64,58.83,57.90,58.75,55.87,414800
May 20 2016,51.80,52.75,51.80,52.39,50.54,662700
May 21 2015,58.40,58.79,58.10,58.67,55.80,362900
May 21 2018,99.37,100.89,99.21,100.64,99.53,1335900
May 22 2015,58.64,59.03,58.47,58.55,55.68,439100
May 22 2017,73.51,73.51,72.43,73.17,71.57,624800
May 22 2018,100.75,102.17,100.58,101.73,100.60,1162600
May 23 2016,52.40,52.57,52.09,52.32,50.47,605400
May 23 2017,72.74,73.51,71.54,73.31,71.71,713400
May 23 2018,101.19,101.88,100.20,101.02,99.90,1251000
May 24 2016,52.78,53.57,52.57,53.56,51.67,626400
May 24 2017,73.28,73.55,72.31,72.85,71.26,563000
May 24 2018,100.52,100.89,98.76,100.50,99.39,870400
May 25 2016,53.99,54.59,53.66,54.30,52.38,461800
May 25 2017,73.35,73.99,72.94,73.64,72.03,434300
May 25 2018,100.03,100.47,99.11,99.47,98.37,542400
May 26 2015,58.30,58.30,57.72,58.12,55.28,642800
May 26 2016,54.30,54.50,53.81,54.48,52.56,628500
May 26 2017,73.43,73.82,73.13,73.68,72.07,534800
May 27 2015,58.25,58.68,57.87,58.53,55.67,421700
May 27 2016,54.42,55.39,54.17,55.39,53.44,977200
May 28 2015,58.33,58.74,58.11,58.74,55.87,350600
May 29 2015,58.60,58.73,57.80,58.12,55.28,554100
May 29 2018,98.25,98.57,95.07,95.73,94.67,921200
May 30 2017,73.16,73.45,72.43,73.00,71.40,417900
May 30 2018,96.97,98.11,96.22,97.73,96.65,739600
May 31 2016,55.52,56.19,55.45,56.07,54.09,1466200
May 31 2017,73.05,73.05,71.35,72.27,70.69,947600
May 31 2018,97.41,97.64,96.06,96.56,95.49,613700
Jun 01 2015,58.37,58.52,57.57,58.08,55.24,608600
Jun 01 2016,55.34,56.33,54.86,56.21,54.23,702400
Jun 01 2017,72.84,73.82,72.08,73.81,72.19,882600
Jun 01 2018,98.18,98.62,97.30,97.96,96.87,653800
Jun 02 2015,58.07,58.38,57.58,58.23,55.38,320600
Jun 02 2016,55.93,56.58,55.92,56.58,54.58,719700
Jun 02 2017,73.17,73.73,72.66,73.33,71.73,566900
Jun 03 2015,58.67,59.52,58.36,59.37,56.46,490700
Jun 03 2016,54.59,55.60,54.18,55.34,53.39,1816700
Jun 04 2015,58.99,59.13,58.67,59.02,56.13,514800
Jun 04 2018,98.69,98.74,97.67,98.61,97.52,473800
Jun 05 2015,59.39,60.04,58.93,59.58,56.66,614900
Jun 05 2017,73.50,74.46,73.39,73.79,72.18,431900
Jun 05 2018,98.25,98.74,97.51,98.50,97.41,577700
Jun 06 2016,55.43,56.69,55.23,56.19,54.21,960300
Jun 06 2017,72.96,73.91,72.56,73.59,71.98,749300
Jun 06 2018,98.92,100.57,98.91,100.57,99.46,629500
Jun 07 2016,56.40,56.40,55.32,55.32,53.37,856800
Jun 07 2017,73.89,74.36,73.30,73.96,72.34,568900
Jun 07 2018,100.65,101.19,98.91,99.58,98.48,498000
Jun 08 2015,59.69,60.00,59.25,59.36,56.45,649700
Jun 08 2016,55.29,55.52,55.07,55.18,53.23,597600
Jun 08 2017,73.96,76.54,73.82,76.08,74.41,1077300
Jun 08 2018,99.58,100.80,99.37,100.60,99.49,606400
Jun 09 2015,59.55,59.85,59.01,59.31,56.41,602700
Jun 09 2016,54.84,54.84,53.99,54.23,52.32,894200
Jun 09 2017,76.81,78.61,76.81,78.29,76.58,766300
Jun 10 2015,59.62,60.44,59.53,60.37,57.42,612900
Jun 10 2016,53.23,53.30,52.68,52.86,50.99,853300
Jun 11 2015,60.41,60.65,60.19,60.45,57.49,472300
Jun 11 2018,100.83,100.94,99.65,99.69,98.59,418700
Jun 12 2015,60.25,60.61,60.03,60.37,57.42,444500
Jun 12 2017,78.38,79.42,78.28,78.73,77.01,937300
Jun 12 2018,100.19,100.42,98.86,99.56,98.46,383500
Jun 13 2016,52.55,53.29,52.18,52.26,50.42,845800
Jun 13 2017,79.09,79.55,78.35,78.91,77.18,711100
Jun 13 2018,99.82,100.18,98.82,99.01,97.91,642200
Jun 14 2016,51.92,52.22,51.05,51.37,49.56,781100
Jun 14 2017,78.12,78.99,77.19,78.94,77.21,594900
Jun 14 2018,99.33,99.45,98.06,98.45,97.36,876100
Jun 15 2015,59.74,60.15,59.28,60.06,57.12,473300
Jun 15 2016,51.80,52.90,51.67,52.00,50.16,726900
Jun 15 2017,78.26,79.20,78.21,78.63,76.91,369300
Jun 15 2018,97.62,98.02,96.26,97.63,96.55,1195100
Jun 16 2015,59.88,60.39,59.78,60.29,57.34,437400
Jun 16 2016,51.46,52.00,50.82,51.97,50.14,542200
Jun 16 2017,78.67,78.97,78.02,78.47,76.75,860000
Jun 17 2015,60.31,60.50,59.73,59.75,56.83,541600
Jun 17 2016,52.04,52.75,51.85,52.04,50.20,1090100
Jun 18 2015,59.85,60.38,59.61,60.26,57.31,591000
Jun 18 2018,97.24,97.97,96.39,97.78,96.70,611000
Jun 19 2015,60.31,60.38,59.90,60.14,57.20,1310800
Jun 19 2017,78.95,79.39,78.49,79.06,77.33,804600
Jun 19 2018,96.74,97.19,96.03,96.95,95.88,423300
Jun 20 2016,53.23,53.65,52.61,52.66,50.80,461800
Jun 20 2017,78.87,78.87,78.00,78.15,76.44,525600
Jun 20 2018,97.55,97.73,96.63,96.73,95.66,486300
Jun 21 2016,52.86,53.09,52.13,52.42,50.57,360700
Jun 21 2017,78.17,78.39,77.52,77.68,75.98,788200
Jun 21 2018,96.50,96.71,94.62,96.50,95.43,1195400
Jun 22 2015,60.75,61.08,60.40,61.04,58.05,750400
Jun 22 2016,52.51,53.04,52.51,52.64,50.78,487700
Jun 22 2017,77.32,77.45,76.59,77.19,75.50,429700
Jun 22 2018,97.28,97.64,95.90,96.02,94.96,1058000
Jun 23 2015,61.29,61.46,60.97,61.29,58.29,779700
Jun 23 2016,53.62,54.00,53.33,53.98,52.07,648500
Jun 23 2017,77.72,77.72,76.42,76.62,74.94,1833500
Jun 24 2015,61.02,61.41,60.49,60.67,57.70,559300
Jun 24 2016,49.99,50.68,48.31,48.89,47.16,1983500
Jun 25 2015,60.75,61.32,60.64,60.77,57.80,472800
Jun 25 2018,95.35,95.44,92.80,93.65,92.61,563300
Jun 26 2015,61.17,61.31,60.77,61.08,58.09,614900
Jun 26 2017,76.86,77.80,76.40,77.49,75.79,567500
Jun 26 2018,93.83,94.13,92.88,93.03,92.00,920200
Jun 27 2016,47.41,47.70,46.54,47.01,45.35,1491200
Jun 27 2017,77.98,79.32,77.95,78.64,76.92,660100
Jun 27 2018,93.01,93.34,91.12,91.12,90.11,1090500
Jun 28 2016,47.58,47.97,46.75,47.29,45.62,1245100
Jun 28 2017,79.37,80.94,79.15,80.71,78.94,1051300
Jun 28 2018,91.09,91.26,89.85,90.53,89.53,907400
Jun 29 2015,60.16,60.48,59.23,59.34,56.60,907000
Jun 29 2016,47.58,48.51,46.92,48.48,46.97,940600
Jun 29 2017,81.91,82.59,79.82,80.50,78.95,874500
Jun 29 2018,91.17,91.58,89.29,89.35,88.65,1340300
Jun 30 2015,60.00,60.34,59.32,59.58,56.83,928400
Jun 30 2016,48.57,49.32,48.02,49.30,47.76,1678900
Jun 30 2017,81.08,81.26,79.82,80.22,78.68,710000
Jul 01 2015,60.38,60.61,59.84,60.01,57.24,648400
Jul 01 2016,48.80,49.49,48.31,48.63,47.11,713500
Jul 02 2015,60.00,60.11,59.22,59.73,56.97,560500
Jul 02 2018,88.53,90.33,88.43,90.30,89.60,660400
Jul 03 2017,80.88,82.00,80.39,81.60,80.03,343300
Jul 03 2018,90.65,90.87,88.83,88.95,88.26,377000
Jul 05 2016,47.89,47.92,46.73,47.16,45.69,862000
Jul 05 2017,81.70,81.98,81.25,81.53,79.96,720000
Jul 05 2018,89.53,89.53,87.89,88.18,87.49,548300
Jul 06 2015,58.87,59.50,58.73,59.18,56.45,734700
Jul 06 2016,46.57,47.97,46.30,47.88,46.39,1203600
Jul 06 2017,81.48,82.44,80.96,81.01,79.45,757900
Jul 06 2018,87.99,89.86,87.56,89.68,88.98,1034000
Jul 07 2015,59.13,59.46,57.39,58.61,55.91,916300
Jul 07 2016,47.93,48.96,47.93,48.94,47.41,1165700
Jul 07 2017,81.39,81.67,80.67,81.39,79.83,482600
Jul 08 2015,57.95,58.11,56.92,57.03,54.40,872500
Jul 08 2016,49.86,50.53,49.86,50.04,48.48,758600
Jul 09 2015,57.95,58.16,57.56,57.65,54.99,577700
Jul 09 2018,90.14,92.68,90.13,92.39,91.67,864400
Jul 10 2015,58.39,58.71,57.96,58.65,55.94,751900
Jul 10 2017,81.31,82.61,80.84,82.40,80.82,575600
Jul 10 2018,92.42,92.87,91.43,92.29,91.57,827000
Jul 11 2016,50.67,50.95,50.08,50.21,48.64,561700
Jul 11 2017,82.50,82.50,81.50,81.77,80.20,442400
Jul 11 2018,91.43,92.05,90.95,91.58,90.87,535700
Jul 12 2016,51.00,52.32,50.93,52.05,50.43,715700
Jul 12 2017,81.60,82.37,81.12,82.24,80.66,462800
Jul 12 2018,92.50,92.55,91.32,92.24,91.52,910600
Jul 13 2015,59.16,59.61,59.05,59.60,56.85,538000
Jul 13 2016,51.73,52.12,51.13,51.41,49.81,609400
Jul 13 2017,82.50,82.99,82.16,82.53,80.94,360700
Jul 13 2018,92.28,93.27,92.02,93.00,92.28,1047700
Jul 14 2015,59.46,60.00,59.13,59.82,57.06,556100
Jul 14 2016,52.38,52.62,52.06,52.18,50.55,711000
Jul 14 2017,81.54,82.75,81.13,82.30,80.72,430100
Jul 15 2015,60.00,60.29,59.59,60.09,57.32,631700
Jul 15 2016,52.76,53.13,52.21,52.81,51.16,641400
Jul 16 2015,60.56,61.30,60.43,61.18,58.36,659400
Jul 16 2018,93.32,94.17,93.32,94.00,93.27,975300
Jul 17 2015,61.04,61.29,60.28,60.90,58.09,900700
Jul 17 2017,82.34,83.02,81.97,82.77,81.18,407600
Jul 17 2018,94.00,95.50,94.00,95.03,94.29,957300
Jul 18 2016,52.81,53.25,52.45,53.19,51.53,534000
Jul 18 2017,82.25,82.77,81.88,82.66,81.07,796700
Jul 18 2018,95.54,96.53,95.54,96.23,95.48,496100
Jul 19 2016,52.71,53.59,52.38,52.89,51.24,830700
Jul 19 2017,83.08,83.13,82.17,82.77,81.18,395400
Jul 19 2018,95.74,95.89,94.32,94.72,93.98,454000
Jul 20 2015,61.01,61.10,60.56,60.91,58.10,399700
Jul 20 2016,53.27,53.57,52.42,53.45,51.78,1057400
Jul 20 2017,82.77,83.22,82.64,82.73,81.14,468500
Jul 20 2018,94.29,95.43,94.27,95.07,94.33,737200
Jul 21 2015,60.96,61.25,60.12,60.31,57.53,591500
Jul 21 2016,53.68,54.66,53.28,53.67,52.00,1007800
Jul 21 2017,82.52,83.40,82.45,82.72,81.13,446000
Jul 22 2015,60.15,60.82,59.68,60.73,57.93,442000
Jul 22 2016,53.92,54.02,53.41,53.86,52.18,1242000
Jul 23 2015,61.31,61.82,59.48,59.81,57.05,850200
Jul 23 2018,95.30,96.91,95.30,96.56,95.81,988100
Jul 24 2015,59.85,59.90,58.83,58.98,56.26,692400
Jul 24 2017,82.63,84.03,82.63,83.85,82.24,538800
Jul 24 2018,96.90,97.62,96.16,96.45,95.70,931700
Jul 25 2016,53.89,54.19,53.70,54.03,52.34,541700
Jul 25 2017,84.95,85.41,84.59,84.99,83.36,690800
Jul 25 2018,96.28,97.39,95.38,97.26,96.50,1099000
Jul 26 2016,53.83,54.50,53.66,54.46,52.76,503200
Jul 26 2017,85.36,85.97,85.02,85.37,83.73,878000
Jul 26 2018,95.95,95.95,93.08,93.20,92.47,1758000
Jul 27 2015,58.59,58.76,57.66,57.97,55.30,544300
Jul 27 2016,54.46,54.94,54.24,54.72,53.01,686200
Jul 27 2017,84.36,84.39,81.22,82.73,81.14,1744800
Jul 27 2018,93.70,95.08,92.47,93.10,92.37,802800
Jul 28 2015,58.25,58.55,57.82,58.47,55.77,911900
Jul 28 2016,54.57,55.07,54.21,54.91,53.20,430900
Jul 28 2017,82.62,83.25,82.46,82.89,81.30,483200
Jul 29 2015,58.50,59.37,58.34,59.26,56.53,372000
Jul 29 2016,54.56,55.09,54.33,54.90,53.19,743500
Jul 30 2015,59.12,59.72,58.94,59.69,56.94,476100
Jul 30 2018,93.05,93.63,90.53,91.00,90.29,968000
Jul 31 2015,59.58,59.58,58.92,59.00,56.28,578000
Jul 31 2017,83.26,83.34,82.82,83.19,81.59,529100
Jul 31 2018,91.45,92.03,89.97,91.59,90.88,854600
Aug 01 2016,55.08,55.11,54.19,54.31,52.62,458900
Aug 01 2017,83.82,84.03,82.99,83.44,81.84,657200
Aug 01 2018,92.07,93.85,90.96,91.51,90.80,983400
Aug 02 2016,54.24,54.69,53.18,53.50,51.83,582200
Aug 02 2017,83.24,83.61,82.29,82.80,81.21,593500
Aug 02 2018,90.59,91.24,90.00,90.97,90.26,888100
Aug 03 2015,59.12,59.18,58.60,58.96,56.24,496000
Aug 03 2016,53.56,54.68,53.56,54.41,52.71,381300
Aug 03 2017,82.81,82.81,82.06,82.38,80.80,606400
Aug 03 2018,91.10,91.71,90.62,91.34,90.63,450900
Aug 04 2015,59.02,59.72,58.94,59.53,56.78,405500
Aug 04 2016,54.35,54.60,54.02,54.35,52.65,389800
Aug 04 2017,83.14,83.70,82.59,82.90,81.31,610600
Aug 05 2015,59.83,60.26,59.29,59.42,56.68,451500
Aug 05 2016,55.07,55.83,54.71,55.70,53.96,606300
Aug 06 2015,59.55,59.71,58.50,58.85,56.14,400800
Aug 06 2018,91.32,91.89,90.67,91.64,90.93,547400
Aug 07 2015,58.63,59.22,58.06,58.62,55.92,373700
Aug 07 2017,82.88,83.14,82.48,82.88,81.29,363500
Aug 07 2018,92.14,93.60,91.74,92.23,91.51,664300
Aug 08 2016,55.88,56.14,55.68,55.89,54.15,418000
Aug 08 2017,82.73,83.75,82.56,82.88,81.29,390000
Aug 08 2018,91.98,91.98,91.37,91.70,90.99,513600
Aug 09 2016,55.78,56.07,55.62,55.81,54.07,518500
Aug 09 2017,82.25,82.40,81.50,81.92,80.35,651500
Aug 09 2018,91.70,91.89,90.65,90.80,90.09,583800
Aug 10 2015,58.99,59.75,58.77,59.47,56.73,351300
Aug 10 2016,55.80,55.96,55.43,55.66,53.92,570600
Aug 10 2017,81.60,81.63,79.79,79.85,78.32,625400
Aug 10 2018,89.89,90.40,89.07,89.97,89.27,613800
Aug 11 2015,58.81,58.85,57.80,58.04,55.36,623200
Aug 11 2016,55.99,56.34,55.63,56.17,54.42,430400
Aug 11 2017,79.72,80.39,79.15,79.35,77.83,520900
Aug 12 2015,57.49,57.93,56.19,57.51,54.86,732000
Aug 12 2016,55.74,56.19,55.42,56.10,54.35,744900
Aug 13 2015,57.48,58.23,57.29,57.87,55.20,450700
Aug 13 2018,90.06,90.34,89.08,89.12,88.43,910200
Aug 14 2015,57.70,58.56,57.54,58.50,55.80,407600
Aug 14 2017,80.27,81.11,80.17,80.22,78.68,453800
Aug 14 2018,89.55,90.73,89.09,90.58,89.87,585400
Aug 15 2016,56.24,57.25,56.20,56.97,55.19,377400
Aug 15 2017,81.08,81.19,79.92,80.34,78.80,466100
Aug 15 2018,89.70,90.47,89.25,90.13,89.43,698500
Aug 16 2016,56.66,56.97,56.54,56.70,54.93,275600
Aug 16 2017,80.63,80.86,79.74,79.92,78.38,322200
Aug 16 2018,90.61,91.76,90.30,91.36,90.65,566900
Aug 17 2015,58.13,58.62,57.82,58.62,55.92,596600
Aug 17 2016,56.77,57.17,56.40,56.43,54.67,885400
Aug 17 2017,79.33,79.78,77.72,77.75,76.26,608400
Aug 17 2018,91.25,91.67,90.95,91.43,90.72,391000
Aug 18 2015,58.49,58.79,58.29,58.48,55.78,450400
Aug 18 2016,56.44,56.65,56.12,56.26,54.51,552100
Aug 18 2017,77.50,78.48,77.16,77.85,76.35,794200
Aug 19 2015,58.04,58.28,57.40,57.52,54.87,564200
Aug 19 2016,55.91,56.38,55.79,56.15,54.40,566600
Aug 20 2015,56.57,56.64,55.37,55.46,52.90,1101900
Aug 20 2018,91.54,91.90,91.00,91.41,90.70,526100
Aug 21 2015,54.85,55.04,53.13,53.16,50.71,1187700
Aug 21 2017,77.90,77.99,77.32,77.72,76.23,469400
Aug 21 2018,91.12,91.87,90.50,91.39,90.68,519400
Aug 22 2016,56.03,56.20,55.79,56.04,54.29,313900
Aug 22 2017,78.05,79.06,77.97,79.00,77.48,448800
Aug 22 2018,90.90,91.94,90.83,91.41,90.70,356800
Aug 23 2016,56.39,56.68,56.30,56.33,54.57,481900
Aug 23 2017,78.44,79.52,78.44,79.01,77.49,325900
Aug 23 2018,91.47,91.69,90.26,90.74,90.03,463500
Aug 24 2015,50.50,52.05,49.61,49.99,47.68,2834800
Aug 24 2016,56.36,56.57,56.13,56.20,54.45,416100
Aug 24 2017,79.28,79.58,78.76,78.79,77.28,640300
Aug 24 2018,90.94,91.70,90.73,91.24,90.53,339200
Aug 25 2015,52.06,52.06,50.06,50.10,47.79,1523400
Aug 25 2016,56.00,56.67,56.00,56.59,54.82,470700
Aug 25 2017,79.22,79.53,78.56,78.75,77.24,420400
Aug 26 2015,51.31,52.29,50.38,52.13,49.73,1129900
Aug 26 2016,56.90,57.43,56.67,57.17,55.39,695600
Aug 27 2015,52.83,53.92,52.61,53.69,51.21,1393800
Aug 27 2018,91.93,93.21,91.93,92.91,92.19,522700
Aug 28 2015,53.30,53.58,52.83,53.45,50.98,1074000
Aug 28 2017,79.15,79.17,78.28,78.42,76.91,307700
Aug 28 2018,93.15,93.94,92.78,93.92,93.19,927200
Aug 29 2016,57.29,57.88,57.21,57.35,55.56,439500
Aug 29 2017,77.36,78.05,77.19,77.54,76.05,539300
Aug 29 2018,94.00,94.34,93.11,94.07,93.34,523700
Aug 30 2016,57.34,58.20,57.34,58.19,56.37,463800
Aug 30 2017,77.65,78.59,77.42,78.20,76.70,383000
Aug 30 2018,93.92,94.12,92.66,92.81,92.09,386200
Aug 31 2015,53.15,53.57,52.63,52.99,50.55,747500
Aug 31 2016,58.26,58.50,57.43,58.17,56.36,708600
Aug 31 2017,78.56,78.73,78.08,78.32,76.82,435900
Aug 31 2018,92.41,93.17,92.09,93.04,92.32,350100
Sep 01 2015,51.68,52.05,50.87,51.05,48.69,1517700
Sep 01 2016,58.29,58.44,56.96,57.66,55.86,516000
Sep 01 2017,78.56,79.24,78.56,78.96,77.44,434100
Sep 02 2015,51.94,52.00,50.84,51.91,49.52,806300
Sep 02 2016,57.92,58.29,57.36,58.09,56.28,433000
Sep 03 2015,51.94,52.57,51.51,51.69,49.31,838300
Sep 04 2015,51.15,51.47,50.80,51.01,48.66,894300
Sep 04 2018,92.83,93.86,92.45,93.50,92.77,433800
Sep 05 2017,78.33,78.56,75.99,76.27,74.80,476400
Sep 05 2018,93.44,94.01,92.97,93.28,92.55,397600
Sep 06 2016,58.17,58.31,57.06,57.55,55.75,391100
Sep 06 2017,76.78,76.84,75.25,76.15,74.69,643200
Sep 06 2018,93.30,93.40,91.10,91.82,91.10,401500
Sep 07 2016,57.38,58.06,57.17,58.01,56.20,468000
Sep 07 2017,76.26,76.26,74.14,74.81,73.37,745800
Sep 07 2018,92.09,92.78,91.13,92.18,91.46,438400
Sep 08 2015,51.93,52.62,51.79,52.49,50.07,656400
Sep 08 2016,57.98,58.45,57.84,58.02,56.21,488700
Sep 08 2017,74.68,75.94,74.49,75.32,73.87,644800
Sep 09 2015,53.16,53.45,51.62,51.74,49.35,577100
Sep 09 2016,57.67,58.22,57.40,57.40,55.61,510400
Sep 10 2015,51.47,52.76,51.47,52.33,49.92,667400
Sep 10 2018,92.64,93.08,92.34,92.44,91.72,367600
Sep 11 2015,51.99,52.33,51.46,51.85,49.46,789500
Sep 11 2017,76.23,77.32,76.13,77.09,75.61,779300
Sep 11 2018,92.29,93.34,91.79,92.98,92.26,352400
Sep 12 2016,56.92,58.32,56.63,58.13,56.32,512100
Sep 12 2017,77.65,78.35,77.53,78.22,76.72,554400
Sep 12 2018,92.78,93.07,91.27,91.60,90.89,419700
Sep 13 2016,57.41,57.68,56.49,56.83,55.06,724800
Sep 13 2017,77.97,78.51,77.47,78.46,76.95,533700
Sep 13 2018,91.92,92.42,91.04,91.14,90.43,726100
Sep 14 2015,51.89,52.13,51.49,51.84,49.45,452200
Sep 14 2016,56.95,57.03,56.27,56.45,54.69,903900
Sep 14 2017,79.24,79.51,78.09,78.30,76.80,825000
Sep 14 2018,91.41,92.80,91.41,92.56,91.84,452500
Sep 15 2015,52.02,52.64,51.57,52.53,50.11,461900
Sep 15 2016,56.52,57.61,56.52,57.39,55.60,537100
Sep 15 2017,78.38,79.82,78.19,79.77,78.24,1211200
Sep 16 2015,52.68,53.04,52.26,52.90,50.46,684100
Sep 16 2016,56.86,56.95,56.25,56.35,54.59,926100
Sep 17 2015,52.91,53.15,51.40,51.55,49.17,990600
Sep 17 2018,92.73,92.98,91.11,91.31,90.60,344400
Sep 18 2015,50.84,50.89,49.76,49.92,47.62,1321200
Sep 18 2017,80.00,81.03,79.94,80.92,79.37,615600
Sep 18 2018,91.54,92.12,90.95,92.01,91.29,341200
Sep 19 2016,56.75,57.49,56.41,56.45,54.69,652200
Sep 19 2017,80.93,81.29,80.59,81.17,79.61,497400
Sep 19 2018,92.06,94.06,92.06,93.77,93.04,520600
Sep 20 2016,56.96,57.20,56.59,56.97,55.19,603700
Sep 20 2017,81.39,82.50,80.70,82.32,80.74,714200
Sep 20 2018,94.59,96.76,94.54,95.50,94.76,777000
Sep 21 2015,50.42,50.77,49.94,50.31,47.99,1307000
Sep 21 2016,57.34,57.80,57.01,57.78,55.98,548500
Sep 21 2017,82.04,82.95,81.24,82.74,81.15,815200
Sep 21 2018,95.99,95.99,94.74,95.13,94.39,1303100
Sep 22 2015,49.71,49.96,49.34,49.78,47.48,735200
Sep 22 2016,58.48,58.97,58.25,58.65,56.82,1049800
Sep 22 2017,82.44,83.01,82.22,82.91,81.32,395500
Sep 23 2014,55.01,55.35,54.35,54.41,51.27,604100
Sep 23 2015,49.76,50.10,49.39,49.55,47.26,446300
Sep 23 2016,58.32,58.70,57.87,58.01,56.20,479700
Sep 24 2014,54.41,54.65,53.78,54.17,51.05,1609300
Sep 24 2015,49.00,49.30,48.78,49.15,46.88,873900
Sep 24 2018,95.02,95.17,93.04,93.45,92.72,873300
Sep 25 2014,54.73,54.84,53.95,54.28,51.15,912300
Sep 25 2015,49.86,50.31,49.47,49.67,47.38,629600
Sep 25 2017,82.53,83.26,82.41,82.72,81.13,538800
Sep 25 2018,93.86,94.05,92.85,93.86,93.13,719000
Sep 26 2014,54.49,55.03,54.49,54.88,51.72,753300
Sep 26 2016,57.35,57.54,56.59,56.65,54.88,423700
Sep 26 2017,82.97,83.65,82.39,82.95,81.36,511200
Sep 26 2018,94.12,94.15,92.67,92.76,92.04,724400
Sep 27 2016,56.23,57.04,56.06,57.00,55.22,387700
Sep 27 2017,84.03,84.76,83.62,84.37,82.75,644700
Sep 27 2018,93.14,93.48,92.38,92.75,92.03,637700
Sep 28 2015,49.16,49.31,48.28,48.56,46.32,1378800
Sep 28 2016,57.23,57.62,56.68,57.58,55.78,423600
Sep 28 2017,84.39,84.66,83.36,84.57,82.95,364700
Sep 28 2018,91.90,93.39,91.81,92.05,91.63,966700
Sep 29 2014,54.04,54.36,53.80,54.20,51.22,367300
Sep 29 2015,48.70,49.41,48.24,48.95,46.87,1108800
Sep 29 2016,57.25,57.82,56.41,56.65,55.07,342700
Sep 29 2017,84.16,85.17,83.99,84.33,82.93,630200
Sep 30 2014,54.41,54.41,53.43,53.58,50.64,673600
Sep 30 2015,49.55,49.94,48.88,49.63,47.52,997400
Sep 30 2016,57.17,58.53,56.92,58.21,56.59,660500
Oct 01 2014,53.28,53.36,52.05,52.24,49.37,1008000
Oct 01 2015,49.50,49.90,49.01,49.85,47.73,1171600
Oct 01 2018,92.95,93.50,92.07,92.34,91.92,848500
Oct 02 2014,52.17,52.83,51.82,52.71,49.82,526600
Oct 02 2015,48.14,49.27,47.62,49.26,47.16,963500
Oct 02 2017,84.33,84.55,83.53,84.55,83.14,1198900
Oct 02 2018,92.31,92.54,91.06,92.02,91.60,904100
Oct 03 2014,53.21,53.58,52.95,53.39,50.46,617100
Oct 03 2016,58.00,58.58,57.80,58.03,56.42,424800
Oct 03 2017,84.67,86.18,84.29,85.79,84.36,511500
Oct 03 2018,92.77,94.83,92.44,93.95,93.52,1363600
Oct 04 2016,58.25,59.17,58.13,58.56,56.93,498900
Oct 04 2017,85.79,86.04,85.27,85.53,84.11,446300
Oct 04 2018,94.31,96.10,93.72,94.31,93.88,1108600
Oct 05 2015,49.84,50.92,45.86,50.78,48.62,864700
Oct 05 2016,58.84,59.95,58.75,59.48,57.83,479700
Oct 05 2017,85.71,86.47,85.34,86.01,84.58,574100
Oct 05 2018,94.57,95.00,92.79,93.74,93.31,589400
Oct 06 2014,53.79,53.90,52.73,52.97,50.06,391900
Oct 06 2015,50.50,50.67,49.72,50.33,48.19,741500
Oct 06 2016,59.29,59.54,58.94,59.26,57.61,340200
Oct 06 2017,86.31,87.22,85.50,86.27,84.83,591600
Oct 07 2014,52.54,52.77,51.89,51.89,49.04,528200
Oct 07 2015,50.72,51.31,50.42,50.86,48.69,694600
Oct 07 2016,59.38,59.38,58.55,58.96,57.32,908300
Oct 08 2014,52.09,52.56,51.38,52.46,49.58,932700
Oct 08 2015,50.57,51.65,50.52,51.17,48.99,1106000
Oct 08 2018,93.32,94.36,92.54,94.27,93.84,632200
Oct 09 2014,52.18,52.50,50.96,51.16,48.35,1213000
Oct 09 2015,51.09,51.77,50.78,51.17,48.99,872000
Oct 09 2017,86.43,86.43,85.75,86.07,84.64,290600
Oct 09 2018,94.11,95.21,93.50,94.82,94.39,919500
Oct 10 2014,51.04,51.77,50.57,50.94,48.14,1296600
Oct 10 2016,58.96,59.76,58.93,59.01,57.37,478400
Oct 10 2017,86.23,86.83,85.83,86.48,85.04,671700
Oct 10 2018,94.62,94.68,89.94,90.03,89.62,911900
Oct 11 2016,58.94,59.09,57.89,58.30,56.68,498100
Oct 11 2017,86.41,87.05,85.80,86.39,84.95,493300
Oct 11 2018,89.67,90.83,86.70,87.72,87.32,939000
Oct 12 2015,51.37,51.44,50.99,51.36,49.17,519000
Oct 12 2016,58.34,58.43,58.00,58.09,56.47,437700
Oct 12 2017,86.55,86.93,86.15,86.33,84.89,405900
Oct 12 2018,89.73,89.84,85.87,87.86,87.46,1166800
Oct 13 2014,50.18,51.36,50.11,50.12,47.37,602500
Oct 13 2015,50.94,51.55,50.78,51.00,48.83,682300
Oct 13 2016,57.41,57.63,56.61,57.41,55.81,490900
Oct 13 2017,86.17,86.25,85.24,85.33,83.91,601700
Oct 14 2014,50.21,50.84,49.90,50.06,47.31,878600
Oct 14 2015,50.86,51.06,50.09,50.24,48.10,633100
Oct 14 2016,57.84,58.58,57.64,58.20,56.58,577100
Oct 15 2014,49.68,50.10,48.06,49.57,46.85,1607100
Oct 15 2015,50.59,52.06,50.40,51.96,49.75,1455200
Oct 15 2018,87.67,88.30,87.12,87.13,86.73,644400
Oct 16 2014,48.49,50.08,48.36,49.86,47.12,1271400
Oct 16 2015,52.24,52.49,51.65,52.21,49.99,636800
Oct 16 2017,85.47,85.96,85.19,85.64,84.21,860800
Oct 16 2018,87.90,89.16,86.39,89.01,88.60,755500
Oct 17 2014,50.71,51.47,50.25,51.28,48.46,1016000
Oct 17 2016,58.23,58.32,57.84,58.04,56.43,657200
Oct 17 2017,85.82,85.92,84.05,84.11,82.71,548900
Oct 17 2018,88.82,89.70,87.23,89.18,88.77,806800
Oct 18 2016,58.83,58.99,58.20,58.45,56.82,331200
Oct 18 2017,84.64,85.48,84.51,85.31,83.89,892200
Oct 18 2018,88.75,89.21,86.40,86.82,86.42,632800
Oct 19 2015,51.75,52.38,51.53,51.89,49.68,829400
Oct 19 2016,58.82,59.28,58.52,58.99,57.35,363000
Oct 19 2017,84.62,85.78,83.94,85.72,84.29,1348600
Oct 19 2018,86.78,87.65,86.19,86.36,85.97,873200
Oct 20 2014,50.97,51.43,50.57,51.31,48.49,801500
Oct 20 2015,51.79,52.35,51.76,52.13,49.91,648800
Oct 20 2016,58.70,59.27,58.66,58.81,57.17,403200
Oct 20 2017,86.82,87.19,86.29,86.63,85.19,523400
Oct 21 2014,51.67,52.99,51.37,52.95,50.04,723000
Oct 21 2015,52.14,52.36,51.08,51.22,49.04,785400
Oct 21 2016,58.37,58.84,58.25,58.75,57.12,343100
Oct 22 2014,52.96,53.00,52.00,52.04,49.18,557200
Oct 22 2015,51.05,52.92,50.81,52.66,50.42,695300
Oct 22 2018,86.70,87.08,84.29,84.40,84.01,824100
Oct 23 2014,52.76,53.08,52.34,52.87,49.97,528000
Oct 23 2015,53.13,53.47,52.34,53.37,51.10,867400
Oct 23 2017,86.57,86.98,86.09,86.32,84.88,348000
Oct 23 2018,82.16,83.62,81.28,82.92,82.54,1493300
Oct 24 2014,52.77,53.28,52.65,53.20,50.28,490600
Oct 24 2016,59.54,59.54,58.63,58.81,57.17,542600
Oct 24 2017,86.75,87.09,86.28,86.36,84.92,692800
Oct 24 2018,82.78,82.92,78.20,78.48,78.12,1631800
Oct 25 2016,58.78,59.14,58.47,58.55,56.92,414600
Oct 25 2017,86.35,86.80,85.14,85.73,84.30,766400
Oct 25 2018,77.45,77.45,73.74,75.56,75.21,3373600
Oct 26 2015,53.57,53.93,53.14,53.84,51.55,631700
Oct 26 2016,58.24,59.25,58.17,59.13,57.49,603800
Oct 26 2017,85.73,85.77,83.44,84.58,83.17,1578400
Oct 26 2018,73.76,74.55,72.29,73.00,72.67,3488400
Oct 27 2014,52.83,53.11,52.55,53.07,50.16,483900
Oct 27 2015,53.43,53.99,53.07,53.63,51.35,666800
Oct 27 2016,60.20,62.73,60.20,61.96,60.24,1687200
Oct 27 2017,84.62,85.83,83.78,85.49,84.07,930300
Oct 28 2014,53.27,54.16,53.24,54.14,51.17,546400
Oct 28 2015,53.79,56.06,53.56,56.04,53.65,988300
Oct 28 2016,61.83,62.38,60.51,60.78,59.09,1169700
Oct 29 2014,54.06,54.81,53.87,54.80,51.79,918600
Oct 29 2015,55.75,56.42,55.41,55.66,53.29,612400
Oct 29 2018,73.75,74.72,71.93,72.85,72.52,1745400
Oct 30 2014,55.00,55.81,53.92,55.17,52.14,1256900
Oct 30 2015,55.67,55.91,55.09,55.11,52.76,644900
Oct 30 2017,84.91,85.55,84.68,85.01,83.59,618200
Oct 30 2018,73.13,74.27,72.76,73.98,73.64,1897300
Oct 31 2014,56.02,56.44,55.82,56.13,53.05,845100
Oct 31 2016,60.99,61.34,60.08,60.12,58.45,729100
Oct 31 2017,85.20,85.90,84.68,84.78,83.37,766700
Oct 31 2018,75.51,77.52,73.31,76.69,76.34,2984800
Nov 01 2016,60.51,60.73,59.82,60.37,58.69,746200
Nov 01 2017,85.38,85.48,83.73,83.81,82.41,911100
Nov 01 2018,77.20,79.60,76.96,79.01,78.65,1639200
Nov 02 2015,55.37,56.50,55.11,56.26,53.86,577500
Nov 02 2016,60.05,60.13,58.66,58.84,57.20,876600
Nov 02 2017,83.86,86.07,83.47,86.02,84.59,772700
Nov 02 2018,79.81,80.33,78.36,79.09,78.73,1241700
Nov 03 2014,56.32,56.76,55.71,55.85,52.78,776100
Nov 03 2015,55.98,56.63,55.34,56.46,54.06,630400
Nov 03 2016,59.02,59.93,58.94,59.37,57.72,699900
Nov 03 2017,85.65,86.08,84.48,85.70,84.27,652300
Nov 04 2014,55.65,56.32,55.65,56.10,53.02,563000
Nov 04 2015,56.71,57.11,56.41,56.57,54.16,623400
Nov 04 2016,59.20,59.83,58.77,59.09,57.45,426300
Nov 05 2014,56.51,56.73,56.06,56.62,53.51,399700
Nov 05 2015,56.58,57.07,56.39,56.81,54.39,480700
Nov 05 2018,79.12,80.08,78.80,79.47,79.11,1271800
Nov 06 2014,56.75,56.93,56.47,56.87,53.75,353800
Nov 06 2015,58.23,58.97,58.01,58.31,55.83,1089400
Nov 06 2017,85.25,85.57,84.90,85.32,83.90,402800
Nov 06 2018,79.39,80.70,79.19,80.49,80.12,1208700
Nov 07 2014,56.75,56.96,56.30,56.44,53.34,427400
Nov 07 2016,60.46,61.08,60.46,60.95,59.25,409600
Nov 07 2017,85.59,86.01,83.71,84.03,82.63,557600
Nov 07 2018,81.11,81.71,80.58,81.16,80.79,1247700
Nov 08 2016,60.55,61.69,60.22,61.31,59.60,606300
Nov 08 2017,83.70,84.70,83.18,84.17,82.77,497200
Nov 08 2018,80.91,82.40,80.49,80.94,80.57,1810500
Nov 09 2015,58.49,58.71,57.47,57.68,55.22,877300
Nov 09 2016,61.81,65.67,61.58,65.27,63.45,1904500
Nov 09 2017,83.52,84.18,82.84,83.61,82.22,383700
Nov 09 2018,80.90,80.90,78.80,79.50,79.14,778500
Nov 10 2014,56.47,57.10,56.47,57.01,53.88,241400
Nov 10 2015,57.43,57.80,56.94,57.67,55.21,575100
Nov 10 2016,65.80,68.63,65.80,67.34,65.47,1706900
Nov 10 2017,83.65,84.27,83.10,83.55,82.16,601600
Nov 11 2014,56.93,57.58,56.85,57.49,54.33,396000
Nov 11 2015,58.02,58.02,57.43,57.69,55.23,501800
Nov 11 2016,66.88,67.89,66.28,67.75,65.87,2042400
Nov 12 2014,57.10,57.48,56.84,57.05,53.92,532600
Nov 12 2015,57.19,57.36,56.66,56.79,54.37,642500
Nov 12 2018,79.30,79.98,77.29,78.00,77.64,1182300
Nov 13 2014,57.10,57.32,56.48,56.78,53.66,497700
Nov 13 2015,56.54,57.03,56.04,56.19,53.80,561500
Nov 13 2017,82.71,83.59,82.58,83.37,81.98,869200
Nov 13 2018,77.99,79.84,77.87,78.31,77.95,900900
Nov 14 2014,56.74,57.12,56.35,56.50,53.40,483400
Nov 14 2016,68.60,70.09,68.20,70.09,68.14,950500
Nov 14 2017,82.69,83.49,82.51,83.03,81.65,667500
Nov 14 2018,79.29,79.48,76.24,77.09,76.74,1379900
Nov 15 2016,69.43,71.93,69.07,71.90,69.90,1186700
Nov 15 2017,82.19,83.15,81.90,82.79,81.41,1048600
Nov 15 2018,76.28,78.91,76.08,78.70,78.34,1236200
Nov 16 2015,56.08,56.74,55.70,56.74,54.32,395200
Nov 16 2016,71.16,71.89,71.09,71.65,69.66,804700
Nov 16 2017,83.47,83.82,83.10,83.30,81.91,605000
Nov 16 2018,78.17,79.38,77.68,78.74,78.38,886700
Nov 17 2014,56.41,56.69,56.11,56.21,53.12,471700
Nov 17 2015,56.85,57.20,56.43,56.61,54.20,396500
Nov 17 2016,71.40,72.71,71.40,72.71,70.69,886900
Nov 17 2017,82.90,84.14,82.60,83.78,82.38,608800
Nov 18 2014,56.13,56.67,56.13,56.23,53.14,397900
Nov 18 2015,56.88,57.40,56.64,57.30,54.86,848100
Nov 18 2016,72.84,73.59,72.54,73.28,71.24,524000
Nov 19 2014,56.25,56.25,55.34,56.00,52.93,359600
Nov 19 2015,57.60,57.60,56.25,56.96,54.53,1103600
Nov 19 2018,78.59,78.99,77.56,77.91,77.55,896800
Nov 20 2014,55.38,55.56,54.74,55.49,52.44,834400
Nov 20 2015,57.33,57.83,57.11,57.54,55.09,705600
Nov 20 2017,83.95,85.08,83.48,84.72,83.31,754000
Nov 20 2018,76.74,76.99,74.29,74.67,74.33,1008000
Nov 21 2014,56.12,56.44,56.00,56.15,53.07,558200
Nov 21 2016,73.10,73.41,71.74,72.32,70.31,930700
Nov 21 2017,84.99,85.73,84.77,85.15,83.73,568100
Nov 21 2018,75.08,77.46,74.84,76.10,75.75,702000
Nov 22 2016,72.36,73.40,71.76,73.33,71.29,782100
Nov 22 2017,85.12,85.64,84.83,84.97,83.55,381200
Nov 23 2015,57.51,58.02,57.37,57.46,55.01,524100
Nov 23 2016,73.10,73.47,71.81,72.83,70.80,915300
Nov 23 2018,75.47,77.60,75.42,76.64,76.29,519500
Nov 24 2014,56.26,56.63,55.80,56.42,53.32,497300
Nov 24 2015,56.93,58.29,56.68,58.08,55.61,839100
Nov 24 2017,85.21,85.59,84.94,84.95,83.54,218900
Nov 25 2014,56.28,56.66,56.00,56.47,53.37,604300
Nov 25 2015,58.19,58.36,57.93,58.25,55.77,823900
Nov 25 2016,72.70,72.70,72.19,72.50,70.48,322000
Nov 26 2014,56.54,56.60,56.25,56.45,53.35,277300
Nov 26 2018,77.91,79.18,77.72,79.16,78.80,980600
Nov 27 2015,58.28,58.52,58.00,58.42,55.93,249400
Nov 27 2017,84.95,85.73,84.83,85.29,83.87,514700
Nov 27 2018,78.72,79.35,76.64,76.92,76.57,1066700
Nov 28 2014,56.43,56.99,56.24,56.30,53.21,267500
Nov 28 2016,71.57,71.99,71.10,71.17,69.19,1008900
Nov 28 2017,85.46,87.16,85.14,87.04,85.59,721900
Nov 28 2018,77.07,77.75,75.74,77.63,77.28,1372700
Nov 29 2016,71.03,71.68,70.53,71.10,69.12,606800
Nov 29 2017,87.64,89.50,87.53,88.40,86.93,786900
Nov 29 2018,77.02,77.59,76.20,76.27,75.92,1354500
Nov 30 2015,58.50,58.78,58.09,58.73,56.23,1011100
Nov 30 2016,71.90,72.29,71.61,71.94,69.94,1004600
Nov 30 2017,89.11,90.27,88.26,88.30,86.83,1000700
Nov 30 2018,76.67,80.05,76.14,79.73,79.37,1579600
Dec 01 2014,55.94,56.27,55.16,55.67,52.61,463000
Dec 01 2015,58.83,59.34,57.81,58.96,56.45,673900
Dec 01 2016,72.41,73.87,72.25,73.64,71.59,900200
Dec 01 2017,88.19,88.29,84.97,88.24,86.77,1420800
Dec 02 2014,55.62,56.38,55.62,56.21,53.12,393200
Dec 02 2015,59.09,59.19,58.45,58.64,56.14,838800
Dec 02 2016,73.33,73.33,72.18,72.96,70.93,675900
Dec 03 2014,56.18,56.70,56.07,56.60,53.49,622800
Dec 03 2015,59.13,59.21,57.75,58.08,55.61,977000
Dec 03 2018,81.15,81.83,78.91,79.83,79.47,1356400
Dec 04 2014,56.55,56.89,56.16,56.68,53.57,411600
Dec 04 2015,58.42,59.69,58.17,59.32,56.79,963200
Dec 04 2017,89.35,91.29,89.35,90.11,88.61,1137600
Dec 04 2018,79.45,79.56,75.41,76.25,75.90,2250900
Dec 05 2014,57.15,57.87,56.96,57.36,54.21,607000
Dec 05 2016,72.97,74.18,72.82,73.52,71.47,770400
Dec 05 2017,90.46,90.46,88.15,88.32,86.85,699300
Dec 06 2016,73.93,73.93,72.95,73.36,71.32,723500
Dec 06 2017,88.20,88.61,87.66,87.72,86.26,528400
Dec 06 2018,74.56,77.67,74.47,77.48,77.13,1977700
Dec 07 2015,59.14,59.81,58.89,59.15,56.63,953500
Dec 07 2016,73.23,73.73,72.96,73.65,71.60,577700
Dec 07 2017,87.46,89.22,87.18,88.46,86.99,495200
Dec 07 2018,77.12,78.60,75.22,75.38,75.04,1284700
Dec 08 2014,57.30,58.04,56.91,57.67,54.50,526700
Dec 08 2015,58.59,59.40,58.30,59.01,56.50,1241900
Dec 08 2016,73.96,74.70,73.26,73.99,71.93,694700
Dec 08 2017,89.03,89.49,87.90,89.49,88.00,513400
Dec 09 2014,56.75,57.79,56.50,57.54,54.38,524600
Dec 09 2015,58.85,59.36,57.26,57.49,55.04,1128800
Dec 09 2016,73.99,74.01,72.88,73.14,71.11,841100
Dec 10 2014,57.30,57.62,56.24,56.25,53.16,424200
Dec 10 2015,57.69,58.48,57.46,57.95,55.48,889500
Dec 10 2018,75.04,76.01,74.27,75.58,75.23,1089400
Dec 11 2014,56.66,57.08,56.23,56.34,53.25,430000
Dec 11 2015,57.20,57.33,56.35,56.61,54.20,1116200
Dec 11 2017,89.41,89.42,88.62,89.04,87.56,528200
Dec 11 2018,76.47,77.23,74.46,74.97,74.63,2946800
Dec 12 2014,55.73,56.11,54.81,54.82,51.81,437000
Dec 12 2016,72.69,73.04,71.53,71.59,69.60,690700
Dec 12 2017,89.40,90.41,88.99,89.53,88.04,766400
Dec 12 2018,76.32,77.56,75.86,76.47,76.12,2352900
Dec 13 2016,71.79,72.14,70.86,71.60,69.61,932100
Dec 13 2017,89.60,89.60,87.86,87.86,86.40,832200
Dec 13 2018,76.47,76.93,75.26,75.58,75.23,1109200
Dec 14 2015,56.82,57.63,55.67,56.32,53.92,965500
Dec 14 2016,71.09,73.00,70.94,71.87,69.87,496100
Dec 14 2017,88.34,88.34,86.36,86.64,85.20,1010000
Dec 14 2018,74.64,76.12,74.21,74.34,74.00,1305700
Dec 15 2014,55.32,55.59,54.14,54.80,51.79,905700
Dec 15 2015,57.22,58.08,56.94,58.04,55.57,810400
Dec 15 2016,72.38,73.38,71.75,72.51,70.49,585700
Dec 15 2017,87.14,89.07,86.86,88.24,86.77,1233800
Dec 16 2014,54.31,55.06,53.88,53.94,50.98,726800
Dec 16 2015,58.63,59.14,57.60,58.92,56.41,788800
Dec 16 2016,72.51,73.05,71.32,71.63,69.64,856500
Dec 17 2014,54.31,55.72,53.91,55.67,52.61,852600
Dec 17 2015,59.20,59.35,58.72,58.96,56.45,1285400
Dec 17 2018,74.24,75.33,73.26,73.59,73.25,1218200
Dec 18 2014,55.92,56.77,55.80,56.65,53.54,806600
Dec 18 2015,58.97,59.23,57.66,58.10,55.63,1827300
Dec 18 2017,89.21,89.80,88.18,88.95,87.47,793200
Dec 18 2018,73.98,74.68,72.93,73.19,72.86,1245300
Dec 19 2014,56.74,57.00,56.15,56.73,53.62,1455100
Dec 19 2016,71.26,71.81,70.40,71.52,69.53,687500
Dec 19 2017,89.54,89.57,88.63,88.67,87.19,732000
Dec 19 2018,73.12,73.96,71.05,71.35,71.02,1630600
Dec 20 2016,72.03,72.94,71.98,72.94,70.91,463500
Dec 20 2017,89.13,89.55,87.78,88.30,86.83,810900
Dec 20 2018,71.11,72.15,70.56,71.18,70.85,1824100
Dec 21 2015,58.51,59.10,58.40,59.10,56.58,1327300
Dec 21 2016,73.11,73.11,72.14,72.64,70.62,534800
Dec 21 2017,88.98,90.37,88.58,90.35,88.85,1435800
Dec 21 2018,70.81,73.06,70.36,70.41,70.09,2314500
Dec 22 2014,56.71,57.01,56.60,56.99,53.86,316700
Dec 22 2015,59.25,59.49,58.59,59.25,56.73,1544100
Dec 22 2016,72.61,72.61,71.23,71.44,69.45,624400
Dec 22 2017,90.67,90.99,89.90,90.64,89.13,723600
Dec 23 2014,57.24,57.76,56.67,57.75,54.58,306400
Dec 23 2015,58.62,58.64,57.42,58.50,56.01,2095800
Dec 23 2016,71.46,71.88,71.13,71.80,69.80,538700
Dec 24 2014,57.86,58.13,57.40,57.73,54.56,201700
Dec 24 2015,58.49,58.77,58.04,58.20,55.72,590000
Dec 24 2018,69.62,71.38,69.52,69.71,69.39,605300
Dec 26 2014,57.82,57.94,57.48,57.56,54.40,213800
Dec 26 2017,90.82,90.97,89.67,89.91,88.41,657700
Dec 26 2018,69.86,73.64,69.11,73.62,73.28,1034300
Dec 27 2016,72.03,72.18,71.21,71.37,69.38,566400
Dec 27 2017,90.06,90.06,89.32,89.65,88.16,818800
Dec 27 2018,72.13,74.41,71.89,74.41,74.07,983500
Dec 28 2015,57.94,58.52,57.70,58.44,55.95,926000
Dec 28 2016,71.64,71.73,69.95,70.12,68.17,519300
Dec 28 2017,90.00,90.00,89.18,89.83,88.33,499600
Dec 28 2018,74.72,75.18,73.45,73.77,73.43,913300
Dec 29 2014,57.50,58.18,57.40,57.69,54.52,286400
Dec 29 2015,58.75,59.19,58.48,59.14,56.62,819600
Dec 29 2016,69.92,70.36,69.08,69.35,67.63,462600
Dec 29 2017,90.12,90.24,89.29,89.30,87.81,504900
Dec 30 2014,57.21,57.78,57.12,57.57,54.58,355200
Dec 30 2015,58.73,59.11,57.67,58.44,56.14,1076300
Dec 30 2016,69.56,69.56,68.97,69.27,67.56,609100
Dec 31 2014,57.80,58.07,57.25,57.29,54.31,457900
Dec 31 2015,58.09,58.75,57.75,57.97,55.69,1068100
