Jan 02 2018,63.65,64.80,63.41,64.71,62.70,2236300
Jan 02 2019,37.35,39.12,37.23,38.89,38.89,2427400
Jan 03 2017,51.35,51.77,50.78,51.22,48.20,1026000
Jan 03 2018,64.96,66.00,64.75,65.40,63.37,2139100
Jan 03 2019,38.68,39.00,37.78,38.23,38.23,2272700
Jan 04 2016,40.37,41.02,40.00,41.01,37.08,1827200
Jan 04 2017,51.49,52.17,51.18,51.99,48.93,1225200
Jan 04 2018,65.68,67.24,65.50,67.04,64.96,2195200
Jan 04 2019,39.08,40.07,38.86,39.88,39.88,2011200
Jan 05 2016,41.06,41.18,40.76,40.99,37.06,1739100
Jan 05 2017,51.63,52.66,51.55,52.23,49.15,937100
Jan 05 2018,67.25,67.82,66.84,67.31,65.22,1962000
Jan 06 2016,40.27,40.45,39.64,39.85,36.03,1529800
Jan 06 2017,52.48,52.87,51.93,52.49,49.40,1139200
Jan 07 2016,39.03,40.17,38.88,39.45,35.68,2213600
Jan 07 2019,39.23,40.84,39.00,39.95,39.95,2543300
Jan 08 2016,39.23,39.35,37.61,37.78,34.16,3284000
Jan 08 2018,67.39,68.29,67.13,67.76,65.66,2040100
Jan 08 2019,39.85,40.15,39.22,39.84,39.84,2605400
Jan 09 2017,52.35,52.94,51.77,52.20,49.12,987900
Jan 09 2018,67.58,68.10,67.26,67.40,65.31,2250300
Jan 10 2017,52.13,52.37,51.67,52.08,49.01,1342600
Jan 10 2018,67.52,67.72,67.05,67.41,65.32,1378400
Jan 11 2016,37.90,38.02,35.51,35.82,32.39,4134900
Jan 11 2017,52.06,52.69,51.75,52.43,49.34,978700
Jan 11 2018,67.74,68.26,67.22,68.26,66.14,1335200
Jan 12 2016,36.06,36.44,34.15,34.55,31.24,3926800
Jan 12 2017,52.12,52.39,51.11,52.21,49.13,1317700
Jan 12 2018,68.71,69.29,68.11,69.20,67.05,1580900
Jan 13 2016,34.17,36.06,34.14,34.20,30.93,5187200
Jan 13 2017,52.48,52.83,52.00,52.35,49.26,1377600
Jan 14 2016,34.36,35.08,33.71,34.69,31.37,1965500
Jan 15 2016,33.83,34.38,33.25,33.38,30.18,2701900
Jan 16 2018,69.41,69.97,68.39,68.69,66.56,1602400
Jan 17 2017,52.08,52.19,50.98,51.46,48.43,1126800
Jan 17 2018,69.19,69.50,68.75,69.27,67.12,1432400
Jan 18 2017,51.57,52.16,51.29,51.68,48.63,1100600
Jan 18 2018,69.14,69.39,67.87,68.03,65.92,2306300
Jan 19 2016,33.73,33.86,32.63,32.85,29.70,2639100
Jan 19 2017,51.52,51.94,51.08,51.28,48.26,589500
Jan 19 2018,68.28,69.30,68.18,69.16,67.01,1436400
Jan 20 2016,32.33,33.13,31.10,32.48,29.37,2975000
Jan 20 2017,51.61,52.58,51.46,52.21,49.13,1236700
Jan 21 2016,32.64,33.66,32.24,32.80,29.66,1828900
Jan 22 2016,33.56,34.40,33.26,34.00,30.75,2079100
Jan 22 2018,69.25,69.36,68.26,68.78,66.64,1413300
Jan 23 2017,52.22,53.21,52.05,53.16,50.03,1577200
Jan 23 2018,68.83,68.83,68.10,68.41,66.29,2125900
Jan 24 2017,53.69,55.22,53.60,54.05,50.86,3313800
Jan 24 2018,68.39,69.31,68.39,68.75,66.62,1248600
Jan 25 2016,30.70,30.80,28.41,28.93,26.16,9308400
Jan 25 2017,54.26,56.12,54.26,55.62,52.34,2724000
Jan 25 2018,68.96,69.68,68.43,69.09,66.95,1130000
Jan 26 2016,29.19,29.68,28.71,28.90,26.14,3183700
Jan 26 2017,55.44,55.95,54.32,54.42,51.21,1904900
Jan 26 2018,69.83,71.55,69.16,70.27,68.09,1891400
Jan 27 2016,28.59,30.37,28.59,29.37,26.56,2291300
Jan 27 2017,55.53,55.66,53.76,53.91,50.73,1465000
Jan 28 2016,29.55,30.00,28.50,28.52,25.79,2737500
Jan 29 2016,28.71,31.90,28.56,31.79,28.74,5725800
Jan 29 2018,70.40,70.64,67.93,68.41,66.29,5584300
Jan 30 2017,53.96,53.96,52.75,53.76,50.59,1331500
Jan 30 2018,67.83,69.47,67.83,68.16,66.04,3750700
Jan 31 2017,53.76,54.40,52.81,53.36,50.21,1343900
Jan 31 2018,68.44,68.44,66.09,66.63,64.56,3950300
Feb 01 2016,31.35,31.77,30.09,31.54,28.52,3979500
Feb 01 2017,53.47,54.12,52.29,53.21,50.07,1246100
Feb 01 2018,65.18,66.95,65.18,66.28,64.22,2062500
Feb 02 2016,30.76,30.98,30.02,30.06,27.18,3362800
Feb 02 2017,53.95,53.95,52.12,53.66,50.50,2106300
Feb 02 2018,66.01,67.54,65.89,67.24,65.15,2711200
Feb 03 2016,30.59,30.91,29.63,30.01,27.14,4158600
Feb 03 2017,53.88,54.85,53.80,54.33,51.13,1436900
Feb 04 2016,29.85,31.13,29.83,31.02,28.05,3664600
Feb 05 2016,30.82,31.41,30.00,30.09,27.21,1556400
Feb 05 2018,66.97,66.97,63.77,63.96,61.97,3116900
Feb 06 2017,53.91,54.35,53.45,54.20,51.00,1498400
Feb 06 2018,62.98,64.62,62.00,64.55,62.55,3195200
Feb 07 2018,64.39,65.94,64.14,64.42,62.42,2440700
Feb 08 2016,29.91,30.08,28.65,29.00,26.23,2294500
Feb 08 2017,53.56,55.67,52.61,54.02,51.22,4015200
Feb 08 2018,64.06,64.38,60.89,60.93,59.04,2336100
Feb 09 2017,53.99,53.99,52.07,52.31,49.59,1968900
Feb 09 2018,61.89,62.87,60.17,62.33,60.40,1997700
Feb 10 2016,28.50,29.87,28.19,28.25,25.87,3432700
Feb 10 2017,52.59,52.91,52.15,52.48,49.76,1408100
Feb 11 2016,27.77,28.20,26.79,26.98,24.71,3316700
Feb 12 2016,27.37,28.01,27.14,27.96,25.61,2520900
Feb 12 2018,63.22,63.71,62.36,63.27,61.31,1777700
Feb 13 2017,52.68,53.49,52.16,52.70,49.96,1873500
Feb 13 2018,63.07,63.49,62.77,63.43,61.46,1077600
Feb 14 2017,52.87,53.73,52.71,53.52,50.74,1464100
Feb 15 2017,53.49,54.23,53.49,53.86,51.06,2022200
Feb 15 2018,64.76,64.99,63.68,64.91,63.32,1858100
Feb 16 2016,28.38,28.55,27.65,28.39,26.00,2611400
Feb 16 2017,53.97,54.82,53.88,54.33,51.51,1707300
Feb 16 2018,64.60,66.68,64.51,66.32,64.69,2476800
Feb 17 2016,28.78,29.84,28.57,29.47,26.99,2227300
Feb 17 2017,54.17,54.17,52.51,52.66,49.93,2448500
Feb 18 2016,29.60,29.88,28.83,29.49,27.01,2207700
Feb 19 2016,28.53,29.27,27.53,28.43,26.04,3909700
Feb 20 2018,66.01,66.27,64.92,65.11,63.51,1551400
Feb 21 2017,52.70,53.95,52.54,53.83,51.04,2297400
Feb 21 2018,65.03,66.21,64.87,65.13,63.53,1847600
Feb 22 2016,29.71,29.71,28.62,29.15,26.70,1655900
Feb 22 2017,53.54,53.79,52.88,53.19,50.43,1108300
Feb 22 2018,65.63,65.85,64.79,65.28,63.68,1646600
Feb 23 2016,28.98,29.44,28.77,29.35,26.89,1605700
Feb 23 2017,53.64,53.99,52.99,53.34,50.57,1735100
Feb 23 2018,65.79,66.16,65.30,66.11,64.49,1321000
Feb 24 2016,28.84,29.40,28.53,29.11,26.66,1846800
Feb 24 2017,53.39,53.74,52.83,53.43,50.66,1089200
Feb 25 2016,29.34,29.72,28.69,29.21,26.75,1593800
Feb 26 2016,29.32,30.72,29.00,30.24,27.69,2345900
Feb 26 2018,66.67,67.48,66.28,67.33,65.68,1553400
Feb 27 2017,53.17,54.00,53.01,53.73,50.94,895300
Feb 27 2018,67.18,67.78,66.66,66.66,65.03,1205000
Feb 28 2017,53.78,53.85,53.41,53.72,50.93,1620200
Feb 28 2018,67.45,67.47,65.72,65.76,64.15,1328000
Feb 29 2016,29.32,31.71,29.32,30.43,27.87,3126000
Mar 01 2016,30.80,31.91,30.62,31.89,29.21,2145000
Mar 01 2017,54.23,55.06,54.03,54.56,51.73,1339000
Mar 01 2018,65.54,66.02,64.36,64.97,63.38,1373500
Mar 02 2016,31.71,33.32,31.60,33.25,30.45,3201100
Mar 02 2017,54.35,54.66,53.98,54.05,51.24,1266900
Mar 02 2018,64.57,65.57,63.75,65.40,63.80,1274100
Mar 03 2016,33.09,34.08,33.09,33.95,31.09,2714700
Mar 03 2017,54.04,54.15,53.42,54.04,51.23,919200
Mar 04 2016,34.16,34.24,32.64,33.12,30.33,3555000
Mar 05 2018,64.84,66.18,64.70,66.00,64.38,1319100
Mar 06 2017,53.45,53.67,51.72,52.16,49.45,2382200
Mar 06 2018,66.29,66.75,65.14,66.40,64.77,1703800
Mar 07 2016,33.01,33.51,32.10,32.65,29.91,2330100
Mar 07 2017,51.96,52.20,50.79,50.90,48.26,2122100
Mar 07 2018,65.73,66.54,65.32,66.20,64.58,1285100
Mar 08 2016,32.29,32.56,31.23,31.86,29.18,2660800
Mar 08 2017,51.30,51.89,51.02,51.30,48.64,3310400
Mar 08 2018,66.50,66.61,65.60,66.05,64.43,1299800
Mar 09 2016,32.12,32.47,31.79,32.07,29.38,2658500
Mar 09 2017,51.20,51.40,50.53,50.93,48.29,1793400
Mar 09 2018,66.31,67.07,65.90,67.07,65.43,1134200
Mar 10 2016,32.11,32.36,31.14,31.57,28.92,1904700
Mar 10 2017,51.24,51.85,50.90,51.24,48.58,1467800
Mar 11 2016,32.01,33.33,31.68,33.30,30.50,1726100
Mar 12 2018,67.32,67.32,66.76,67.05,65.41,1596400
Mar 13 2017,51.35,51.80,51.15,51.32,48.66,1024900
Mar 13 2018,67.51,67.96,66.96,67.01,65.37,1351200
Mar 14 2016,32.71,34.61,32.71,34.26,31.37,2748000
Mar 14 2017,50.83,51.16,50.58,50.87,48.23,944800
Mar 14 2018,67.22,67.29,66.18,66.20,64.58,1743100
Mar 15 2016,34.17,34.17,32.80,33.35,30.55,1418000
Mar 15 2017,51.24,52.01,50.91,51.79,49.10,1035000
Mar 15 2018,66.15,67.03,66.15,66.51,64.88,1341000
Mar 16 2016,33.38,34.46,32.98,34.23,31.35,2243900
Mar 16 2017,52.06,52.75,52.00,52.45,49.73,1520600
Mar 16 2018,66.58,66.68,65.81,66.37,64.74,3105300
Mar 17 2016,34.01,35.67,34.01,35.49,32.50,2891200
Mar 17 2017,52.49,52.84,52.27,52.38,49.66,2695400
Mar 18 2016,35.59,35.95,34.50,35.53,32.54,8906500
Mar 19 2018,66.32,66.32,64.45,64.82,63.23,1827900
Mar 20 2017,52.44,53.15,51.91,53.09,50.33,1359000
Mar 20 2018,65.24,65.39,64.16,64.58,63.00,1228800
Mar 21 2016,35.38,36.62,35.38,36.14,33.10,3071800
Mar 21 2017,53.01,53.40,51.25,51.48,48.81,2006800
Mar 21 2018,64.54,65.49,64.24,64.84,63.25,1248400
Mar 22 2016,35.75,36.44,35.61,36.21,33.16,2411800
Mar 22 2017,51.53,52.59,51.31,52.46,49.74,1229300
Mar 22 2018,64.25,64.49,62.69,62.74,61.20,1433600
Mar 23 2016,35.91,36.15,35.17,35.32,32.35,1393600
Mar 23 2017,52.40,53.40,52.27,52.91,50.16,964000
Mar 23 2018,62.62,63.13,60.98,61.04,59.54,1853700
Mar 24 2016,34.80,34.90,34.37,34.71,31.79,1686000
Mar 24 2017,52.91,53.14,52.02,52.40,49.68,1274600
Mar 26 2018,61.90,63.90,61.90,63.83,62.26,1831800
Mar 27 2017,51.82,51.82,50.77,51.60,48.92,1541000
Mar 27 2018,63.84,64.71,63.14,63.45,61.89,1479000
Mar 28 2016,34.83,34.92,34.28,34.65,31.74,1239300
Mar 28 2017,51.58,53.08,51.35,52.86,50.12,1353200
Mar 28 2018,63.77,64.14,62.95,63.16,61.61,1416300
Mar 29 2016,34.32,35.12,33.70,35.10,32.15,1523000
Mar 29 2017,52.52,52.74,52.00,52.03,49.33,1497100
Mar 29 2018,63.69,64.74,63.22,64.17,62.60,1552800
Mar 30 2016,35.13,35.43,33.79,34.46,31.56,1675600
Mar 30 2017,51.83,52.65,51.68,52.56,49.83,1028100
Mar 31 2016,34.38,35.20,34.31,35.17,32.21,2544000
Mar 31 2017,52.38,52.48,51.88,52.03,49.33,1640200
Apr 01 2016,34.94,35.57,34.65,35.32,32.35,2192400
Apr 02 2018,64.02,64.26,60.93,61.95,60.43,1747900
Apr 03 2017,51.93,52.36,50.96,51.23,48.57,1611500
Apr 03 2018,62.31,63.25,61.84,63.17,61.62,1086700
Apr 04 2016,35.14,35.49,34.04,34.09,31.23,1499800
Apr 04 2017,50.94,51.68,50.80,51.55,48.87,1316800
Apr 04 2018,62.04,63.92,62.03,63.86,62.29,1196400
Apr 05 2016,33.76,33.92,32.61,32.86,30.10,1669000
Apr 05 2017,52.05,52.39,51.50,51.60,48.92,1231500
Apr 05 2018,64.75,64.78,63.76,64.45,62.87,1374200
Apr 06 2016,32.79,33.67,32.79,33.65,30.82,1499900
Apr 06 2017,51.64,52.20,51.29,51.87,49.18,906500
Apr 06 2018,63.71,63.94,62.28,62.65,61.11,1780000
Apr 07 2016,33.28,33.74,33.14,33.34,30.53,2015800
Apr 07 2017,51.71,51.80,50.98,51.08,48.43,1342800
Apr 08 2016,32.00,33.70,32.00,33.51,30.69,2084400
Apr 09 2018,63.02,63.68,62.77,63.00,61.46,1105200
Apr 10 2017,51.14,51.60,50.82,51.19,48.53,788400
Apr 10 2018,64.04,65.01,64.00,64.56,62.98,1347600
Apr 11 2016,33.87,34.29,33.36,33.54,30.72,1154200
Apr 11 2017,50.90,51.05,50.36,50.99,48.34,869300
Apr 11 2018,63.92,64.62,63.68,64.25,62.67,739100
Apr 12 2016,33.53,34.28,33.30,34.18,31.31,1577900
Apr 12 2017,50.91,51.07,49.69,49.83,47.24,1473800
Apr 12 2018,64.77,65.05,64.47,64.84,63.25,823800
Apr 13 2016,34.44,35.27,34.32,35.24,32.27,1501300
Apr 13 2017,49.59,49.97,49.23,49.34,46.78,1329600
Apr 13 2018,65.44,65.53,64.73,65.00,63.41,893700
Apr 14 2016,35.32,35.32,34.27,34.52,31.61,1620800
Apr 15 2016,34.35,35.12,34.35,34.80,31.87,1953900
Apr 16 2018,65.93,66.02,65.21,65.36,63.76,1328000
Apr 17 2017,49.57,50.21,49.51,50.15,47.55,1260900
Apr 17 2018,65.94,66.23,65.41,66.10,64.48,1064000
Apr 18 2016,34.29,35.15,34.29,35.15,32.19,1532000
Apr 18 2017,49.86,51.12,49.86,50.63,48.00,2179900
Apr 18 2018,66.15,66.78,65.93,66.36,64.73,1072900
Apr 19 2016,35.36,36.32,35.33,35.85,32.83,1864900
Apr 19 2017,51.83,53.14,51.76,52.90,50.15,3404900
Apr 19 2018,66.70,67.01,66.15,66.61,64.98,735200
Apr 20 2016,35.85,36.10,35.52,35.63,32.64,1615700
Apr 20 2017,53.39,53.66,52.99,53.08,50.32,1736000
Apr 20 2018,66.88,66.97,65.43,66.27,64.65,1355000
Apr 21 2016,35.51,36.20,35.45,35.51,32.52,1827600
Apr 21 2017,53.05,53.48,52.78,53.02,50.27,1619300
Apr 22 2016,34.99,36.91,34.99,36.71,33.62,3184300
Apr 23 2018,66.42,66.60,65.98,66.37,64.74,1041300
Apr 24 2017,53.71,54.37,53.67,54.02,51.22,2196700
Apr 24 2018,66.75,66.75,64.13,64.70,63.11,1539200
Apr 25 2016,36.26,36.49,35.11,35.81,32.79,1972200
Apr 25 2017,54.28,54.95,53.93,54.36,51.54,2015800
Apr 25 2018,64.54,65.41,63.50,65.10,63.50,1437700
Apr 26 2016,35.80,36.87,35.80,36.76,33.67,2399000
Apr 26 2017,55.48,56.32,53.51,53.65,50.86,2371700
Apr 26 2018,65.09,65.50,64.21,64.35,62.77,1849200
Apr 27 2016,36.70,37.73,36.63,37.51,34.35,2245200
Apr 27 2017,53.52,54.40,53.24,54.29,51.47,1879400
Apr 27 2018,63.50,64.16,60.18,60.79,59.30,3369900
Apr 28 2016,37.16,38.13,36.81,37.62,34.45,3670300
Apr 28 2017,54.39,54.39,53.37,53.56,50.78,1331700
Apr 29 2016,39.21,40.08,36.86,37.71,34.53,3154900
Apr 30 2018,60.80,61.44,58.96,59.16,57.71,2642200
May 01 2017,53.70,54.47,53.30,54.11,51.30,1262100
May 01 2018,59.05,59.91,58.48,59.82,58.35,2553100
May 02 2016,37.66,37.66,36.50,37.23,34.10,2123900
May 03 2017,53.81,54.11,53.55,53.99,51.57,1188300
May 03 2018,58.00,58.82,57.63,58.42,57.41,1413700
May 04 2016,35.65,35.65,34.54,35.10,32.49,2563800
May 04 2017,54.25,54.52,53.61,54.11,51.68,1263600
May 04 2018,57.98,59.65,57.91,59.41,58.38,2498300
May 05 2016,35.20,36.32,34.96,36.21,33.51,2019200
May 05 2017,54.53,55.13,54.24,55.02,52.55,1123700
May 06 2016,36.08,36.97,35.78,36.85,34.11,1785500
May 07 2018,59.75,60.40,59.58,60.00,58.96,2645400
May 08 2017,54.85,55.14,54.50,54.61,52.16,809200
May 08 2018,59.84,60.25,59.70,60.11,59.07,2618200
May 09 2016,36.89,37.56,36.77,37.45,34.66,1937400
May 09 2017,54.25,54.80,53.36,53.41,51.01,1291800
May 09 2018,60.50,60.68,60.03,60.48,59.43,1264700
May 10 2016,37.80,38.26,37.31,38.23,35.38,2521600
May 10 2017,53.42,54.12,53.38,54.11,51.68,1247300
May 10 2018,60.51,60.75,60.26,60.55,59.50,1279200
May 11 2016,38.30,38.98,37.60,38.54,35.67,2921100
May 11 2017,54.11,54.32,53.43,54.28,51.84,905700
May 11 2018,60.91,61.56,60.71,61.03,59.97,874700
May 12 2016,38.93,39.28,38.11,38.30,35.45,1675200
May 12 2017,53.92,54.28,53.23,53.68,51.27,1303900
May 14 2018,61.24,61.57,61.03,61.21,60.15,1534400
May 15 2017,54.01,54.47,53.83,54.00,51.58,1240900
May 15 2018,61.09,61.22,60.38,60.86,59.81,1939100
May 16 2016,39.33,41.10,38.29,39.63,36.68,3935500
May 16 2017,54.17,54.17,53.34,53.79,51.38,1117500
May 16 2018,61.07,62.12,60.86,61.89,60.82,1634300
May 17 2016,39.20,39.21,37.58,37.97,35.14,3815300
May 17 2017,53.79,53.79,52.08,52.14,49.80,1300800
May 17 2018,61.87,62.80,61.68,62.28,61.20,1279500
May 18 2016,38.01,38.44,37.10,37.40,34.62,1927800
May 18 2017,51.87,52.13,51.22,51.59,49.28,2447100
May 18 2018,62.01,62.44,62.01,62.09,61.02,1149900
May 19 2016,37.44,37.44,36.12,37.00,34.24,1488500
May 19 2017,51.67,52.37,51.61,51.99,49.66,1519900
May 20 2016,37.05,37.92,37.01,37.90,35.08,1768100
May 21 2018,62.50,62.56,61.18,61.39,60.33,1845400
May 22 2017,52.09,52.58,51.95,52.31,49.96,1336600
May 22 2018,61.39,61.60,61.05,61.36,60.30,1709500
May 23 2016,37.83,38.35,37.77,38.05,35.22,1809200
May 23 2017,52.44,52.83,52.19,52.70,50.34,1020900
May 23 2018,61.09,61.21,60.30,60.77,59.72,1363500
May 24 2016,38.23,38.85,38.05,38.69,35.81,1678400
May 24 2017,52.81,54.35,52.76,54.31,51.87,1620100
May 24 2018,60.56,60.97,60.00,60.66,59.61,1452800
May 25 2016,39.03,39.78,38.69,39.40,36.47,1438200
May 25 2017,54.55,55.40,54.47,55.29,52.81,1986100
May 25 2018,60.44,60.58,59.62,59.96,58.92,1779300
May 26 2016,39.64,39.64,38.79,39.32,36.39,992000
May 26 2017,55.26,55.37,54.97,55.15,52.68,1423800
May 27 2016,39.31,39.85,39.10,39.78,36.82,1002000
May 29 2018,59.51,60.08,58.86,59.03,58.01,2301700
May 30 2017,54.90,55.38,54.76,55.05,52.58,1198600
May 30 2018,59.56,60.14,59.43,59.76,58.73,1477400
May 31 2016,40.08,40.11,39.34,39.61,36.66,1516100
May 31 2017,55.10,55.13,54.05,54.42,51.98,1925700
May 31 2018,59.65,59.90,58.57,58.88,57.86,1774700
Jun 01 2016,39.61,39.64,39.07,39.59,36.64,1119200
Jun 01 2017,54.40,55.40,54.40,55.27,52.79,1144500
Jun 01 2018,59.52,60.40,59.33,60.12,59.08,2029200
Jun 02 2016,39.16,39.90,39.16,39.87,36.90,1593600
Jun 02 2017,55.15,55.22,54.79,55.10,52.63,1034900
Jun 03 2016,39.95,39.96,39.11,39.74,36.78,753300
Jun 04 2018,60.34,60.95,60.33,60.68,59.63,1429900
Jun 05 2017,55.27,55.27,54.59,54.65,52.20,1221100
Jun 05 2018,60.98,61.65,60.75,60.77,59.72,2300900
Jun 06 2016,40.03,40.32,39.69,40.24,37.24,1189300
Jun 06 2017,54.18,54.51,53.97,54.12,51.69,964000
Jun 06 2018,60.94,60.94,59.47,60.91,59.86,1861700
Jun 07 2016,40.29,40.56,39.93,40.16,37.17,993400
Jun 07 2017,54.66,56.00,54.21,55.74,53.24,2089800
Jun 07 2018,60.81,61.20,60.41,60.56,59.51,989900
Jun 08 2016,40.35,40.59,39.92,40.47,37.46,1227800
Jun 08 2017,55.74,55.82,55.23,55.46,52.97,1385800
Jun 08 2018,60.32,60.99,60.05,60.96,59.91,1007400
Jun 09 2016,40.44,40.44,39.72,40.30,37.30,670600
Jun 09 2017,55.78,57.80,55.60,57.30,54.73,1920300
Jun 10 2016,39.92,39.92,38.63,39.00,36.10,1300100
Jun 11 2018,61.14,61.77,61.02,61.44,60.38,1281800
Jun 12 2017,57.09,57.86,56.94,57.27,54.70,2273000
Jun 12 2018,61.68,62.05,61.14,61.82,60.75,1384200
Jun 13 2016,38.62,39.19,37.92,37.97,35.14,1575100
Jun 13 2017,57.43,57.79,57.08,57.48,54.90,1100300
Jun 13 2018,61.48,61.65,59.95,60.50,59.45,1872200
Jun 14 2016,37.82,37.94,37.30,37.84,35.02,1146300
Jun 14 2017,57.20,57.50,56.35,56.80,54.25,936000
Jun 14 2018,60.86,60.86,60.10,60.50,59.45,1380700
Jun 15 2016,38.14,39.01,38.02,38.37,35.51,1236800
Jun 15 2017,56.80,57.80,56.37,57.36,54.79,1347000
Jun 15 2018,59.69,60.13,59.24,59.81,58.78,2842700
Jun 16 2016,38.22,38.99,37.78,38.94,36.04,1198000
Jun 16 2017,57.06,57.50,56.84,57.49,54.91,1540700
Jun 17 2016,38.75,39.98,38.75,39.73,36.77,2146900
Jun 18 2018,59.50,59.86,59.28,59.40,58.37,1513200
Jun 19 2017,58.07,58.62,57.47,57.95,55.35,1373000
Jun 19 2018,58.77,58.90,58.07,58.49,57.48,1676100
Jun 20 2016,40.50,41.17,39.78,40.75,37.72,2236500
Jun 20 2017,57.64,57.95,57.18,57.24,54.67,1159700
Jun 20 2018,58.72,58.88,57.97,58.46,57.45,1215800
Jun 21 2016,40.69,41.23,40.51,40.90,37.85,1446200
Jun 21 2017,57.45,57.45,56.64,56.98,54.42,1074000
Jun 21 2018,58.21,58.36,57.32,57.44,56.45,1687400
Jun 22 2016,41.14,41.14,40.38,40.46,37.45,1187500
Jun 22 2017,57.31,57.31,56.36,56.85,54.30,867800
Jun 22 2018,57.83,58.38,57.77,57.97,56.97,2834500
Jun 23 2016,41.19,41.53,40.91,41.51,38.42,1753000
Jun 23 2017,56.97,57.74,56.97,57.31,54.74,1575800
Jun 24 2016,39.32,40.03,38.38,38.59,35.72,3441200
Jun 25 2015,56.67,56.67,55.77,55.77,49.66,4100
Jun 25 2018,58.46,58.85,57.51,58.23,57.22,1485400
Jun 26 2015,55.77,55.77,55.77,55.77,49.66,100
Jun 26 2017,57.25,57.42,56.83,57.03,54.47,1329700
Jun 26 2018,58.17,58.49,57.93,58.27,57.26,1302400
Jun 27 2016,38.07,38.21,35.77,35.87,33.20,1898200
Jun 27 2017,57.10,57.20,56.63,56.72,54.18,1187100
Jun 27 2018,58.43,58.67,57.50,57.51,56.51,1213600
Jun 28 2016,36.34,37.37,35.91,37.27,34.49,1540000
Jun 28 2017,57.26,57.30,56.36,56.69,54.15,1405500
Jun 28 2018,57.60,57.62,56.57,57.04,56.05,1158000
Jun 29 2015,54.89,54.89,54.78,54.78,48.78,300
Jun 29 2016,37.98,38.36,37.32,37.98,35.15,1215400
Jun 29 2017,56.57,56.94,55.72,56.31,53.78,1306900
Jun 29 2018,57.22,57.78,56.98,57.02,56.03,1654000
Jun 30 2015,55.26,55.32,54.36,54.87,48.86,2015000
Jun 30 2016,38.07,38.88,37.64,38.87,35.98,1925000
Jun 30 2017,56.69,56.96,56.32,56.66,54.12,1442500
Jul 01 2015,54.73,56.22,54.63,56.22,50.06,213500
Jul 01 2016,38.85,39.44,38.68,39.05,36.14,1128500
Jul 02 2015,56.76,58.56,56.22,58.55,52.14,1936800
Jul 02 2018,56.57,57.06,56.15,56.93,55.94,1337800
Jul 03 2017,57.10,57.35,56.69,57.12,54.56,368900
Jul 03 2018,57.29,57.42,56.49,56.59,55.61,1045900
Jul 05 2016,38.85,38.85,36.40,37.04,34.28,2567300
Jul 05 2017,57.21,57.53,56.99,57.12,54.56,794200
Jul 05 2018,56.90,56.90,56.36,56.71,55.73,1425200
Jul 06 2015,58.67,59.83,56.75,57.44,51.14,2322200
Jul 06 2016,36.99,37.47,36.33,37.42,34.63,2601400
Jul 06 2017,56.64,57.10,56.37,56.41,53.88,806700
Jul 06 2018,56.48,57.33,56.34,56.92,55.94,1286900
Jul 07 2015,57.58,57.65,55.45,56.28,50.12,3388600
Jul 07 2016,37.61,38.04,36.83,37.16,34.39,1474000
Jul 07 2017,56.67,57.50,56.56,57.31,54.74,1201000
Jul 08 2015,56.31,57.57,53.61,53.80,47.90,4200200
Jul 08 2016,37.75,38.64,37.71,38.55,35.68,1575800
Jul 09 2015,53.61,54.90,52.72,53.62,47.74,2535200
Jul 09 2018,57.42,57.87,57.02,57.69,56.69,1562000
Jul 10 2015,54.03,55.50,53.52,55.32,49.26,2482800
Jul 10 2017,57.18,58.62,57.18,58.29,55.67,1408300
Jul 10 2018,57.68,58.16,57.63,58.11,57.10,1057800
Jul 11 2016,38.61,39.07,38.45,38.87,35.98,848700
Jul 11 2017,58.05,58.66,57.71,57.87,55.27,1178400
Jul 11 2018,57.62,57.91,57.23,57.30,56.31,1072900
Jul 12 2016,39.44,40.01,39.26,39.74,36.78,1254800
Jul 12 2017,58.38,59.00,58.18,58.63,56.00,1232200
Jul 12 2018,57.44,58.51,57.44,57.89,56.89,979200
Jul 13 2015,55.90,56.09,55.51,55.97,49.84,1386300
Jul 13 2016,40.02,40.09,39.14,39.61,36.66,1193700
Jul 13 2017,59.17,60.36,59.10,59.69,57.01,1640800
Jul 13 2018,57.60,58.19,57.35,57.44,56.45,861600
Jul 14 2015,55.95,56.81,55.36,56.03,49.89,1104100
Jul 14 2016,40.00,40.33,39.39,40.21,37.22,1799100
Jul 14 2017,59.77,60.01,59.27,59.65,56.97,1890900
Jul 15 2015,56.09,56.70,55.08,55.52,49.43,1342900
Jul 15 2016,42.16,43.18,41.15,42.51,39.34,3627200
Jul 16 2015,55.59,57.37,55.44,56.15,50.00,1516000
Jul 16 2018,57.39,57.47,56.78,57.04,56.05,907600
Jul 17 2015,56.42,56.99,55.54,55.64,49.54,1346500
Jul 17 2017,59.45,59.83,59.06,59.73,57.05,1252900
Jul 17 2018,57.14,57.64,56.52,57.29,56.30,1239600
Jul 18 2016,42.32,43.35,41.89,43.25,40.03,1945000
Jul 18 2017,59.73,59.73,58.76,59.12,56.47,1041700
Jul 18 2018,57.16,57.89,57.16,57.64,56.64,863900
Jul 19 2016,43.10,43.40,42.66,42.92,39.72,999200
Jul 19 2017,59.26,59.72,59.16,59.50,56.83,804300
Jul 19 2018,57.70,57.93,57.08,57.79,56.79,815500
Jul 20 2015,55.86,56.70,55.41,55.46,49.38,2194300
Jul 20 2016,43.16,43.84,42.79,43.58,40.33,1595000
Jul 20 2017,59.36,59.70,58.47,58.91,56.27,860400
Jul 20 2018,57.53,57.83,57.33,57.50,56.51,999900
Jul 21 2015,55.72,56.64,53.72,53.92,48.01,1998900
Jul 21 2016,43.74,44.14,43.14,43.29,40.07,1098300
Jul 21 2017,58.61,59.06,58.44,58.70,56.07,857300
Jul 22 2015,54.37,55.09,53.67,54.19,48.25,999000
Jul 22 2016,43.30,43.34,42.98,43.13,39.92,827800
Jul 23 2015,53.85,54.76,53.47,53.92,48.01,1248300
Jul 23 2018,57.65,57.75,57.15,57.18,56.19,1072900
Jul 24 2015,53.65,54.01,51.95,53.08,47.26,1281500
Jul 24 2017,58.65,59.01,58.43,58.62,55.99,1005200
Jul 24 2018,57.48,57.71,57.29,57.46,56.47,1386900
Jul 25 2016,42.82,43.13,42.47,42.84,39.65,1164200
Jul 25 2017,58.97,59.26,58.56,58.83,56.19,686800
Jul 25 2018,57.50,57.50,56.56,57.23,56.24,1554700
Jul 26 2016,42.64,43.72,42.64,43.63,40.38,1043300
Jul 26 2017,59.02,59.03,58.07,58.15,55.54,698800
Jul 26 2018,57.09,57.26,56.01,56.39,55.41,2543100
Jul 27 2015,52.66,53.54,52.14,52.43,46.68,1393100
Jul 27 2016,43.86,43.86,42.89,43.24,40.02,1259200
Jul 27 2017,58.37,58.85,57.27,58.72,56.09,1381200
Jul 27 2018,56.01,57.45,56.01,56.12,55.15,2592200
Jul 28 2015,52.73,53.83,51.80,53.46,47.61,1816600
Jul 28 2016,42.92,43.32,42.54,42.77,39.59,974600
Jul 28 2017,58.61,58.66,56.66,57.32,54.75,1632300
Jul 29 2015,53.05,53.82,52.33,53.51,47.65,1986900
Jul 29 2016,42.46,42.96,42.16,42.91,39.71,2357000
Jul 30 2015,55.28,56.93,55.00,56.61,50.41,3918100
Jul 30 2018,56.13,57.55,56.02,57.29,56.30,2543000
Jul 31 2015,55.41,57.44,55.10,56.82,50.59,1803500
Jul 31 2017,57.53,57.64,56.92,57.42,54.84,1643700
Jul 31 2018,57.45,58.28,57.35,57.98,56.98,3149500
Aug 01 2016,42.88,42.93,41.68,41.92,38.80,2006400
Aug 01 2017,57.55,57.87,57.13,57.77,55.18,856200
Aug 01 2018,57.98,58.22,56.78,57.12,56.13,1312300
Aug 02 2016,41.58,41.73,40.65,41.01,37.96,2183600
Aug 02 2017,57.65,57.80,56.58,57.65,55.06,1160100
Aug 02 2018,56.00,56.00,52.78,55.41,54.45,4968100
Aug 03 2015,57.10,58.33,56.21,56.92,50.68,2361900
Aug 03 2016,40.68,42.24,40.63,41.95,38.83,2221500
Aug 03 2017,58.61,59.73,56.49,56.59,54.05,1853500
Aug 03 2018,55.53,56.32,55.30,55.82,54.85,3123000
Aug 04 2015,56.09,57.17,56.08,56.37,50.20,780300
Aug 04 2016,42.43,44.99,42.43,43.72,40.46,3864300
Aug 04 2017,56.92,58.18,56.79,57.33,54.76,2080700
Aug 05 2015,57.02,57.63,56.06,56.54,50.34,1664200
Aug 05 2016,44.12,44.59,43.82,44.08,40.80,1825600
Aug 06 2015,55.86,56.31,54.49,55.63,49.53,2815600
Aug 06 2018,55.65,56.57,55.65,56.29,55.32,2527400
Aug 07 2017,57.51,57.65,56.73,57.16,54.60,2016600
Aug 07 2018,56.49,56.97,56.00,56.72,55.74,1866100
Aug 08 2016,44.08,44.29,43.71,44.01,40.73,1470300
Aug 09 2017,56.14,56.73,55.86,56.14,54.00,1105000
Aug 09 2018,56.96,57.02,55.80,56.17,55.20,2149900
Aug 10 2015,56.75,57.21,55.77,56.74,50.86,1580600
Aug 10 2016,43.84,44.87,43.23,43.86,40.94,2104900
Aug 10 2017,55.83,56.18,55.19,55.23,53.13,1176400
Aug 10 2018,55.20,55.41,54.58,55.00,54.47,1469500
Aug 11 2015,57.66,57.66,55.60,57.12,51.20,1916000
Aug 11 2016,44.76,45.30,43.89,45.27,42.26,2051800
Aug 11 2017,55.38,55.76,54.91,55.61,53.49,889500
Aug 12 2015,57.12,57.55,55.60,57.04,51.13,1541800
Aug 12 2016,45.11,45.34,44.19,44.47,41.51,1466400
Aug 13 2015,57.00,57.48,56.18,56.88,50.99,937100
Aug 13 2018,55.08,55.18,54.41,54.71,54.18,1948000
Aug 14 2015,56.88,57.49,55.82,56.97,51.07,1041900
Aug 14 2017,56.33,56.92,55.97,56.54,54.39,1421100
Aug 14 2018,55.93,55.93,54.68,55.90,55.36,2821200
Aug 15 2016,44.79,44.87,43.95,44.00,41.08,1437900
Aug 15 2017,56.59,56.74,56.24,56.31,54.17,692800
Aug 15 2018,55.29,55.44,54.16,54.96,54.43,1555900
Aug 16 2016,44.39,45.54,44.32,44.86,41.88,1335700
Aug 16 2017,56.86,57.45,56.86,57.30,55.12,1042900
Aug 16 2018,55.15,55.48,55.03,55.12,54.58,904300
Aug 17 2015,56.43,57.13,56.43,57.07,51.15,792700
Aug 17 2016,45.04,45.56,44.59,45.49,42.47,1326100
Aug 17 2017,56.93,57.26,56.03,56.07,53.94,836700
Aug 17 2018,55.16,55.50,54.83,55.32,54.78,1143600
Aug 18 2015,56.78,57.28,56.68,56.91,51.01,894800
Aug 18 2016,45.51,45.99,45.12,45.57,42.54,1720600
Aug 18 2017,55.96,56.81,55.55,56.29,54.15,1033000
Aug 19 2015,56.74,57.02,55.92,55.92,50.13,1195300
Aug 19 2016,45.22,45.74,44.63,45.41,42.39,1672100
Aug 20 2015,55.64,55.64,54.40,54.67,49.01,1439900
Aug 20 2018,55.71,55.76,55.24,55.60,55.06,1228300
Aug 21 2015,54.26,54.30,52.82,53.17,47.66,2173600
Aug 21 2017,56.18,56.18,54.05,54.33,52.26,1905100
Aug 21 2018,55.82,55.87,55.42,55.50,54.96,1914200
Aug 22 2016,44.83,45.25,43.57,44.35,41.40,2441400
Aug 22 2017,54.37,55.04,54.21,54.83,52.74,1340200
Aug 22 2018,55.31,55.60,54.81,54.84,54.31,1562700
Aug 23 2016,44.77,45.20,44.58,44.68,41.71,1486100
Aug 23 2017,54.76,54.93,54.26,54.60,52.52,936500
Aug 23 2018,54.62,54.97,54.25,54.82,54.29,2136700
Aug 24 2015,51.05,54.32,48.18,50.87,45.60,2381800
Aug 24 2016,44.67,44.86,44.33,44.47,41.51,1134300
Aug 24 2017,54.87,55.17,54.47,54.68,52.60,1438800
Aug 24 2018,55.24,55.61,55.07,55.40,54.86,1689700
Aug 25 2015,52.53,52.59,49.56,50.00,44.82,2606800
Aug 25 2016,44.44,47.33,44.23,47.07,43.94,3930700
Aug 25 2017,54.97,55.39,54.78,55.23,53.13,1043500
Aug 26 2015,51.47,52.20,49.69,50.86,45.59,2065000
Aug 26 2016,47.34,48.70,47.22,48.05,44.86,4419500
Aug 27 2015,52.47,53.38,52.02,53.36,47.83,2080600
Aug 27 2018,55.79,56.51,55.57,56.09,55.54,860100
Aug 28 2015,53.45,54.44,53.36,54.29,48.67,1674500
Aug 28 2017,55.65,55.72,54.71,55.17,53.07,1553200
Aug 28 2018,56.03,56.32,55.66,55.71,55.17,1320700
Aug 29 2016,47.97,48.80,47.97,48.59,45.36,2025700
Aug 29 2017,54.74,55.33,54.51,55.26,53.16,821700
Aug 29 2018,55.34,56.10,55.34,55.94,55.40,1035900
Aug 30 2016,48.59,48.88,48.18,48.54,45.31,1624900
Aug 30 2017,55.09,56.25,54.94,56.14,54.00,998400
Aug 30 2018,55.65,56.01,55.35,55.53,54.99,1933600
Aug 31 2015,54.14,54.27,52.83,53.47,47.93,1866100
Aug 31 2016,48.16,48.44,47.64,47.90,44.72,1832500
Aug 31 2017,56.54,57.06,56.45,56.91,54.74,1323800
Aug 31 2018,55.49,55.71,55.06,55.08,54.54,2570900
Sep 01 2015,52.71,53.27,51.95,52.64,47.19,2055000
Sep 01 2016,48.01,48.56,47.72,48.51,45.29,1754700
Sep 01 2017,57.21,58.05,57.03,57.93,55.72,1421000
Sep 02 2015,53.09,53.55,51.76,52.41,46.98,1373800
Sep 02 2016,48.90,48.97,48.35,48.55,45.32,1183800
Sep 03 2015,52.57,53.73,52.42,52.91,47.42,1227100
Sep 04 2015,51.59,52.55,51.58,51.67,46.32,911300
Sep 04 2018,55.25,55.32,53.99,54.14,53.61,1674300
Sep 05 2017,57.99,57.99,56.62,56.84,54.68,1821300
Sep 05 2018,54.14,55.21,53.97,55.18,54.64,3077500
Sep 06 2016,48.72,49.14,48.42,48.83,45.58,1354100
Sep 06 2017,57.11,57.23,56.13,56.79,54.63,1644000
Sep 06 2018,55.49,55.76,54.71,54.88,54.35,1409900
Sep 07 2016,48.84,49.18,48.41,49.08,45.82,1242400
Sep 07 2017,56.86,57.03,55.88,56.47,54.32,1539900
Sep 07 2018,54.65,55.20,54.65,54.98,54.45,1282600
Sep 08 2015,52.38,52.87,51.98,52.80,47.33,694200
Sep 08 2016,48.96,49.12,48.01,48.19,44.99,2138700
Sep 08 2017,56.49,56.76,56.25,56.47,54.32,1314400
Sep 09 2015,53.16,54.11,52.37,52.48,47.04,1193800
Sep 09 2016,47.26,47.61,46.16,46.49,43.40,2813500
Sep 10 2015,52.37,53.53,52.28,52.92,47.44,1845800
Sep 10 2018,54.92,55.82,54.92,55.58,55.04,1099500
Sep 11 2015,52.71,53.86,52.27,52.93,47.45,1146300
Sep 11 2017,56.95,58.00,56.78,57.75,55.55,2301500
Sep 11 2018,55.63,55.78,54.83,55.28,54.74,1201900
Sep 12 2016,45.96,47.48,45.74,47.29,44.15,2187100
Sep 12 2017,59.02,59.02,57.77,57.97,55.76,1123400
Sep 12 2018,55.04,55.58,54.99,55.09,54.55,919400
Sep 13 2016,46.60,47.49,46.23,46.56,43.46,2030600
Sep 13 2017,57.46,57.93,56.75,57.33,55.15,1127200
Sep 13 2018,55.14,55.84,55.14,55.51,54.97,1073200
Sep 14 2015,52.93,53.72,51.85,53.68,48.12,1648500
Sep 14 2016,46.71,46.76,45.64,45.97,42.91,1697300
Sep 14 2017,57.00,57.61,56.90,57.42,55.23,1349700
Sep 14 2018,55.72,56.08,55.27,55.82,55.28,1726600
Sep 15 2015,56.75,56.75,52.86,53.77,48.20,1578100
Sep 15 2016,46.02,46.93,45.76,46.53,43.44,3471100
Sep 15 2017,57.51,57.89,56.93,57.56,55.37,1932800
Sep 16 2015,53.37,53.37,51.36,52.97,47.48,2181000
Sep 16 2016,47.20,48.93,46.88,47.72,44.55,3440100
Sep 17 2015,52.87,53.32,51.70,52.01,46.62,1363600
Sep 17 2018,55.99,56.63,55.82,55.95,55.41,1204000
Sep 18 2015,51.33,51.65,50.09,50.18,44.98,2420000
Sep 18 2017,57.47,58.23,57.47,57.74,55.54,1242100
Sep 18 2018,55.99,56.31,55.45,56.16,55.61,1163300
Sep 19 2016,48.25,48.67,47.67,47.67,44.50,1505500
Sep 19 2017,57.74,57.86,57.03,57.34,55.16,1506200
Sep 19 2018,56.73,56.93,56.34,56.61,56.06,1402500
Sep 20 2016,47.98,48.36,47.20,47.24,44.10,1392100
Sep 20 2017,57.18,58.35,57.18,58.25,56.03,1008000
Sep 20 2018,56.82,57.23,56.69,56.84,56.29,1252400
Sep 21 2015,51.97,51.97,50.00,50.33,45.11,1830600
Sep 21 2016,47.78,48.37,47.46,48.29,45.08,1742400
Sep 21 2017,58.25,58.35,57.57,57.61,55.42,1821400
Sep 21 2018,57.13,57.13,55.98,56.33,55.78,2397300
Sep 22 2015,51.35,51.35,48.16,48.60,43.56,2210800
Sep 22 2016,48.52,49.13,47.96,48.36,45.15,1729400
Sep 22 2017,57.51,57.65,55.33,55.67,53.55,2338800
Sep 23 2015,48.50,49.57,47.37,47.56,42.63,2043700
Sep 23 2016,48.61,49.05,48.11,48.40,45.18,1282200
Sep 24 2015,45.96,47.26,45.50,47.13,42.25,2749900
Sep 24 2018,56.39,56.39,55.01,55.45,54.91,1514300
Sep 25 2015,47.36,47.55,46.55,46.81,41.96,1630700
Sep 25 2017,55.38,55.66,54.67,55.21,53.11,1461400
Sep 25 2018,55.75,55.75,54.05,54.17,53.64,1482100
Sep 26 2016,48.10,48.22,47.61,47.69,44.52,1214800
Sep 26 2017,55.40,55.95,55.23,55.60,53.48,1024800
Sep 26 2018,54.05,54.60,52.97,53.69,53.17,1511300
Sep 27 2016,47.39,47.89,47.23,47.60,44.44,1415600
Sep 27 2017,55.94,56.73,55.94,56.33,54.19,1845000
Sep 27 2018,53.62,53.89,53.00,53.53,53.01,1384400
Sep 28 2015,46.27,46.78,44.96,45.02,40.36,1958800
Sep 28 2016,47.57,48.24,46.92,47.74,44.57,1850700
Sep 28 2017,56.27,57.12,56.24,56.78,54.62,1447500
Sep 28 2018,53.18,54.10,53.18,53.44,52.92,1786500
Sep 29 2015,44.49,46.19,43.97,45.56,40.84,1969600
Sep 29 2016,47.68,48.09,47.08,47.31,44.17,1139300
Sep 29 2017,56.67,56.92,56.38,56.73,54.57,1339500
Sep 30 2015,49.34,49.34,45.61,46.35,41.54,1757000
Sep 30 2016,47.83,48.70,47.62,48.48,45.26,1932400
Oct 01 2015,49.75,50.50,46.03,46.85,42.00,2441600
Oct 01 2018,53.55,54.31,53.50,53.60,53.08,1480300
Oct 02 2015,45.04,47.80,45.04,47.76,42.81,2139800
Oct 02 2017,56.96,58.07,56.76,58.07,55.86,1515100
Oct 02 2018,53.60,54.32,53.14,53.37,52.85,1733900
Oct 03 2016,48.47,49.07,47.96,48.21,45.01,1154700
Oct 03 2017,58.39,58.42,57.79,58.06,55.85,1499900
Oct 03 2018,53.59,53.67,51.69,51.80,51.30,2027100
Oct 04 2016,48.61,48.89,47.74,47.87,44.69,941600
Oct 04 2017,58.12,58.28,57.85,58.19,55.98,1179400
Oct 04 2018,51.70,51.90,50.90,51.59,51.09,2059700
Oct 05 2015,48.11,49.00,47.85,48.74,43.69,1714500
Oct 05 2016,48.33,48.33,45.59,46.54,43.45,3339900
Oct 05 2017,58.49,58.49,57.72,57.89,55.69,1109800
Oct 05 2018,51.67,52.09,50.42,50.56,50.07,2613400
Oct 06 2015,48.98,49.60,48.63,48.93,43.86,2398300
Oct 06 2016,46.34,48.00,46.34,47.45,44.30,1669400
Oct 06 2017,57.90,58.72,57.68,58.17,55.96,2361400
Oct 07 2015,46.44,49.40,46.44,48.71,43.66,2720800
Oct 07 2016,47.23,47.52,46.26,46.50,43.41,1951700
Oct 08 2015,48.58,49.23,48.26,48.82,43.76,2009400
Oct 08 2018,50.44,50.75,48.92,49.13,48.65,2783200
Oct 09 2015,49.56,52.00,49.56,51.87,46.49,3857500
Oct 09 2017,58.39,58.54,57.51,58.54,56.31,1013400
Oct 09 2018,46.05,47.10,44.18,45.25,44.81,6042700
Oct 10 2016,46.70,47.40,46.32,46.98,43.86,1099200
Oct 10 2017,58.84,59.02,58.37,58.97,56.73,1641700
Oct 10 2018,45.11,45.35,43.61,43.63,43.21,3333200
Oct 11 2016,46.78,46.91,45.56,45.66,42.62,1688900
Oct 11 2017,59.10,59.10,58.15,58.57,56.34,1089100
Oct 11 2018,43.63,43.97,41.88,41.95,41.54,3643900
Oct 12 2015,51.83,51.89,49.99,50.75,45.49,1439900
Oct 12 2016,45.75,46.25,45.65,46.00,42.94,1116500
Oct 12 2017,58.58,58.99,58.48,58.71,56.48,976800
Oct 12 2018,42.63,42.82,41.86,42.61,42.20,3459200
Oct 13 2015,50.15,51.18,49.96,50.04,44.86,1963400
Oct 13 2016,45.46,45.51,44.31,45.05,42.06,1346200
Oct 13 2017,58.93,59.11,58.57,58.86,56.62,676800
Oct 14 2015,50.08,50.63,49.81,50.24,45.03,1132500
Oct 14 2016,45.53,46.99,45.53,46.71,43.60,1191400
Oct 15 2015,50.07,50.57,49.51,50.46,45.23,973200
Oct 15 2018,42.46,42.85,42.35,42.35,41.94,2053600
Oct 16 2015,52.12,52.12,49.34,50.27,45.06,1550500
Oct 16 2017,58.97,59.18,58.62,59.13,56.88,897000
Oct 16 2018,42.35,43.17,41.87,43.11,42.69,2036700
Oct 17 2016,46.79,48.18,46.79,47.59,44.43,1638000
Oct 17 2017,59.08,59.65,59.01,59.60,57.33,1562700
Oct 17 2018,43.14,43.20,42.38,43.15,42.73,1453700
Oct 18 2016,48.38,48.38,47.44,47.80,44.62,1535800
Oct 18 2017,59.90,59.90,59.31,59.60,57.33,1427800
Oct 18 2018,42.33,43.63,42.33,42.69,42.27,2934200
Oct 19 2015,49.73,50.21,48.35,48.90,43.83,1598500
Oct 19 2016,48.08,48.79,47.75,48.65,45.42,1070200
Oct 19 2017,59.76,60.03,59.16,59.60,57.33,1936500
Oct 19 2018,42.62,43.10,42.33,42.48,42.07,1663300
Oct 20 2015,48.51,49.05,46.27,48.44,43.42,1200500
Oct 20 2016,48.29,48.30,46.55,46.91,43.79,1879300
Oct 20 2017,59.90,60.54,59.74,60.53,58.23,1214100
Oct 21 2015,48.83,48.83,46.63,47.36,42.46,1723700
Oct 21 2016,46.41,47.04,45.91,46.44,43.35,1012400
Oct 22 2015,47.91,48.44,46.79,47.30,42.40,2085800
Oct 22 2018,42.43,42.67,40.20,40.27,39.88,5558300
Oct 23 2015,47.47,48.39,47.43,48.09,43.10,1667300
Oct 23 2017,60.80,61.12,60.49,60.76,58.45,2298700
Oct 23 2018,40.00,41.96,39.21,41.60,41.20,3808800
Oct 24 2016,47.00,47.93,46.80,47.21,44.07,2224700
Oct 24 2017,61.09,61.50,60.43,61.07,58.75,2315600
Oct 24 2018,41.35,42.13,40.02,40.03,39.64,2974300
Oct 25 2016,46.88,47.19,46.67,46.96,43.84,2431800
Oct 25 2017,61.32,61.32,60.37,60.97,58.65,1736400
Oct 25 2018,40.52,42.21,40.52,41.55,41.15,2582600
Oct 26 2015,48.02,48.07,47.02,47.99,43.01,1292000
Oct 26 2016,46.76,47.30,46.43,46.95,43.83,2121000
Oct 26 2017,61.39,61.39,60.44,60.47,58.17,1808200
Oct 26 2018,40.50,41.95,40.33,41.55,41.15,3404400
Oct 27 2015,47.56,48.03,47.00,47.82,42.86,1133900
Oct 27 2016,47.03,47.28,45.49,46.33,43.25,1153400
Oct 27 2017,60.56,60.86,58.63,60.83,58.51,2023900
Oct 28 2015,49.37,49.48,47.72,49.02,43.94,2029700
Oct 28 2016,46.60,47.02,45.93,46.16,43.09,864500
Oct 29 2015,47.49,49.40,46.87,48.71,43.66,1159800
Oct 29 2018,42.13,42.62,40.09,40.94,40.54,2381700
Oct 30 2015,48.75,49.16,48.44,48.44,43.42,1161000
Oct 30 2017,60.55,61.09,60.24,60.32,58.02,1026100
Oct 30 2018,41.16,42.98,41.05,42.84,42.42,3565400
Oct 31 2016,46.14,46.58,46.08,46.19,43.12,1192700
Oct 31 2017,60.75,61.35,60.14,61.33,59.00,1861900
Oct 31 2018,43.41,43.84,42.95,42.97,42.55,3007400
Nov 01 2016,46.19,46.67,44.60,45.31,42.30,1794600
Nov 01 2017,61.33,61.60,60.83,61.33,59.00,2422500
Nov 01 2018,43.49,44.90,43.11,44.76,44.32,2713400
Nov 02 2015,48.26,49.24,48.22,48.74,43.69,1298300
Nov 02 2016,44.97,46.07,44.97,45.83,42.78,1281500
Nov 02 2017,61.21,61.22,59.21,59.82,57.54,2129600
Nov 02 2018,45.09,45.35,44.27,44.67,44.24,2620700
Nov 03 2015,45.97,48.49,45.97,47.95,42.98,1540800
Nov 03 2016,46.14,46.21,45.52,45.62,42.59,1222000
Nov 03 2017,59.85,60.05,59.00,59.95,57.67,1617700
Nov 04 2015,49.41,49.41,47.86,47.98,43.01,1134000
Nov 04 2016,45.44,46.95,45.41,46.35,43.27,2387800
Nov 05 2015,45.03,47.38,43.43,46.29,41.50,4367500
Nov 05 2018,45.50,45.98,44.08,45.37,44.93,3431700
Nov 06 2015,45.88,48.41,45.88,48.35,43.34,1559000
Nov 06 2017,59.99,60.42,58.36,59.27,57.01,2238800
Nov 06 2018,45.40,47.36,45.40,46.73,46.28,2889300
Nov 07 2016,48.59,48.59,43.79,45.27,42.26,2786100
Nov 07 2017,59.45,59.52,58.54,58.95,56.71,1187400
Nov 08 2016,44.97,46.01,44.48,45.69,42.65,1668000
Nov 08 2018,47.21,47.52,46.01,46.80,46.34,2158800
Nov 09 2015,46.07,48.73,46.06,46.76,41.92,1659900
Nov 09 2016,45.62,48.10,44.72,47.69,44.52,2520100
Nov 09 2017,58.74,59.53,58.49,59.03,57.20,1855300
Nov 09 2018,46.09,46.24,45.40,45.81,45.81,1412200
Nov 10 2015,47.38,47.38,45.35,46.25,41.46,1334800
Nov 10 2016,48.01,48.97,48.00,48.38,45.16,2520500
Nov 10 2017,59.02,59.12,58.44,58.66,56.84,1185800
Nov 11 2015,45.45,46.81,45.45,46.45,41.64,889000
Nov 11 2016,48.14,48.48,47.47,47.95,44.76,1385600
Nov 12 2015,45.41,45.88,44.36,44.39,39.79,1494500
Nov 12 2018,45.7250,45.9100,44.6500,44.7900,44.7900,1648800
Nov 13 2015,44.08,45.03,43.63,43.74,39.21,1822500
Nov 13 2017,58.51,58.89,58.18,58.84,57.01,1310600
Nov 13 2018,45.04,46.17,44.77,45.33,45.33,1883700
Nov 14 2016,48.15,49.52,48.11,49.42,46.13,2210800
Nov 14 2017,58.73,59.22,58.20,58.66,56.84,1389600
Nov 14 2018,45.61,46.77,45.25,45.56,45.56,2205800
Nov 15 2016,49.64,49.76,48.97,49.65,46.35,1901000
Nov 15 2017,58.54,59.18,58.14,58.76,56.94,1281100
Nov 15 2018,44.95,45.72,44.32,45.43,45.43,2625500
Nov 16 2017,59.23,59.55,58.59,59.15,57.31,1577900
Nov 16 2018,45.13,46.46,45.01,46.15,46.15,2245600
Nov 17 2015,41.71,44.18,41.71,43.02,38.90,2552400
Nov 17 2016,49.92,50.38,49.25,49.78,46.85,1654100
Nov 17 2017,58.93,59.72,58.53,59.50,57.65,1192500
Nov 18 2015,42.92,44.71,42.92,44.66,40.38,1966200
Nov 18 2016,49.64,51.14,49.47,50.27,47.31,1831200
Nov 19 2015,44.41,45.50,44.13,45.21,40.88,1706400
Nov 19 2018,46.06,46.78,45.68,46.07,46.07,2319400
Nov 20 2015,45.37,45.68,44.90,45.15,40.82,1094700
Nov 20 2017,59.32,59.32,58.44,58.45,56.64,1313600
Nov 20 2018,45.67,46.61,44.67,45.73,45.73,2125200
Nov 21 2016,49.78,50.52,49.27,50.46,47.49,1674200
Nov 21 2017,58.79,59.15,58.56,58.66,56.84,1329400
Nov 21 2018,46.43,46.43,44.77,45.55,45.55,2438200
Nov 22 2016,50.53,50.85,50.41,50.73,47.74,1282000
Nov 22 2017,59.06,59.06,58.64,58.79,56.97,851000
Nov 23 2015,44.25,45.85,44.25,45.41,41.06,1325600
Nov 23 2016,50.39,51.23,50.39,50.86,47.86,972700
Nov 23 2018,45.19,45.49,44.70,45.32,45.32,901900
Nov 24 2015,47.41,47.41,45.09,45.50,41.14,1910900
Nov 24 2017,59.21,59.38,58.66,58.86,57.03,350800
Nov 25 2015,44.99,45.97,44.14,45.30,40.96,1027900
Nov 25 2016,50.77,51.11,50.41,51.11,48.10,411800
Nov 26 2018,45.80,46.51,45.69,46.43,46.43,2090300
Nov 27 2015,45.16,45.66,45.04,45.42,41.07,320800
Nov 27 2017,59.11,59.11,58.45,58.69,56.87,1090400
Nov 27 2018,45.89,46.73,45.89,46.56,46.56,2149500
Nov 28 2016,51.18,51.18,50.47,50.92,47.92,1734500
Nov 28 2017,58.96,59.36,58.67,59.28,57.44,957600
Nov 28 2018,46.75,46.96,45.34,46.45,46.45,2440400
Nov 29 2016,50.92,51.50,50.66,50.89,47.89,1194200
Nov 29 2017,59.23,60.47,59.01,60.26,58.39,953700
Nov 29 2018,46.23,46.86,46.05,46.35,46.35,1919600
Nov 30 2015,46.94,46.94,45.52,45.62,41.25,1622500
Nov 30 2016,51.01,51.38,50.72,51.20,48.18,1675300
Nov 30 2017,60.52,62.61,60.42,62.41,60.47,2371400
Nov 30 2018,46.12,47.32,46.12,47.11,47.11,2647600
Dec 01 2015,45.75,46.60,45.41,45.97,41.57,1171800
Dec 01 2016,51.61,51.70,50.56,50.92,47.92,2432300
Dec 01 2017,62.27,62.54,60.54,62.40,60.46,2293900
Dec 02 2015,44.84,46.46,44.84,45.38,41.04,1203500
Dec 02 2016,51.03,51.12,50.25,51.01,48.00,2006200
Dec 03 2015,46.94,46.94,45.06,45.53,41.17,1380900
Dec 03 2018,47.98,48.55,46.58,47.27,47.27,2010900
Dec 04 2015,45.65,45.75,44.85,45.43,41.08,918700
Dec 04 2017,62.82,63.63,62.53,63.47,61.50,1747800
Dec 04 2018,46.89,47.18,45.97,46.51,46.51,3232700
Dec 05 2016,51.56,51.59,51.10,51.52,48.48,1087700
Dec 05 2017,63.58,63.63,63.01,63.31,61.34,1675400
Dec 06 2016,51.36,51.79,51.24,51.77,48.72,1029300
Dec 06 2017,63.23,63.55,62.95,63.42,61.45,1335900
Dec 06 2018,45.74,46.29,44.97,46.21,46.21,2577900
Dec 07 2015,44.43,45.43,44.06,44.11,39.89,1709800
Dec 07 2016,52.06,53.05,52.06,52.79,49.68,1604200
Dec 07 2017,63.50,63.76,63.18,63.56,61.59,1279700
Dec 07 2018,46.13,46.59,45.05,45.29,45.29,2392400
Dec 08 2015,44.02,44.31,43.23,43.25,39.11,1367600
Dec 08 2016,52.64,53.56,52.64,52.73,49.62,1404500
Dec 08 2017,64.00,64.76,63.71,64.42,62.42,1671000
Dec 09 2015,43.37,43.99,42.80,43.29,39.15,1697300
Dec 09 2016,52.51,52.80,51.98,52.45,49.36,1359900
Dec 10 2015,42.37,43.55,41.90,42.27,38.22,3481100
Dec 10 2018,44.90,45.13,43.54,44.21,44.21,2301600
Dec 11 2015,41.61,42.33,41.09,41.23,37.28,1741800
Dec 11 2017,64.45,64.74,63.97,64.42,62.42,2141700
Dec 11 2018,44.95,45.19,44.02,44.20,44.20,1831800
Dec 12 2016,52.60,52.66,50.85,51.07,48.06,1963200
Dec 12 2017,64.66,64.87,63.80,63.94,61.96,1525700
Dec 12 2018,45.05,45.30,44.36,44.41,44.41,1929300
Dec 13 2016,51.12,51.67,50.59,51.12,48.11,1477700
Dec 13 2017,64.00,64.48,63.95,64.30,62.30,1523800
Dec 13 2018,44.47,44.75,43.75,43.86,43.86,1653200
Dec 14 2015,41.13,41.38,39.55,39.78,35.97,2298300
Dec 14 2016,50.91,52.29,50.90,51.47,48.44,2276800
Dec 14 2017,64.49,64.62,62.55,62.55,60.61,2113700
Dec 14 2018,43.49,44.41,43.05,44.37,44.37,3156300
Dec 15 2015,40.25,41.05,39.24,39.26,35.50,3622300
Dec 15 2016,51.53,53.06,51.39,52.36,49.27,4560500
Dec 15 2017,63.92,64.10,62.64,63.11,61.15,5030200
Dec 16 2015,39.65,40.55,38.52,40.47,36.60,4424000
Dec 16 2016,52.10,52.79,52.10,52.72,49.61,3020600
Dec 17 2015,40.35,40.81,40.02,40.43,36.56,3713300
Dec 17 2018,43.49,43.51,39.92,40.19,40.19,5093500
Dec 18 2015,40.53,40.89,39.68,39.72,35.92,5553400
Dec 18 2017,63.50,64.09,63.50,63.86,61.88,1467400
Dec 18 2018,40.38,41.18,39.83,40.25,40.25,3415300
Dec 19 2016,52.51,52.81,52.01,52.31,49.23,1344500
Dec 19 2017,63.83,64.19,63.15,63.40,61.43,1410900
Dec 19 2018,40.34,40.96,39.14,39.36,39.36,2097500
Dec 20 2016,52.68,53.05,52.23,52.48,49.39,1237000
Dec 20 2017,63.55,63.83,63.10,63.73,61.75,1144300
Dec 20 2018,39.04,39.60,38.04,38.28,38.28,2796300
Dec 21 2015,39.87,40.41,39.66,40.08,36.24,3794700
Dec 21 2016,52.58,52.85,52.17,52.32,49.24,1095900
Dec 21 2017,64.09,64.24,63.74,63.84,61.86,932900
Dec 21 2018,38.30,38.81,36.87,36.94,36.94,5166400
Dec 22 2015,40.13,40.33,39.04,39.68,35.88,2775300
Dec 22 2016,52.01,52.35,51.23,51.53,48.49,894700
Dec 22 2017,63.81,63.96,63.16,63.73,61.75,868000
Dec 23 2015,40.06,41.11,39.71,41.00,37.08,1909000
Dec 23 2016,51.37,51.91,51.37,51.89,48.83,694500
Dec 24 2015,41.17,41.54,40.81,41.00,37.08,490700
Dec 24 2018,36.75,36.85,35.20,35.24,35.24,1699100
Dec 26 2017,63.84,64.14,63.15,63.25,61.29,664600
Dec 26 2018,35.53,37.31,35.21,37.31,37.31,2304800
Dec 27 2016,52.13,52.41,51.88,52.27,49.19,466500
Dec 27 2017,63.30,63.49,62.96,63.08,61.12,817200
Dec 27 2018,36.53,37.93,36.33,37.93,37.93,2239300
Dec 28 2015,40.91,41.14,40.46,41.11,37.17,1047200
Dec 28 2016,52.59,52.59,51.46,51.53,48.49,909000
Dec 28 2017,63.23,63.27,62.74,63.20,61.24,1191000
Dec 28 2018,38.0100,38.2800,37.2401,37.3300,37.3300,639947
Dec 29 2015,41.39,41.72,41.16,41.33,37.37,978600
Dec 29 2016,51.48,51.80,51.01,51.61,48.57,647800
Dec 29 2017,63.30,63.66,62.85,63.21,61.25,1142900
Dec 30 2015,41.18,41.51,41.01,41.23,37.28,1166600
Dec 30 2016,51.84,51.84,50.53,50.77,47.78,811200
Dec 31 2015,40.95,41.77,40.90,41.10,37.17,1079000
Dec 31 2018,37.55,37.95,37.07,37.76,37.76,2307100
