Jan 02 2014,32.53,32.66,32.11,32.36,31.03,2576100
Jan 02 2015,43.46,43.70,43.07,43.31,42.00,1784200
Jan 02 2018,72.54,72.59,71.47,71.77,71.20,2135600
Jan 02 2019,84.51,85.08,83.75,84.48,84.31,2665600
Jan 03 2014,32.34,32.50,32.02,32.05,30.73,2524900
Jan 03 2017,53.88,54.38,53.34,53.59,52.79,3579700
Jan 03 2018,71.77,72.18,71.34,72.10,71.53,2328200
Jan 03 2019,84.07,84.24,81.37,81.56,81.40,2390900
Jan 04 2016,46.94,47.72,46.75,47.27,46.17,2871700
Jan 04 2017,53.72,54.18,53.10,54.11,53.30,3316300
Jan 04 2018,72.75,72.91,72.26,72.53,71.96,2534000
Jan 04 2019,82.94,84.87,82.51,84.76,84.59,3383500
Jan 05 2015,43.25,43.63,42.97,43.05,41.75,3112100
Jan 05 2016,47.51,48.10,47.28,48.01,46.90,3116700
Jan 05 2017,54.14,54.17,53.60,53.93,53.12,2469100
Jan 05 2018,72.83,73.92,72.57,73.36,72.78,2166100
Jan 06 2014,32.30,32.73,31.85,31.98,30.67,2763200
Jan 06 2015,43.15,43.36,42.30,42.63,41.34,3977200
Jan 06 2016,47.27,48.35,47.26,48.02,46.91,4670500
Jan 06 2017,53.85,54.72,53.73,54.10,53.29,2845800
Jan 07 2014,32.19,32.45,31.95,32.10,30.78,2338200
Jan 07 2015,43.00,43.56,42.98,43.51,42.19,2481800
Jan 07 2016,46.99,48.00,46.29,46.56,45.48,4324400
Jan 07 2019,84.83,86.57,84.83,85.27,85.10,2360800
Jan 08 2014,31.71,32.09,31.51,31.74,30.44,3965900
Jan 08 2015,44.75,44.87,44.00,44.18,42.84,3121300
Jan 08 2016,46.94,47.57,45.65,45.88,44.82,4946100
Jan 08 2018,73.43,74.42,73.16,74.24,73.65,3631400
Jan 08 2019,85.97,86.55,85.07,86.54,86.37,2250300
Jan 09 2014,31.83,31.97,31.53,31.96,30.65,2303300
Jan 09 2015,44.06,44.44,43.68,44.25,42.91,2993200
Jan 09 2017,54.09,54.35,53.39,53.95,53.14,2123300
Jan 09 2018,74.70,75.47,74.47,75.11,74.52,2721800
Jan 10 2014,31.90,32.56,31.86,32.54,31.20,2999900
Jan 10 2017,54.03,54.29,53.69,53.93,53.12,2087100
Jan 10 2018,74.58,74.80,73.28,73.91,73.33,2257200
Jan 11 2016,46.10,46.34,43.83,44.58,43.55,4151300
Jan 11 2017,53.84,54.11,52.71,53.31,52.51,3400500
Jan 11 2018,74.05,74.68,73.72,74.59,74.00,1629300
Jan 12 2015,44.34,44.34,43.29,43.42,42.11,2161600
Jan 12 2016,43.87,45.05,43.25,44.97,43.93,7774900
Jan 12 2017,53.09,53.58,53.03,53.39,52.59,1513600
Jan 12 2018,74.91,75.69,74.77,75.39,74.80,1915700
Jan 13 2014,32.39,32.42,31.69,31.78,30.47,4042800
Jan 13 2015,43.89,44.22,42.57,42.81,41.51,3660600
Jan 13 2016,45.25,45.33,43.03,43.25,42.25,4197600
Jan 13 2017,53.55,53.88,53.35,53.74,52.93,2458700
Jan 14 2014,31.94,31.99,31.65,31.85,30.54,2334500
Jan 14 2015,42.50,43.23,42.29,43.03,41.73,2481300
Jan 14 2016,43.34,44.40,42.66,44.13,43.11,4794900
Jan 15 2014,31.89,31.96,31.68,31.81,30.50,2916300
Jan 15 2015,43.27,43.77,42.90,42.94,41.64,2719300
Jan 15 2016,43.00,43.85,42.77,43.38,42.37,4529100
Jan 16 2014,31.85,32.08,31.71,32.00,30.68,1960400
Jan 16 2015,42.80,44.29,42.77,44.22,42.88,2761600
Jan 16 2018,76.06,76.40,75.21,75.54,74.94,2599100
Jan 17 2014,31.91,32.09,31.63,31.73,30.43,2502500
Jan 17 2017,53.50,53.68,52.93,53.22,52.42,2211200
Jan 17 2018,75.81,77.03,75.39,76.77,76.16,2766700
Jan 18 2017,53.39,54.01,53.04,53.30,52.60,3199900
Jan 18 2018,76.65,76.65,75.85,76.33,75.85,2589000
Jan 19 2016,44.11,44.72,42.73,43.19,42.28,4595000
Jan 19 2017,53.30,53.62,53.12,53.50,52.80,2902500
Jan 19 2018,76.69,76.91,76.22,76.62,76.14,4829600
Jan 20 2015,44.20,44.20,43.22,43.56,42.32,3464300
Jan 20 2016,42.57,44.28,42.41,43.79,42.87,5212900
Jan 20 2017,53.63,54.39,53.60,53.97,53.27,3573500
Jan 21 2014,31.98,32.09,31.26,31.27,29.98,5681900
Jan 21 2015,43.57,44.63,43.44,44.25,42.99,1991900
Jan 21 2016,43.79,43.92,42.98,43.08,42.17,3777400
Jan 22 2014,31.42,31.67,31.26,31.46,30.17,5693600
Jan 22 2015,44.35,44.82,43.65,44.51,43.24,2914700
Jan 22 2016,43.59,43.82,43.10,43.40,42.49,3397500
Jan 22 2018,76.67,77.58,76.62,77.48,77.00,4195100
Jan 23 2014,31.46,31.83,31.40,31.74,30.44,3263800
Jan 23 2015,44.52,44.80,43.97,44.12,42.87,2878200
Jan 23 2017,53.65,54.00,53.59,53.75,53.05,2978600
Jan 23 2018,77.30,78.32,76.97,77.59,77.10,2264100
Jan 24 2014,31.51,31.67,31.30,31.46,30.17,4520900
Jan 24 2017,53.75,53.99,53.46,53.78,53.08,2490900
Jan 24 2018,78.16,78.51,77.60,78.33,77.84,2585300
Jan 25 2016,43.25,43.77,43.06,43.20,42.29,2364200
Jan 25 2017,54.10,54.29,53.73,54.00,53.30,5709100
Jan 25 2018,78.47,79.38,78.35,79.25,78.75,2327300
Jan 26 2015,44.04,44.31,43.85,44.09,42.84,1926100
Jan 26 2016,43.30,44.06,43.15,43.87,42.95,3797500
Jan 26 2017,53.63,54.44,53.59,53.84,53.14,2272000
Jan 26 2018,79.49,80.13,79.38,80.09,79.59,2532800
Jan 27 2014,31.53,31.62,31.26,31.36,30.07,6934000
Jan 27 2015,43.60,43.90,43.21,43.30,42.07,3008300
Jan 27 2016,43.67,44.36,42.80,43.15,42.24,3242500
Jan 27 2017,54.09,54.72,53.97,54.65,53.94,2326800
Jan 28 2014,31.32,31.62,31.19,31.44,30.22,4203400
Jan 28 2015,43.73,44.29,43.07,43.11,41.88,2425100
Jan 28 2016,43.40,43.58,42.71,42.84,41.94,5660400
Jan 29 2014,31.27,31.45,30.72,30.78,29.58,3152000
Jan 29 2015,43.05,43.68,42.56,43.32,42.09,4927300
Jan 29 2016,43.20,43.36,42.61,43.05,42.14,7032600
Jan 29 2018,79.81,79.95,79.11,79.18,78.68,2662400
Jan 30 2014,31.07,31.33,30.59,30.67,29.48,4700400
Jan 30 2015,43.18,43.56,42.64,42.73,41.52,3146000
Jan 30 2017,54.39,54.51,53.87,54.27,53.56,2317100
Jan 30 2018,78.44,78.69,77.91,78.35,77.86,3808700
Jan 31 2014,30.39,30.54,30.07,30.36,29.18,5302200
Jan 31 2017,54.01,54.97,53.80,54.94,54.22,3616500
Jan 31 2018,78.49,78.77,76.54,76.73,76.25,4136400
Feb 01 2016,43.00,43.39,42.51,42.96,42.06,4702400
Feb 01 2017,54.93,55.35,54.62,55.32,54.60,2492100
Feb 01 2018,76.84,78.27,76.69,77.82,77.33,2981800
Feb 02 2015,43.03,43.38,42.37,43.38,42.15,2136700
Feb 02 2016,42.43,42.53,41.37,41.72,40.84,3441500
Feb 02 2017,55.01,55.72,54.72,55.70,54.97,2723000
Feb 02 2018,77.53,78.12,76.73,76.78,76.30,2595200
Feb 03 2014,30.40,30.55,30.14,30.37,29.19,6569400
Feb 03 2015,43.51,43.81,43.20,43.50,42.26,4905700
Feb 03 2016,41.84,42.00,40.45,41.31,40.44,5145100
Feb 03 2017,55.85,56.07,55.53,55.92,55.19,2309400
Feb 04 2013,31.09,31.99,30.76,31.02,29.56,7695400
Feb 04 2014,30.56,30.75,30.14,30.23,29.05,3657300
Feb 04 2015,43.86,44.04,43.22,43.46,42.22,5102900
Feb 04 2016,41.15,41.95,40.93,41.54,40.67,3918600
Feb 05 2013,31.25,31.98,30.85,31.04,29.58,5013200
Feb 05 2014,30.10,30.43,29.95,30.13,28.96,3758700
Feb 05 2015,43.55,44.08,43.12,43.40,42.17,3470900
Feb 05 2016,41.32,41.51,40.61,40.91,40.05,4058100
Feb 05 2018,76.64,76.92,73.18,73.83,73.37,2962000
Feb 06 2013,30.98,31.43,30.75,31.03,29.57,2126100
Feb 06 2014,30.09,30.24,30.00,30.05,28.88,3327100
Feb 06 2015,43.44,44.24,43.28,43.66,42.42,5391100
Feb 06 2017,55.66,55.85,55.42,55.77,55.04,2894300
Feb 06 2018,72.74,74.56,72.13,73.27,72.81,4924300
Feb 07 2013,31.00,32.73,31.00,32.00,30.50,3800800
Feb 07 2014,30.11,30.80,30.11,30.70,29.51,4130100
Feb 07 2017,56.11,56.32,55.69,55.98,55.25,2402700
Feb 07 2018,72.70,75.00,72.69,73.86,73.40,4534900
Feb 08 2013,32.31,33.48,32.30,33.05,31.50,2599300
Feb 08 2016,40.40,40.71,39.59,40.19,39.34,4314300
Feb 08 2017,55.97,56.32,55.73,55.96,55.23,2888900
Feb 08 2018,73.96,74.56,71.50,71.51,71.06,2730000
Feb 09 2015,43.50,43.66,42.66,42.87,41.65,4467100
Feb 09 2016,39.58,40.96,39.39,39.86,39.02,5912100
Feb 09 2017,55.96,56.50,55.91,55.96,55.23,2655800
Feb 09 2018,72.23,72.88,70.20,72.35,71.90,3296500
Feb 10 2014,30.78,31.53,30.78,31.14,29.93,6339700
Feb 10 2015,43.13,44.01,42.81,43.91,42.66,4111200
Feb 10 2016,40.17,40.48,39.25,39.33,38.50,6629200
Feb 10 2017,56.00,56.09,55.55,55.73,55.00,6160900
Feb 11 2013,33.06,33.50,32.88,33.26,31.70,1487200
Feb 11 2014,29.63,29.75,28.77,29.13,28.00,29137200
Feb 11 2015,44.88,46.12,44.88,45.77,44.47,7071100
Feb 11 2016,38.98,39.53,38.26,39.36,38.53,8058200
Feb 12 2013,33.40,34.00,33.15,33.74,32.15,1637300
Feb 12 2014,29.20,30.13,29.13,30.00,28.83,14394200
Feb 12 2015,47.24,47.40,45.26,45.79,44.49,6989600
Feb 12 2016,39.81,40.48,39.21,40.43,39.58,6734700
Feb 12 2018,72.94,74.04,72.60,73.19,72.73,3828000
Feb 13 2013,33.80,33.80,33.00,33.55,31.97,1269700
Feb 13 2014,29.93,30.17,29.56,29.67,28.52,7891600
Feb 13 2015,44.74,45.50,44.36,45.46,44.17,6413300
Feb 13 2017,54.50,55.49,54.45,55.14,54.42,5636000
Feb 13 2018,73.11,73.79,72.96,73.24,72.78,2416200
Feb 14 2013,33.39,33.45,32.77,33.27,31.71,2954500
Feb 14 2014,29.62,30.00,29.55,29.88,28.72,5571100
Feb 14 2017,55.14,55.26,54.79,55.02,54.30,5216300
Feb 14 2018,72.79,74.57,72.78,74.46,73.99,2947800
Feb 15 2013,33.31,34.09,33.00,33.98,32.38,5415400
Feb 15 2017,54.79,55.31,54.20,55.15,54.43,5639900
Feb 15 2018,79.26,81.40,75.75,78.50,78.01,6022200
Feb 16 2016,41.66,41.87,39.73,40.43,39.58,5614300
Feb 16 2017,54.69,54.88,52.00,52.78,52.09,12881800
Feb 16 2018,78.15,80.08,78.15,79.73,79.23,3958900
Feb 17 2015,45.55,46.24,45.45,46.20,44.89,4055800
Feb 17 2016,40.78,42.00,40.47,41.80,40.92,7226900
Feb 17 2017,53.01,53.52,52.32,52.51,51.83,8167500
Feb 18 2014,29.91,30.59,29.88,30.27,29.09,6087800
Feb 18 2015,46.11,46.43,45.82,45.85,44.55,3221300
Feb 18 2016,41.56,42.37,41.53,42.02,41.14,5350400
Feb 19 2013,34.02,34.07,33.57,33.84,32.25,1206900
Feb 19 2014,30.04,30.16,29.63,29.75,28.59,6169900
Feb 19 2015,45.83,46.00,45.49,45.65,44.35,2928800
Feb 19 2016,42.07,42.23,41.40,41.83,40.95,3844500
Feb 20 2013,33.84,33.88,32.60,32.72,31.18,1842900
Feb 20 2014,29.74,30.17,29.64,29.97,28.80,4699300
Feb 20 2015,45.70,45.89,45.11,45.60,44.30,3713000
Feb 20 2018,79.21,81.47,79.07,80.35,79.85,3646700
Feb 21 2013,32.50,32.80,31.86,32.56,31.03,3242300
Feb 21 2014,29.99,30.03,29.53,29.61,28.46,3235700
Feb 21 2017,52.49,53.66,52.34,53.47,52.77,5931400
Feb 21 2018,80.37,81.78,80.31,80.50,80.00,3403100
Feb 22 2013,32.78,32.93,32.50,32.59,31.06,954500
Feb 22 2016,42.12,42.83,41.79,42.77,41.87,3476600
Feb 22 2017,52.86,53.54,52.73,53.38,52.68,3595600
Feb 22 2018,81.03,81.68,80.51,80.76,80.25,2417700
Feb 23 2015,45.71,45.93,45.21,45.58,44.28,2664500
Feb 23 2016,42.58,43.20,42.29,42.37,41.48,2499000
Feb 23 2017,53.50,53.79,53.26,53.58,52.88,4673400
Feb 23 2018,81.17,82.93,81.00,82.79,82.27,2697200
Feb 24 2014,29.78,30.07,29.62,29.70,28.55,3105500
Feb 24 2015,45.65,45.79,45.28,45.40,44.11,1869800
Feb 24 2016,41.94,42.42,41.25,42.37,41.48,3086800
Feb 24 2017,53.53,53.91,53.20,53.88,53.18,4819700
Feb 25 2013,32.68,32.69,32.00,32.07,30.56,818900
Feb 25 2014,29.56,30.38,29.55,30.13,28.96,4412600
Feb 25 2015,45.55,45.97,45.39,45.72,44.42,2958800
Feb 25 2016,42.37,42.92,41.79,42.90,42.00,4114600
Feb 26 2013,32.05,32.40,31.99,32.04,30.53,1048700
Feb 26 2014,30.04,30.45,30.00,30.40,29.22,3647400
Feb 26 2015,45.83,46.70,45.80,46.62,45.29,4903000
Feb 26 2016,42.99,43.34,42.22,42.36,41.47,2654300
Feb 26 2018,83.46,83.46,82.79,83.30,82.78,2211700
Feb 27 2013,32.00,33.05,32.00,32.32,30.80,1343600
Feb 27 2014,30.40,30.74,30.35,30.72,29.53,3778000
Feb 27 2015,46.54,46.88,46.04,46.09,44.78,5555500
Feb 27 2017,53.85,54.18,53.55,53.83,53.13,4220600
Feb 27 2018,83.01,83.37,81.61,81.67,81.16,2240900
Feb 28 2013,32.56,33.55,32.56,33.45,31.88,2991400
Feb 28 2014,30.75,31.02,30.63,31.02,29.81,5186800
Feb 28 2017,53.46,53.97,53.24,53.31,52.61,4106300
Feb 28 2018,81.88,82.48,80.84,80.86,80.35,1968200
Feb 29 2016,42.10,42.17,41.05,41.06,40.20,3550500
Mar 01 2013,33.36,34.70,33.15,34.60,32.97,2334000
Mar 01 2016,41.49,42.14,40.88,42.10,41.21,5280700
Mar 01 2017,53.73,54.08,53.55,53.89,53.19,3581100
Mar 01 2018,80.86,81.57,79.83,80.44,79.94,3010300
Mar 02 2015,46.09,47.61,46.09,47.31,45.96,5261700
Mar 02 2016,41.91,42.18,41.51,41.72,40.84,2507700
Mar 02 2017,54.00,54.08,53.31,53.37,52.67,3299900
Mar 02 2018,79.93,81.50,79.86,81.28,80.77,2027200
Mar 03 2014,30.88,31.18,30.79,30.99,29.78,3534700
Mar 03 2015,47.28,47.34,46.34,46.54,45.22,2256200
Mar 03 2016,41.72,41.85,40.70,41.08,40.22,4459400
Mar 03 2017,53.34,53.72,53.25,53.42,52.72,2483600
Mar 04 2013,34.80,34.89,34.24,34.35,32.74,865400
Mar 04 2014,31.23,31.30,30.80,30.89,29.69,5501800
Mar 04 2015,46.40,46.49,45.86,46.23,44.92,3258400
Mar 04 2016,41.08,41.32,40.62,40.80,39.94,3557900
Mar 05 2013,34.41,34.48,33.75,34.29,32.68,1413400
Mar 05 2014,31.00,31.14,30.59,30.72,29.53,4399200
Mar 05 2015,46.69,46.83,45.99,46.46,45.14,2327600
Mar 05 2018,81.01,82.57,80.70,81.89,81.38,2148500
Mar 06 2013,34.34,34.38,33.85,33.85,32.26,802000
Mar 06 2014,30.82,31.05,30.67,30.78,29.58,3617500
Mar 06 2015,46.30,46.53,45.67,45.78,44.48,3486500
Mar 06 2017,53.01,53.33,52.88,53.08,52.39,1832300
Mar 06 2018,82.00,82.14,80.93,81.51,81.00,2102700
Mar 07 2013,33.95,34.68,33.56,34.56,32.94,1320000
Mar 07 2014,30.88,30.99,30.47,30.58,29.39,4421500
Mar 07 2016,40.60,41.43,40.46,41.20,40.33,3540500
Mar 07 2017,52.86,53.38,52.64,53.07,52.38,2763200
Mar 07 2018,80.98,81.96,80.97,81.76,81.25,2878600
Mar 08 2013,34.03,34.69,33.80,34.09,32.49,1541100
Mar 08 2016,40.84,41.14,40.16,40.23,39.38,3266300
Mar 08 2017,53.02,53.41,52.79,53.00,52.31,2095300
Mar 08 2018,82.00,82.85,81.93,82.54,82.02,2458100
Mar 09 2015,45.87,46.96,45.48,46.29,44.97,3757800
Mar 09 2016,40.55,40.60,39.84,40.46,39.61,4083700
Mar 09 2017,53.05,53.72,52.91,53.69,52.99,3188000
Mar 09 2018,83.06,85.05,82.98,84.52,83.99,3028700
Mar 10 2014,30.62,30.64,30.20,30.35,29.17,3902900
Mar 10 2015,46.13,46.28,45.68,45.70,44.40,2182800
Mar 10 2016,39.92,40.61,39.35,39.91,39.07,7999500
Mar 10 2017,53.70,53.76,53.20,53.34,52.64,2833500
Mar 11 2013,33.97,34.26,33.25,34.18,32.57,1729400
Mar 11 2014,30.47,30.63,30.08,30.28,29.10,2641400
Mar 11 2015,45.88,46.58,45.73,46.01,44.70,3245000
Mar 11 2016,40.20,41.91,40.02,41.87,40.99,5890900
Mar 12 2013,34.12,34.24,33.60,33.82,32.23,1557600
Mar 12 2014,30.07,30.24,29.65,29.70,28.55,4363300
Mar 12 2015,46.31,46.87,46.14,46.84,45.51,2276500
Mar 12 2018,84.89,84.95,84.09,84.41,83.88,2316300
Mar 13 2013,33.90,34.06,33.08,34.00,32.40,2240800
Mar 13 2014,29.72,29.78,29.06,29.25,28.11,4090900
Mar 13 2015,46.86,46.86,46.02,46.45,45.13,2487100
Mar 13 2017,53.33,53.63,53.24,53.56,52.86,2297800
Mar 13 2018,84.90,85.54,84.33,84.59,84.06,1911500
Mar 14 2013,34.33,35.42,34.30,34.64,33.01,1865200
Mar 14 2014,29.25,29.82,29.23,29.42,28.28,4021900
Mar 14 2016,41.63,41.71,41.07,41.31,40.44,3338500
Mar 14 2017,53.33,53.55,53.06,53.42,52.72,2277500
Mar 14 2018,85.13,85.48,84.09,84.35,83.82,1794700
Mar 15 2013,34.70,34.84,33.31,33.44,31.87,2692100
Mar 15 2016,41.06,41.09,39.97,40.72,39.86,7034600
Mar 15 2017,53.39,54.39,53.39,54.28,53.57,2926100
Mar 15 2018,84.32,85.35,83.96,84.69,84.16,1659200
Mar 16 2015,46.71,47.03,46.55,46.98,45.64,2519800
Mar 16 2016,40.86,40.86,40.10,40.46,39.61,5147400
Mar 16 2017,54.48,54.48,54.10,54.43,53.72,3245900
Mar 16 2018,85.02,85.42,84.58,84.60,84.07,3151600
Mar 17 2014,29.48,29.61,29.32,29.38,28.24,3837100
Mar 17 2015,46.62,47.34,46.41,47.15,45.81,2904600
Mar 17 2016,40.49,40.67,39.52,39.72,38.88,7288100
Mar 17 2017,54.62,54.82,53.85,54.00,53.30,4510200
Mar 18 2013,32.75,32.94,32.64,32.84,31.30,2372000
Mar 18 2014,29.42,29.48,29.25,29.28,28.14,5453400
Mar 18 2015,46.98,47.76,46.67,47.51,46.16,3020100
Mar 18 2016,39.92,41.04,39.80,40.86,40.00,5812800
Mar 19 2013,32.80,33.42,32.33,32.80,31.26,1336200
Mar 19 2014,29.31,30.11,29.27,29.91,28.75,5692400
Mar 19 2015,47.46,47.74,47.10,47.41,46.06,2000700
Mar 19 2018,83.82,84.32,82.36,83.15,82.63,2417800
Mar 20 2013,32.90,33.54,32.50,33.51,31.93,1944000
Mar 20 2014,29.81,30.11,29.67,30.09,28.92,3672400
Mar 20 2015,47.49,47.92,47.10,47.34,45.99,4542700
Mar 20 2017,54.04,54.45,53.83,54.28,53.57,2180600
Mar 20 2018,83.32,84.79,83.28,84.66,84.13,2653400
Mar 21 2013,33.90,34.00,33.29,33.47,31.90,514500
Mar 21 2014,30.37,30.43,29.19,29.26,28.12,9668600
Mar 21 2016,40.91,42.03,40.88,41.62,40.74,5461700
Mar 21 2017,54.47,54.79,53.24,53.39,52.69,3008300
Mar 21 2018,84.87,85.73,84.07,84.10,83.57,3305400
Mar 22 2013,33.55,33.75,32.74,33.12,31.56,763300
Mar 22 2016,41.59,42.89,41.59,42.75,41.85,7592600
Mar 22 2017,53.40,53.95,53.24,53.87,53.17,3276800
Mar 22 2018,83.35,84.13,81.80,82.06,81.55,3224400
Mar 23 2015,47.55,47.70,47.04,47.15,45.81,4820100
Mar 23 2016,42.80,42.84,42.15,42.64,41.74,5261500
Mar 23 2017,53.89,54.19,53.60,53.80,53.10,3015600
Mar 23 2018,82.16,82.80,80.32,80.60,80.10,2608000
Mar 24 2014,29.32,29.38,28.97,29.14,28.01,4632800
Mar 24 2015,47.24,47.61,46.76,47.02,45.68,1938100
Mar 24 2016,42.27,43.06,42.13,42.48,41.59,4796600
Mar 24 2017,53.85,54.21,53.59,53.85,53.15,2384000
Mar 25 2013,33.48,33.48,32.25,32.46,30.93,1324600
Mar 25 2014,29.27,29.38,29.11,29.26,28.12,3182000
Mar 25 2015,47.17,47.38,46.22,46.27,44.95,4148400
Mar 26 2013,32.73,32.79,32.00,32.51,30.98,1396500
Mar 26 2014,29.41,29.45,29.16,29.21,28.07,3914800
Mar 26 2015,46.02,46.39,45.69,46.11,44.80,3550800
Mar 26 2018,81.88,83.87,81.53,83.73,83.21,3089900
Mar 27 2013,32.38,32.89,32.06,32.74,31.20,1896800
Mar 27 2014,29.21,29.40,29.08,29.30,28.16,2984200
Mar 27 2015,46.14,46.53,46.00,46.22,44.91,2790500
Mar 27 2017,53.49,54.17,53.40,53.97,53.27,3168400
Mar 27 2018,84.08,84.45,81.21,81.86,81.35,2689900
Mar 28 2013,32.85,33.50,32.63,33.40,31.83,7434900
Mar 28 2014,29.46,29.51,28.91,29.01,27.88,6398900
Mar 28 2016,42.49,42.64,41.97,42.18,41.29,2038300
Mar 28 2017,53.81,54.31,53.69,54.16,53.45,2328200
Mar 28 2018,82.09,82.55,80.28,81.00,80.49,2634500
Mar 29 2016,42.00,43.14,41.86,43.12,42.21,2756000
Mar 29 2017,54.04,54.27,53.72,53.82,53.12,2269900
Mar 29 2018,81.49,83.51,81.09,83.51,82.99,4122900
Mar 30 2015,46.47,46.96,46.42,46.92,45.59,2206900
Mar 30 2016,43.24,44.38,43.23,44.02,43.09,5311700
Mar 30 2017,53.82,53.82,53.25,53.47,52.77,2697500
Mar 31 2014,29.07,29.14,28.66,28.94,27.81,8689200
Mar 31 2015,46.76,46.93,46.29,46.29,44.97,2768400
Mar 31 2016,43.40,44.55,43.25,44.33,43.40,6326700
Mar 31 2017,52.98,53.65,52.98,53.37,52.67,3163800
Apr 01 2013,33.42,33.59,32.43,32.59,31.06,1466300
Apr 01 2014,28.97,29.39,28.97,29.35,28.21,3658000
Apr 01 2015,46.30,46.56,45.96,46.27,44.95,4751300
Apr 01 2016,44.02,45.06,43.97,44.99,44.04,4549300
Apr 02 2013,32.66,33.13,32.46,32.55,31.02,712200
Apr 02 2014,29.28,29.70,29.14,29.62,28.47,2341200
Apr 02 2015,46.45,46.66,46.20,46.50,45.18,3084000
Apr 02 2018,83.17,83.29,80.68,81.21,80.70,2566000
Apr 03 2013,32.67,32.98,32.36,32.53,31.00,1409700
Apr 03 2014,29.71,29.71,29.39,29.62,28.47,2896500
Apr 03 2017,53.35,53.45,52.82,53.17,52.48,2806500
Apr 03 2018,81.78,83.18,81.39,82.87,82.35,2216500
Apr 04 2013,32.41,32.50,31.71,31.84,30.34,1946400
Apr 04 2014,29.64,30.01,29.21,29.32,28.18,4963400
Apr 04 2016,45.10,46.04,45.03,45.76,44.80,5400600
Apr 04 2017,53.07,53.17,52.37,52.65,52.07,3001600
Apr 04 2018,81.58,83.06,80.73,82.85,82.33,3093300
Apr 05 2013,31.73,32.07,30.57,31.96,30.46,3963500
Apr 05 2016,45.26,45.98,45.01,45.85,44.98,6004300
Apr 05 2017,52.74,53.33,52.62,52.67,52.09,3762900
Apr 05 2018,83.29,84.33,82.85,83.52,83.00,2522000
Apr 06 2015,46.15,46.67,46.01,46.33,45.01,2385300
Apr 06 2016,45.80,47.60,45.70,47.27,46.37,6180800
Apr 06 2017,52.68,52.76,52.25,52.67,52.09,4210500
Apr 06 2018,82.75,83.12,80.06,80.97,80.46,2752300
Apr 07 2014,29.25,29.32,28.85,29.00,27.87,4073700
Apr 07 2015,46.40,46.86,46.33,46.36,45.12,2367100
Apr 07 2016,46.96,47.24,46.83,47.19,46.29,5865600
Apr 07 2017,52.58,52.76,52.37,52.54,51.96,2218700
Apr 08 2013,31.95,32.98,31.77,32.92,31.37,1965200
Apr 08 2014,28.90,29.22,28.68,29.15,28.02,4744600
Apr 08 2015,46.37,46.61,46.12,46.21,44.98,2565400
Apr 08 2016,47.36,47.46,46.54,46.94,46.05,4872700
Apr 09 2013,33.05,33.59,32.56,33.44,31.87,2004400
Apr 09 2014,29.22,29.22,28.77,29.06,27.93,3631300
Apr 09 2015,46.30,46.74,46.16,46.55,45.31,2720800
Apr 09 2018,81.81,82.99,81.56,81.87,81.36,2456700
Apr 10 2013,33.76,33.76,32.98,33.15,31.59,969500
Apr 10 2014,28.99,29.22,28.80,28.86,27.74,5372600
Apr 10 2015,46.60,47.29,46.30,47.17,45.91,2278300
Apr 10 2017,52.60,53.06,52.47,52.74,52.16,1772300
Apr 10 2018,82.95,83.47,82.28,83.09,82.57,2335000
Apr 11 2013,33.22,33.24,32.87,33.16,31.60,1826600
Apr 11 2014,28.76,28.87,28.28,28.40,27.30,3185500
Apr 11 2016,47.00,47.04,46.48,46.67,45.78,3962100
Apr 11 2017,52.57,52.86,52.36,52.85,52.26,1976400
Apr 11 2018,82.57,83.51,82.56,83.07,82.55,2239700
Apr 12 2013,32.97,33.35,32.60,33.23,31.67,723500
Apr 12 2016,46.84,47.12,46.60,47.01,46.12,3626400
Apr 12 2017,52.57,53.23,52.53,53.22,52.63,2764500
Apr 12 2018,83.57,84.38,83.40,83.96,83.43,1369500
Apr 13 2015,47.25,47.44,46.64,46.66,45.41,2009300
Apr 13 2016,47.15,47.50,46.95,47.50,46.60,3295700
Apr 13 2017,53.11,53.36,52.96,53.10,52.51,2104900
Apr 13 2018,84.25,84.43,83.22,83.57,83.05,1162600
Apr 14 2014,28.48,28.78,28.26,28.48,27.37,2559900
Apr 14 2015,46.66,46.99,46.02,46.90,45.65,2669900
Apr 14 2016,47.27,47.96,47.12,47.67,46.76,3040800
Apr 15 2013,33.07,33.23,32.17,32.24,30.72,839500
Apr 15 2014,28.57,28.57,28.14,28.55,27.44,3231600
Apr 15 2015,47.05,47.22,46.91,47.00,45.75,1578500
Apr 15 2016,47.75,48.14,47.57,48.11,47.20,3189400
Apr 16 2013,32.36,33.37,32.29,33.21,31.65,2271200
Apr 16 2014,28.55,28.70,28.40,28.53,27.42,4220000
Apr 16 2015,46.80,47.17,46.64,47.14,45.88,1585500
Apr 16 2018,84.49,84.85,83.86,84.40,83.87,1663000
Apr 17 2013,32.98,33.23,32.17,32.89,31.34,3140500
Apr 17 2014,28.51,28.71,28.46,28.60,27.49,3425800
Apr 17 2015,46.90,47.03,46.46,46.77,45.52,2882000
Apr 17 2017,53.09,53.57,53.00,53.50,52.91,1975300
Apr 17 2018,84.98,85.94,84.82,85.67,85.13,1901000
Apr 18 2013,33.10,33.10,32.38,32.47,30.94,799900
Apr 18 2016,47.98,48.78,47.77,48.57,47.65,3033300
Apr 18 2017,53.20,53.64,53.05,53.55,52.96,2194400
Apr 18 2018,85.70,86.38,85.20,85.97,85.43,2151300
Apr 19 2013,32.71,32.79,31.81,32.71,31.17,2159300
Apr 19 2016,48.69,49.10,48.36,48.56,47.64,2426200
Apr 19 2017,53.72,54.19,53.64,53.85,53.25,4102700
Apr 19 2018,85.42,85.89,84.82,85.41,85.00,2176100
Apr 20 2015,46.89,47.13,46.71,47.04,45.78,2888000
Apr 20 2016,48.56,48.72,47.89,48.47,47.55,2702100
Apr 20 2017,53.99,54.46,53.65,54.29,53.69,2232800
Apr 20 2018,85.39,85.93,85.14,85.45,85.04,1815200
Apr 21 2014,28.70,29.06,28.53,29.03,27.90,4437500
Apr 21 2015,47.28,47.58,47.10,47.54,46.27,3139000
Apr 21 2016,48.42,48.83,48.04,48.44,47.52,2998900
Apr 21 2017,54.23,54.38,54.00,54.19,53.59,2124700
Apr 22 2013,32.90,32.90,32.22,32.66,31.12,922100
Apr 22 2014,29.52,30.02,29.19,29.89,28.73,8353800
Apr 22 2015,47.45,47.52,46.93,47.03,45.77,2075700
Apr 22 2016,48.54,48.95,48.18,48.64,47.72,2117600
Apr 23 2013,32.78,32.96,31.50,31.70,30.21,2731700
Apr 23 2014,29.75,29.89,29.30,29.39,28.32,3803300
Apr 23 2015,46.94,47.10,46.57,47.05,45.79,2113300
Apr 23 2018,85.59,85.76,85.01,85.30,84.89,1396200
Apr 24 2013,31.63,31.69,30.42,30.62,29.18,4149300
Apr 24 2014,29.30,30.02,29.25,29.89,28.87,4412100
Apr 24 2015,46.89,47.99,46.73,47.91,46.63,3449500
Apr 24 2017,54.68,55.15,54.59,54.99,54.38,2770600
Apr 24 2018,85.83,85.90,83.48,84.35,83.95,2108700
Apr 25 2013,30.93,31.99,30.75,31.55,30.07,1520600
Apr 25 2014,29.81,30.29,29.62,30.16,29.13,4857700
Apr 25 2016,48.34,48.36,47.21,47.32,46.42,5239600
Apr 25 2017,55.12,55.16,54.70,55.12,54.51,4346100
Apr 25 2018,84.12,84.57,83.44,84.57,84.16,2105600
Apr 26 2013,31.61,32.68,31.61,32.64,31.11,1421800
Apr 26 2016,47.40,47.76,46.95,47.61,46.71,3360100
Apr 26 2017,55.15,55.68,55.08,55.57,54.95,2665800
Apr 26 2018,85.08,85.26,84.36,84.73,84.32,2154600
Apr 27 2015,47.98,47.99,46.74,46.83,45.58,2684100
Apr 27 2016,47.61,47.81,47.34,47.46,46.56,2490100
Apr 27 2017,55.66,56.65,55.52,56.46,55.83,2986400
Apr 27 2018,84.78,85.21,84.39,84.84,84.43,1119200
Apr 28 2014,30.52,30.67,30.04,30.40,29.36,3704400
Apr 28 2015,46.72,46.82,45.64,45.73,44.51,4492400
Apr 28 2016,47.23,47.64,46.97,47.19,46.29,1888600
Apr 28 2017,56.46,56.62,56.08,56.11,55.49,3339200
Apr 29 2013,32.95,32.95,32.17,32.66,31.19,1711600
Apr 29 2014,30.43,30.53,30.20,30.53,29.49,2531700
Apr 29 2015,45.50,45.94,45.10,45.22,44.01,3997600
Apr 29 2016,47.16,47.31,46.62,47.03,46.14,3342300
Apr 30 2013,33.68,34.74,32.93,33.02,31.53,3390300
Apr 30 2014,30.36,30.46,29.96,30.26,29.23,4116100
Apr 30 2015,45.08,45.45,44.31,44.42,43.23,4330200
Apr 30 2018,84.89,85.00,83.37,83.48,83.08,3364500
May 01 2013,32.97,33.51,32.66,33.39,31.88,1393100
May 01 2014,30.31,30.53,30.18,30.31,29.27,3207000
May 01 2015,44.73,44.91,44.39,44.61,43.42,5835100
May 01 2017,56.14,56.56,56.03,56.28,55.66,3607800
May 01 2018,83.46,84.04,82.89,83.40,83.00,3215600
May 02 2013,33.38,33.87,33.11,33.28,31.78,696300
May 02 2014,30.32,30.75,30.30,30.64,29.59,3042100
May 02 2016,47.20,48.10,46.87,48.03,47.12,3705400
May 02 2017,56.29,56.53,55.89,56.47,55.84,3728600
May 02 2018,77.67,80.45,77.00,79.90,79.52,7496500
May 03 2013,33.62,33.64,33.00,33.21,31.71,998400
May 03 2016,47.89,48.37,47.62,48.15,47.24,4474600
May 03 2017,56.09,56.40,55.50,55.59,54.97,5795900
May 03 2018,79.78,80.89,78.44,80.38,79.99,4833600
May 04 2015,44.75,45.56,44.71,45.40,44.19,4782900
May 04 2016,47.91,48.04,46.05,47.05,46.16,5426200
May 04 2017,55.48,59.60,55.48,58.87,58.22,6923200
May 04 2018,80.02,81.83,79.62,81.56,81.17,2882000
May 05 2014,30.42,30.63,30.11,30.53,29.49,4425200
May 05 2015,47.13,47.44,45.13,45.68,44.46,7681200
May 05 2016,47.32,48.28,47.03,48.24,47.32,3536200
May 05 2017,58.76,59.61,58.48,59.47,58.81,6896000
May 06 2013,33.35,33.49,32.75,32.94,31.45,503700
May 06 2014,29.85,31.39,29.56,30.89,29.83,6532400
May 06 2015,45.93,45.94,45.19,45.29,44.08,4441400
May 06 2016,47.31,47.73,46.86,47.34,46.44,3499600
May 07 2013,33.08,33.08,32.29,32.88,31.40,700700
May 07 2014,30.10,30.74,30.00,30.65,29.60,6810600
May 07 2015,45.33,45.75,45.03,45.56,44.34,2427000
May 07 2018,81.74,82.46,81.22,82.15,81.76,2021800
May 08 2013,33.00,33.44,32.72,33.26,31.76,1034100
May 08 2014,30.55,30.81,30.41,30.48,29.44,2687200
May 08 2015,45.99,46.09,45.57,45.90,44.68,2548200
May 08 2017,59.39,59.74,58.30,58.81,58.16,3160700
May 08 2018,81.84,82.49,81.11,82.00,81.61,2534400
May 09 2013,33.31,33.67,33.28,33.55,32.04,977200
May 09 2014,30.47,30.57,30.05,30.54,29.50,3339700
May 09 2016,47.38,48.03,47.12,47.50,46.60,6012400
May 09 2017,58.80,59.69,58.55,59.43,58.77,3130500
May 09 2018,82.10,82.56,81.18,82.33,81.94,3009300
May 10 2013,33.54,33.61,32.97,33.18,31.68,534100
May 10 2016,46.29,46.64,46.14,46.56,45.68,12366000
May 10 2017,58.99,60.13,58.99,59.90,59.24,4052800
May 10 2018,83.32,84.37,82.83,83.46,83.06,1977600
May 11 2015,45.91,46.35,45.67,46.09,44.86,3405100
May 11 2016,46.50,46.85,45.99,46.00,45.13,5596500
May 11 2017,59.68,59.89,59.25,59.72,59.06,3175500
May 11 2018,83.62,84.47,83.58,84.45,84.05,2210400
May 12 2014,30.58,30.86,30.55,30.81,29.76,1971000
May 12 2015,45.72,45.86,45.34,45.58,44.36,2230400
May 12 2016,45.85,46.42,45.56,46.25,45.37,6171400
May 12 2017,60.03,60.19,59.57,59.88,59.22,3425100
May 13 2013,33.06,33.49,32.75,33.04,31.55,438700
May 13 2014,30.80,30.86,30.60,30.73,29.68,1932200
May 13 2015,45.62,46.00,45.42,45.62,44.40,2159800
May 13 2016,46.35,46.60,46.03,46.39,45.51,3167500
May 14 2013,33.13,33.75,32.85,33.08,31.59,872300
May 14 2014,30.64,30.81,30.48,30.64,29.59,2253600
May 14 2015,45.87,46.32,45.48,46.28,45.04,1959600
May 14 2018,84.54,85.17,83.37,84.06,83.66,2484500
May 15 2013,32.94,33.06,32.56,32.79,31.31,563200
May 15 2014,30.53,30.64,30.35,30.46,29.42,3104500
May 15 2015,46.52,46.91,46.43,46.49,45.25,2831500
May 15 2017,59.77,60.07,59.56,60.00,59.33,2319400
May 15 2018,83.53,83.72,82.78,83.02,82.62,2203100
May 16 2013,33.48,33.80,33.16,33.39,31.88,1278700
May 16 2014,30.43,30.61,30.32,30.60,29.55,3058700
May 16 2016,46.14,46.94,46.08,46.77,45.88,3694300
May 16 2017,60.24,60.38,59.90,60.33,59.66,1816300
May 16 2018,82.55,83.17,82.00,82.85,82.45,3221300
May 17 2013,33.35,33.90,33.19,33.90,32.37,962200
May 17 2016,46.71,46.92,46.23,46.50,45.62,2562600
May 17 2017,60.33,60.33,59.69,59.73,59.07,2397600
May 17 2018,83.00,83.10,82.08,82.95,82.55,1844900
May 18 2015,46.45,46.77,46.32,46.73,45.48,2776400
May 18 2016,46.35,47.22,46.31,46.96,46.07,3498500
May 18 2017,59.73,60.29,59.61,59.91,59.25,1583700
May 18 2018,82.71,84.66,82.71,84.40,84.00,2149500
May 19 2014,30.60,30.63,30.28,30.46,29.42,3671100
May 19 2015,46.88,47.69,46.74,47.45,46.18,3845700
May 19 2016,46.79,46.93,45.92,46.43,45.55,2189200
May 19 2017,59.98,60.61,59.94,60.31,59.64,2567700
May 20 2013,33.90,34.00,33.60,33.71,32.19,735700
May 20 2014,30.51,30.59,30.27,30.28,29.24,2538700
May 20 2015,47.47,47.81,46.99,47.28,46.02,2206600
May 20 2016,46.70,47.10,46.52,47.06,46.17,5065200
May 21 2013,33.57,33.74,32.99,33.04,31.55,1692400
May 21 2014,30.38,30.50,30.24,30.42,29.38,2421900
May 21 2015,47.33,47.89,47.05,47.80,46.52,3599300
May 21 2018,84.88,85.44,84.40,85.38,84.97,1641300
May 22 2013,32.55,33.99,31.75,33.55,32.04,26006000
May 22 2014,30.35,30.55,30.26,30.33,29.29,4522700
May 22 2015,47.71,47.84,47.50,47.63,46.36,1832300
May 22 2017,60.39,60.88,60.28,60.31,59.64,3117300
May 22 2018,85.39,85.64,84.21,84.38,83.98,1658900
May 23 2013,33.25,33.80,32.71,32.84,31.36,9008500
May 23 2014,30.34,30.58,30.30,30.53,29.49,4085500
May 23 2016,47.00,47.04,46.40,46.40,45.52,2356000
May 23 2017,60.50,61.46,60.50,61.43,60.75,3330500
May 23 2018,84.30,85.00,83.74,84.88,84.47,1692600
May 24 2013,33.20,33.62,32.53,33.46,31.95,5911600
May 24 2016,46.81,47.36,46.74,47.29,46.39,3450200
May 24 2017,61.43,62.49,61.39,62.30,61.61,3689100
May 24 2018,85.10,85.56,84.17,84.75,84.34,1244900
May 25 2016,47.39,47.56,46.88,47.00,46.11,4637700
May 25 2017,62.56,62.64,62.17,62.58,61.89,2864900
May 25 2018,84.87,85.05,83.55,83.67,83.27,1964000
May 26 2015,47.52,48.05,47.51,47.95,46.67,3999500
May 26 2016,46.89,47.47,46.77,47.33,46.43,3107000
May 26 2017,62.78,63.11,62.39,62.61,61.92,1985500
May 27 2014,30.74,30.77,30.54,30.70,29.65,2395700
May 27 2015,47.98,49.48,47.67,49.45,48.13,5447800
May 27 2016,47.54,47.68,47.10,47.18,46.28,2023200
May 28 2013,33.80,34.28,33.59,34.26,32.71,4960300
May 28 2014,30.73,30.73,30.43,30.48,29.44,5791000
May 28 2015,49.29,49.55,48.40,49.11,47.80,4934000
May 29 2013,34.25,34.25,32.88,32.95,31.46,3095700
May 29 2014,30.60,30.77,30.50,30.72,29.67,2610800
May 29 2015,49.44,49.96,49.13,49.77,48.44,5084100
May 29 2018,82.98,83.42,82.40,83.15,82.75,1822100
May 30 2013,32.77,33.10,32.10,32.24,30.79,3934100
May 30 2014,30.79,30.93,30.67,30.70,29.65,3076700
May 30 2017,62.45,62.70,61.86,62.26,61.57,2884400
May 30 2018,83.79,85.29,83.79,84.45,84.05,1893200
May 31 2013,32.30,32.34,31.80,32.00,30.56,6512400
May 31 2016,47.42,47.71,47.11,47.42,46.52,2804200
May 31 2017,62.58,62.70,62.10,62.28,61.59,3789800
May 31 2018,84.27,84.65,83.61,83.70,83.30,2693700
Jun 01 2015,49.92,50.37,49.37,49.78,48.45,4496100
Jun 01 2016,47.49,48.00,47.23,47.85,46.94,2140700
Jun 01 2017,62.45,62.64,61.99,62.64,61.95,3112500
Jun 01 2018,84.32,85.43,84.32,85.42,85.01,1422300
Jun 02 2014,30.80,30.96,30.65,30.92,29.86,3561300
Jun 02 2015,49.72,49.97,48.90,49.58,48.26,2668300
Jun 02 2016,47.89,48.18,47.66,48.13,47.22,1750900
Jun 02 2017,62.78,63.30,62.39,62.50,61.81,4110100
Jun 03 2013,32.01,32.84,31.31,32.75,31.27,3398000
Jun 03 2014,30.89,31.26,30.79,31.25,30.18,3323000
Jun 03 2015,49.88,49.90,49.34,49.55,48.23,1976000
Jun 03 2016,48.09,48.11,47.43,47.93,47.02,2287000
Jun 04 2013,32.83,32.99,31.84,32.40,30.94,4513400
Jun 04 2014,31.18,31.45,31.13,31.37,30.30,3349900
Jun 04 2015,49.05,49.59,48.85,48.90,47.59,2080700
Jun 04 2018,85.65,85.77,84.97,85.39,84.98,1546400
Jun 05 2013,32.42,32.42,31.75,32.17,30.72,3522300
Jun 05 2014,31.41,31.65,31.22,31.61,30.53,2784700
Jun 05 2015,48.70,49.17,48.41,49.01,47.70,2412000
Jun 05 2017,62.42,62.78,62.15,62.67,61.98,3364600
Jun 05 2018,85.53,85.76,84.46,84.76,84.35,2152100
Jun 06 2013,32.17,32.31,31.54,32.08,30.63,2918200
Jun 06 2014,31.62,31.80,31.61,31.74,30.65,2524200
Jun 06 2016,47.93,48.42,47.83,48.41,47.49,2006600
Jun 06 2017,62.50,63.08,62.49,62.98,62.28,2420400
Jun 06 2018,84.86,85.60,84.55,85.47,85.06,1917800
Jun 07 2013,32.26,32.34,31.21,31.50,30.08,5134200
Jun 07 2016,48.08,48.53,47.89,48.35,47.43,2432500
Jun 07 2017,62.93,63.42,62.85,63.26,62.56,1904700
Jun 07 2018,85.79,85.98,85.04,85.66,85.25,1758500
Jun 08 2015,48.75,49.22,48.74,48.80,47.50,1892000
Jun 08 2016,48.37,48.58,48.21,48.45,47.53,1827200
Jun 08 2017,63.26,63.49,62.46,62.58,61.89,3086600
Jun 08 2018,85.69,87.39,85.45,86.78,86.36,2285100
Jun 09 2014,31.78,32.01,31.65,32.01,30.92,3189400
Jun 09 2015,48.67,49.37,48.52,49.24,47.93,2675500
Jun 09 2016,48.36,48.68,47.92,48.14,47.23,2121200
Jun 09 2017,62.49,63.10,62.37,62.59,61.90,2021700
Jun 10 2013,31.83,32.11,31.47,32.01,30.57,4992100
Jun 10 2014,31.94,32.51,31.91,32.50,31.39,4639800
Jun 10 2015,49.41,49.90,49.00,49.69,48.36,2012100
Jun 10 2016,47.34,47.60,46.95,47.39,46.49,4378900
Jun 11 2013,31.70,32.02,31.40,31.70,30.27,6367500
Jun 11 2014,32.50,32.53,32.10,32.13,31.03,3600700
Jun 11 2015,49.80,50.04,49.60,49.87,48.54,2055700
Jun 11 2018,86.96,88.16,86.73,87.06,86.64,2091900
Jun 12 2013,31.95,32.03,31.40,31.53,30.11,7648500
Jun 12 2014,32.08,32.13,31.82,31.99,30.90,4298500
Jun 12 2015,49.63,49.86,49.01,49.08,47.77,2033300
Jun 12 2017,62.61,62.71,61.26,61.85,61.16,4522600
Jun 12 2018,87.03,87.54,86.61,87.15,86.73,2236000
Jun 13 2013,31.47,31.55,30.87,31.17,29.76,5849800
Jun 13 2014,31.96,32.14,31.83,32.12,31.02,1904500
Jun 13 2016,47.17,47.32,46.15,46.19,45.31,2829900
Jun 13 2017,61.72,62.30,60.92,61.96,61.38,2007100
Jun 13 2018,87.45,87.95,87.18,87.36,86.94,2386200
Jun 14 2013,31.00,31.26,30.61,30.80,29.41,10665000
Jun 14 2016,46.03,47.23,45.97,47.19,46.29,4244700
Jun 14 2017,62.01,62.60,61.71,62.23,61.64,1822100
Jun 14 2018,87.44,88.25,87.26,88.15,87.73,2627800
Jun 15 2015,48.84,49.35,48.71,49.27,47.96,3015000
Jun 15 2016,47.19,47.71,47.13,47.22,46.32,3517900
Jun 15 2017,61.83,62.54,61.73,62.39,61.80,1605500
Jun 15 2018,87.50,89.25,87.50,89.20,88.77,4208500
Jun 16 2014,32.08,32.21,31.99,32.13,31.03,2197200
Jun 16 2015,49.30,49.73,48.90,49.71,48.38,1817900
Jun 16 2016,47.00,47.36,46.56,47.26,46.36,2366900
Jun 16 2017,62.73,63.00,62.27,62.55,61.96,2821300
Jun 17 2013,31.40,31.76,30.71,30.96,29.56,26785600
Jun 17 2014,32.06,32.85,32.06,32.81,31.69,4407200
Jun 17 2015,49.75,50.37,49.71,50.17,48.83,2804400
Jun 17 2016,47.21,47.26,46.44,46.44,45.56,4010000
Jun 18 2013,31.33,31.39,30.95,31.18,29.77,24286200
Jun 18 2014,32.72,32.89,32.46,32.89,31.77,2482800
Jun 18 2015,50.29,50.60,50.16,50.50,49.15,3696100
Jun 18 2018,88.50,89.18,88.34,88.93,88.50,3538900
Jun 19 2013,31.06,31.24,30.82,31.00,29.60,23483400
Jun 19 2014,32.97,33.05,32.53,32.55,31.44,4062900
Jun 19 2015,50.36,50.62,50.20,50.24,48.90,2906800
Jun 19 2017,62.88,63.29,62.79,63.03,62.44,1839500
Jun 19 2018,88.05,88.43,86.63,87.25,86.83,2742800
Jun 20 2013,30.89,31.04,30.05,30.19,28.83,14938500
Jun 20 2014,32.40,32.58,32.05,32.46,31.35,7836200
Jun 20 2016,47.01,47.31,46.83,46.91,46.02,2543500
Jun 20 2017,63.38,63.85,62.85,63.00,62.41,2077500
Jun 20 2018,87.28,87.57,86.60,87.00,86.58,3331800
Jun 21 2013,30.55,31.09,30.34,30.60,29.22,33694200
Jun 21 2016,47.13,47.37,46.68,47.29,46.39,2698500
Jun 21 2017,63.13,63.48,62.84,63.00,62.41,2363000
Jun 21 2018,86.79,87.80,86.70,87.02,86.60,2462300
Jun 22 2015,50.60,50.70,50.07,50.22,48.88,2040400
Jun 22 2016,47.16,47.79,46.84,47.33,46.43,2640200
Jun 22 2017,63.00,63.84,62.81,63.51,62.91,2379300
Jun 22 2018,87.39,87.56,85.82,85.82,85.41,9403200
Jun 23 2014,32.54,32.73,32.43,32.64,31.52,2513600
Jun 23 2015,50.41,50.85,50.24,50.47,49.12,2104100
Jun 23 2016,47.60,47.90,47.44,47.90,46.99,2291500
Jun 23 2017,63.50,63.52,62.48,62.78,62.19,5215500
Jun 24 2013,30.15,30.50,29.40,30.38,29.01,40766000
Jun 24 2014,32.67,32.70,32.35,32.37,31.26,1772500
Jun 24 2015,50.25,50.30,49.71,49.71,48.38,2561900
Jun 24 2016,46.23,47.36,46.18,46.51,45.63,6423700
Jun 25 2013,30.80,31.62,30.50,31.49,30.07,13511100
Jun 25 2014,32.41,32.57,32.29,32.37,31.26,2751400
Jun 25 2015,49.84,55.38,49.57,55.38,53.90,3228100
Jun 25 2018,86.00,86.35,83.92,84.70,84.29,3069500
Jun 26 2013,31.80,31.90,30.92,30.97,29.57,23779700
Jun 26 2014,32.35,32.43,32.08,32.24,31.14,2240100
Jun 26 2015,53.93,54.00,48.26,48.62,47.32,20823300
Jun 26 2017,62.87,62.92,62.24,62.72,62.13,1911700
Jun 26 2018,84.81,85.19,83.97,84.01,83.61,3358900
Jun 27 2013,31.46,31.51,30.79,30.87,29.48,16734600
Jun 27 2014,32.21,32.41,32.16,32.38,31.27,1435000
Jun 27 2016,46.30,46.59,45.28,45.42,44.56,5046800
Jun 27 2017,62.72,63.20,62.62,62.76,62.17,2329900
Jun 27 2018,84.33,85.25,83.36,83.36,82.96,2288100
Jun 28 2013,30.90,31.39,30.54,30.89,29.50,19415100
Jun 28 2016,45.90,46.42,45.68,46.42,45.63,3628500
Jun 28 2017,63.00,63.46,62.61,62.95,62.36,1635200
Jun 28 2018,83.36,85.28,83.34,84.83,84.42,2199500
Jun 29 2015,48.51,48.69,47.04,47.07,45.81,5149400
Jun 29 2016,46.88,47.38,46.68,47.24,46.44,3603900
Jun 29 2017,63.07,63.28,62.05,62.50,61.91,1782100
Jun 29 2018,85.48,86.41,85.14,85.19,84.78,3618500
Jun 30 2014,32.45,32.73,32.12,32.27,31.17,1847300
Jun 30 2015,47.67,48.61,47.21,48.22,46.93,4372800
Jun 30 2016,47.19,47.53,46.97,47.46,46.66,3769000
Jun 30 2017,62.46,62.93,62.37,62.38,61.79,1890200
Jul 01 2013,31.02,31.06,30.13,30.61,29.23,17601000
Jul 01 2014,32.46,32.61,32.31,32.51,31.40,2263500
Jul 01 2015,48.75,49.04,47.83,48.43,47.14,5532100
Jul 01 2016,47.50,47.98,47.35,47.45,46.65,2008300
Jul 02 2013,30.22,30.83,29.62,29.70,28.36,11157300
Jul 02 2014,32.50,32.76,32.50,32.74,31.62,1850700
Jul 02 2015,48.60,48.66,47.89,48.31,47.02,2070900
Jul 02 2018,84.78,85.67,84.20,85.65,85.24,1759000
Jul 03 2013,29.67,29.74,28.97,29.28,27.96,12930000
Jul 03 2014,32.76,32.92,32.65,32.91,31.78,1370200
Jul 03 2017,62.40,62.84,62.27,62.67,62.08,744300
Jul 03 2018,85.83,86.96,85.52,86.07,85.66,1283500
Jul 05 2013,29.81,30.18,29.78,30.17,28.81,10819200
Jul 05 2016,47.18,47.63,46.84,47.50,46.70,2655400
Jul 05 2017,62.71,62.88,62.34,62.55,61.96,3000300
Jul 05 2018,86.72,86.79,85.64,86.15,85.74,2474600
Jul 06 2015,48.04,48.40,47.77,48.40,47.11,3088100
Jul 06 2016,47.21,48.14,47.01,48.09,47.28,3451600
Jul 06 2017,62.35,62.50,61.66,61.79,61.21,2319600
Jul 06 2018,86.57,87.10,86.10,86.86,86.44,2073600
Jul 07 2014,32.88,32.89,32.56,32.56,31.45,2087600
Jul 07 2015,48.54,48.78,47.10,47.88,46.60,5656200
Jul 07 2016,48.10,48.17,47.46,47.69,46.88,2336900
Jul 07 2017,62.30,62.81,62.12,62.59,62.00,2289500
Jul 08 2013,30.45,30.97,30.22,30.94,29.54,15675100
Jul 08 2014,32.40,32.51,32.17,32.48,31.37,1846200
Jul 08 2015,47.35,47.43,46.46,46.48,45.24,3452800
Jul 08 2016,47.84,48.61,47.79,48.50,47.68,2852000
Jul 09 2013,31.12,31.40,30.94,30.98,29.58,8704800
Jul 09 2014,32.47,32.64,32.29,32.46,31.35,1339900
Jul 09 2015,47.11,47.37,46.56,46.57,45.33,3417400
Jul 09 2018,86.90,87.71,86.62,87.49,87.07,1836800
Jul 10 2013,31.08,31.24,30.47,31.04,29.64,6506200
Jul 10 2014,32.22,32.69,32.02,32.52,31.41,2003800
Jul 10 2015,47.00,47.19,46.82,46.96,45.71,2917500
Jul 10 2017,62.50,62.71,62.28,62.47,61.88,1596800
Jul 10 2018,87.02,87.34,86.09,86.22,85.81,2894800
Jul 11 2013,31.43,31.45,30.84,30.92,29.53,4486900
Jul 11 2014,32.44,32.56,32.30,32.37,31.26,1422900
Jul 11 2016,48.58,48.68,48.28,48.29,47.47,2011600
Jul 11 2017,62.41,62.50,61.96,62.21,61.62,1220200
Jul 11 2018,86.06,86.16,84.49,84.50,84.09,2960500
Jul 12 2013,31.02,31.38,31.01,31.35,29.94,5429400
Jul 12 2016,48.53,48.92,48.22,48.87,48.04,1824100
Jul 12 2017,62.45,62.94,62.41,62.56,61.97,2016200
Jul 12 2018,84.89,85.71,84.58,85.47,85.06,3629000
Jul 13 2015,47.10,47.44,46.84,47.04,45.78,3050000
Jul 13 2016,49.07,49.28,48.94,49.19,48.36,2574300
Jul 13 2017,62.56,63.09,62.49,63.05,62.46,2976100
Jul 13 2018,85.49,86.29,85.32,86.14,85.73,1948300
Jul 14 2014,32.56,32.85,32.40,32.73,31.61,1900200
Jul 14 2015,47.04,47.56,46.28,47.46,46.19,5636300
Jul 14 2016,49.62,50.06,49.37,49.98,49.13,2617900
Jul 14 2017,63.15,63.53,62.90,63.35,62.75,2131400
Jul 15 2013,31.31,31.65,31.10,31.58,30.16,4201900
Jul 15 2014,32.63,32.71,32.26,32.39,31.28,2496200
Jul 15 2015,47.50,47.63,47.01,47.11,45.85,2099400
Jul 15 2016,50.08,50.27,49.52,49.68,48.84,2089100
Jul 16 2013,31.56,31.65,31.10,31.16,29.75,4301200
Jul 16 2014,32.43,32.70,32.35,32.63,31.51,1768100
Jul 16 2015,47.39,48.22,47.39,48.00,46.72,3423500
Jul 16 2018,86.31,86.31,84.50,84.58,84.17,2473300
Jul 17 2013,31.23,31.23,30.85,30.99,29.59,3545800
Jul 17 2014,32.43,32.51,32.15,32.21,31.11,2154100
Jul 17 2015,48.00,48.30,47.72,47.80,46.52,2324000
Jul 17 2017,63.45,63.51,63.03,63.07,62.48,1695800
Jul 17 2018,84.33,86.07,84.33,85.77,85.36,2269600
Jul 18 2013,31.11,31.20,30.77,30.82,29.43,4053700
Jul 18 2014,32.15,32.74,32.07,32.69,31.57,3261000
Jul 18 2016,49.69,50.21,49.58,49.72,48.88,2756800
Jul 18 2017,63.00,63.00,62.26,62.46,61.87,1808400
Jul 18 2018,85.64,86.08,85.31,85.95,85.54,1699800
Jul 19 2013,30.79,30.80,30.12,30.24,28.88,8946200
Jul 19 2016,49.50,49.74,49.00,49.37,48.53,2305700
Jul 19 2017,62.71,62.79,62.29,62.42,61.83,1850600
Jul 19 2018,85.38,85.62,84.78,85.42,85.14,1405800
Jul 20 2015,48.10,49.03,48.02,48.98,47.67,3364200
Jul 20 2016,49.52,50.34,49.46,50.25,49.40,2530800
Jul 20 2017,62.56,62.94,62.52,62.75,62.16,1394600
Jul 20 2018,85.20,85.91,85.02,85.29,85.01,1977600
Jul 21 2014,32.61,32.88,32.60,32.85,31.73,2513300
Jul 21 2015,49.70,49.75,48.93,49.12,47.81,4412700
Jul 21 2016,50.21,50.39,50.01,50.14,49.29,1710800
Jul 21 2017,62.75,63.42,62.39,63.16,62.57,2097200
Jul 22 2013,30.36,30.59,30.16,30.27,28.90,4255800
Jul 22 2014,32.96,33.23,32.83,32.87,31.75,2590600
Jul 22 2015,49.05,50.06,49.02,50.02,48.69,2937300
Jul 22 2016,50.17,50.36,49.87,50.26,49.41,1308000
Jul 23 2013,30.41,30.44,29.76,30.06,28.70,5091800
Jul 23 2014,32.85,32.94,32.78,32.84,31.72,2078600
Jul 23 2015,49.96,50.39,49.51,49.85,48.52,2457900
Jul 23 2018,85.14,85.16,83.80,83.96,83.68,3026900
Jul 24 2013,30.13,30.55,29.66,29.90,28.55,4890100
Jul 24 2014,32.90,32.97,32.76,32.89,31.77,2007900
Jul 24 2015,49.90,50.30,49.33,49.49,48.17,2081000
Jul 24 2017,63.20,63.46,63.05,63.29,62.69,1811900
Jul 24 2018,84.52,84.99,83.31,83.50,83.22,2952500
Jul 25 2013,29.88,30.55,29.71,30.52,29.14,5472900
Jul 25 2014,32.77,32.90,32.68,32.82,31.70,1579600
Jul 25 2016,50.19,50.24,49.73,49.99,49.14,2053700
Jul 25 2017,62.98,63.03,61.12,61.28,60.70,6067900
Jul 25 2018,83.25,85.78,83.25,85.64,85.35,2496200
Jul 26 2013,30.40,30.53,30.00,30.43,29.06,5051600
Jul 26 2016,50.00,50.05,49.69,49.92,49.07,2582500
Jul 26 2017,60.88,62.20,60.80,62.06,61.48,3153600
Jul 26 2018,85.79,86.15,85.15,85.54,85.25,2717400
Jul 27 2015,49.39,49.57,48.77,49.48,48.16,1683500
Jul 27 2016,49.92,50.06,49.63,49.85,49.01,3930000
Jul 27 2017,62.06,62.20,61.70,62.01,61.43,2090500
Jul 27 2018,85.63,85.65,84.40,85.20,84.92,2998200
Jul 28 2014,32.77,32.97,32.67,32.86,31.74,1627800
Jul 28 2015,49.52,49.57,48.17,48.85,47.55,4846300
Jul 28 2016,49.85,50.17,49.57,50.06,49.21,2852900
Jul 28 2017,62.15,62.65,62.06,62.21,61.62,1540600
Jul 29 2013,30.27,30.54,29.98,30.09,28.73,4123600
Jul 29 2014,32.80,33.22,32.70,33.03,31.90,2994400
Jul 29 2015,49.10,49.16,47.87,48.40,47.11,3629900
Jul 29 2016,49.99,50.58,49.97,50.47,49.61,3501500
Jul 30 2013,30.15,30.32,29.89,30.04,28.75,4630100
Jul 30 2014,33.15,33.25,32.92,33.14,32.01,1800600
Jul 30 2015,47.96,48.72,47.96,48.55,47.25,1576800
Jul 30 2018,85.23,85.40,84.21,84.49,84.21,2174900
Jul 31 2013,30.00,30.19,29.80,29.81,28.53,5375100
Jul 31 2014,32.91,33.13,32.87,32.91,31.78,3002700
Jul 31 2015,48.82,49.45,48.74,48.98,47.67,2539800
Jul 31 2017,62.45,62.83,62.32,62.52,61.93,2130400
Jul 31 2018,84.82,86.75,84.82,86.48,86.19,3692500
Aug 01 2013,29.97,30.21,29.46,30.16,28.86,8105500
Aug 01 2014,32.77,33.04,32.59,32.74,31.62,5381100
Aug 01 2016,50.47,50.74,50.37,50.40,49.55,3715300
Aug 01 2017,62.60,62.69,61.92,62.27,61.68,1751000
Aug 01 2018,86.05,87.17,85.97,86.02,85.73,2775900
Aug 02 2013,30.12,30.96,29.91,30.94,29.61,5187500
Aug 02 2016,50.22,50.25,49.29,49.72,48.88,5500500
Aug 02 2017,62.04,62.21,61.38,61.54,60.96,1831100
Aug 02 2018,85.78,91.80,85.00,91.43,91.13,4942800
Aug 03 2015,49.16,49.49,47.99,48.48,47.19,3559500
Aug 03 2016,52.15,52.18,50.72,51.21,50.34,5425500
Aug 03 2017,61.23,62.47,61.20,62.28,61.69,1768800
Aug 03 2018,91.43,91.99,89.26,91.63,91.32,4377700
Aug 04 2014,32.72,33.35,32.58,33.24,32.10,4676100
Aug 04 2015,49.11,50.00,48.28,48.85,47.55,4867300
Aug 04 2016,51.53,51.99,51.19,51.41,50.54,4515400
Aug 04 2017,62.37,62.85,61.86,62.12,61.54,1277500
Aug 05 2013,30.47,31.39,30.47,31.25,29.90,7283300
Aug 05 2014,32.57,32.88,31.98,32.21,31.11,5933100
Aug 05 2015,48.95,49.12,48.52,48.61,47.31,4118200
Aug 05 2016,51.74,51.74,51.02,51.09,50.22,4222000
Aug 06 2013,31.68,32.50,31.09,31.13,29.79,12471200
Aug 06 2014,32.03,32.37,32.01,32.30,31.20,3163800
Aug 06 2015,49.56,50.25,47.97,48.28,46.99,3223400
Aug 06 2018,91.93,92.85,91.21,92.58,92.27,2644900
Aug 07 2013,31.10,31.40,30.65,31.24,29.90,5920100
Aug 07 2014,32.37,32.48,31.67,31.79,30.70,3747800
Aug 07 2015,48.12,48.47,47.44,48.31,47.02,3466000
Aug 07 2017,62.12,62.34,61.25,61.83,61.25,4208300
Aug 07 2018,92.94,93.03,91.97,92.49,92.18,2051900
Aug 08 2013,31.40,31.83,31.18,31.24,29.90,7161900
Aug 08 2014,31.80,32.34,31.80,32.32,31.21,2191500
Aug 08 2016,51.02,51.06,50.48,50.80,49.94,5174600
Aug 08 2017,60.49,61.00,59.50,60.00,59.44,4663700
Aug 08 2018,92.50,93.57,92.25,93.23,92.92,1918000
Aug 09 2013,31.14,31.24,30.78,30.91,29.58,2784100
Aug 09 2016,50.83,50.98,50.64,50.93,50.07,3666700
Aug 09 2017,59.95,60.87,59.76,60.81,60.24,4017300
Aug 09 2018,93.37,93.67,92.03,92.40,92.09,2347000
Aug 10 2015,48.50,49.09,48.28,48.39,47.10,3064500
Aug 10 2016,50.77,52.00,50.61,51.81,50.93,5086400
Aug 10 2017,60.87,61.37,59.71,59.74,59.18,2690700
Aug 10 2018,92.18,92.71,91.48,91.70,91.39,1684600
Aug 11 2014,32.46,32.65,32.38,32.60,31.49,2282500
Aug 11 2015,48.07,48.54,47.84,48.21,47.00,1794100
Aug 11 2016,51.89,52.16,51.64,52.07,51.19,3050700
Aug 11 2017,60.05,60.22,59.64,59.73,59.17,2285200
Aug 12 2013,30.68,30.99,30.04,30.33,29.02,5793700
Aug 12 2014,32.48,32.69,32.35,32.45,31.34,2837900
Aug 12 2015,47.90,48.08,46.88,47.86,46.66,3520300
Aug 12 2016,51.93,52.10,51.70,51.98,51.10,1980700
Aug 13 2013,30.50,30.75,30.20,30.45,29.14,3116200
Aug 13 2014,32.71,33.04,32.69,32.87,31.75,3729200
Aug 13 2015,47.82,48.38,47.60,47.66,46.47,2574800
Aug 13 2018,91.71,92.45,91.16,91.26,90.96,1439300
Aug 14 2013,30.50,30.63,30.08,30.14,28.84,3858200
Aug 14 2014,32.93,33.10,32.87,33.07,31.94,2562500
Aug 14 2015,47.65,47.65,46.94,47.47,46.28,2565400
Aug 14 2017,60.19,60.83,60.04,60.74,60.17,2475400
Aug 14 2018,91.64,91.90,91.11,91.37,91.07,2385100
Aug 15 2013,29.94,30.16,29.79,30.02,28.73,5818900
Aug 15 2014,33.13,33.70,33.13,33.69,32.54,3843000
Aug 15 2016,52.16,52.48,52.08,52.38,51.49,2280700
Aug 15 2017,60.86,61.68,60.56,61.03,60.46,2220800
Aug 15 2018,91.07,91.28,90.41,90.85,90.55,2017300
Aug 16 2013,29.94,30.20,29.75,30.00,28.71,3678800
Aug 16 2016,52.16,52.46,51.94,52.09,51.21,2696900
Aug 16 2017,61.27,61.54,61.08,61.50,60.92,1388900
Aug 16 2018,91.31,92.09,90.88,91.54,91.23,2462400
Aug 17 2015,47.30,48.71,47.26,48.69,47.47,1849600
Aug 17 2016,52.30,52.37,51.69,52.30,51.41,3027600
Aug 17 2017,61.42,61.97,60.88,60.90,60.33,1765700
Aug 17 2018,91.44,91.79,90.67,91.47,91.17,2712500
Aug 18 2014,33.75,34.01,33.70,33.93,32.84,3459500
Aug 18 2015,48.59,48.78,47.69,47.73,46.54,2847800
Aug 18 2016,52.40,52.64,52.09,52.29,51.40,1842500
Aug 18 2017,60.71,61.08,60.44,60.75,60.18,1513100
Aug 19 2013,29.91,30.30,29.84,29.87,28.58,2480600
Aug 19 2014,33.95,34.57,33.89,34.52,33.41,2922500
Aug 19 2015,47.45,48.18,47.22,47.91,46.71,2153500
Aug 19 2016,52.06,52.61,52.06,52.54,51.65,2713900
Aug 20 2013,29.86,30.41,29.71,30.23,28.93,3804100
Aug 20 2014,34.52,34.85,34.45,34.79,33.67,2720500
Aug 20 2015,47.36,47.68,46.28,46.38,45.22,2515600
Aug 20 2018,91.60,92.59,91.60,92.16,91.85,1175900
Aug 21 2013,30.07,30.19,29.60,29.85,28.57,3531400
Aug 21 2014,34.77,34.98,34.69,34.89,33.77,2041800
Aug 21 2015,45.85,46.32,45.01,45.02,43.89,3775200
Aug 21 2017,60.82,61.47,60.65,61.35,60.77,1806300
Aug 21 2018,92.54,92.97,91.87,92.09,91.78,1220400
Aug 22 2013,29.83,30.01,29.57,29.87,28.58,3030800
Aug 22 2014,34.82,34.94,34.73,34.89,33.77,2300500
Aug 22 2016,52.00,52.27,51.11,51.23,50.36,5297800
Aug 22 2017,61.26,61.81,61.10,61.60,61.02,3459300
Aug 22 2018,89.56,90.41,89.15,89.67,89.37,2831000
Aug 23 2013,29.88,30.23,29.64,30.20,28.90,2531600
Aug 23 2016,51.39,51.64,51.23,51.25,50.38,3518500
Aug 23 2017,61.44,61.60,61.23,61.36,60.78,1597900
Aug 23 2018,89.80,90.20,89.25,89.67,89.37,1899800
Aug 24 2015,42.51,44.97,37.73,43.53,42.44,5725500
Aug 24 2016,51.26,51.42,50.56,50.63,49.77,3262800
Aug 24 2017,61.61,61.61,61.15,61.39,60.81,2099000
Aug 24 2018,89.82,90.20,89.31,89.60,89.30,1655600
Aug 25 2014,35.00,35.03,34.81,34.90,33.78,2417200
Aug 25 2015,44.59,44.84,42.56,42.56,41.50,3814300
Aug 25 2016,50.62,51.03,50.36,50.47,49.61,2919300
Aug 25 2017,61.73,61.97,61.24,61.33,60.75,1965900
Aug 26 2013,30.16,30.16,29.65,29.80,28.52,7179000
Aug 26 2014,34.98,35.21,34.84,35.13,34.00,2956600
Aug 26 2015,43.55,44.33,41.99,44.25,43.14,5873300
Aug 26 2016,50.66,51.16,50.47,50.76,49.90,2707100
Aug 27 2013,29.53,29.67,29.00,29.20,27.94,8103500
Aug 27 2014,35.18,35.48,35.07,35.34,34.20,2746100
Aug 27 2015,44.71,46.15,44.11,45.86,44.71,4602100
Aug 27 2018,89.92,90.03,89.29,89.38,89.08,1536900
Aug 28 2013,29.07,29.83,28.81,29.57,28.30,7067300
Aug 28 2014,35.17,35.38,35.07,35.33,34.19,3760400
Aug 28 2015,46.01,46.13,45.06,45.78,44.63,2711400
Aug 28 2017,61.53,61.84,61.38,61.54,60.96,2102100
Aug 28 2018,89.51,89.58,88.66,89.55,89.25,2129900
Aug 29 2013,29.43,29.61,29.22,29.47,28.20,1590600
Aug 29 2014,35.33,35.44,35.01,35.44,34.30,1190900
Aug 29 2016,50.76,50.96,50.42,50.76,49.90,2360600
Aug 29 2017,61.36,61.67,61.08,61.50,60.92,1331300
Aug 29 2018,89.51,90.10,89.03,89.83,89.53,1667100
Aug 30 2013,29.45,29.50,29.04,29.15,27.90,2296300
Aug 30 2016,50.68,50.90,50.37,50.75,49.89,2878600
Aug 30 2017,61.52,62.19,61.50,61.94,61.36,2101800
Aug 30 2018,89.77,90.51,89.31,89.81,89.51,1443000
Aug 31 2015,45.74,45.91,44.77,44.87,43.75,2557600
Aug 31 2016,50.74,51.18,50.48,51.10,50.23,3446700
Aug 31 2017,62.16,62.82,61.88,62.70,62.11,2934200
Aug 31 2018,89.76,90.77,89.68,90.60,90.30,2018400
Sep 01 2015,43.95,44.89,43.78,43.98,42.88,4346100
Sep 01 2016,51.15,51.15,50.62,51.11,50.24,2695000
Sep 01 2017,62.75,62.97,62.43,62.87,62.28,1407500
Sep 02 2014,35.44,35.59,35.32,35.48,34.34,1654000
Sep 02 2015,44.52,45.16,43.90,45.12,43.99,2699700
Sep 02 2016,51.34,51.40,51.08,51.26,50.39,2226500
Sep 03 2013,29.46,29.77,29.19,29.43,28.16,2052100
Sep 03 2014,36.63,36.65,35.53,35.76,34.61,4220600
Sep 03 2015,45.32,45.62,44.32,44.53,43.42,2932500
Sep 04 2013,29.45,29.71,29.35,29.69,28.41,3187200
Sep 04 2014,35.77,35.89,35.39,35.51,34.37,2383100
Sep 04 2015,43.97,44.73,43.53,44.01,42.91,4195500
Sep 04 2018,90.81,91.21,89.69,89.97,89.67,1939000
Sep 05 2013,29.72,30.49,29.66,30.33,29.02,5688100
Sep 05 2014,35.61,36.05,35.45,36.04,34.88,1602900
Sep 05 2017,62.70,63.25,62.64,63.17,62.58,2859900
Sep 05 2018,89.77,89.77,88.85,89.06,88.76,2167200
Sep 06 2013,30.45,30.95,29.97,30.61,29.29,5245900
Sep 06 2016,51.41,51.71,51.16,51.29,50.42,3957400
Sep 06 2017,63.55,63.60,63.06,63.39,62.79,3216100
Sep 06 2018,89.31,89.97,88.96,89.74,89.44,1883500
Sep 07 2016,51.44,52.05,51.39,52.04,51.16,3766400
Sep 07 2017,63.58,65.12,63.23,64.85,64.24,2558500
Sep 07 2018,89.35,89.66,88.92,89.43,89.13,1987000
Sep 08 2014,36.00,36.31,35.95,36.28,35.11,1913500
Sep 08 2015,44.72,44.94,43.82,44.89,43.77,4134900
Sep 08 2016,52.03,52.10,51.30,51.41,50.54,5513000
Sep 08 2017,64.85,65.08,64.62,64.70,64.09,2608200
Sep 09 2013,30.64,31.00,30.36,30.59,29.27,2723800
Sep 09 2014,36.25,36.30,36.01,36.18,35.02,2832500
Sep 09 2015,45.18,45.26,43.85,43.95,42.85,2905300
Sep 09 2016,51.23,51.23,50.38,50.39,49.54,3173300
Sep 10 2013,31.33,31.82,30.86,30.95,29.62,5024400
Sep 10 2014,36.31,36.34,35.88,36.24,35.08,2287400
Sep 10 2015,43.93,44.93,43.80,44.34,43.23,2871200
Sep 10 2018,89.83,90.06,88.59,88.87,88.57,1289600
Sep 11 2013,31.36,31.46,30.89,31.33,29.98,6367900
Sep 11 2014,36.15,36.29,36.09,36.27,35.10,1768900
Sep 11 2015,44.60,45.13,44.12,45.00,43.87,2476200
Sep 11 2017,65.33,65.39,64.52,65.28,64.67,1842400
Sep 11 2018,88.56,88.88,87.93,88.24,87.95,2094600
Sep 12 2013,31.36,31.39,30.82,31.08,29.74,2881300
Sep 12 2014,36.21,36.24,36.09,36.18,35.02,1920000
Sep 12 2016,50.19,51.34,50.07,51.15,50.28,5678000
Sep 12 2017,65.25,65.50,65.18,65.40,64.78,1832000
Sep 12 2018,88.45,89.02,88.00,88.79,88.49,1631100
Sep 13 2013,31.07,31.30,30.91,31.05,29.71,3087300
Sep 13 2016,50.73,50.92,50.19,50.32,49.47,3880000
Sep 13 2017,65.32,65.83,65.22,65.28,64.67,1517200
Sep 13 2018,89.22,89.89,88.84,89.70,89.40,2277900
Sep 14 2015,44.87,45.00,44.19,44.47,43.36,2182200
Sep 14 2016,50.42,50.83,50.35,50.55,49.69,3544600
Sep 14 2017,65.10,65.27,64.77,65.25,64.64,2584700
Sep 14 2018,89.71,89.72,88.85,89.01,88.71,2607900
Sep 15 2014,36.25,36.32,36.13,36.27,35.10,2164600
Sep 15 2015,44.70,45.13,44.48,45.06,43.93,1949000
Sep 15 2016,50.71,50.93,50.20,50.72,49.86,3331000
Sep 15 2017,65.41,65.64,64.87,65.20,64.59,2115400
Sep 16 2013,31.44,32.18,31.39,31.85,30.48,7069200
Sep 16 2014,36.28,36.55,36.20,36.49,35.32,2253000
Sep 16 2015,44.79,44.85,43.70,44.51,43.40,4242600
Sep 16 2016,50.87,50.87,50.30,50.51,49.65,8679600
Sep 17 2013,32.01,32.52,31.98,32.38,30.99,4616300
Sep 17 2014,36.54,36.68,36.34,36.65,35.47,2525600
Sep 17 2015,44.75,46.63,44.75,46.01,44.86,5470500
Sep 17 2018,89.06,89.28,88.03,88.30,88.01,1667200
Sep 18 2013,32.28,32.73,31.96,32.72,31.31,3913200
Sep 18 2014,36.74,37.08,36.63,36.70,35.52,2336300
Sep 18 2015,45.31,45.70,44.90,45.12,43.99,7969300
Sep 18 2017,65.31,65.42,64.64,65.20,64.59,1584900
Sep 18 2018,88.17,89.49,88.15,89.18,88.88,1722300
Sep 19 2013,32.80,32.90,32.16,32.51,31.11,4128700
Sep 19 2014,36.84,37.31,36.84,37.20,36.00,6105100
Sep 19 2016,50.65,50.84,50.27,50.32,49.47,2427300
Sep 19 2017,65.38,65.41,64.53,64.78,64.17,2005800
Sep 19 2018,89.14,89.69,88.79,89.08,88.78,2273400
Sep 20 2013,32.68,32.75,31.87,32.19,30.80,11372300
Sep 20 2016,50.65,50.75,50.51,50.60,49.74,1722800
Sep 20 2017,64.72,65.08,64.01,64.48,63.87,2634700
Sep 20 2018,89.72,90.50,89.32,90.06,89.76,3427700
Sep 21 2015,45.28,45.57,44.11,44.50,43.39,2502700
Sep 21 2016,50.60,51.12,50.42,51.06,50.19,2487000
Sep 21 2017,64.50,64.86,64.20,64.24,63.64,1232200
Sep 21 2018,90.03,90.93,89.79,89.83,89.53,3448400
Sep 22 2014,37.22,37.30,36.50,36.62,35.44,4951100
Sep 22 2015,44.01,44.52,43.74,44.23,43.12,2368400
Sep 22 2016,51.20,51.82,51.15,51.63,50.76,3172900
Sep 22 2017,64.30,64.55,63.94,64.16,63.56,1538400
Sep 23 2013,32.19,32.19,31.35,31.58,30.22,3322100
Sep 23 2014,36.31,36.49,35.85,35.88,34.73,4421800
Sep 23 2015,44.20,44.66,43.99,44.32,43.21,1802500
Sep 23 2016,51.63,51.77,51.33,51.51,50.64,2560500
Sep 24 2013,31.62,31.66,31.21,31.48,30.13,2212100
Sep 24 2014,35.99,36.63,35.95,36.58,35.40,4714100
Sep 24 2015,44.13,44.20,43.01,43.59,42.50,3202000
Sep 24 2018,89.56,89.97,88.99,89.65,89.35,1526200
Sep 25 2013,31.48,31.59,31.03,31.06,29.72,3165800
Sep 25 2014,36.57,36.59,36.12,36.30,35.13,2062000
Sep 25 2015,44.11,44.14,41.88,42.51,41.45,3498000
Sep 25 2017,64.18,64.28,63.51,63.67,63.07,2214300
Sep 25 2018,90.27,90.87,90.13,90.26,89.96,1800500
Sep 26 2013,31.22,31.64,31.20,31.58,30.22,2289100
Sep 26 2014,36.36,36.75,36.19,36.63,35.45,2124800
Sep 26 2016,51.40,51.40,51.06,51.21,50.34,3267000
Sep 26 2017,63.71,64.14,63.29,63.33,62.73,1580000
Sep 26 2018,90.45,91.33,90.26,90.36,90.06,2336200
Sep 27 2013,31.56,31.60,31.05,31.15,29.81,2391000
Sep 27 2016,51.20,51.88,50.89,51.87,50.99,3203400
Sep 27 2017,63.39,63.68,63.02,63.21,62.62,1959700
Sep 27 2018,90.59,91.50,90.59,91.20,90.90,1411300
Sep 28 2015,42.27,42.30,39.38,39.96,38.96,8954900
Sep 28 2016,51.98,52.17,51.22,51.75,50.87,2842300
Sep 28 2017,63.37,63.73,62.79,63.32,62.72,1689700
Sep 28 2018,91.08,91.79,90.77,91.56,91.25,1710900
Sep 29 2014,36.30,36.81,36.17,36.79,35.61,2075600
Sep 29 2015,40.30,40.77,38.98,39.65,38.66,7328400
Sep 29 2016,51.74,51.91,50.93,51.02,50.16,2877900
Sep 29 2017,63.36,63.78,62.89,63.76,63.16,1981400
Sep 30 2013,31.10,31.32,30.93,31.12,29.78,2890400
Sep 30 2014,37.05,37.11,36.77,36.95,35.76,3412900
Sep 30 2015,40.63,41.22,40.35,41.18,40.15,4908500
Sep 30 2016,51.14,52.12,50.95,52.01,51.13,3971600
Oct 01 2013,31.12,32.04,31.01,31.78,30.41,3263200
Oct 01 2014,36.87,37.01,36.23,36.45,35.28,5508300
Oct 01 2015,41.07,41.34,40.37,41.29,40.26,4131800
Oct 01 2018,92.03,92.07,91.21,91.66,91.35,1891200
Oct 02 2013,31.67,32.13,31.43,32.00,30.62,3071500
Oct 02 2014,36.58,36.97,36.46,36.91,35.72,3670200
Oct 02 2015,40.63,43.04,40.49,43.02,41.94,4036800
Oct 02 2017,63.84,64.39,63.69,63.75,63.15,1838500
Oct 02 2018,91.56,92.09,91.20,91.83,91.52,2170100
Oct 03 2013,31.79,31.82,31.34,31.48,30.13,2520500
Oct 03 2014,36.87,37.73,36.87,37.67,36.46,5948500
Oct 03 2016,51.76,52.43,51.63,52.36,51.47,2412700
Oct 03 2017,63.75,64.10,63.40,63.59,62.99,1809500
Oct 03 2018,92.32,94.31,92.20,93.53,93.22,3142100
Oct 04 2013,32.29,32.56,31.64,32.05,30.67,5795500
Oct 04 2016,52.43,52.61,51.78,52.31,51.42,3189800
Oct 04 2017,63.68,64.01,63.48,63.57,62.97,1954400
Oct 04 2018,93.28,93.50,90.57,91.07,90.77,2433800
Oct 05 2015,43.15,43.39,42.35,42.85,41.78,5467700
Oct 05 2016,52.31,52.42,51.95,52.18,51.30,2607500
Oct 05 2017,63.42,63.99,63.28,63.75,63.15,2345500
Oct 05 2018,91.21,92.94,91.21,91.95,91.64,1723500
Oct 06 2014,37.81,37.97,37.60,37.66,36.45,2693400
Oct 06 2015,42.78,43.10,41.19,41.39,40.35,4622200
Oct 06 2016,51.94,52.02,51.40,51.65,50.77,2702500
Oct 06 2017,63.75,63.96,63.58,63.75,63.15,2543600
Oct 07 2013,31.70,32.38,31.59,31.93,30.56,4420200
Oct 07 2014,37.40,37.56,36.62,36.71,35.53,8116900
Oct 07 2015,41.59,42.71,41.23,42.67,41.60,4157200
Oct 07 2016,52.08,52.21,51.55,51.85,50.97,3323600
Oct 08 2013,31.86,32.09,31.46,31.53,30.17,4152500
Oct 08 2014,36.80,37.57,36.63,37.55,36.34,3565700
Oct 08 2015,42.56,43.40,41.98,43.22,42.14,4434600
Oct 08 2018,91.64,92.50,90.73,91.47,91.17,1589200
Oct 09 2013,31.73,31.73,31.08,31.43,30.08,3379900
Oct 09 2014,37.49,37.63,36.90,37.02,35.83,4336700
Oct 09 2015,43.11,43.31,42.77,42.80,41.73,2863000
Oct 09 2017,63.81,63.87,63.51,63.73,63.13,1257600
Oct 09 2018,91.23,93.03,91.03,92.55,92.24,1987900
Oct 10 2013,31.78,32.36,31.47,32.36,30.97,4397600
Oct 10 2014,37.02,37.30,36.64,36.68,35.50,3689300
Oct 10 2016,52.00,53.14,52.00,52.69,51.80,3118800
Oct 10 2017,63.75,64.03,63.44,63.99,63.39,2014600
Oct 10 2018,92.77,92.82,89.53,89.63,89.33,2140900
Oct 11 2013,32.44,32.77,32.03,32.40,31.01,6164800
Oct 11 2016,52.31,52.35,50.23,50.96,50.10,7512200
Oct 11 2017,63.90,64.28,63.79,64.28,63.68,1612000
Oct 11 2018,89.84,90.16,86.40,87.00,86.71,3134500
Oct 12 2015,42.88,43.07,42.43,42.71,41.64,2848100
Oct 12 2016,51.03,51.57,50.79,51.42,50.55,4602000
Oct 12 2017,64.24,64.94,64.19,64.91,64.30,1837900
Oct 12 2018,88.15,89.27,87.59,88.90,88.60,2436700
Oct 13 2014,36.67,36.67,35.53,35.57,34.43,6676400
Oct 13 2015,42.54,43.12,42.19,42.32,41.26,3285500
Oct 13 2016,51.13,51.20,50.65,51.02,50.16,2812200
Oct 13 2017,64.93,65.53,64.72,65.44,64.82,2401600
Oct 14 2013,32.03,32.46,31.86,32.29,30.90,2527800
Oct 14 2014,35.83,36.16,35.46,35.87,34.72,3078700
Oct 14 2015,42.34,42.96,42.13,42.38,41.32,2940800
Oct 14 2016,51.16,51.17,50.18,50.18,49.33,2485400
Oct 15 2013,32.22,32.42,32.00,32.07,30.69,2326600
Oct 15 2014,35.36,35.39,34.16,35.26,34.13,7155800
Oct 15 2015,41.69,43.12,41.58,43.00,41.92,2481500
Oct 15 2018,90.29,90.98,89.37,90.08,89.78,2550900
Oct 16 2013,32.26,32.97,32.26,32.89,31.47,3625900
Oct 16 2014,34.74,35.52,34.18,35.07,33.94,4181300
Oct 16 2015,43.21,44.14,43.19,43.93,42.83,4120400
Oct 16 2017,65.59,65.80,65.36,65.71,65.09,2453400
Oct 16 2018,90.85,91.96,90.29,91.81,91.50,2337600
Oct 17 2013,32.83,33.19,32.77,33.03,31.61,2891500
Oct 17 2014,35.40,35.60,34.95,35.37,34.23,3438500
Oct 17 2016,50.15,50.29,49.87,50.03,49.18,2644600
Oct 17 2017,65.65,66.11,65.43,65.81,65.19,2251600
Oct 17 2018,91.79,92.98,91.52,92.79,92.48,2127100
Oct 18 2013,33.16,33.30,32.85,33.22,31.79,3979400
Oct 18 2016,50.57,51.13,50.51,51.06,50.19,2028100
Oct 18 2017,65.91,65.91,65.25,65.56,64.94,1723200
Oct 18 2018,92.48,92.94,91.21,91.83,91.52,1663700
Oct 19 2015,43.81,44.01,43.23,43.78,42.68,1924800
Oct 19 2016,51.39,51.39,50.82,51.11,50.24,1605200
Oct 19 2017,65.50,65.69,65.16,65.58,64.96,1572000
Oct 19 2018,91.72,92.68,91.24,91.47,91.17,1735400
Oct 20 2014,35.37,35.69,35.31,35.41,34.27,2543800
Oct 20 2015,43.66,43.78,42.83,43.09,42.01,2810000
Oct 20 2016,51.08,51.41,50.97,51.30,50.43,1497800
Oct 20 2017,65.63,65.99,65.24,65.94,65.32,1690100
Oct 21 2013,33.16,33.34,32.62,32.77,31.36,2677800
Oct 21 2014,35.57,36.18,35.54,36.09,34.93,4772800
Oct 21 2015,43.38,43.56,39.53,41.66,40.62,9647400
Oct 21 2016,50.98,51.17,50.70,50.94,50.08,2032200
Oct 22 2013,32.92,33.00,32.26,32.51,31.11,3084600
Oct 22 2014,36.06,36.34,35.88,35.89,34.74,2263500
Oct 22 2015,41.69,41.90,39.98,40.80,39.78,8908000
Oct 22 2018,91.73,92.93,91.16,92.80,92.49,2750200
Oct 23 2013,32.48,32.90,32.48,32.60,31.20,2817700
Oct 23 2014,35.80,36.45,35.47,36.11,34.95,2925800
Oct 23 2015,41.16,43.18,41.05,42.54,41.48,7391500
Oct 23 2017,66.20,66.35,65.27,65.28,64.67,1782100
Oct 23 2018,91.30,92.38,89.91,91.47,91.17,2941800
Oct 24 2013,32.75,32.89,32.50,32.74,31.33,2351500
Oct 24 2014,36.20,36.60,36.10,36.58,35.40,1419000
Oct 24 2016,51.06,51.19,50.81,51.03,50.17,1674000
Oct 24 2017,65.33,65.73,64.84,64.98,64.37,1780700
Oct 24 2018,91.38,92.41,88.61,88.77,88.47,2909600
Oct 25 2013,32.80,32.80,32.35,32.47,31.07,1480800
Oct 25 2016,50.46,50.46,49.64,49.99,49.14,3556800
Oct 25 2017,64.81,64.99,64.28,64.38,63.77,1964400
Oct 25 2018,88.96,91.12,88.00,90.47,90.17,1745300
Oct 26 2015,42.44,42.96,41.99,42.35,41.29,2929300
Oct 26 2016,49.56,49.64,48.73,48.77,47.94,3930100
Oct 26 2017,64.59,64.59,63.59,63.74,63.14,3112800
Oct 26 2018,89.51,90.06,87.75,88.85,88.55,2284700
Oct 27 2014,36.60,36.78,36.49,36.57,35.39,2511400
Oct 27 2015,42.51,43.36,42.29,42.74,41.67,4570300
Oct 27 2016,49.12,49.25,48.66,48.77,47.94,2564500
Oct 27 2017,63.76,64.37,63.52,64.05,63.45,2911700
Oct 28 2013,32.53,32.53,31.94,31.98,30.60,3636400
Oct 28 2014,36.66,37.02,36.51,37.01,35.82,1533400
Oct 28 2015,42.69,43.79,42.31,43.34,42.26,3219100
Oct 28 2016,48.49,48.72,47.90,48.56,47.74,3621800
Oct 29 2013,31.99,32.30,31.92,32.03,30.65,2912000
Oct 29 2014,36.88,36.94,36.31,36.62,35.44,2269900
Oct 29 2015,43.31,43.91,43.24,43.55,42.46,2791000
Oct 29 2018,89.80,91.27,88.44,89.65,89.35,1965600
Oct 30 2013,32.17,32.61,31.95,32.06,30.74,4398600
Oct 30 2014,36.63,37.40,36.55,37.32,36.12,2137900
Oct 30 2015,43.38,43.69,42.89,43.01,41.93,3774400
Oct 30 2017,64.05,64.05,63.03,63.24,62.65,3912200
Oct 30 2018,89.25,91.05,89.04,90.18,89.88,2446800
Oct 31 2013,32.00,32.28,31.66,31.66,30.36,4241700
Oct 31 2014,37.74,37.91,37.05,37.16,35.97,2589500
Oct 31 2016,48.69,48.78,47.76,47.80,46.99,4635800
Oct 31 2017,63.41,64.14,63.25,63.82,63.22,3798400
Oct 31 2018,91.19,91.49,90.07,90.15,89.85,4295600
Nov 01 2013,31.77,31.93,31.38,31.84,30.53,5890500
Nov 01 2016,47.61,47.90,46.86,47.25,46.54,8722800
Nov 01 2017,64.20,65.08,64.02,64.51,63.90,3066000
Nov 01 2018,93.77,96.57,91.96,94.25,93.94,4277000
Nov 02 2015,43.54,44.52,43.17,44.24,43.13,4298800
Nov 02 2016,50.91,50.98,48.83,50.11,49.36,8106200
Nov 02 2017,64.30,67.85,64.30,67.31,66.68,5185600
Nov 02 2018,94.36,95.30,91.64,92.77,92.46,2685300
Nov 03 2014,37.08,37.82,37.02,37.72,36.58,4071300
Nov 03 2015,46.47,46.90,45.40,46.63,45.55,8007200
Nov 03 2016,50.17,50.22,48.71,48.95,48.22,4550200
Nov 03 2017,67.77,68.80,67.44,68.69,68.04,4320700
Nov 04 2013,31.84,31.99,31.52,31.93,30.62,3838900
Nov 04 2014,38.01,39.12,38.01,39.12,37.94,9723700
Nov 04 2015,46.65,47.14,46.23,46.55,45.47,7718100
Nov 04 2016,49.06,50.22,48.97,49.94,49.19,4234200
Nov 05 2013,31.90,31.97,31.26,31.69,30.39,6642200
Nov 05 2014,39.29,39.41,38.76,39.27,38.08,11878900
Nov 05 2015,46.56,46.78,44.92,45.46,44.41,5177500
Nov 05 2018,93.00,93.27,90.50,92.72,92.41,3133100
Nov 06 2013,32.08,32.18,30.89,31.27,29.98,6722800
Nov 06 2014,39.35,39.72,39.27,39.71,38.51,4457100
Nov 06 2015,45.40,46.28,44.83,45.97,44.90,3496200
Nov 06 2017,68.92,70.48,68.85,69.71,69.05,3884100
Nov 06 2018,92.79,93.00,91.78,92.76,92.45,2478900
Nov 07 2013,31.38,31.53,30.86,31.04,29.76,5204600
Nov 07 2014,39.65,40.30,39.62,40.23,39.01,6819000
Nov 07 2016,50.62,50.84,49.82,49.98,49.23,9364500
Nov 07 2017,69.73,70.26,68.15,68.45,67.81,5010100
Nov 07 2018,93.49,95.46,93.49,95.19,94.87,2613700
Nov 08 2013,31.17,31.63,30.96,31.59,30.29,4664000
Nov 08 2016,49.72,50.96,49.35,50.33,49.58,3852200
Nov 08 2017,68.00,69.62,67.76,69.51,68.96,3933500
Nov 08 2018,94.86,95.90,94.52,94.90,94.58,1760900
Nov 09 2015,45.78,46.04,44.96,45.80,44.74,3707900
Nov 09 2016,51.89,52.19,50.32,51.00,50.24,5102900
Nov 09 2017,69.16,69.50,68.96,69.30,68.75,2406600
Nov 09 2018,94.67,95.51,94.25,95.27,94.95,2137700
Nov 10 2014,40.30,40.34,40.03,40.16,38.94,7530100
Nov 10 2015,45.85,46.04,45.26,45.88,44.82,2963200
Nov 10 2016,51.65,51.84,50.48,51.09,50.32,5661800
Nov 10 2017,68.95,69.24,68.58,69.13,68.58,1905700
Nov 11 2013,31.70,32.00,31.62,31.77,30.46,3078700
Nov 11 2014,40.16,44.13,39.92,43.72,42.40,20228500
Nov 11 2015,45.92,45.92,45.06,45.08,44.03,2118900
Nov 11 2016,50.84,50.96,50.13,50.61,49.85,3526600
Nov 12 2013,31.75,31.98,31.45,31.84,30.53,3204200
Nov 12 2014,43.90,43.96,42.57,42.64,41.35,21414900
Nov 12 2015,45.01,45.19,44.46,44.53,43.50,2858600
Nov 12 2018,95.18,95.57,94.14,94.43,94.12,2375400
Nov 13 2013,31.65,31.81,31.28,31.72,30.42,4179800
Nov 13 2014,42.66,43.29,42.61,43.24,41.93,6151300
Nov 13 2015,44.37,45.08,44.20,44.85,43.81,3283700
Nov 13 2017,69.01,69.30,68.56,68.88,68.34,2747300
Nov 13 2018,94.96,95.59,93.61,94.17,93.86,1804700
Nov 14 2013,31.93,32.18,31.48,31.68,30.38,2945000
Nov 14 2014,43.19,43.45,42.86,43.14,41.83,2689500
Nov 14 2016,50.85,51.00,48.90,48.96,48.23,3681300
Nov 14 2017,68.78,69.95,68.57,69.90,69.35,2372000
Nov 14 2018,94.71,94.99,91.66,92.48,92.17,2244100
Nov 15 2013,31.69,31.87,31.41,31.81,30.50,3601700
Nov 15 2016,48.71,49.19,48.24,49.15,48.41,5996800
Nov 15 2017,69.69,70.33,69.35,69.62,69.07,2075500
Nov 15 2018,92.19,92.19,90.32,91.62,91.31,3887900
Nov 16 2015,45.00,45.42,44.73,45.30,44.25,3532300
Nov 16 2016,49.26,49.64,48.77,48.84,48.11,2499400
Nov 16 2017,69.97,70.49,69.71,70.41,69.85,2055500
Nov 16 2018,91.20,92.66,91.14,92.27,91.96,1883000
Nov 17 2014,43.86,44.43,42.98,44.23,42.89,9537400
Nov 17 2015,45.03,46.11,44.73,45.77,44.71,3638700
Nov 17 2016,49.08,49.56,48.80,49.21,48.47,3645100
Nov 17 2017,70.24,71.12,70.24,70.79,70.23,2355100
Nov 18 2013,31.84,31.96,31.46,31.62,30.32,2927500
Nov 18 2014,44.88,44.94,43.03,44.19,42.85,12180600
Nov 18 2015,45.81,47.20,45.36,47.18,46.09,3378000
Nov 18 2016,49.25,50.11,49.23,49.89,49.14,4747900
Nov 19 2013,31.66,31.95,31.20,31.42,30.13,2571200
Nov 19 2014,44.33,44.38,43.21,43.40,42.09,7031100
Nov 19 2015,47.05,47.21,46.57,46.90,45.81,2928500
Nov 19 2018,92.28,92.70,89.31,90.10,89.92,2195800
Nov 20 2013,31.42,31.82,31.21,31.37,30.08,2374400
Nov 20 2014,42.91,43.25,42.71,43.15,41.84,5091100
Nov 20 2015,47.00,47.57,46.86,47.32,46.22,3679400
Nov 20 2017,70.80,71.14,70.49,70.95,70.39,2268300
Nov 20 2018,89.35,90.09,88.08,88.41,88.24,2606200
Nov 21 2013,31.49,31.72,31.32,31.58,30.28,4425000
Nov 21 2014,43.48,43.87,42.85,43.87,42.54,5192500
Nov 21 2016,49.95,50.15,49.75,50.00,49.25,2730200
Nov 21 2017,71.03,72.14,70.97,71.36,70.80,2725400
Nov 21 2018,88.76,89.34,88.33,88.68,88.51,2271100
Nov 22 2013,31.64,31.73,31.25,31.36,30.07,3850500
Nov 22 2016,49.85,50.00,49.07,49.63,48.89,3018500
Nov 22 2017,71.33,71.83,70.95,71.07,70.51,1437200
Nov 23 2015,47.23,47.43,46.61,46.96,45.87,3265300
Nov 23 2016,49.38,50.18,48.87,50.18,49.43,2056200
Nov 23 2018,88.23,90.24,87.90,89.24,89.06,836300
Nov 24 2014,44.09,44.93,43.83,44.58,43.23,4179400
Nov 24 2015,46.56,46.99,46.30,46.93,45.84,1713500
Nov 24 2017,71.17,71.42,70.93,71.29,70.73,1200300
Nov 25 2013,31.41,31.42,31.06,31.29,30.00,4719800
Nov 25 2014,44.58,44.72,43.87,43.91,42.58,3589000
Nov 25 2015,46.80,47.23,46.66,46.97,45.88,2196800
Nov 25 2016,50.35,50.49,50.06,50.18,49.43,804700
Nov 26 2013,31.46,31.92,31.39,31.42,30.13,4398400
Nov 26 2014,44.27,44.70,43.87,44.67,43.32,2131400
Nov 26 2018,89.80,90.27,88.83,89.52,89.34,1908100
Nov 27 2013,31.45,31.55,31.10,31.28,29.99,1783200
Nov 27 2015,47.14,47.23,46.91,47.08,45.99,1155100
Nov 27 2017,71.49,71.80,71.22,71.54,70.98,1997500
Nov 27 2018,88.99,90.29,88.84,90.20,90.02,1879300
Nov 28 2014,44.75,45.09,44.75,44.93,43.57,1332200
Nov 28 2016,50.00,50.39,49.79,50.15,49.40,2695200
Nov 28 2017,71.59,71.63,71.26,71.39,70.83,2610400
Nov 28 2018,90.70,92.97,90.33,92.80,92.62,3411200
Nov 29 2013,31.29,31.45,31.08,31.15,29.87,1058600
Nov 29 2016,50.03,50.58,50.03,50.45,49.69,2313600
Nov 29 2017,71.99,72.10,71.28,71.61,71.05,1618400
Nov 29 2018,92.45,93.35,91.96,92.77,92.59,1457300
Nov 30 2015,47.08,47.25,46.46,46.70,45.62,3481900
Nov 30 2016,50.61,50.82,50.27,50.38,49.62,3782100
Nov 30 2017,71.84,72.71,71.84,72.29,71.72,2602100
Nov 30 2018,92.77,94.17,92.46,93.87,93.68,3143500
Dec 01 2014,45.20,45.24,44.26,44.37,43.03,3153000
Dec 01 2015,46.81,47.13,46.21,47.01,45.92,2956900
Dec 01 2016,50.41,50.55,48.62,49.16,48.42,4252000
Dec 01 2017,72.22,72.35,71.28,72.30,71.73,1932200
Dec 02 2013,31.31,31.60,31.09,31.15,29.87,4065200
Dec 02 2014,44.37,44.95,44.28,44.74,43.39,2500600
Dec 02 2015,47.07,47.18,46.07,46.37,45.30,2335100
Dec 02 2016,49.32,49.36,48.55,49.10,48.36,3182800
Dec 03 2013,31.13,31.24,30.89,31.09,29.81,5514800
Dec 03 2014,44.74,45.01,44.39,44.88,43.52,2003600
Dec 03 2015,46.48,46.54,44.94,45.20,44.15,2465300
Dec 03 2018,94.64,94.67,93.04,93.57,93.39,1969000
Dec 04 2013,31.07,31.34,30.96,31.21,29.93,3196400
Dec 04 2014,44.79,44.90,43.85,44.00,42.67,4294300
Dec 04 2015,45.36,46.50,45.17,46.46,45.38,2237600
Dec 04 2017,72.44,72.79,71.00,71.02,70.46,3581400
Dec 04 2018,93.35,94.49,90.51,90.57,90.39,2557700
Dec 05 2013,31.20,31.71,31.00,31.44,30.15,6498000
Dec 05 2014,43.97,44.46,43.83,43.98,42.65,3314000
Dec 05 2016,48.95,49.84,48.95,49.82,49.07,2578200
Dec 05 2017,70.82,71.77,70.60,70.85,70.29,2261500
Dec 06 2013,31.62,31.69,31.30,31.54,30.24,3263700
Dec 06 2016,49.68,50.23,49.55,50.22,49.47,2573000
Dec 06 2017,70.60,71.11,70.48,70.97,70.41,1507400
Dec 06 2018,89.56,90.50,87.50,90.41,90.23,3006400
Dec 07 2015,46.47,46.83,45.35,45.91,44.85,2108700
Dec 07 2016,51.20,51.38,49.79,51.26,50.49,4037800
Dec 07 2017,70.97,71.84,70.76,71.64,71.08,2694400
Dec 07 2018,90.44,90.58,87.51,88.09,87.92,1768900
Dec 08 2014,44.20,44.39,43.87,44.10,42.77,5889300
Dec 08 2015,45.45,46.20,45.40,45.94,44.88,1335200
Dec 08 2016,50.90,51.70,50.66,51.68,50.91,3217000
Dec 08 2017,71.89,71.98,71.30,71.88,71.31,1640000
Dec 09 2013,31.56,31.94,31.39,31.75,30.45,3073800
Dec 09 2014,43.18,44.49,42.74,43.82,42.49,5515000
Dec 09 2015,45.61,46.18,44.97,45.21,44.16,1768000
Dec 09 2016,51.86,52.48,51.60,51.89,51.11,2664300
Dec 10 2013,31.62,31.62,31.20,31.36,30.07,2941900
Dec 10 2014,43.85,44.20,42.70,42.77,41.48,4393500
Dec 10 2015,45.16,46.49,45.15,46.10,45.03,2462300
Dec 10 2018,88.19,89.37,87.30,88.92,88.74,1930100
Dec 11 2013,31.43,31.54,30.76,31.09,29.81,4436300
Dec 11 2014,42.97,43.50,42.76,42.88,41.58,4942200
Dec 11 2015,45.39,46.00,45.33,45.83,44.77,4233700
Dec 11 2017,71.84,71.97,71.52,71.77,71.20,1172500
Dec 11 2018,89.91,90.55,88.98,89.80,89.62,1684400
Dec 12 2013,30.98,31.41,30.98,31.17,29.89,3603500
Dec 12 2014,42.72,43.09,41.74,41.77,40.51,4050300
Dec 12 2016,51.82,51.93,50.77,50.92,50.16,5021800
Dec 12 2017,71.77,72.66,71.64,72.23,71.66,1939900
Dec 12 2018,90.68,92.05,90.66,90.73,90.55,1630100
Dec 13 2013,31.31,31.89,31.23,31.58,30.28,3286500
Dec 13 2016,51.26,51.43,50.81,51.05,50.28,5177700
Dec 13 2017,72.14,72.99,72.06,72.38,71.81,1595100
Dec 13 2018,91.27,92.00,90.55,90.94,90.76,1908500
Dec 14 2015,45.85,46.64,45.55,46.59,45.51,3881100
Dec 14 2016,51.03,51.47,50.57,50.84,50.08,2890500
Dec 14 2017,72.25,72.46,71.57,71.76,71.19,1364500
Dec 14 2018,90.08,90.09,87.92,88.45,88.28,2350900
Dec 15 2014,42.25,42.49,41.34,41.74,40.48,5943600
Dec 15 2015,47.05,47.65,46.87,46.97,45.88,4154100
Dec 15 2016,52.17,52.77,51.66,52.32,51.54,3995200
Dec 15 2017,72.21,72.27,71.52,71.96,71.39,2843200
Dec 16 2013,31.67,32.00,31.55,32.00,30.68,2635600
Dec 16 2014,41.65,42.01,40.83,40.85,39.61,4606400
Dec 16 2015,47.42,47.55,46.16,47.09,46.00,3441900
Dec 16 2016,52.46,52.75,52.23,52.46,51.67,3603200
Dec 17 2013,31.91,31.97,31.32,31.64,30.34,2629700
Dec 17 2014,41.08,41.43,40.83,41.13,39.89,7627700
Dec 17 2015,47.27,47.57,46.49,46.73,45.65,2642300
Dec 17 2018,87.59,87.61,84.21,84.94,84.77,3374200
Dec 18 2013,31.61,32.20,31.30,32.17,30.85,3684400
Dec 18 2014,41.84,43.15,41.79,43.15,41.84,6578100
Dec 18 2015,46.60,47.62,46.49,46.60,45.52,5439700
Dec 18 2017,71.96,72.92,71.91,72.63,72.06,1657800
Dec 18 2018,85.89,86.00,83.66,84.99,84.82,2972100
Dec 19 2013,32.14,32.37,31.66,32.31,30.98,3447300
Dec 19 2014,43.03,43.73,42.63,43.51,42.19,5601600
Dec 19 2016,52.46,53.06,52.26,52.39,51.60,2137800
Dec 19 2017,72.82,73.58,72.73,72.80,72.23,1946300
Dec 19 2018,85.54,86.37,82.69,83.44,83.28,2922800
Dec 20 2013,32.33,32.69,32.26,32.38,31.05,3681000
Dec 20 2016,53.22,53.48,52.83,53.10,52.30,2580800
Dec 20 2017,72.68,73.16,72.17,72.71,72.14,1806300
Dec 20 2018,83.14,83.71,81.46,82.42,82.26,2850600
Dec 21 2015,46.83,47.37,46.56,47.34,46.24,2467100
Dec 21 2016,53.33,53.41,52.73,53.12,52.32,2754600
Dec 21 2017,73.00,73.31,72.27,72.28,71.71,1163500
Dec 21 2018,82.24,83.81,81.55,81.68,81.52,4091700
Dec 22 2014,43.57,43.78,42.95,43.41,42.10,1913800
Dec 22 2015,47.50,48.46,47.39,47.72,46.61,2384200
Dec 22 2016,52.67,53.37,52.67,53.26,52.46,1515800
Dec 22 2017,72.27,72.37,71.79,71.99,71.42,1345700
Dec 23 2013,32.61,32.64,32.16,32.37,31.04,2219800
Dec 23 2014,43.60,43.73,42.76,42.97,41.67,2612500
Dec 23 2015,47.84,48.10,47.61,47.98,46.87,2368400
Dec 23 2016,53.20,53.78,53.18,53.78,52.97,1942400
Dec 24 2013,32.30,32.48,32.07,32.37,31.04,624300
Dec 24 2014,43.06,43.99,43.00,43.84,42.51,1300600
Dec 24 2015,47.86,48.45,47.63,48.13,47.01,965300
Dec 24 2018,80.91,80.91,78.90,79.28,79.12,1551400
Dec 26 2013,32.50,32.78,32.40,32.59,31.25,1504700
Dec 26 2014,43.80,44.29,43.80,44.20,42.86,1518000
Dec 26 2017,72.40,72.55,71.90,72.34,71.77,791900
Dec 26 2018,79.61,82.94,79.14,82.92,82.76,1869700
Dec 27 2013,32.69,32.77,32.47,32.67,31.33,1322400
Dec 27 2016,53.78,54.15,53.65,53.72,52.91,1345000
Dec 27 2017,72.59,72.69,72.25,72.45,71.88,1159800
Dec 27 2018,81.83,84.33,81.18,84.33,84.16,2244700
Dec 28 2015,47.96,48.20,47.59,47.90,46.79,928300
Dec 28 2016,53.76,53.85,53.35,53.44,52.64,1241900
Dec 28 2017,72.49,72.60,72.14,72.39,71.82,710500
Dec 28 2018,84.83,85.59,83.55,84.49,84.32,1797300
Dec 29 2014,44.02,44.23,43.85,44.01,42.68,2006700
Dec 29 2015,48.37,48.62,47.96,48.33,47.21,1483800
Dec 29 2016,53.47,53.78,53.40,53.62,52.82,1046700
Dec 29 2017,72.55,72.76,72.04,72.04,71.47,1704100
Dec 30 2013,32.74,32.84,32.54,32.67,31.33,1803600
Dec 30 2014,43.98,44.10,43.09,43.35,42.04,2251100
Dec 30 2015,48.33,48.65,48.01,48.26,47.14,1453700
Dec 30 2016,53.64,53.74,53.27,53.53,52.73,1701200
Dec 31 2013,32.80,32.81,32.46,32.69,31.35,2270400
Dec 31 2014,43.46,43.88,43.00,43.03,41.73,2148900
Dec 31 2015,47.93,48.40,47.81,47.92,46.81,1768500
Dec 31 2018,85.27,85.59,84.60,85.54,85.37,1485200
