Jan 08 2019,81.14,81.82,80.62,81.44,81.44,853500
Jan 07 2019,79.73,81.01,79.29,80.33,80.33,610900
Jan 04 2019,80.82,81.11,79.25,79.50,79.50,1036400
Jan 03 2019,80.64,80.94,78.53,79.68,79.68,1050800
Jan 02 2019,78.65,81.07,78.31,81.05,81.05,864300
Dec 28 2018,79.51,79.88,77.91,78.55,78.55,732700
Dec 27 2018,77.31,79.30,76.53,79.30,79.30,613700
Dec 26 2018,75.72,78.68,74.83,78.61,78.61,820000
Dec 24 2018,78.00,78.30,75.32,75.41,75.41,545800
Dec 21 2018,80.10,81.48,78.31,78.54,78.54,1130200
Dec 20 2018,81.87,82.44,79.93,80.41,80.41,875800
Dec 19 2018,84.42,85.38,81.48,81.98,81.98,1667200
Dec 18 2018,84.48,85.37,83.80,84.31,84.31,795100
Dec 17 2018,86.21,86.21,83.13,83.67,83.67,653200
Dec 14 2018,86.25,87.88,85.50,86.35,86.35,638900
Dec 13 2018,88.23,88.88,87.19,87.44,87.23,571900
Dec 12 2018,88.51,89.39,87.76,87.84,87.63,448000
Dec 11 2018,88.59,88.66,86.97,87.31,87.10,683800
Dec 10 2018,88.73,89.04,85.56,87.23,87.02,694200
Dec 07 2018,89.84,90.43,88.00,88.67,88.46,547000
Dec 06 2018,89.18,89.74,87.09,89.74,89.52,754100
Dec 04 2018,92.65,92.99,90.02,90.28,90.06,635800
Dec 03 2018,92.69,94.30,91.20,93.10,92.88,1080300
Nov 30 2018,91.95,92.81,90.99,91.59,91.37,1124500
Nov 29 2018,91.73,92.89,90.95,91.75,91.53,740100
Nov 28 2018,90.32,92.89,90.14,92.20,91.98,783700
Nov 27 2018,89.46,90.64,89.19,90.25,90.03,625300
Nov 26 2018,90.00,90.15,89.18,89.77,89.55,972300
Nov 23 2018,89.51,89.97,88.60,89.11,88.90,283600
Nov 21 2018,89.24,90.48,88.74,89.80,89.58,352200
Nov 20 2018,88.75,89.68,88.29,88.75,88.54,595200
Nov 19 2018,89.19,89.93,88.98,89.44,89.23,705400
Nov 16 2018,88.06,89.66,87.72,89.27,89.06,558700
Nov 15 2018,86.54,89.54,86.29,88.46,88.25,792800
Nov 14 2018,89.37,89.78,86.43,87.11,86.90,682400
Nov 13 2018,89.04,90.64,88.74,88.87,88.66,664300
Nov 12 2018,89.43,89.61,88.38,88.59,88.38,351100
Nov 09 2018,90.05,90.50,88.87,89.39,89.18,505200
Nov 08 2018,89.78,90.69,89.31,90.42,90.20,435600
Nov 07 2018,89.82,89.99,88.44,89.77,89.55,480200
Nov 06 2018,88.35,89.43,87.78,89.11,88.90,319700
Nov 05 2018,88.49,89.22,87.91,88.60,88.39,628200
Nov 02 2018,88.18,89.00,87.37,88.14,87.93,689200
Nov 01 2018,86.14,88.12,85.99,87.41,87.20,1096600
Oct 31 2018,85.46,86.71,85.46,85.73,85.52,712700
Oct 30 2018,81.75,84.83,81.75,84.60,84.40,796100
Oct 29 2018,83.63,84.27,80.36,81.67,81.47,1018800
Oct 26 2018,82.30,83.40,81.49,82.71,82.51,1134600
Oct 25 2018,81.73,86.16,81.63,82.94,82.74,1569700
Oct 24 2018,82.33,82.89,79.64,79.74,79.55,1210500
Oct 23 2018,80.38,83.28,80.04,82.75,82.55,1097300
Oct 22 2018,81.97,82.04,81.04,81.51,81.31,620600
Oct 19 2018,82.80,83.31,81.55,81.79,81.59,477400
Oct 18 2018,83.96,84.46,82.03,82.71,82.51,532000
Oct 17 2018,84.95,84.95,83.29,84.17,83.97,408200
Oct 16 2018,84.29,85.31,83.85,85.23,85.03,401000
Oct 15 2018,83.59,84.41,83.16,83.83,83.63,402200
Oct 12 2018,87.30,87.30,82.60,83.77,83.57,696000
Oct 11 2018,84.57,84.77,82.62,82.76,82.56,756200
Oct 10 2018,87.72,87.72,84.48,84.56,84.36,871500
Oct 09 2018,88.30,89.28,86.78,87.62,87.41,879600
Oct 08 2018,89.44,89.44,88.27,88.37,88.16,763900
Oct 05 2018,90.51,91.09,89.15,89.55,89.33,395000
Oct 04 2018,90.92,91.15,89.83,90.19,89.97,346600
Oct 03 2018,91.34,92.07,90.80,91.22,91.00,544400
Oct 02 2018,90.87,91.57,90.68,91.32,91.10,509800
Oct 01 2018,91.55,92.87,90.71,91.14,90.92,783000
Sep 28 2018,89.79,90.78,89.69,90.57,90.35,516600
Sep 27 2018,89.65,90.49,89.13,89.99,89.77,479200
Sep 26 2018,89.13,90.03,88.90,89.53,89.31,347300
Sep 25 2018,89.36,89.56,88.80,89.13,88.92,381100
Sep 24 2018,89.98,90.31,88.99,89.39,89.18,355300
Sep 21 2018,90.43,90.78,89.67,90.07,89.85,1112600
Sep 20 2018,91.12,91.58,90.74,90.91,90.69,691300
Sep 19 2018,90.59,91.07,90.31,90.58,90.36,472100
Sep 18 2018,89.10,90.49,88.79,90.37,90.15,599900
Sep 17 2018,88.00,89.11,87.73,88.89,88.68,744100
Sep 14 2018,88.96,89.23,87.70,87.82,87.61,758000
Sep 13 2018,89.94,89.94,88.96,89.34,88.92,471800
Sep 12 2018,89.64,90.17,89.14,89.74,89.31,421700
Sep 11 2018,89.78,90.16,89.23,89.70,89.27,488400
Sep 10 2018,89.00,90.18,89.00,89.80,89.37,495500
Sep 07 2018,88.80,89.19,88.29,88.71,88.29,341800
Sep 06 2018,89.20,89.90,88.69,88.93,88.51,461500
Sep 05 2018,87.29,89.28,87.29,89.20,88.78,435600
Sep 04 2018,87.17,87.29,86.21,87.15,86.74,565900
Aug 31 2018,87.13,87.88,87.07,87.22,86.81,644400
Aug 30 2018,86.90,87.43,86.21,87.29,86.88,778100
Aug 29 2018,87.76,88.02,86.57,86.96,86.55,500100
Aug 28 2018,87.95,88.02,87.28,87.72,87.30,332600
Aug 27 2018,87.89,88.40,87.50,87.69,87.27,310700
Aug 24 2018,86.77,87.41,86.42,87.27,86.86,380100
Aug 23 2018,87.10,87.61,86.30,86.44,86.03,410500
Aug 22 2018,87.53,87.53,86.42,87.10,86.69,360500
Aug 21 2018,86.96,88.12,86.90,87.79,87.37,501100
Aug 20 2018,86.99,87.83,86.47,86.96,86.55,545700
Aug 17 2018,85.30,86.99,85.21,86.70,86.29,485600
Aug 16 2018,85.63,87.08,85.13,85.43,85.02,818100
Aug 15 2018,82.88,85.69,82.25,85.30,84.90,1028300
Aug 14 2018,81.98,83.51,81.67,83.27,82.87,392000
Aug 13 2018,81.92,82.29,81.27,81.73,81.34,530900
Aug 10 2018,82.19,82.39,81.46,81.80,81.41,459600
Aug 09 2018,82.63,83.26,82.48,82.56,82.17,597300
Aug 08 2018,83.18,83.18,82.45,82.52,82.13,485600
Aug 07 2018,82.87,83.50,82.74,83.10,82.71,480900
Aug 06 2018,81.58,82.71,80.95,82.57,82.18,459500
Aug 03 2018,81.40,81.92,80.83,81.72,81.33,301500
Aug 02 2018,80.55,81.32,80.24,81.20,80.81,348200
Aug 01 2018,81.54,82.28,80.58,80.88,80.50,579800
Jul 31 2018,81.29,81.89,80.66,81.54,81.15,665600
Jul 30 2018,81.89,82.45,80.86,80.93,80.55,795600
Jul 27 2018,81.73,82.10,81.11,81.60,81.21,1122500
Jul 26 2018,77.50,82.20,75.89,81.48,81.09,1136800
Jul 25 2018,80.00,80.36,78.41,80.09,79.71,1090500
Jul 24 2018,78.86,79.96,78.82,79.82,79.44,1328700
Jul 23 2018,79.73,79.85,78.46,78.71,78.34,483400
Jul 20 2018,78.38,80.47,78.05,79.49,79.11,609100
Jul 19 2018,78.92,79.22,78.28,78.68,78.31,909500
Jul 18 2018,80.05,80.36,79.19,79.23,78.85,588300
Jul 17 2018,78.74,80.12,78.74,80.08,79.70,516400
Jul 16 2018,79.59,79.81,79.00,79.24,78.86,685300
Jul 13 2018,79.30,80.03,77.86,79.71,79.33,546400
Jul 12 2018,78.40,79.28,78.00,79.08,78.70,434500
Jul 11 2018,78.09,78.23,77.46,77.91,77.54,304800
Jul 10 2018,77.99,78.44,77.66,78.35,77.98,594000
Jul 09 2018,77.26,78.35,76.89,77.94,77.57,660400
Jul 06 2018,77.73,77.73,76.69,76.86,76.50,1000600
Jul 05 2018,77.33,78.07,76.82,77.88,77.51,528400
Jul 03 2018,78.09,78.74,76.92,77.02,76.65,233800
Jul 02 2018,76.95,77.71,76.65,77.63,77.26,466700
Jun 29 2018,77.64,78.16,76.89,77.36,76.99,669600
Jun 28 2018,77.15,77.51,76.64,77.18,76.81,734500
Jun 27 2018,76.46,77.80,76.25,77.39,77.02,1331600
Jun 26 2018,76.80,76.99,76.19,76.33,75.97,719800
Jun 25 2018,77.50,77.50,76.14,76.38,76.02,793800
Jun 22 2018,78.35,78.48,77.45,77.69,77.32,634300
Jun 21 2018,79.82,79.82,77.50,77.88,77.51,663500
Jun 20 2018,80.35,80.48,79.29,80.00,79.62,635600
Jun 19 2018,80.95,81.04,79.29,80.17,79.79,621600
Jun 18 2018,81.66,81.87,81.14,81.48,81.09,673200
Jun 15 2018,81.57,82.15,80.75,82.07,81.68,1195200
Jun 14 2018,81.16,82.46,80.84,81.79,81.40,599000
Jun 13 2018,82.12,82.12,80.34,80.90,80.31,934300
Jun 12 2018,81.41,82.23,81.09,82.17,81.57,605300
Jun 11 2018,81.13,81.59,81.13,81.26,80.66,813800
Jun 08 2018,80.15,81.14,80.06,81.12,80.53,884900
Jun 07 2018,79.44,80.42,79.42,80.21,79.62,399900
Jun 06 2018,79.22,79.23,78.53,79.23,78.65,356600
Jun 05 2018,78.50,79.53,78.50,79.17,78.59,555900
Jun 04 2018,78.14,78.50,77.71,78.32,77.75,490900
Jun 01 2018,77.10,78.33,77.09,77.89,77.32,725200
May 31 2018,79.31,79.31,76.42,76.43,75.87,719400
May 30 2018,78.82,79.71,78.13,79.21,78.63,604200
May 29 2018,78.38,79.31,77.83,78.27,77.70,990500
May 25 2018,79.14,79.75,78.38,78.79,78.21,637800
May 24 2018,79.26,79.59,78.51,79.26,78.68,759600
May 23 2018,78.28,79.27,78.14,79.22,78.64,1055400
May 22 2018,78.85,79.09,78.39,78.67,78.09,1015600
May 21 2018,78.75,79.09,78.45,78.78,78.20,577200
May 18 2018,76.88,78.50,76.60,78.37,77.80,1374800
May 17 2018,76.73,77.32,76.64,76.87,76.31,569200
May 16 2018,76.56,77.36,76.50,77.02,76.46,403400
May 15 2018,76.58,76.72,75.65,76.46,75.90,545300
May 14 2018,77.33,78.02,76.65,76.85,76.29,677400
May 11 2018,77.19,78.23,76.91,77.28,76.71,480800
May 10 2018,76.43,77.39,76.27,77.31,76.74,440800
May 09 2018,75.93,76.55,75.07,76.28,75.72,1018800
May 08 2018,75.63,76.21,75.26,75.89,75.33,927200
May 07 2018,76.20,76.56,75.44,75.74,75.18,939300
May 04 2018,74.07,76.47,74.00,76.15,75.59,1095800
May 03 2018,74.73,75.57,73.85,74.82,74.27,1348100
May 02 2018,75.75,77.72,74.94,75.12,74.57,2406500
May 01 2018,77.23,77.76,75.44,77.14,76.57,1534400
Apr 30 2018,78.00,78.46,76.92,77.18,76.61,1947700
Apr 27 2018,78.03,78.69,77.05,77.83,77.26,1842600
Apr 26 2018,75.50,79.54,75.50,78.59,78.01,4987400
Apr 25 2018,81.94,83.14,81.28,83.03,82.42,1287400
Apr 24 2018,84.95,85.87,81.58,82.15,81.55,916900
Apr 23 2018,85.13,85.26,83.97,84.52,83.90,560400
Apr 20 2018,85.55,86.12,84.31,84.75,84.13,587000
Apr 19 2018,86.14,86.34,84.68,85.39,84.76,551500
Apr 18 2018,86.09,87.04,85.76,86.50,85.87,578700
Apr 17 2018,85.72,85.98,85.10,85.62,84.99,801400
Apr 16 2018,85.30,86.05,84.87,85.37,84.74,627600
Apr 13 2018,85.77,85.84,84.17,84.56,83.94,335300
Apr 12 2018,84.98,85.78,84.39,85.31,84.68,578700
Apr 11 2018,84.43,85.24,84.34,84.54,83.92,453200
Apr 10 2018,85.64,86.16,85.07,85.23,84.61,651700
Apr 09 2018,85.58,85.68,84.45,84.54,83.92,334400
Apr 06 2018,85.52,86.23,83.95,84.75,84.13,567800
Apr 05 2018,86.08,86.66,84.80,85.94,85.31,990900
Apr 04 2018,83.45,86.13,82.85,85.74,85.11,971700
Apr 03 2018,83.44,85.00,83.22,84.59,83.97,623300
Apr 02 2018,85.28,85.35,82.25,83.24,82.63,530300
Mar 29 2018,83.72,85.77,83.33,85.29,84.66,807100
Mar 28 2018,84.00,84.05,82.91,83.13,82.52,717900
Mar 27 2018,85.08,86.00,83.82,84.00,83.38,805800
Mar 26 2018,84.14,84.62,83.19,84.56,83.94,763800
Mar 23 2018,84.86,84.86,82.84,82.96,82.35,812700
Mar 22 2018,85.29,86.67,84.55,84.60,83.98,689700
Mar 21 2018,85.77,86.69,85.53,85.94,85.31,350000
Mar 20 2018,85.32,86.27,84.94,85.63,85.00,373700
Mar 19 2018,85.84,85.97,84.48,85.25,84.63,409100
Mar 16 2018,85.37,86.27,85.26,85.88,85.25,676600
Mar 15 2018,85.53,85.83,84.79,85.48,84.85,313900
Mar 14 2018,86.41,86.41,85.24,85.36,84.73,294300
Mar 13 2018,87.70,87.99,85.28,86.09,85.25,644500
Mar 12 2018,87.52,87.78,87.05,87.40,86.55,621800
Mar 09 2018,85.25,87.30,85.25,87.21,86.36,705500
Mar 08 2018,84.43,85.16,84.16,84.76,83.93,542100
Mar 07 2018,83.27,84.15,83.14,83.93,83.11,450500
Mar 06 2018,83.09,84.37,82.71,83.92,83.10,706800
Mar 05 2018,81.62,83.31,81.42,83.01,82.20,559700
Mar 02 2018,81.60,82.43,80.59,82.23,81.43,630100
Mar 01 2018,84.15,84.92,81.86,82.07,81.27,957000
Feb 28 2018,87.03,87.05,84.10,84.11,83.29,1142500
Feb 27 2018,87.61,87.85,86.69,86.97,86.12,1218600
Feb 26 2018,86.55,88.00,85.97,87.85,86.99,1002800
Feb 23 2018,86.50,87.09,85.83,86.17,85.33,798600
Feb 22 2018,87.27,88.29,85.57,86.04,85.20,1061900
Feb 21 2018,86.13,87.94,85.44,86.72,85.87,1168800
Feb 20 2018,86.21,88.41,85.30,85.66,84.82,1657000
Feb 16 2018,82.19,83.54,81.85,82.72,81.91,692100
Feb 15 2018,80.80,82.57,80.52,82.26,81.46,685500
Feb 14 2018,78.93,80.50,78.75,79.97,79.19,1074400
Feb 13 2018,79.47,80.40,78.94,79.65,78.87,623100
Feb 12 2018,79.15,80.40,78.98,79.75,78.97,1009900
Feb 09 2018,78.21,79.02,76.15,78.49,77.72,1267400
Feb 08 2018,79.92,80.24,77.24,77.32,76.57,894000
Feb 07 2018,79.74,81.20,79.74,79.96,79.18,578300
Feb 06 2018,77.65,80.93,76.76,80.11,79.33,1131400
Feb 05 2018,81.49,82.35,79.01,79.11,78.34,962300
Feb 02 2018,84.47,84.60,81.42,81.85,81.05,895700
Feb 01 2018,85.84,86.99,84.79,85.17,84.34,528500
Jan 31 2018,85.63,86.82,85.51,86.11,85.27,902500
Jan 30 2018,86.18,86.64,85.44,85.44,84.61,527300
Jan 29 2018,86.30,87.07,86.16,86.68,85.83,590700
Jan 26 2018,85.85,86.41,85.35,86.37,85.53,594900
Jan 25 2018,86.05,86.30,85.00,85.35,84.52,345400
Jan 24 2018,85.72,86.58,84.92,85.58,84.75,487000
Jan 23 2018,85.66,85.66,84.71,85.35,84.52,675700
Jan 22 2018,85.86,86.09,84.56,85.80,84.96,477500
Jan 19 2018,84.39,86.28,83.98,86.23,85.39,890200
Jan 18 2018,84.30,84.73,83.75,84.05,83.23,554500
Jan 17 2018,84.64,84.64,83.55,84.21,83.39,740900
Jan 16 2018,85.31,86.00,83.64,84.07,83.25,652800
Jan 12 2018,84.32,85.27,83.76,85.04,84.21,904200
Jan 11 2018,82.60,84.55,82.60,84.38,83.56,987900
Jan 10 2018,82.76,83.35,82.13,82.60,81.79,851500
Jan 09 2018,81.55,83.90,81.16,82.93,82.12,925500
Jan 08 2018,81.35,81.70,80.92,81.24,80.45,539100
Jan 05 2018,81.78,82.45,81.10,81.57,80.77,851100
Jan 04 2018,80.62,81.49,80.35,81.37,80.58,1211700
Jan 03 2018,80.22,80.91,79.66,80.25,79.47,1117400
Jan 02 2018,80.07,80.07,79.19,79.91,79.13,645400
Dec 29 2017,80.00,80.29,78.82,79.56,78.78,662900
Dec 28 2017,80.25,80.71,78.67,79.56,78.78,1124100
Dec 27 2017,80.66,80.77,79.99,80.00,79.22,479300
Dec 26 2017,80.29,80.77,80.01,80.39,79.61,251400
Dec 22 2017,81.10,82.06,80.25,80.34,79.56,347900
Dec 21 2017,81.47,81.75,80.91,81.00,80.21,613800
Dec 20 2017,80.39,81.46,80.04,81.00,80.21,981300
Dec 19 2017,82.47,82.47,80.04,80.07,79.29,1188200
Dec 18 2017,82.88,83.44,82.43,82.56,81.75,856000
Dec 15 2017,82.15,82.75,81.79,82.28,81.48,1256800
Dec 14 2017,82.68,83.15,81.59,81.68,80.73,586000
Dec 13 2017,82.52,83.21,81.85,82.64,81.67,732400
Dec 12 2017,82.20,82.41,81.68,82.15,81.19,427000
Dec 11 2017,82.15,82.42,81.44,82.17,81.21,732300
Dec 08 2017,83.78,83.78,82.30,82.46,81.50,562200
Dec 07 2017,82.07,83.16,82.01,83.11,82.14,643500
Dec 06 2017,82.00,82.39,81.39,81.79,80.83,533200
Dec 05 2017,83.29,83.71,82.00,82.00,81.04,542200
Dec 04 2017,85.39,85.76,83.38,83.43,82.45,766300
Dec 01 2017,84.23,84.83,82.48,84.58,83.59,862700
Nov 30 2017,83.01,84.23,82.55,84.14,83.16,970400
Nov 29 2017,83.54,83.78,82.47,82.94,81.97,745900
Nov 28 2017,83.21,84.02,82.82,83.33,82.36,651800
Nov 27 2017,83.11,84.16,82.59,83.10,82.13,720600
Nov 24 2017,83.16,83.57,82.89,82.92,81.95,196500
Nov 22 2017,83.32,83.80,82.77,83.16,82.19,402800
Nov 21 2017,83.60,83.80,82.87,83.40,82.42,456300
Nov 20 2017,82.60,83.66,82.60,83.24,82.27,338100
Nov 17 2017,82.52,82.89,82.02,82.65,81.68,517700
Nov 16 2017,82.25,83.06,81.95,82.41,81.45,334700
Nov 15 2017,82.62,82.66,81.65,82.03,81.07,473100
Nov 14 2017,83.64,84.00,82.72,82.90,81.93,842400
Nov 13 2017,82.93,84.29,82.72,83.94,82.96,847000
Nov 10 2017,81.57,83.27,81.22,83.13,82.16,565200
Nov 09 2017,83.06,83.35,81.46,82.08,81.12,429500
Nov 08 2017,83.44,83.51,81.96,83.43,82.45,388700
Nov 07 2017,83.27,84.63,82.67,83.53,82.55,851300
Nov 06 2017,82.02,83.47,81.82,83.09,82.12,718300
Nov 03 2017,82.58,82.59,81.60,82.02,81.06,896100
Nov 02 2017,82.88,82.99,81.70,82.23,81.27,852600
Nov 01 2017,83.58,84.11,82.29,82.73,81.76,700600
Oct 31 2017,82.70,83.55,82.23,83.39,82.42,1406900
Oct 30 2017,81.02,82.85,80.72,81.97,81.01,1281300
Oct 27 2017,80.13,81.04,78.63,80.29,79.35,1919700
Oct 26 2017,80.72,82.24,79.26,80.70,79.76,3297200
Oct 25 2017,88.18,88.46,85.55,86.49,85.48,894300
Oct 24 2017,87.60,88.75,87.56,88.48,87.45,619200
Oct 23 2017,87.99,88.16,87.22,87.31,86.29,379500
Oct 20 2017,87.50,88.29,87.41,88.02,86.99,546200
Oct 19 2017,87.46,87.82,87.23,87.74,86.71,422800
Oct 18 2017,87.25,87.93,87.25,87.60,86.58,569100
Oct 17 2017,88.11,88.35,86.82,87.00,85.98,768100
Oct 16 2017,88.52,88.95,88.01,88.14,87.11,349700
Oct 13 2017,89.81,89.81,88.19,88.30,87.27,380500
Oct 12 2017,87.88,89.75,87.62,89.56,88.51,913500
Oct 11 2017,88.11,88.32,87.60,88.15,87.12,743800
Oct 10 2017,87.82,87.98,87.19,87.81,86.78,415900
Oct 09 2017,87.37,87.69,86.65,87.62,86.60,297900
Oct 06 2017,87.04,87.33,86.60,87.19,86.17,716800
Oct 05 2017,86.83,87.25,86.03,87.07,86.05,694000
Oct 04 2017,87.42,87.76,86.55,86.73,85.72,828500
Oct 03 2017,86.66,87.69,86.48,87.47,86.45,529300
Oct 02 2017,86.56,86.95,86.28,86.53,85.52,518600
Sep 29 2017,85.68,86.89,85.68,86.47,85.46,493100
Sep 28 2017,85.29,85.82,84.82,85.76,84.76,585300
Sep 27 2017,85.61,86.45,85.29,85.33,84.33,751400
Sep 26 2017,84.75,85.62,84.50,85.35,84.35,518900
Sep 25 2017,84.41,84.80,84.29,84.50,83.51,437300
Sep 22 2017,83.62,84.64,83.34,84.55,83.56,890500
Sep 21 2017,83.25,83.82,83.25,83.47,82.49,465000
Sep 20 2017,83.01,84.04,82.57,83.57,82.59,1023200
Sep 19 2017,82.76,83.14,82.06,82.85,81.88,677100
Sep 18 2017,82.98,83.12,82.19,82.65,81.68,508100
Sep 15 2017,82.63,82.97,82.12,82.77,81.80,978400
Sep 14 2017,81.66,82.65,81.42,82.62,81.50,784200
Sep 13 2017,81.09,81.87,80.43,81.81,80.70,589500
Sep 12 2017,81.33,81.62,80.95,81.00,79.90,660500
Sep 11 2017,81.23,81.64,80.48,81.07,79.97,759300
Sep 08 2017,80.21,81.40,79.90,80.81,79.71,512300
Sep 07 2017,80.38,80.63,79.70,80.22,79.13,395900
Sep 06 2017,79.86,80.53,79.58,80.26,79.17,604900
Sep 05 2017,79.16,80.00,79.16,79.40,78.32,639400
Sep 01 2017,79.03,79.40,78.85,79.15,78.07,517800
Aug 31 2017,78.71,79.00,78.45,78.71,77.64,487600
Aug 30 2017,77.74,78.34,77.45,78.30,77.23,292300
Aug 29 2017,77.72,78.34,77.70,77.77,76.71,271900
Aug 28 2017,77.97,78.25,77.82,78.05,76.99,425100
Aug 25 2017,77.58,77.81,77.43,77.62,76.56,376800
Aug 24 2017,77.24,77.54,76.82,77.15,76.10,360200
Aug 23 2017,77.81,77.85,76.79,77.09,76.04,611600
Aug 22 2017,77.68,78.32,77.28,78.08,77.02,507600
Aug 21 2017,78.20,78.32,77.42,77.48,76.43,384900
Aug 18 2017,78.58,78.87,78.06,78.17,77.11,327900
Aug 17 2017,79.18,79.96,78.76,78.83,77.76,500500
Aug 16 2017,79.04,79.63,78.89,79.29,78.21,404100
Aug 15 2017,79.50,79.50,78.74,78.95,77.88,271400
Aug 14 2017,79.84,80.03,79.08,79.47,78.39,420400
Aug 11 2017,78.93,79.77,78.63,79.28,78.20,354100
Aug 10 2017,80.19,80.48,78.86,78.92,77.85,459900
Aug 09 2017,81.31,81.52,80.46,80.59,79.49,354000
Aug 08 2017,81.91,82.25,81.31,81.37,80.26,468600
Aug 07 2017,81.33,82.06,80.82,81.99,80.87,321400
Aug 04 2017,80.86,81.32,80.46,81.32,80.21,343900
Aug 03 2017,80.99,81.11,80.14,80.76,79.66,372200
Aug 02 2017,81.18,81.38,79.86,80.85,79.75,521700
Aug 01 2017,81.63,82.62,80.94,81.47,80.36,878500
Jul 31 2017,81.56,81.89,80.74,81.24,80.13,615800
Jul 28 2017,81.31,82.00,80.23,81.40,80.29,736100
Jul 27 2017,78.99,81.26,77.62,81.20,80.10,1371800
Jul 26 2017,79.03,79.40,78.48,78.49,77.42,853400
Jul 25 2017,80.82,81.07,78.75,79.10,78.02,681700
Jul 24 2017,80.34,80.69,79.69,80.31,79.22,286000
Jul 21 2017,80.81,81.28,80.12,80.41,79.32,401400
Jul 20 2017,80.87,81.14,80.12,81.09,79.99,528900
Jul 19 2017,80.71,81.00,80.50,80.70,79.60,303000
Jul 18 2017,80.60,80.89,80.15,80.60,79.50,374300
Jul 17 2017,80.78,80.85,80.46,80.83,79.73,295800
Jul 14 2017,80.81,81.29,80.45,80.77,79.67,438700
Jul 13 2017,81.98,82.69,80.61,80.79,79.69,541500
Jul 12 2017,82.04,82.53,81.59,81.99,80.87,374700
Jul 11 2017,81.38,81.84,81.03,81.47,80.36,354500
Jul 10 2017,81.35,81.85,81.09,81.53,80.42,472600
Jul 07 2017,80.85,81.64,80.22,81.22,80.11,414000
Jul 06 2017,81.92,81.92,80.50,80.66,79.56,424000
Jul 05 2017,81.55,82.90,81.36,82.14,81.02,416600
Jul 03 2017,81.57,81.83,81.35,81.37,80.26,217200
Jun 30 2017,80.09,81.50,80.09,81.12,80.02,457200
Jun 29 2017,81.26,81.26,78.91,79.82,78.73,542700
Jun 28 2017,81.12,81.83,80.88,81.24,80.13,264600
Jun 27 2017,81.25,81.62,80.49,80.59,79.49,456000
Jun 26 2017,81.67,81.96,81.27,81.41,80.30,236800
Jun 23 2017,81.21,82.18,80.99,81.45,80.34,590600
Jun 22 2017,81.49,81.90,81.17,81.19,80.09,298800
Jun 21 2017,82.10,82.10,81.34,81.51,80.40,437800
Jun 20 2017,81.68,82.77,81.50,81.91,80.80,520500
Jun 19 2017,82.04,82.38,81.66,82.17,81.05,403100
Jun 16 2017,81.02,81.93,80.76,81.58,80.47,822400
Jun 15 2017,79.32,80.83,79.04,80.75,79.65,600700
Jun 14 2017,79.69,80.12,79.43,79.75,78.66,563100
Jun 13 2017,78.19,79.40,77.81,79.28,78.20,611400
Jun 12 2017,77.36,78.49,76.47,78.45,77.22,1033300
Jun 09 2017,77.83,78.22,76.90,77.23,76.02,756900
Jun 08 2017,78.33,78.57,77.37,77.65,76.44,723100
Jun 07 2017,78.61,79.04,78.12,78.33,77.11,511500
Jun 06 2017,79.76,80.40,78.47,78.54,77.31,510900
Jun 05 2017,80.00,80.37,79.64,80.00,78.75,498600
Jun 02 2017,79.05,80.17,78.87,80.06,78.81,703700
Jun 01 2017,79.02,79.55,78.80,79.14,77.90,907200
May 31 2017,78.62,79.17,77.76,78.63,77.40,3922200
May 30 2017,79.35,79.35,78.25,78.46,77.23,855300
May 26 2017,79.36,79.68,79.11,79.38,78.14,655700
May 25 2017,79.29,79.69,79.05,79.46,78.22,645500
May 24 2017,79.00,79.24,78.65,79.05,77.82,702000
May 23 2017,79.50,79.71,78.76,78.90,77.67,823800
May 22 2017,79.20,79.99,79.20,79.46,78.22,798800
May 19 2017,77.83,79.45,77.46,79.06,77.83,1065000
May 18 2017,76.83,77.76,76.26,77.32,76.11,656400
May 17 2017,78.48,78.48,76.86,77.01,75.81,1009000
May 16 2017,77.60,78.70,77.58,78.48,77.25,1238600
May 15 2017,76.70,77.57,76.70,77.24,76.03,582400
May 12 2017,77.16,77.31,76.64,76.73,75.53,415800
May 11 2017,76.45,77.31,75.94,77.29,76.08,900000
May 10 2017,76.76,76.94,75.85,76.83,75.63,613200
May 09 2017,77.11,77.20,76.75,76.98,75.78,438000
May 08 2017,77.28,77.57,76.40,76.80,75.60,573300
May 05 2017,77.56,77.94,77.00,77.50,76.29,809500
May 04 2017,77.59,77.92,76.98,77.35,76.14,919700
May 03 2017,77.24,77.62,76.68,77.28,76.07,828800
May 02 2017,77.98,78.23,77.30,77.62,76.41,698100
May 01 2017,78.70,78.70,77.62,77.70,76.49,716500
Apr 28 2017,80.06,80.34,78.41,78.64,77.41,1349300
Apr 27 2017,82.00,82.00,79.80,80.62,79.36,1601800
Apr 26 2017,78.85,79.97,78.11,79.72,78.48,1521200
Apr 25 2017,78.65,79.09,78.32,78.75,77.52,400100
Apr 24 2017,78.87,79.19,77.74,78.24,77.02,711800
Apr 21 2017,77.69,78.22,77.59,77.91,76.69,750500
Apr 20 2017,77.12,78.05,76.88,77.72,76.51,417100
Apr 19 2017,76.28,77.34,76.28,76.83,75.63,666100
Apr 18 2017,75.98,76.14,75.61,75.94,74.75,418400
Apr 17 2017,75.28,76.23,75.19,76.23,75.04,414300
Apr 13 2017,75.14,75.55,74.83,75.11,73.94,925500
Apr 12 2017,75.27,75.45,74.40,75.24,74.06,824400
Apr 11 2017,74.72,75.35,74.48,75.29,74.11,760800
Apr 10 2017,74.64,75.22,74.53,74.62,73.45,451000
Apr 07 2017,74.61,75.14,74.58,74.69,73.52,384400
Apr 06 2017,74.42,75.30,74.11,74.70,73.53,556400
Apr 05 2017,75.00,75.44,73.93,74.13,72.97,1267500
Apr 04 2017,75.54,75.74,74.83,74.90,73.73,513200
Apr 03 2017,75.88,76.50,75.31,75.72,74.54,654800
Mar 31 2017,75.70,76.29,75.47,75.70,74.52,592300
Mar 30 2017,75.32,75.92,75.26,75.86,74.68,450900
Mar 29 2017,74.89,75.41,74.71,75.41,74.23,394400
Mar 28 2017,74.65,75.41,74.65,75.12,73.95,271200
Mar 27 2017,74.06,75.28,74.00,74.89,73.72,696300
Mar 24 2017,75.01,75.63,74.65,75.05,73.88,422700
Mar 23 2017,74.68,75.36,74.29,74.86,73.69,410300
Mar 22 2017,74.28,74.86,74.05,74.77,73.60,472300
Mar 21 2017,75.52,75.66,74.19,74.27,73.11,709400
Mar 20 2017,75.48,75.68,75.01,75.23,74.06,530400
Mar 17 2017,75.05,75.62,74.82,75.48,74.30,829500
Mar 16 2017,74.98,75.39,74.71,75.15,73.98,459300
Mar 15 2017,74.64,75.29,73.98,74.92,73.75,521200
Mar 14 2017,74.27,74.78,74.00,74.37,73.21,506600
Mar 13 2017,74.12,74.83,73.77,74.76,73.59,668400
Mar 10 2017,73.92,74.58,73.87,74.47,73.15,692300
Mar 09 2017,73.31,73.97,73.12,73.46,72.16,676300
Mar 08 2017,73.04,73.48,72.45,73.11,71.81,1073900
Mar 07 2017,73.23,73.40,72.62,72.86,71.57,675100
Mar 06 2017,73.00,73.63,72.80,73.21,71.91,1106600
Mar 03 2017,74.05,74.37,73.35,73.82,72.51,962000
Mar 02 2017,73.85,74.29,73.19,73.96,72.65,557200
Mar 01 2017,73.67,74.31,73.27,73.69,72.38,567800
Feb 28 2017,73.76,73.93,72.55,72.59,71.30,769200
Feb 27 2017,73.91,74.21,73.53,73.60,72.29,568200
Feb 24 2017,73.55,73.97,73.27,73.95,72.64,505200
Feb 23 2017,74.44,74.50,73.57,73.95,72.64,541700
Feb 22 2017,74.32,75.00,73.91,74.06,72.75,631200
Feb 21 2017,73.20,74.67,73.18,74.51,73.19,1120400
Feb 17 2017,72.84,73.68,72.48,73.27,71.97,865000
Feb 16 2017,71.90,73.11,71.90,72.93,71.64,1067300
Feb 15 2017,70.84,71.99,70.84,71.83,70.56,1138200
Feb 14 2017,71.35,71.54,70.85,71.08,69.82,695500
Feb 13 2017,72.20,72.48,71.19,71.45,70.18,562100
Feb 10 2017,71.80,72.36,71.50,71.92,70.64,1099200
Feb 09 2017,67.69,72.00,67.02,71.73,70.46,2487100
Feb 08 2017,67.02,67.80,66.72,67.60,66.40,922700
Feb 07 2017,67.39,67.75,66.81,67.02,65.83,872400
Feb 06 2017,67.12,67.34,66.55,67.34,66.15,626600
Feb 03 2017,66.62,67.39,66.20,67.33,66.14,950400
Feb 02 2017,65.59,65.75,65.06,65.62,64.46,992100
Feb 01 2017,65.94,67.10,65.37,65.94,64.77,685400
Jan 31 2017,65.68,65.74,64.74,65.67,64.51,594400
Jan 30 2017,66.02,66.06,64.82,65.84,64.67,709300
Jan 27 2017,66.16,66.61,65.97,66.52,65.34,450700
Jan 26 2017,66.60,66.95,65.65,65.95,64.78,808400
Jan 25 2017,67.00,68.54,66.06,66.60,65.42,836000
Jan 24 2017,65.31,66.87,65.31,66.42,65.24,759600
Jan 23 2017,64.83,65.78,64.75,65.07,63.92,829500
Jan 20 2017,66.54,66.54,64.62,65.16,64.00,1013000
Jan 19 2017,66.64,67.32,66.45,66.58,65.40,720000
Jan 18 2017,65.94,66.64,65.82,66.48,65.30,601500
Jan 17 2017,65.13,66.10,64.93,65.87,64.70,653400
Jan 13 2017,66.21,66.76,65.48,65.50,64.34,509000
Jan 12 2017,65.33,66.21,65.13,66.12,64.95,737700
Jan 11 2017,64.76,65.73,64.39,65.70,64.54,893200
Jan 10 2017,65.11,65.27,63.81,64.50,63.36,1806100
Jan 09 2017,65.64,65.89,65.20,65.42,64.26,850600
Jan 06 2017,66.39,66.65,65.80,65.89,64.72,1238300
Jan 05 2017,65.58,66.36,65.33,66.29,65.11,808900
Jan 04 2017,64.68,66.22,64.68,65.93,64.76,958800
Jan 03 2017,64.64,65.11,63.91,64.70,63.55,689800
Dec 30 2016,65.04,65.20,63.71,64.00,62.87,501800
Dec 29 2016,64.87,65.16,64.43,64.77,63.62,332200
Dec 28 2016,65.56,65.91,64.76,64.80,63.65,361600
Dec 27 2016,65.45,65.65,65.16,65.54,64.38,173600
Dec 23 2016,65.35,65.65,65.22,65.39,64.23,266100
Dec 22 2016,65.45,65.79,65.10,65.25,64.09,551100
Dec 21 2016,65.41,65.71,64.96,65.55,64.39,559200
Dec 20 2016,65.06,65.36,64.94,65.33,64.17,467800
Dec 19 2016,64.48,65.62,64.30,64.91,63.76,512300
Dec 16 2016,65.11,65.43,64.11,64.22,63.08,1193800
Dec 15 2016,65.47,65.85,64.78,64.90,63.75,774200
Dec 14 2016,65.67,66.18,65.35,65.44,64.28,770100
Dec 13 2016,65.14,65.92,65.03,65.65,64.49,776100
Dec 12 2016,65.68,65.79,64.57,65.12,63.85,658600
Dec 09 2016,65.47,65.79,65.17,65.68,64.40,411300
Dec 08 2016,65.63,66.06,65.30,65.38,64.10,722300
Dec 07 2016,65.13,65.95,64.83,65.78,64.49,1093800
Dec 06 2016,64.69,65.11,64.33,65.00,63.73,854600
Dec 05 2016,65.19,65.24,64.46,64.61,63.35,789200
Dec 02 2016,65.43,65.68,64.79,64.87,63.60,621300
Dec 01 2016,66.97,67.32,65.25,65.46,64.18,1391300
Nov 30 2016,67.67,67.93,66.51,66.91,65.60,733100
Nov 29 2016,67.55,67.84,67.17,67.48,66.16,403100
Nov 28 2016,67.57,67.80,67.20,67.40,66.08,547800
Nov 25 2016,67.99,68.01,67.18,67.91,66.58,220900
Nov 23 2016,67.93,68.31,67.21,67.70,66.38,648100
Nov 22 2016,67.93,68.20,67.54,68.00,66.67,545500
Nov 21 2016,67.68,68.32,67.04,67.93,66.60,595800
Nov 18 2016,68.04,68.60,67.08,67.32,66.00,637200
Nov 17 2016,67.66,68.61,67.63,68.28,66.95,600200
Nov 16 2016,68.79,68.79,67.52,67.57,66.25,575400
Nov 15 2016,68.60,68.94,68.11,68.77,67.43,887500
Nov 14 2016,69.38,69.44,68.39,68.59,67.25,1245600
Nov 11 2016,68.95,69.90,68.95,69.31,67.96,1187900
Nov 10 2016,67.28,69.95,67.07,69.11,67.76,1358700
Nov 09 2016,64.32,67.26,64.31,66.75,65.45,1052600
Nov 08 2016,65.31,65.97,64.90,65.71,64.43,429900
Nov 07 2016,64.76,65.48,64.53,65.42,64.14,713500
Nov 04 2016,63.48,64.69,63.31,63.64,62.40,1692900
Nov 03 2016,63.40,63.88,63.07,63.29,62.05,835200
Nov 02 2016,63.32,63.81,62.97,63.35,62.11,1169800
Nov 01 2016,63.91,64.50,62.92,63.46,62.22,2094600
Oct 31 2016,63.56,64.29,63.56,63.84,62.59,1601000
Oct 28 2016,62.65,64.75,62.65,63.59,62.35,1198500
Oct 27 2016,64.16,64.51,61.47,62.84,61.61,2817500
Oct 26 2016,65.43,65.74,65.09,65.59,64.31,1537000
Oct 25 2016,67.56,67.56,65.43,65.52,64.24,822000
Oct 24 2016,67.69,68.19,67.53,67.76,66.44,619000
Oct 21 2016,66.66,67.26,65.83,67.18,65.87,759300
Oct 20 2016,67.19,67.62,66.47,67.28,65.97,551600
Oct 19 2016,67.93,68.00,67.17,67.20,65.89,613900
Oct 18 2016,68.99,68.99,67.81,67.90,66.57,632600
Oct 17 2016,68.33,69.50,68.08,68.34,67.00,690500
Oct 14 2016,67.02,68.24,66.93,67.69,66.37,839700
Oct 13 2016,66.43,66.75,65.85,66.54,65.24,296100
Oct 12 2016,66.28,67.26,66.13,67.03,65.72,510100
Oct 11 2016,67.00,67.23,65.62,66.23,64.94,686100
Oct 10 2016,67.11,67.64,66.98,67.28,65.97,591400
Oct 07 2016,68.16,68.16,66.62,66.88,65.57,642000
Oct 06 2016,67.60,68.11,67.23,67.95,66.62,488900
Oct 05 2016,67.77,67.86,66.85,67.55,66.23,854600
Oct 04 2016,68.21,68.45,67.20,67.38,66.06,601700
Oct 03 2016,68.66,69.10,68.16,68.17,66.84,646800
Sep 30 2016,68.44,69.40,67.97,68.91,67.56,1014700
Sep 29 2016,69.19,69.47,67.77,68.26,66.93,671200
Sep 28 2016,69.05,69.42,68.49,69.41,68.05,366000
Sep 27 2016,68.19,68.96,68.14,68.94,67.59,279700
Sep 26 2016,68.42,68.61,67.74,68.25,66.92,204100
Sep 23 2016,69.05,69.05,68.42,68.67,67.33,340600
Sep 22 2016,68.56,69.38,68.56,69.05,67.70,725900
Sep 21 2016,67.71,68.03,66.77,67.88,66.55,508900
Sep 20 2016,67.74,67.85,67.06,67.36,66.04,494300
Sep 19 2016,66.25,67.73,66.10,67.37,66.05,1088100
Sep 16 2016,66.43,66.52,66.10,66.25,64.96,989800
Sep 15 2016,66.05,67.13,65.99,66.85,65.54,1714800
Sep 14 2016,66.65,66.98,65.83,66.09,64.80,749300
Sep 13 2016,66.57,67.04,66.19,66.58,65.28,620800
Sep 12 2016,66.73,67.64,66.71,67.38,65.95,1185200
Sep 09 2016,69.36,69.64,66.83,66.83,65.41,951400
Sep 08 2016,70.68,70.91,69.72,69.88,68.39,515800
Sep 07 2016,71.90,71.94,70.60,70.89,69.38,757300
Sep 06 2016,72.36,72.75,71.68,72.07,70.54,329300
Sep 02 2016,72.05,72.55,71.92,72.39,70.85,420400
Sep 01 2016,71.32,71.88,70.72,71.84,70.31,534400
Aug 31 2016,71.08,71.49,70.69,71.22,69.70,573900
Aug 30 2016,71.93,72.13,71.07,71.26,69.74,450500
Aug 29 2016,71.69,72.17,71.43,72.10,70.57,352700
Aug 26 2016,72.25,72.49,71.18,71.58,70.06,308500
Aug 25 2016,71.69,72.19,71.49,72.09,70.56,309800
Aug 24 2016,72.01,72.25,71.66,71.80,70.27,483800
Aug 23 2016,72.08,72.61,72.08,72.18,70.64,390100
Aug 22 2016,71.22,72.06,71.08,71.91,70.38,624900
Aug 19 2016,71.62,71.67,71.09,71.28,69.76,546800
Aug 18 2016,71.58,72.10,71.39,71.89,70.36,283400
Aug 17 2016,72.23,72.30,71.29,71.66,70.13,597800
Aug 16 2016,72.58,73.11,72.16,72.23,70.69,402000
Aug 15 2016,72.63,73.22,72.40,72.82,71.27,602800
Aug 12 2016,71.81,72.54,71.68,72.35,70.81,598100
Aug 11 2016,71.49,72.07,71.41,71.81,70.28,488700
Aug 10 2016,71.50,71.50,70.91,71.35,69.83,485200
Aug 09 2016,71.11,71.31,70.74,71.31,69.79,716100
Aug 08 2016,71.36,71.56,70.67,70.98,69.47,672500
Aug 05 2016,71.56,71.65,71.19,71.41,69.89,650800
Aug 04 2016,71.23,71.79,70.92,71.00,69.49,658500
Aug 03 2016,71.70,71.70,70.76,71.05,69.54,720700
Aug 02 2016,70.99,72.07,70.75,71.69,70.16,618300
Aug 01 2016,71.74,72.63,71.61,72.40,70.86,632700
Jul 29 2016,72.82,73.49,72.19,72.39,70.85,961500
Jul 28 2016,72.75,73.42,72.15,72.78,71.23,841100
Jul 27 2016,72.55,72.59,71.46,71.88,70.35,758600
Jul 26 2016,71.95,72.66,71.88,72.46,70.92,579300
Jul 25 2016,71.69,71.98,71.46,71.87,70.34,389800
Jul 22 2016,71.47,72.44,71.23,72.34,70.80,471000
Jul 21 2016,71.93,71.95,71.38,71.56,70.04,255000
Jul 20 2016,71.92,72.20,71.47,71.93,70.40,317900
Jul 19 2016,70.84,71.92,70.75,71.84,70.31,802400
Jul 18 2016,71.35,71.50,70.75,70.94,69.43,291400
Jul 15 2016,71.21,71.56,70.88,71.35,69.83,363000
Jul 14 2016,71.07,71.42,70.85,71.01,69.50,462500
Jul 13 2016,71.01,71.01,70.21,70.44,68.94,331600
Jul 12 2016,70.23,70.77,70.10,70.53,69.03,427700
Jul 11 2016,70.00,70.63,69.84,69.93,68.44,501800
Jul 08 2016,69.14,69.95,69.02,69.74,68.26,386400
Jul 07 2016,68.49,68.99,68.07,68.64,67.18,333100
Jul 06 2016,67.93,68.62,67.46,68.26,66.81,980800
Jul 05 2016,68.36,68.54,67.52,68.01,66.56,455800
Jul 01 2016,69.30,69.57,68.28,68.80,67.34,775000
Jun 30 2016,68.07,69.46,68.05,69.43,67.95,578300
Jun 29 2016,66.84,68.45,66.77,68.01,66.56,961500
Jun 28 2016,64.43,66.51,64.20,66.41,65.00,857600
Jun 27 2016,65.06,65.21,63.45,64.02,62.66,1188000
Jun 24 2016,66.86,67.93,65.66,65.72,64.32,1093700
Jun 23 2016,69.25,69.44,68.91,69.25,67.78,419700
Jun 22 2016,68.90,69.69,68.82,68.84,67.37,484800
Jun 21 2016,68.94,69.25,68.55,69.02,67.55,587500
Jun 20 2016,68.17,69.14,68.17,68.95,67.48,351200
Jun 17 2016,68.34,68.52,67.66,67.69,66.25,511300
Jun 16 2016,67.70,68.36,67.44,68.20,66.75,703900
Jun 15 2016,68.00,68.42,67.86,68.16,66.71,701500
Jun 14 2016,67.44,67.69,66.90,67.63,66.19,557100
Jun 13 2016,67.52,68.16,67.23,67.49,66.05,664700
Jun 10 2016,68.96,69.05,67.59,67.91,66.35,589100
Jun 09 2016,68.67,69.10,68.31,68.98,67.39,441900
Jun 08 2016,67.69,69.10,67.50,69.01,67.42,715400
Jun 07 2016,67.93,68.17,67.42,67.75,66.19,596600
Jun 06 2016,68.14,68.18,67.47,67.90,66.34,447700
Jun 03 2016,67.86,68.11,67.34,67.89,66.33,333500
Jun 02 2016,68.03,68.18,67.51,68.13,66.56,575400
Jun 01 2016,67.48,68.26,67.03,68.19,66.62,638100
May 31 2016,68.07,68.35,67.35,67.64,66.08,563700
May 27 2016,67.76,68.49,67.72,67.99,66.43,425500
May 26 2016,67.95,68.33,67.69,67.73,66.17,329900
May 25 2016,68.45,68.46,67.44,67.95,66.39,824900
May 24 2016,67.70,68.45,67.07,68.12,66.55,504500
May 23 2016,67.39,67.40,66.84,67.22,65.67,447400
May 20 2016,67.69,68.61,67.27,67.36,65.81,583100
May 19 2016,66.68,67.41,66.47,67.21,65.66,1227900
May 18 2016,66.73,67.45,66.22,67.18,65.63,720400
May 17 2016,66.43,67.11,65.97,66.83,65.29,1042100
May 16 2016,66.08,66.67,65.68,66.34,64.81,476100
May 13 2016,66.01,66.94,65.56,66.01,64.49,542600
May 12 2016,66.29,66.43,65.55,66.13,64.61,306900
May 11 2016,66.94,67.24,65.89,65.94,64.42,283900
May 10 2016,66.58,67.02,66.27,66.94,65.40,327500
May 09 2016,65.98,66.53,65.69,66.17,64.65,441700
May 06 2016,65.37,66.05,64.80,66.01,64.49,372400
May 05 2016,65.49,65.78,64.90,65.37,63.87,769500
May 04 2016,65.37,65.61,64.83,65.46,63.95,539000
May 03 2016,66.30,66.44,65.40,65.69,64.18,822800
May 02 2016,65.49,67.12,65.34,66.50,64.97,993300
Apr 29 2016,65.23,65.54,64.57,65.45,63.94,958100
Apr 28 2016,63.95,66.20,63.66,65.24,63.74,1756700
Apr 27 2016,65.85,66.91,65.47,66.83,65.29,994100
Apr 26 2016,65.00,65.76,64.88,65.67,64.16,778800
Apr 25 2016,64.31,64.74,63.93,64.70,63.21,534200
Apr 22 2016,63.33,64.29,63.26,64.24,62.76,557300
Apr 21 2016,63.95,64.38,63.14,63.24,61.78,359500
Apr 20 2016,63.99,64.22,63.58,63.91,62.44,350900
Apr 19 2016,64.35,64.59,63.75,63.88,62.41,457700
Apr 18 2016,63.51,64.56,63.50,64.25,62.77,315900
Apr 15 2016,63.58,63.83,63.32,63.77,62.30,340100
Apr 14 2016,64.22,64.27,63.51,63.70,62.23,463400
Apr 13 2016,63.64,64.33,63.35,64.28,62.80,746400
Apr 12 2016,63.44,63.99,63.13,63.41,61.95,572500
Apr 11 2016,64.55,64.72,63.29,63.41,61.95,577400
Apr 08 2016,64.53,64.76,63.91,64.06,62.59,429400
Apr 07 2016,65.99,65.99,63.77,63.97,62.50,1018900
Apr 06 2016,64.86,66.28,64.68,66.21,64.69,1072000
Apr 05 2016,64.55,65.22,64.07,64.70,63.21,979000
Apr 04 2016,65.37,65.84,64.67,64.86,63.37,453800
Apr 01 2016,63.47,65.50,63.08,65.38,63.88,933700
Mar 31 2016,63.80,64.29,63.46,63.71,62.24,521100
Mar 30 2016,63.82,63.94,63.04,63.84,62.37,471100
Mar 29 2016,63.41,63.81,62.96,63.64,62.18,589800
Mar 28 2016,63.33,63.53,62.93,63.37,61.91,313000
Mar 24 2016,63.23,63.38,62.69,63.14,61.69,448100
Mar 23 2016,64.07,64.07,63.22,63.36,61.90,454600
Mar 22 2016,64.16,64.46,63.95,64.22,62.74,536600
Mar 21 2016,64.26,64.74,63.97,64.49,63.01,701500
Mar 18 2016,64.68,65.36,64.49,64.56,63.07,865700
Mar 17 2016,63.63,64.52,63.15,64.37,62.89,596200
Mar 16 2016,63.34,64.10,63.03,63.76,62.29,486900
Mar 15 2016,63.66,64.15,63.41,63.64,62.18,463000
Mar 14 2016,63.23,64.47,63.23,64.17,62.69,569500
Mar 11 2016,63.78,63.96,63.35,63.75,62.17,440100
Mar 10 2016,63.55,64.11,62.63,63.10,61.53,579400
Mar 09 2016,63.43,63.68,62.87,63.32,61.75,479000
Mar 08 2016,63.08,63.36,62.43,62.95,61.39,972300
Mar 07 2016,63.59,63.96,62.98,63.49,61.91,913100
Mar 04 2016,64.83,65.00,63.84,63.94,62.35,836800
Mar 03 2016,64.57,64.98,64.22,64.84,63.23,695300
Mar 02 2016,64.59,64.98,64.05,64.64,63.03,674000
Mar 01 2016,63.58,64.91,63.32,64.83,63.22,1140800
Feb 29 2016,63.92,64.24,62.94,63.00,61.43,1127900
Feb 26 2016,64.00,64.50,63.13,63.88,62.29,748800
Feb 25 2016,62.72,63.87,60.60,63.80,62.21,912100
Feb 24 2016,60.45,62.77,60.01,62.63,61.07,1014800
Feb 23 2016,60.80,62.00,60.53,61.11,59.59,742900
Feb 22 2016,58.76,61.43,58.76,61.07,59.55,988400
Feb 19 2016,58.50,58.80,57.97,58.76,57.30,2485200
Feb 18 2016,59.09,59.40,58.38,58.59,57.13,987300
Feb 17 2016,58.90,59.55,58.43,58.81,57.35,1186300
Feb 16 2016,58.38,58.81,56.88,58.50,57.05,1177600
Feb 12 2016,58.09,58.87,57.17,57.50,56.07,1869100
Feb 11 2016,56.19,58.77,54.45,56.74,55.33,2540800
Feb 10 2016,54.81,56.52,54.41,54.85,53.49,1245900
Feb 09 2016,53.33,54.95,53.19,54.28,52.93,1412100
Feb 08 2016,55.38,55.88,52.95,53.77,52.43,2161000
Feb 05 2016,59.83,60.35,56.01,56.27,54.87,1627200
Feb 04 2016,59.32,60.97,59.22,59.80,58.31,541000
Feb 03 2016,59.39,59.49,57.70,59.38,57.90,897500
Feb 02 2016,59.95,59.95,58.31,58.73,57.27,1217300
Feb 01 2016,60.00,60.74,59.53,60.45,58.95,982600
Jan 29 2016,59.53,60.65,59.17,60.56,59.05,677700
Jan 28 2016,60.06,60.17,58.76,59.22,57.75,668100
Jan 27 2016,59.68,60.57,59.37,59.73,58.25,711800
Jan 26 2016,59.04,60.12,58.78,59.94,58.45,638000
Jan 25 2016,59.69,60.35,58.83,59.19,57.72,1114700
Jan 22 2016,58.15,60.13,58.13,59.96,58.47,1086900
Jan 21 2016,57.44,57.77,55.76,57.21,55.79,1152600
Jan 20 2016,57.55,58.04,55.53,57.41,55.98,1355200
Jan 19 2016,60.05,60.21,57.28,58.01,56.57,1000000
Jan 15 2016,60.42,60.42,56.66,58.68,57.22,1231500
Jan 14 2016,59.80,60.94,59.04,60.23,58.73,929400
Jan 13 2016,60.53,60.69,58.66,58.81,57.35,513400
Jan 12 2016,59.96,60.44,59.33,60.11,58.62,521100
Jan 11 2016,60.02,60.45,58.98,59.49,58.01,562700
Jan 08 2016,61.30,61.71,59.62,59.77,58.28,675700
Jan 07 2016,61.63,62.29,60.75,60.96,59.44,613600
Jan 06 2016,63.62,63.83,62.39,62.77,61.21,505500
Jan 05 2016,64.57,65.40,64.11,64.46,62.86,525600
Jan 04 2016,64.88,64.88,63.39,64.53,62.93,845000
Dec 30 2015,66.70,67.09,66.45,66.61,64.95,309900
Dec 29 2015,67.04,67.54,66.57,66.96,65.30,475300
Dec 28 2015,65.45,66.39,65.12,66.31,64.66,303800
Dec 24 2015,65.84,65.92,65.44,65.61,63.98,114200
Dec 23 2015,65.55,65.94,65.24,65.82,64.18,313400
Dec 22 2015,65.07,65.20,64.42,65.17,63.55,443500
Dec 21 2015,65.00,65.49,64.38,64.76,63.15,459400
Dec 18 2015,65.39,65.54,63.96,64.65,63.04,1609900
Dec 17 2015,66.48,66.48,65.60,65.62,63.99,586400
Dec 16 2015,65.97,66.66,65.42,66.46,64.81,611200
Dec 15 2015,65.21,65.73,64.94,65.43,63.80,582000
Dec 14 2015,64.53,64.97,63.64,64.91,63.30,810600
Dec 11 2015,64.74,65.44,64.43,64.59,62.89,518200
Dec 10 2015,65.18,65.92,64.99,65.39,63.67,571200
Dec 09 2015,65.14,66.37,64.97,65.18,63.46,577500
Dec 08 2015,65.64,66.50,65.42,65.85,64.11,464800
Dec 07 2015,66.97,67.15,66.36,66.39,64.64,534400
Dec 04 2015,66.35,67.48,65.88,67.12,65.35,660700
Dec 03 2015,67.40,67.40,65.41,66.10,64.36,578200
Dec 02 2015,67.90,68.08,67.03,67.31,65.54,643400
Dec 01 2015,67.34,68.08,67.25,68.03,66.24,899000
Nov 30 2015,67.27,67.99,67.01,67.21,65.44,1311700
Nov 27 2015,66.49,67.28,66.40,67.13,65.36,274600
Nov 25 2015,65.50,66.67,65.18,66.40,64.65,634300
Nov 24 2015,65.47,65.47,64.54,65.18,63.46,988900
Nov 23 2015,66.64,66.83,65.45,65.69,63.96,777600
Nov 20 2015,66.82,67.00,66.24,66.51,64.76,2377900
Nov 19 2015,65.90,66.76,65.43,66.68,64.92,1700800
Nov 18 2015,65.17,65.90,64.67,65.85,64.11,1059700
Nov 17 2015,65.00,65.14,64.34,64.59,62.89,846200
Nov 16 2015,63.99,64.88,63.59,64.72,63.01,778000
Nov 13 2015,64.63,65.02,63.66,63.69,62.01,650300
Nov 12 2015,64.50,65.10,64.25,64.68,62.97,1038300
Nov 11 2015,63.58,65.07,63.34,65.01,63.30,747400
Nov 10 2015,63.62,63.79,62.77,63.33,61.66,839500
Nov 09 2015,64.22,64.24,63.02,63.68,62.00,782700
Nov 06 2015,64.08,64.54,63.27,64.27,62.58,855900
Nov 05 2015,63.98,64.50,63.67,64.16,62.47,1010500
Nov 04 2015,64.46,65.36,64.46,64.70,62.99,1181900
Nov 03 2015,66.50,66.50,65.15,65.33,63.61,877300
Nov 02 2015,65.18,66.84,64.90,66.75,64.99,936900
Oct 30 2015,64.59,65.66,63.96,65.17,63.45,1029100
Oct 29 2015,67.50,67.50,62.64,64.51,62.81,1792600
Oct 28 2015,64.58,65.34,63.61,65.20,63.48,1158000
Oct 27 2015,63.81,64.50,63.74,64.50,62.80,1020500
Oct 26 2015,63.77,64.12,63.15,64.07,62.38,436500
Oct 23 2015,64.38,64.43,63.60,63.73,62.05,1077000
Oct 22 2015,61.52,64.38,61.40,64.00,62.31,1248300
Oct 21 2015,62.34,62.49,61.09,61.27,59.65,384300
Oct 20 2015,59.94,62.90,59.94,61.99,60.36,924500
Oct 19 2015,60.03,60.31,59.44,59.98,58.40,513500
Oct 16 2015,60.59,60.95,60.11,60.32,58.73,697000
Oct 15 2015,59.22,60.61,58.73,60.34,58.75,745700
Oct 14 2015,58.81,59.30,58.26,58.83,57.28,630000
Oct 13 2015,58.90,59.52,58.33,58.86,57.31,531400
Oct 12 2015,59.69,59.89,58.99,59.14,57.58,421300
Oct 09 2015,59.81,60.43,59.39,59.67,58.10,500600
Oct 08 2015,59.39,59.88,58.89,59.74,58.16,518600
Oct 07 2015,58.87,59.69,58.78,59.64,58.07,617300
Oct 06 2015,59.15,59.68,58.36,58.65,57.10,600700
Oct 05 2015,58.45,59.65,58.41,59.01,57.45,514900
Oct 02 2015,57.98,58.10,57.05,58.08,56.55,692600
Oct 01 2015,57.95,58.59,57.07,58.56,57.02,704800
Sep 30 2015,56.52,57.74,56.31,57.66,56.14,563400
Sep 29 2015,57.23,57.41,55.62,56.07,54.59,639400
Sep 28 2015,59.38,59.38,56.75,57.26,55.75,695400
Sep 25 2015,60.53,60.60,59.52,59.64,58.07,570300
Sep 24 2015,60.10,60.30,59.45,60.18,58.59,304800
Sep 23 2015,60.60,60.67,60.06,60.59,58.99,474600
Sep 22 2015,61.07,61.26,60.14,60.37,58.78,394300
Sep 21 2015,61.45,61.93,61.13,61.72,60.09,396900
Sep 18 2015,61.40,61.98,61.00,61.12,59.51,754000
Sep 17 2015,61.71,62.82,61.47,62.04,60.40,550700
Sep 16 2015,61.49,62.08,61.08,61.81,60.18,422600
Sep 15 2015,60.93,61.81,60.54,61.64,60.01,397600
Sep 14 2015,60.44,60.76,60.16,60.72,59.12,385100
Sep 11 2015,59.92,60.67,59.58,60.63,58.93,271500
Sep 10 2015,60.08,60.77,59.59,60.30,58.61,426200
Sep 09 2015,60.83,61.19,60.08,60.20,58.52,612100
Sep 08 2015,59.69,60.39,59.11,60.36,58.67,301200
Sep 04 2015,59.05,59.25,58.27,58.72,57.08,421400
Sep 03 2015,59.41,60.45,58.53,59.79,58.12,569200
Sep 02 2015,59.22,59.32,58.34,59.32,57.66,346100
Sep 01 2015,57.17,58.78,57.17,58.56,56.92,755700
Aug 31 2015,59.96,60.22,59.34,59.61,57.94,398000
Aug 28 2015,60.48,60.80,59.74,60.27,58.58,619300
Aug 27 2015,59.49,60.78,59.17,60.51,58.82,680100
Aug 26 2015,58.29,59.09,57.12,59.02,57.37,986000
Aug 25 2015,59.75,59.91,56.88,56.95,55.36,932100
Aug 24 2015,56.88,59.42,54.34,58.56,56.92,1387800
Aug 21 2015,62.15,62.15,60.37,60.38,58.69,469200
Aug 20 2015,63.55,63.65,62.56,62.60,60.85,667200
Aug 19 2015,64.05,64.42,63.66,64.23,62.43,458800
Aug 18 2015,64.67,64.86,63.24,64.57,62.76,634000
Aug 17 2015,63.56,64.70,62.98,64.68,62.87,445200
Aug 14 2015,63.25,63.63,63.04,63.60,61.82,157800
Aug 13 2015,62.95,63.47,62.58,63.29,61.52,325200
Aug 12 2015,62.80,63.08,61.90,63.07,61.31,392400
Aug 11 2015,62.88,63.19,62.72,63.16,61.39,320100
Aug 10 2015,63.05,63.53,62.89,63.38,61.61,304900
Aug 07 2015,62.24,62.70,61.85,62.67,60.92,398200
Aug 06 2015,62.89,62.93,61.91,62.29,60.55,428500
Aug 05 2015,63.31,63.67,62.58,62.88,61.12,551100
Aug 04 2015,62.80,63.06,62.44,62.63,60.88,429500
Aug 03 2015,63.22,63.31,62.38,62.69,60.94,543400
Jul 31 2015,63.68,63.94,63.06,63.22,61.45,646600
Jul 30 2015,63.90,66.05,61.56,63.20,61.43,1392300
Jul 29 2015,62.56,63.86,62.56,63.75,61.97,805300
Jul 28 2015,61.32,62.85,61.21,62.39,60.64,966300
Jul 27 2015,61.13,61.56,60.61,61.20,59.49,1057600
Jul 24 2015,61.31,61.86,61.05,61.43,59.71,728400
Jul 23 2015,61.36,61.80,60.94,61.08,59.37,572900
Jul 22 2015,60.76,61.48,60.68,61.07,59.36,376400
Jul 21 2015,61.59,61.73,60.67,60.82,59.12,355500
Jul 20 2015,61.41,61.79,61.15,61.67,59.94,309300
Jul 17 2015,61.09,61.94,61.09,61.39,59.67,787000
Jul 16 2015,61.19,61.42,60.97,61.27,59.56,339400
Jul 15 2015,61.38,61.85,60.60,60.89,59.19,453100
Jul 14 2015,61.02,61.63,60.75,61.52,59.80,361700
Jul 13 2015,60.75,61.06,60.39,60.99,59.28,615200
Jul 10 2015,59.83,60.44,59.65,60.27,58.58,753800
Jul 09 2015,59.25,59.65,59.09,59.19,57.53,593100
Jul 08 2015,59.29,59.44,58.43,58.48,56.84,477200
Jul 07 2015,59.73,59.73,58.68,59.65,57.98,876400
Jul 06 2015,59.48,60.13,59.09,59.56,57.89,340900
Jul 02 2015,60.50,60.59,59.64,59.77,58.10,308500
Jul 01 2015,60.73,60.81,60.08,60.21,58.53,612300
Jun 30 2015,60.49,61.02,60.01,60.14,58.46,617900
Jun 29 2015,61.51,61.64,59.80,59.90,58.22,525600
Jun 26 2015,61.82,62.04,61.53,61.63,59.91,256900
Jun 25 2015,62.05,62.63,61.64,61.73,60.00,229700
Jun 24 2015,62.28,62.80,61.77,62.05,60.31,508700
Jun 23 2015,62.02,62.58,61.77,62.08,60.34,425800
Jun 22 2015,62.00,62.46,61.71,62.08,60.34,275300
Jun 19 2015,61.37,62.01,61.04,61.67,59.94,647000
Jun 18 2015,61.27,61.92,61.12,61.41,59.69,335800
Jun 17 2015,60.82,61.24,60.21,61.17,59.46,352200
Jun 16 2015,60.63,60.98,60.29,60.61,58.91,320500
Jun 15 2015,60.85,61.10,60.33,60.86,59.16,431300
Jun 12 2015,61.53,61.97,60.97,61.10,59.39,276600
Jun 11 2015,61.82,62.25,61.53,61.65,59.83,344900
Jun 10 2015,61.02,61.94,61.02,61.62,59.80,336000
Jun 09 2015,61.34,61.34,60.73,60.95,59.15,415300
Jun 08 2015,61.73,62.09,61.39,61.40,59.59,232100
Jun 05 2015,61.65,62.04,61.11,61.90,60.07,314300
Jun 04 2015,62.25,62.66,61.74,61.83,60.00,223800
Jun 03 2015,62.37,63.04,61.80,62.81,60.95,458300
Jun 02 2015,62.00,62.70,61.69,62.39,60.55,271400
Jun 01 2015,62.47,62.47,61.89,62.04,60.21,357600
May 29 2015,62.01,62.97,61.87,62.44,60.59,670800
May 28 2015,61.61,61.97,61.36,61.94,60.11,376200
May 27 2015,61.32,61.92,60.93,61.82,59.99,286200
May 26 2015,61.22,61.37,60.66,60.89,59.09,375400
May 22 2015,61.40,61.78,60.99,61.26,59.45,252700
May 21 2015,61.71,61.77,61.19,61.40,59.59,579900
May 20 2015,62.02,62.02,61.40,61.54,59.72,480700
May 19 2015,62.10,62.99,61.79,61.83,60.00,546400
May 18 2015,61.82,62.12,61.57,61.89,60.06,691200
May 15 2015,61.83,62.04,61.42,61.79,59.96,890700
May 14 2015,62.20,62.20,61.76,61.87,60.04,587900
May 13 2015,61.75,62.29,61.60,61.74,59.92,621200
May 12 2015,62.87,63.08,61.55,61.78,59.95,565200
May 11 2015,62.37,63.42,62.37,63.18,61.31,1367300
May 08 2015,62.00,62.53,61.66,62.38,60.54,874400
May 07 2015,61.07,62.00,60.82,61.49,59.67,1243500
May 06 2015,61.64,61.85,60.93,61.28,59.47,531600
May 05 2015,61.92,62.36,61.35,61.50,59.68,577100
May 04 2015,61.10,62.36,61.10,62.25,60.41,672200
May 01 2015,60.62,61.81,60.18,61.45,59.63,1464200
Apr 30 2015,61.05,62.54,60.90,61.15,59.34,2075800
Apr 29 2015,60.65,60.70,60.06,60.55,58.76,560600
Apr 28 2015,60.40,61.10,60.24,60.81,59.01,950300
Apr 27 2015,60.97,61.45,60.50,60.59,58.80,793100
Apr 24 2015,59.69,61.08,59.63,60.96,59.16,873500
Apr 23 2015,60.07,60.18,59.53,59.74,57.97,1013000
Apr 22 2015,59.87,60.48,59.72,60.36,58.58,485400
Apr 21 2015,59.69,59.93,59.33,59.81,58.04,326600
Apr 20 2015,59.20,59.68,59.08,59.31,57.56,403300
Apr 17 2015,59.72,59.72,58.78,59.10,57.35,462000
Apr 16 2015,60.38,60.47,59.70,60.16,58.38,350400
Apr 15 2015,60.02,60.61,60.02,60.49,58.70,443500
Apr 14 2015,60.32,60.68,59.60,59.97,58.20,681000
Apr 13 2015,61.17,61.58,60.25,60.28,58.50,438800
Apr 10 2015,61.52,61.72,60.87,61.24,59.43,559800
Apr 09 2015,61.70,61.80,61.14,61.44,59.62,425500
Apr 08 2015,61.53,61.73,61.18,61.69,59.87,512100
Apr 07 2015,61.40,61.71,61.28,61.57,59.75,398800
Apr 06 2015,61.18,62.16,61.03,61.65,59.83,653400
Apr 02 2015,61.15,61.71,60.94,61.45,59.63,275700
Apr 01 2015,60.98,61.33,60.79,61.08,59.28,443500
Mar 31 2015,61.50,61.93,61.05,61.17,59.36,428200
Mar 30 2015,61.40,61.97,61.40,61.91,60.08,457400
Mar 27 2015,60.49,61.30,60.16,61.23,59.42,896700
Mar 26 2015,60.30,60.67,59.98,60.51,58.72,554100
Mar 25 2015,60.84,61.23,60.14,60.31,58.53,652900
Mar 24 2015,60.74,61.40,60.38,60.90,59.10,529500
Mar 23 2015,61.24,61.70,60.81,60.90,59.10,685900
Mar 20 2015,60.41,61.22,60.23,61.14,59.33,923000
Mar 19 2015,59.86,60.04,59.29,60.01,58.24,599900
Mar 18 2015,58.29,60.10,58.06,59.84,58.07,634800
Mar 17 2015,58.21,58.74,58.04,58.34,56.62,446100
Mar 16 2015,58.51,58.77,58.01,58.74,57.00,494300
Mar 13 2015,58.09,58.67,57.80,58.16,56.44,562300
Mar 12 2015,57.93,58.52,57.93,58.40,56.58,420900
Mar 11 2015,57.70,58.26,57.58,57.91,56.10,559900
Mar 10 2015,57.69,58.01,57.11,57.61,55.81,491100
Mar 09 2015,57.41,58.14,57.40,57.99,56.18,342800
Mar 06 2015,57.69,57.98,57.36,57.45,55.66,413900
Mar 05 2015,58.48,58.48,57.80,58.11,56.30,480000
Mar 04 2015,58.65,58.84,57.98,58.45,56.63,937900
Mar 03 2015,58.44,58.82,58.05,58.50,56.67,612000
Mar 02 2015,57.77,58.91,57.64,58.82,56.98,694300
Feb 27 2015,58.21,58.54,57.69,57.73,55.93,342900
Feb 26 2015,58.74,58.77,58.03,58.29,56.47,507200
Feb 25 2015,58.48,59.07,58.16,58.55,56.72,626000
Feb 24 2015,58.11,58.79,57.90,58.40,56.58,526600
Feb 23 2015,58.36,58.72,57.93,58.34,56.52,769700
Feb 20 2015,57.44,58.72,56.98,58.60,56.77,980200
Feb 19 2015,55.94,57.86,55.79,57.62,55.82,1670200
Feb 18 2015,56.88,57.43,55.13,56.00,54.25,1721100
Feb 17 2015,58.79,59.50,58.39,58.56,56.73,1336700
Feb 13 2015,57.72,58.82,57.19,58.66,56.83,746300
Feb 12 2015,57.14,57.89,56.85,57.76,55.96,723800
Feb 11 2015,56.94,57.21,56.39,56.72,54.95,860000
Feb 10 2015,57.22,57.35,56.26,56.88,55.10,527400
Feb 09 2015,57.54,58.10,56.88,56.91,55.13,730300
Feb 06 2015,57.22,57.80,57.01,57.55,55.75,972100
Feb 05 2015,55.75,57.06,55.75,57.00,55.22,627800
Feb 04 2015,55.03,55.97,54.97,55.63,53.89,578300
Feb 03 2015,54.94,55.43,54.70,55.05,53.33,426900
Feb 02 2015,54.30,54.53,53.43,54.49,52.79,1213600
Jan 30 2015,54.52,54.92,53.88,54.01,52.32,591800
Jan 29 2015,54.15,54.90,53.71,54.79,53.08,456600
Jan 28 2015,54.30,55.16,53.91,54.35,52.65,695100
Jan 27 2015,53.20,54.04,53.07,53.80,52.12,476800
Jan 26 2015,54.76,54.83,53.77,53.91,52.23,702600
Jan 23 2015,54.31,55.00,54.31,54.48,52.78,403700
Jan 22 2015,53.12,54.43,52.90,54.36,52.66,894200
Jan 21 2015,52.58,53.45,52.33,52.92,51.27,1614200
Jan 20 2015,53.44,53.92,52.59,52.79,51.14,1136000
Jan 16 2015,53.84,54.35,53.17,53.37,51.70,2678200
Jan 15 2015,55.55,55.66,53.35,53.80,52.12,1114300
Jan 14 2015,54.57,55.39,54.18,55.33,53.60,544200
Jan 13 2015,55.30,56.46,54.45,55.10,53.38,520200
Jan 12 2015,55.94,55.99,54.85,54.99,53.27,336600
Jan 09 2015,56.11,56.33,55.79,55.88,54.14,539300
Jan 08 2015,55.71,56.38,55.18,56.35,54.59,893900
Jan 07 2015,55.09,56.00,54.81,55.60,53.86,718400
Jan 06 2015,55.00,55.16,54.08,54.85,53.14,1337500
Jan 05 2015,54.73,55.24,54.56,54.94,53.23,534600
Jan 02 2015,55.49,55.60,53.97,55.05,53.33,668800
Dec 30 2014,55.69,55.89,55.41,55.66,53.92,448600
Dec 29 2014,55.54,56.06,55.29,55.91,54.17,340600
Dec 26 2014,55.77,56.00,55.58,55.65,53.91,193000
Dec 24 2014,55.81,55.90,55.40,55.73,53.99,134000
Dec 23 2014,55.61,55.86,55.40,55.68,53.94,362700
Dec 22 2014,54.98,55.61,54.77,55.61,53.87,277900
Dec 19 2014,55.38,55.39,54.65,54.99,53.27,686900
Dec 18 2014,54.81,54.98,54.28,54.95,53.23,504700
Dec 17 2014,53.54,54.21,53.00,54.11,52.42,418500
Dec 16 2014,53.60,54.10,52.96,53.43,51.76,1016300
Dec 15 2014,54.00,54.41,53.35,53.70,52.02,452600
Dec 12 2014,53.69,54.14,53.62,53.81,52.13,592700
Dec 11 2014,54.07,54.97,53.58,54.19,52.42,394800
Dec 10 2014,54.69,55.10,53.97,54.15,52.38,464300
Dec 09 2014,54.03,55.08,53.86,55.00,53.20,423800
Dec 08 2014,55.56,55.91,54.60,54.91,53.12,601500
Dec 05 2014,54.81,55.61,54.59,55.55,53.74,861100
Dec 04 2014,54.72,54.99,54.40,54.59,52.81,570900
Dec 03 2014,54.56,55.08,54.41,54.69,52.90,1397500
Dec 02 2014,53.79,54.42,53.64,54.36,52.59,316000
Dec 01 2014,53.79,53.98,53.25,53.70,51.95,467000
Nov 28 2014,53.09,54.16,53.09,53.85,52.09,343200
Nov 26 2014,53.60,53.80,52.90,53.06,51.33,537700
Nov 25 2014,53.94,53.97,53.28,53.57,51.82,453300
Nov 24 2014,54.25,54.49,53.88,53.95,52.19,482200
Nov 21 2014,54.80,54.88,54.02,54.20,52.43,488700
Nov 20 2014,53.62,54.36,53.52,54.09,52.32,220800
Nov 19 2014,53.94,54.32,53.54,54.00,52.24,758000
Nov 18 2014,52.91,54.05,52.68,53.87,52.11,629300
Nov 17 2014,52.19,52.92,52.11,52.84,51.12,529600
Nov 14 2014,52.00,52.51,51.79,52.27,50.56,372900
Nov 13 2014,52.57,52.68,51.88,52.12,50.42,375500
Nov 12 2014,52.31,52.67,52.01,52.50,50.79,631100
Nov 11 2014,52.81,53.39,52.37,52.52,50.81,582100
Nov 10 2014,53.11,53.11,52.57,52.68,50.96,562600
Nov 07 2014,53.44,53.56,52.90,52.96,51.23,1249500
Nov 06 2014,53.33,53.51,52.87,53.42,51.68,1041500
Nov 05 2014,53.43,53.58,52.74,53.05,51.32,539900
Nov 04 2014,53.39,53.84,53.09,53.12,51.39,1120800
Nov 03 2014,53.16,53.59,52.91,53.43,51.69,811100
Oct 31 2014,53.62,54.57,52.87,53.09,51.36,2535400
Oct 30 2014,50.18,53.05,49.24,52.64,50.92,1203500
Oct 29 2014,50.51,51.37,49.66,50.29,48.65,1184500
Oct 28 2014,49.42,50.25,49.08,50.20,48.56,730600
Oct 27 2014,48.87,49.31,48.55,49.15,47.55,584000
Oct 24 2014,48.49,49.17,48.07,49.12,47.52,414700
Oct 23 2014,47.70,48.78,47.26,48.45,46.87,733300
Oct 22 2014,48.24,48.51,47.00,47.10,45.56,696000
Oct 21 2014,47.17,48.47,47.17,48.23,46.66,657200
Oct 20 2014,46.58,47.17,46.57,46.90,45.37,602400
Oct 17 2014,46.73,47.57,46.32,46.75,45.22,756800
Oct 16 2014,44.63,46.50,44.22,46.33,44.82,696500
Oct 15 2014,44.56,46.00,43.81,45.72,44.23,1284600
Oct 14 2014,45.51,45.89,44.82,45.06,43.59,976900
Oct 13 2014,46.22,46.48,45.28,45.32,43.84,824500
Oct 10 2014,46.58,46.97,46.20,46.25,44.74,776400
Oct 09 2014,47.39,47.39,46.54,46.70,45.18,617300
Oct 08 2014,46.54,47.28,45.85,47.24,45.70,1061700
Oct 07 2014,48.37,48.37,46.58,46.59,45.07,691600
Oct 06 2014,49.20,49.47,48.47,48.59,47.00,750300
Oct 03 2014,48.83,49.21,48.58,49.14,47.54,968600
Oct 02 2014,47.68,48.07,47.37,47.87,46.31,2127100
Oct 01 2014,47.44,48.00,46.88,47.77,46.21,1083800
Sep 30 2014,47.90,48.00,47.31,47.64,46.08,1371500
Sep 29 2014,48.02,48.54,47.79,48.00,46.43,900800
Sep 26 2014,48.25,48.53,48.19,48.40,46.82,664800
Sep 25 2014,48.77,49.00,48.06,48.21,46.64,604800
Sep 24 2014,48.90,49.21,48.81,49.00,47.40,470900
Sep 23 2014,49.05,49.47,48.54,48.92,47.32,760000
Sep 22 2014,49.66,49.82,49.17,49.20,47.59,829600
Sep 19 2014,50.88,50.88,47.47,49.86,48.23,1925100
Sep 18 2014,51.23,51.23,50.52,50.62,48.97,551200
Sep 17 2014,51.16,52.25,50.91,51.06,49.39,610400
Sep 16 2014,50.72,51.41,50.58,51.10,49.43,671700
Sep 15 2014,50.73,50.90,50.08,50.80,49.14,818700
Sep 12 2014,51.83,51.90,50.71,50.87,49.21,811300
Sep 11 2014,51.79,52.52,51.77,52.06,50.28,472200
Sep 10 2014,51.63,52.16,51.25,51.95,50.18,620400
Sep 09 2014,52.16,52.49,51.51,51.74,49.97,533300
Sep 08 2014,52.31,52.62,52.06,52.22,50.44,477300
Sep 05 2014,52.47,52.65,51.91,52.48,50.69,517700
Sep 04 2014,52.28,52.84,52.07,52.33,50.54,411300
Sep 03 2014,52.64,52.88,51.98,52.19,50.41,393900
Sep 02 2014,51.53,52.30,51.46,52.27,50.49,661900
Aug 29 2014,51.55,51.75,51.24,51.43,49.67,372000
Aug 28 2014,51.73,51.79,51.21,51.55,49.79,438400
Aug 27 2014,52.26,52.26,51.65,52.01,50.24,281200
Aug 26 2014,52.47,52.58,52.09,52.38,50.59,291400
Aug 25 2014,52.22,52.56,51.91,52.47,50.68,276100
Aug 22 2014,52.05,52.12,51.74,51.97,50.20,399800
Aug 21 2014,52.63,52.77,52.11,52.14,50.36,249600
Aug 20 2014,52.63,52.91,52.27,52.52,50.73,332400
Aug 19 2014,52.80,53.41,52.23,52.61,50.81,513600
Aug 18 2014,52.51,53.20,52.17,52.64,50.84,325400
Aug 15 2014,52.33,52.93,51.83,52.26,50.48,755500
Aug 14 2014,52.23,52.36,51.67,52.02,50.24,626600
Aug 13 2014,51.06,52.28,51.06,52.24,50.46,708300
Aug 12 2014,50.29,51.12,50.28,50.96,49.22,712200
Aug 11 2014,50.76,51.03,50.28,50.36,48.64,342200
Aug 08 2014,49.92,50.72,49.92,50.61,48.88,850400
Aug 07 2014,50.50,50.63,49.60,49.87,48.17,622300
Aug 06 2014,49.30,50.23,48.83,50.12,48.41,1078300
Aug 05 2014,50.14,50.93,49.80,50.40,48.68,668400
Aug 04 2014,50.59,51.77,49.97,50.12,48.41,956900
Aug 01 2014,51.43,51.48,49.59,50.36,48.64,903900
Jul 31 2014,50.90,52.73,49.93,51.43,49.67,1583400
Jul 30 2014,52.55,53.96,52.43,53.66,51.83,799300
Jul 29 2014,53.52,53.86,52.42,52.45,50.66,582000
Jul 28 2014,55.10,55.11,53.32,53.57,51.74,513200
Jul 25 2014,54.63,55.25,54.39,55.10,53.22,473700
Jul 24 2014,54.42,55.46,54.29,54.97,53.09,412400
Jul 23 2014,54.92,55.09,54.10,54.45,52.59,362800
Jul 22 2014,55.15,55.58,54.71,54.90,53.03,242000
Jul 21 2014,54.79,55.05,54.56,54.76,52.89,265900
Jul 18 2014,54.35,55.01,54.11,54.89,53.02,300700
Jul 17 2014,55.05,55.17,54.18,54.27,52.42,408600
Jul 16 2014,55.79,56.11,55.14,55.43,53.54,417400
Jul 15 2014,55.85,56.19,55.28,55.61,53.71,306800
Jul 14 2014,56.10,56.57,55.62,55.98,54.07,426400
Jul 11 2014,55.67,56.45,55.44,56.03,54.12,269000
Jul 10 2014,54.85,55.88,54.62,55.60,53.70,496000
Jul 09 2014,55.50,56.03,55.36,55.61,53.71,342800
Jul 08 2014,56.04,56.04,54.99,55.51,53.62,424300
Jul 07 2014,57.04,57.04,55.94,56.04,54.13,274700
Jul 03 2014,57.46,57.74,57.02,57.16,55.21,138700
Jul 02 2014,57.00,57.87,57.00,57.37,55.41,484600
Jul 01 2014,56.77,57.46,56.77,57.06,55.11,424500
Jun 30 2014,55.52,56.75,55.42,56.68,54.75,609900
Jun 27 2014,56.45,56.45,55.52,55.58,53.68,1105000
Jun 26 2014,56.72,56.78,56.17,56.32,54.40,336500
Jun 25 2014,56.62,56.83,56.04,56.69,54.76,503900
Jun 24 2014,57.30,57.57,56.49,56.68,54.75,580300
Jun 23 2014,57.72,58.29,57.43,57.56,55.60,384500
Jun 20 2014,57.14,57.78,56.88,57.62,55.65,1265000
Jun 19 2014,57.33,57.74,56.04,57.27,55.32,875800
Jun 18 2014,57.23,57.50,57.05,57.34,55.38,1901900
Jun 17 2014,56.88,57.66,56.10,57.25,55.30,1436700
Jun 16 2014,55.93,57.36,55.84,57.13,55.18,634300
Jun 13 2014,56.26,56.26,55.90,56.09,54.18,545100
Jun 12 2014,56.18,56.56,55.89,56.12,54.20,1780200
Jun 11 2014,56.40,56.42,55.98,56.34,54.34,625600
Jun 10 2014,56.24,56.75,55.95,56.73,54.72,618100
Jun 09 2014,55.97,56.81,55.62,56.35,54.35,850400
Jun 06 2014,54.43,56.09,54.37,55.83,53.85,965400
Jun 05 2014,53.20,54.34,52.90,54.31,52.38,608900
Jun 04 2014,52.27,53.31,52.23,53.15,51.26,621100
Jun 03 2014,51.30,52.74,51.30,52.41,50.55,451900
Jun 02 2014,52.77,52.77,52.04,52.07,50.22,646500
May 30 2014,53.49,53.51,52.33,52.39,50.53,400300
May 29 2014,52.94,53.86,52.94,53.52,51.62,815600
May 28 2014,52.62,53.26,52.46,52.94,51.06,523700
May 27 2014,52.49,52.84,52.33,52.47,50.61,331600
May 23 2014,51.73,52.59,51.33,52.46,50.60,451800
May 22 2014,50.65,51.84,50.32,51.49,49.66,501100
May 21 2014,50.52,51.03,50.40,50.71,48.91,338500
May 20 2014,49.87,50.54,49.75,50.50,48.71,1543600
May 19 2014,49.30,50.36,49.27,50.21,48.43,653500
May 16 2014,48.32,49.43,48.15,49.28,47.53,719500
May 15 2014,49.52,49.74,47.98,48.29,46.58,738400
May 14 2014,50.30,50.43,49.74,49.79,48.02,470700
May 13 2014,50.50,50.72,50.33,50.48,48.69,638700
May 12 2014,50.05,50.84,50.05,50.48,48.69,586100
May 09 2014,49.20,50.16,48.67,50.00,48.23,489100
May 08 2014,49.60,50.40,49.11,49.36,47.61,530600
May 07 2014,49.89,50.32,49.34,49.93,48.16,598000
May 06 2014,49.95,50.16,49.55,49.89,48.12,596000
May 05 2014,50.28,50.52,49.57,50.06,48.28,413800
May 02 2014,51.18,51.74,50.25,50.70,48.90,479000
May 01 2014,51.00,51.86,49.48,51.25,49.43,722100
Apr 30 2014,49.00,49.46,48.44,49.35,47.60,481100
Apr 29 2014,48.96,49.43,48.46,48.90,47.16,442000
Apr 28 2014,49.84,50.08,48.45,48.82,47.09,605400
Apr 25 2014,49.95,50.39,49.37,49.54,47.78,290300
Apr 24 2014,50.62,50.78,49.72,50.24,48.46,659800
Apr 23 2014,50.89,50.96,49.98,50.40,48.61,507800
Apr 22 2014,50.71,51.15,50.36,51.00,49.19,422500
Apr 21 2014,49.98,50.65,49.60,50.63,48.83,225700
Apr 17 2014,50.07,50.54,49.43,50.15,48.37,427200
Apr 16 2014,50.16,50.72,49.84,50.23,48.45,254000
Apr 15 2014,49.88,50.43,48.93,49.96,48.19,419300
Apr 14 2014,50.28,50.61,49.18,49.77,48.00,605900
Apr 11 2014,50.53,50.90,49.86,50.01,48.23,1184600
Apr 10 2014,51.52,51.79,50.12,50.68,48.88,1488500
Apr 09 2014,51.46,51.59,51.23,51.50,49.67,1212800
Apr 08 2014,51.34,51.78,50.81,51.41,49.59,1213700
Apr 07 2014,53.71,54.00,51.53,51.62,49.79,1054200
Apr 04 2014,54.82,55.35,53.00,53.73,51.82,492000
Apr 03 2014,54.77,55.00,54.58,54.95,53.00,427900
Apr 02 2014,53.92,54.81,53.59,54.67,52.73,500500
Apr 01 2014,52.44,54.06,52.29,53.92,52.01,593600
Mar 31 2014,52.38,52.58,51.91,52.17,50.32,334600
Mar 28 2014,51.62,52.44,51.54,52.16,50.31,346100
Mar 27 2014,51.87,51.97,51.19,51.45,49.62,492900
Mar 26 2014,53.32,53.50,52.01,52.04,50.19,691100
Mar 25 2014,53.70,53.90,53.17,53.21,51.32,708000
Mar 24 2014,54.00,54.23,53.04,53.47,51.57,895600
Mar 21 2014,54.38,54.81,53.74,53.81,51.90,1356800
Mar 20 2014,53.41,54.22,52.82,54.17,52.25,628100
Mar 19 2014,53.18,54.00,52.92,53.28,51.39,645000
Mar 18 2014,52.95,53.49,52.71,53.28,51.39,880800
Mar 17 2014,53.44,53.83,52.93,52.96,51.08,1011700
Mar 14 2014,53.62,53.95,53.25,53.30,51.41,1071800
Mar 13 2014,54.46,54.71,53.13,53.60,51.70,946400
Mar 12 2014,54.42,54.74,52.77,54.28,52.28,1255500
Mar 11 2014,53.49,54.80,53.45,54.50,52.49,874700
Mar 10 2014,53.20,53.67,52.24,53.29,51.32,1155300
Mar 07 2014,53.44,53.78,52.59,53.39,51.42,776100
Mar 06 2014,53.99,54.10,53.04,53.19,51.23,617400
Mar 05 2014,53.90,54.31,53.38,53.95,51.96,395000
Mar 04 2014,53.71,55.00,53.48,54.00,52.01,1189900
Mar 03 2014,54.67,54.93,53.08,53.49,51.52,659600
Feb 28 2014,55.09,55.32,53.82,54.35,52.34,1198500
Feb 27 2014,54.69,55.53,54.21,55.35,53.31,1139900
Feb 26 2014,54.83,55.78,54.18,54.66,52.64,1880100
Feb 25 2014,53.00,54.58,52.93,54.56,52.55,1117600
Feb 24 2014,52.36,53.11,52.36,52.86,50.91,667900
Feb 21 2014,51.75,52.79,51.75,52.37,50.44,2198700
Feb 20 2014,50.23,52.78,49.10,51.52,49.62,2623600
Feb 19 2014,49.84,50.34,49.03,49.16,47.35,1076100
Feb 18 2014,49.72,50.86,49.72,50.11,48.26,2748500
Feb 14 2014,50.15,50.25,49.59,49.63,47.80,891700
Feb 13 2014,49.98,50.44,49.59,50.12,48.27,695000
Feb 12 2014,49.92,51.00,49.73,50.00,48.15,1405300
Feb 11 2014,49.73,50.41,49.33,49.89,48.05,1446100
Feb 10 2014,49.99,50.12,49.45,49.84,48.00,763400
Feb 07 2014,49.33,50.27,49.33,49.94,48.10,1837500
Feb 06 2014,47.50,49.27,47.50,49.24,47.42,1168400
Feb 05 2014,47.84,48.65,47.15,47.60,45.84,823100
Feb 04 2014,47.44,48.48,47.32,48.05,46.28,891300
Feb 03 2014,49.35,49.94,47.20,47.44,45.69,1184800
Jan 31 2014,49.25,49.96,49.03,49.35,47.53,2011100
Jan 30 2014,47.91,49.63,47.83,49.42,47.60,1247100
Jan 29 2014,47.35,48.48,47.13,47.78,46.02,800900
Jan 28 2014,46.77,47.88,46.77,47.73,45.97,721700
Jan 27 2014,45.20,48.00,45.20,46.60,44.88,717800
Jan 24 2014,47.62,47.71,45.83,46.84,45.11,1417500
Jan 23 2014,48.68,48.68,47.58,47.72,45.96,867600
Jan 22 2014,48.11,49.16,48.08,48.51,46.72,682200
Jan 21 2014,49.38,49.38,47.94,48.17,46.39,1570400
Jan 17 2014,47.52,48.24,47.00,48.00,46.23,1572100
Jan 16 2014,47.28,47.68,47.04,47.40,45.65,1178700
Jan 15 2014,47.97,49.19,47.26,47.50,45.75,1733000
Jan 14 2014,47.16,47.89,46.91,47.80,46.04,2338200
Jan 13 2014,45.70,47.44,45.20,47.04,45.30,2278500
Jan 10 2014,44.17,46.08,44.02,45.73,44.04,2008600
Jan 09 2014,43.89,44.25,43.84,44.13,42.50,1093500
Jan 08 2014,44.02,44.36,43.40,43.88,42.26,1407100
Jan 07 2014,42.16,43.98,42.16,43.87,42.25,1371300
Jan 06 2014,43.97,43.98,43.37,43.68,42.07,597800
Jan 03 2014,43.57,44.32,43.17,43.96,42.34,378400
Jan 02 2014,44.08,44.18,43.27,43.65,42.04,992900
Dec 31 2013,44.23,44.50,43.76,44.19,42.56,874200
Dec 30 2013,44.45,44.88,44.00,44.12,42.49,381500
Dec 27 2013,44.77,44.97,44.09,44.64,42.99,393300
Dec 26 2013,44.86,45.01,44.44,44.70,43.05,513200
Dec 24 2013,44.76,45.02,44.25,44.58,42.93,304700
Dec 23 2013,44.17,44.85,43.55,44.65,43.00,773600
Dec 20 2013,44.30,44.45,43.91,44.26,42.63,2878600
Dec 19 2013,43.96,44.50,43.82,44.45,42.81,593000
Dec 18 2013,43.65,44.50,43.10,44.27,42.64,1225200
Dec 17 2013,43.43,44.00,43.16,43.75,42.13,1396700
Dec 16 2013,43.01,43.99,42.11,43.69,42.08,1953900
Dec 13 2013,42.92,43.80,42.92,43.25,41.65,683800
Dec 12 2013,42.01,43.10,42.00,42.97,41.38,1770500
Dec 11 2013,42.32,43.02,42.00,42.46,40.89,3367300
Dec 10 2013,41.07,42.84,41.04,42.56,40.99,3289400
Dec 09 2013,40.70,41.27,40.24,41.18,39.66,3074000
Dec 06 2013,40.75,41.06,40.64,40.70,39.20,4662300
Dec 05 2013,42.28,42.28,40.63,41.05,39.53,3380500
Dec 04 2013,42.43,42.61,41.65,41.83,40.29,2777700
Dec 03 2013,42.80,44.85,42.70,42.90,41.32,3239300
Dec 02 2013,43.08,43.67,41.52,43.14,41.55,5130700
Nov 29 2013,42.75,43.85,42.75,43.24,41.64,949900
Nov 27 2013,43.55,43.55,42.50,43.24,41.64,1153300
Nov 26 2013,45.00,45.00,43.04,43.20,41.61,873700
Nov 25 2013,44.28,45.62,43.70,44.18,42.55,727300
Nov 22 2013,43.90,44.10,43.25,43.99,42.37,947600
Nov 21 2013,44.50,45.15,43.04,43.79,42.17,730200
Nov 20 2013,45.98,46.00,43.99,44.65,43.00,1106900
Nov 19 2013,48.99,49.00,45.30,45.80,44.11,1682000

