Jan 08 2019,7.77,7.83,7.37,7.52,7.52,7659500
Jan 07 2019,7.14,7.58,7.06,7.55,7.55,10755600
Jan 04 2019,6.84,7.21,6.81,7.16,7.16,9136900
Jan 03 2019,6.90,7.01,6.72,6.79,6.79,13461300
Jan 02 2019,6.46,7.01,6.29,6.95,6.95,9878300
Dec 28 2018,6.41,6.74,6.41,6.49,6.49,7396000
Dec 27 2018,6.41,6.42,6.03,6.34,6.34,10067500
Dec 26 2018,6.13,6.43,5.91,6.40,6.40,8418900
Dec 24 2018,6.15,6.24,6.00,6.11,6.11,4855200
Dec 21 2018,6.50,6.65,6.12,6.16,6.16,25801800
Dec 20 2018,6.90,6.95,6.38,6.48,6.48,11931000
Dec 19 2018,7.11,7.33,6.90,6.96,6.96,8906000
Dec 18 2018,7.11,7.35,7.02,7.10,7.10,10949900
Dec 17 2018,7.31,7.39,6.97,7.07,7.07,12917900
Dec 14 2018,7.55,7.83,7.29,7.31,7.31,11098900
Dec 13 2018,7.74,7.89,7.58,7.60,7.60,7297600
Dec 12 2018,7.67,8.05,7.67,7.75,7.75,11965400
Dec 11 2018,7.67,7.76,7.46,7.58,7.58,6171700
Dec 10 2018,7.48,7.63,7.37,7.59,7.59,8662500
Dec 07 2018,7.66,7.69,7.44,7.50,7.50,10602200
Dec 06 2018,7.84,7.87,7.55,7.67,7.67,12473800
Dec 04 2018,8.50,8.63,7.91,7.93,7.93,9016200
Dec 03 2018,8.44,8.72,8.36,8.47,8.47,11622700
Nov 30 2018,8.50,8.52,8.26,8.34,8.34,9268500
Nov 29 2018,8.56,8.72,8.49,8.52,8.40,8564800
Nov 27 2018,8.68,8.69,8.49,8.61,8.48,7272000
Nov 26 2018,8.60,8.78,8.56,8.68,8.55,7272400
Nov 23 2018,8.71,8.75,8.42,8.58,8.45,2754300
Nov 21 2018,8.67,8.84,8.60,8.77,8.64,7471500
Nov 20 2018,9.00,9.09,8.60,8.63,8.50,12359600
Nov 19 2018,9.38,9.50,9.11,9.15,9.02,14095100
Nov 16 2018,8.72,9.38,8.71,9.09,8.96,23331700
Nov 15 2018,8.71,9.04,8.60,8.71,8.58,26607400
Nov 14 2018,8.22,8.98,8.20,8.70,8.57,28896700
Nov 13 2018,8.67,8.70,8.15,8.16,8.04,14053400
Nov 12 2018,8.63,8.99,8.52,8.65,8.52,19799900
Nov 09 2018,8.37,8.68,8.35,8.49,8.37,15129200
Nov 08 2018,8.72,8.76,8.29,8.30,8.18,17044300
Nov 07 2018,9.52,9.62,8.36,8.66,8.53,29513200
Nov 06 2018,11.12,11.34,10.95,11.18,11.02,5887200
Nov 05 2018,10.99,11.10,10.84,11.06,10.90,3985700
Nov 02 2018,10.95,11.18,10.70,10.99,10.83,4992900
Nov 01 2018,10.59,10.97,10.48,10.94,10.78,6076500
Oct 31 2018,10.33,10.55,10.15,10.55,10.40,9078900
Oct 30 2018,9.88,10.21,9.78,10.19,10.04,10223900
Oct 29 2018,10.06,10.17,9.69,9.81,9.67,9639300
Oct 26 2018,10.25,10.26,9.89,9.96,9.81,5649400
Oct 25 2018,10.39,10.58,10.33,10.37,10.22,4266200
Oct 24 2018,10.59,10.70,10.34,10.35,10.20,5424700
Oct 23 2018,10.47,10.75,10.38,10.57,10.41,8046800
Oct 22 2018,10.54,10.70,10.41,10.55,10.40,4692100
Oct 19 2018,10.93,11.04,10.49,10.53,10.38,10431400
Oct 18 2018,11.11,11.20,10.76,10.84,10.68,7499300
Oct 17 2018,11.20,11.46,11.08,11.21,11.05,15908800
Oct 16 2018,11.13,11.37,11.02,11.22,11.06,5397700
Oct 15 2018,11.03,11.32,11.03,11.10,10.94,5982600
Oct 12 2018,11.26,11.30,10.88,11.03,10.87,6976800
Oct 11 2018,11.45,11.54,11.12,11.13,10.97,7015900
Oct 10 2018,11.59,11.78,11.44,11.47,11.30,5893400
Oct 09 2018,11.92,11.99,11.75,11.83,11.66,4594000
Oct 08 2018,11.58,12.01,11.57,11.93,11.75,3794500
Oct 05 2018,11.43,11.66,11.34,11.62,11.45,7201000
Oct 04 2018,12.36,12.41,11.42,11.45,11.28,9806600
Oct 03 2018,12.81,12.83,12.44,12.48,12.30,3637900
Oct 02 2018,12.60,12.83,12.55,12.77,12.58,3903300
Oct 01 2018,12.63,12.63,12.38,12.61,12.42,3537900
Sep 28 2018,12.52,12.60,12.38,12.56,12.38,4911700
Sep 27 2018,12.61,12.66,12.45,12.55,12.37,2838200
Sep 26 2018,12.74,12.82,12.53,12.62,12.43,6308500
Sep 25 2018,13.03,13.16,12.73,12.75,12.56,15558800
Sep 24 2018,12.98,13.07,12.56,13.03,12.84,13007700
Sep 21 2018,12.99,13.13,12.70,13.07,12.88,10778500
Sep 20 2018,12.68,13.03,12.54,13.01,12.82,8328100
Sep 19 2018,12.61,12.97,12.50,12.66,12.47,7359800
Sep 18 2018,12.33,12.57,12.18,12.52,12.34,6007800
Sep 17 2018,11.92,12.55,11.86,12.31,12.13,10065700
Sep 14 2018,12.30,12.32,11.87,11.91,11.74,5215500
Sep 13 2018,12.40,12.43,12.27,12.28,12.10,3788600
Sep 12 2018,11.99,12.36,11.97,12.35,12.17,4141300
Sep 11 2018,12.04,12.11,11.83,12.00,11.82,4798400
Sep 10 2018,12.44,12.54,12.10,12.10,11.92,3648400
Sep 07 2018,12.32,12.44,12.13,12.39,12.21,6788500
Sep 06 2018,12.23,12.48,12.10,12.30,12.12,6343200
Sep 05 2018,12.05,12.32,11.94,12.19,12.01,7443800
Sep 04 2018,12.24,12.30,12.04,12.04,11.86,5266200
Aug 31 2018,12.66,12.66,12.01,12.36,12.18,8436800
Aug 30 2018,12.83,12.93,12.70,12.74,12.55,6512500
Aug 28 2018,12.98,13.37,12.71,12.71,12.40,20591700
Aug 27 2018,12.02,12.33,11.98,12.14,11.85,7943600
Aug 24 2018,11.67,12.22,11.64,11.98,11.69,10342400
Aug 23 2018,11.65,11.74,11.40,11.64,11.36,15346900
Aug 22 2018,11.55,11.98,11.39,11.72,11.44,9626400
Aug 21 2018,11.73,12.19,10.97,11.52,11.24,32248500
Aug 20 2018,12.20,12.59,12.12,12.40,12.10,10068000
Aug 17 2018,11.51,12.23,11.51,12.22,11.92,9764300
Aug 16 2018,10.82,11.50,10.73,11.48,11.20,12392000
Aug 15 2018,11.89,11.98,11.20,11.43,11.15,10372200
Aug 14 2018,11.77,11.91,11.62,11.77,11.49,8956100
Aug 13 2018,12.03,12.12,11.32,11.73,11.45,12332900
Aug 10 2018,12.41,12.44,12.04,12.05,11.76,4422900
Aug 09 2018,13.30,13.30,12.02,12.41,12.11,13396800
Aug 08 2018,13.50,13.55,13.28,13.38,13.06,4130100
Aug 07 2018,13.60,13.69,13.35,13.46,13.13,7070000
Aug 06 2018,13.90,13.93,13.55,13.56,13.23,2700600
Aug 03 2018,13.60,14.12,13.55,13.94,13.60,4843100
Aug 02 2018,13.34,13.56,13.23,13.50,13.17,3697900
Aug 01 2018,13.31,13.45,13.26,13.36,13.04,5142000
Jul 31 2018,13.50,13.60,13.41,13.41,13.09,5899800
Jul 30 2018,13.40,13.51,13.29,13.50,13.17,5064900
Jul 27 2018,13.36,13.60,13.31,13.41,13.09,3722800
Jul 26 2018,13.59,13.78,13.43,13.53,13.20,4436900
Jul 25 2018,13.61,13.69,13.25,13.48,13.15,3669700
Jul 24 2018,13.90,13.94,13.42,13.61,13.28,8658600
Jul 23 2018,13.88,14.04,13.87,13.96,13.62,3177400
Jul 20 2018,13.80,14.07,13.65,13.95,13.61,4123400
Jul 19 2018,13.81,14.00,13.69,13.78,13.45,3328800
Jul 18 2018,14.15,14.17,13.51,13.83,13.50,5080900
Jul 17 2018,14.23,14.45,14.21,14.23,13.89,1911900
Jul 16 2018,14.19,14.28,14.02,14.23,13.89,2143400
Jul 13 2018,14.07,14.36,14.00,14.24,13.90,2617300
Jul 12 2018,14.07,14.26,14.03,14.04,13.70,2793800
Jul 11 2018,14.42,14.46,13.97,14.05,13.71,3900900
Jul 10 2018,14.14,14.45,14.09,14.44,14.09,4277100
Jul 09 2018,14.19,14.30,13.98,14.11,13.77,5587300
Jul 06 2018,14.10,14.22,14.02,14.16,13.82,2743100
Jul 05 2018,14.00,14.19,13.96,14.17,13.83,2947800
Jul 03 2018,13.91,14.02,13.76,13.94,13.60,2602600
Jul 02 2018,14.05,14.05,13.53,13.87,13.54,4601300
Jun 29 2018,13.98,14.21,13.81,14.10,13.76,3326500
Jun 28 2018,14.13,14.20,13.79,13.97,13.63,3696500
Jun 27 2018,14.52,14.79,14.11,14.16,13.82,4951200
Jun 26 2018,14.51,14.56,14.17,14.45,14.10,3849800
Jun 25 2018,14.65,14.87,14.46,14.50,14.15,4883400
Jun 22 2018,14.54,14.78,14.38,14.77,14.41,6983600
Jun 21 2018,14.39,14.55,14.28,14.47,14.12,6138900
Jun 20 2018,14.54,14.55,14.27,14.45,14.10,4057200
Jun 19 2018,14.05,14.49,13.97,14.46,14.11,8275700
Jun 18 2018,14.39,14.43,14.03,14.17,13.83,4653300
Jun 15 2018,14.19,14.51,14.19,14.50,14.15,8897000
Jun 14 2018,14.02,14.30,13.93,14.26,13.92,5634300
Jun 13 2018,14.29,14.37,13.93,14.00,13.66,8603900
Jun 12 2018,14.19,14.32,14.05,14.23,13.89,8269900
Jun 11 2018,13.89,14.11,13.86,14.10,13.76,4657400
Jun 08 2018,13.41,13.93,13.41,13.89,13.55,8029800
Jun 07 2018,13.23,13.54,13.14,13.41,13.09,5888500
Jun 06 2018,13.19,13.34,13.10,13.23,12.91,7320500
Jun 05 2018,13.44,13.51,13.11,13.20,12.88,6235400
Jun 04 2018,13.13,13.53,12.92,13.41,13.09,11977000
Jun 01 2018,13.26,13.43,13.00,13.11,12.79,11664600
May 31 2018,13.59,13.61,13.14,13.25,12.93,4860800
May 30 2018,13.42,13.63,13.29,13.59,13.26,4657800
May 25 2018,13.65,13.74,13.60,13.67,13.22,4584100
May 24 2018,13.88,13.92,13.58,13.65,13.20,5195800
May 23 2018,13.80,14.01,13.75,13.88,13.42,3064200
May 22 2018,14.05,14.15,13.80,13.85,13.39,5429800
May 21 2018,14.15,14.20,13.92,13.98,13.52,9393800
May 18 2018,14.12,14.17,13.81,14.00,13.53,9256900
May 17 2018,14.44,14.55,14.13,14.18,13.71,6586100
May 16 2018,14.19,14.56,14.11,14.51,14.03,6385400
May 15 2018,14.08,14.15,13.87,14.07,13.60,6500000
May 14 2018,14.35,14.50,14.11,14.15,13.68,6246100
May 11 2018,14.30,14.57,14.04,14.30,13.83,7413600
May 10 2018,15.28,15.28,14.49,14.50,14.02,10903000
May 09 2018,16.96,17.10,14.09,15.01,14.51,22878600
May 08 2018,16.25,16.33,15.66,15.90,15.37,11474300
May 07 2018,16.08,16.29,15.96,16.24,15.70,7090300
May 04 2018,15.87,16.26,15.83,16.07,15.54,4886700
May 03 2018,16.14,16.27,15.58,15.94,15.41,7701800
May 02 2018,16.84,16.84,16.16,16.20,15.66,6392400
May 01 2018,17.35,17.58,16.84,16.90,16.34,5829500
Apr 30 2018,17.05,17.36,17.02,17.35,16.77,6835500
Apr 27 2018,16.92,17.08,16.79,17.02,16.45,2193500
Apr 26 2018,16.92,16.97,16.67,16.91,16.35,2645600
Apr 25 2018,16.51,16.80,16.35,16.76,16.20,3994100
Apr 24 2018,16.74,16.83,16.43,16.52,15.97,3764200
Apr 23 2018,16.76,16.84,16.56,16.67,16.12,4857500
Apr 20 2018,17.10,17.13,16.71,16.76,16.20,5009200
Apr 19 2018,17.46,17.50,16.91,17.17,16.60,6949400
Apr 18 2018,17.84,18.00,17.66,17.68,17.09,3920100
Apr 17 2018,17.86,17.90,17.64,17.83,17.24,2729600
Apr 16 2018,17.83,17.95,17.64,17.72,17.13,5442900
Apr 13 2018,18.03,18.14,17.55,17.66,17.07,3788100
Apr 12 2018,18.33,18.34,17.91,18.00,17.40,2166800
Apr 11 2018,18.09,18.37,18.09,18.27,17.66,2977300
Apr 10 2018,18.28,18.32,18.00,18.13,17.53,3247000
Apr 09 2018,18.34,18.56,18.17,18.33,17.72,2113800
Apr 06 2018,18.41,18.75,18.17,18.29,17.68,3654000
Apr 05 2018,18.34,18.66,18.27,18.45,17.84,3273800
Apr 04 2018,18.12,18.45,18.04,18.29,17.68,4738300
Apr 03 2018,17.83,18.26,17.68,18.24,17.63,5875400
Apr 02 2018,18.24,18.27,17.64,17.68,17.09,5855500
Mar 29 2018,18.40,18.59,18.26,18.30,17.69,4765500
Mar 28 2018,18.39,18.90,18.25,18.25,17.64,3971700
Mar 27 2018,18.41,18.41,18.04,18.29,17.68,4399500
Mar 26 2018,18.29,18.54,18.22,18.46,17.85,4413200
Mar 23 2018,18.19,18.43,18.01,18.07,17.47,3488400
Mar 22 2018,18.30,18.36,18.13,18.20,17.60,3259600
Mar 21 2018,18.39,18.54,18.24,18.36,17.75,3910600
Mar 20 2018,18.64,18.67,18.25,18.37,17.76,3592200
Mar 19 2018,18.85,19.01,18.57,18.58,17.96,5280900
Mar 16 2018,18.47,18.96,18.43,18.82,18.19,6857100
Mar 15 2018,18.94,18.94,18.56,18.57,17.95,3172000
Mar 14 2018,19.21,19.27,18.92,18.97,18.34,2490700
Mar 13 2018,19.20,19.28,18.95,19.20,18.56,3963000
Mar 12 2018,19.41,19.46,19.12,19.19,18.55,2725700
Mar 09 2018,19.43,19.80,19.20,19.40,18.76,5598800
Mar 08 2018,19.30,19.41,19.13,19.32,18.68,2977300
Mar 07 2018,19.12,19.39,19.10,19.21,18.57,2734800
Mar 06 2018,19.44,19.53,19.12,19.25,18.61,4999300
Mar 05 2018,19.17,19.54,18.94,19.34,18.70,4543500
Mar 02 2018,18.95,19.48,18.87,19.45,18.80,4948900
Mar 01 2018,19.15,19.24,18.91,19.04,18.41,5112900
Feb 28 2018,19.83,19.95,19.30,19.32,18.68,3943200
Feb 27 2018,20.54,20.64,19.83,19.85,19.19,3176400
Feb 23 2018,20.70,20.93,20.29,20.76,19.95,5902900
Feb 22 2018,20.98,21.13,20.65,20.66,19.85,4850700
Feb 21 2018,21.19,21.28,20.79,20.80,19.99,4766100
Feb 20 2018,21.50,21.68,21.10,21.19,20.36,5505300
Feb 16 2018,21.42,21.60,21.27,21.45,20.61,5000600
Feb 15 2018,21.53,21.64,21.21,21.53,20.69,5027900
Feb 14 2018,20.46,21.34,20.21,21.25,20.42,6381600
Feb 13 2018,20.35,20.76,20.31,20.56,19.76,7354400
Feb 12 2018,20.02,20.64,19.98,20.42,19.62,9902200
Feb 09 2018,19.61,20.00,18.82,19.86,19.08,11642100
Feb 08 2018,19.50,20.25,19.34,19.96,19.18,15122200
Feb 07 2018,17.40,17.66,17.15,17.48,16.80,13399500
Feb 06 2018,16.90,17.48,16.50,17.43,16.75,6315000
Feb 05 2018,17.90,18.12,17.26,17.28,16.60,5928500
Feb 02 2018,18.80,18.85,18.03,18.05,17.34,6702000
Feb 01 2018,19.55,19.56,18.64,18.86,18.12,7430300
Jan 31 2018,19.70,19.84,19.49,19.61,18.84,4670000
Jan 30 2018,19.67,19.93,19.41,19.69,18.92,4099000
Jan 29 2018,20.15,20.22,19.69,19.70,18.93,4706000
Jan 26 2018,20.22,20.37,19.97,20.22,19.43,4444100
Jan 25 2018,20.40,20.41,20.12,20.25,19.46,4167300
Jan 24 2018,20.85,20.95,20.29,20.38,19.58,6571800
Jan 23 2018,20.92,20.96,20.45,20.77,19.96,3976400
Jan 22 2018,20.58,20.98,20.58,20.89,20.07,3168300
Jan 19 2018,20.09,20.56,20.05,20.53,19.73,4254700
Jan 18 2018,20.57,20.62,19.97,20.01,19.23,3991600
Jan 17 2018,20.61,20.93,20.46,20.70,19.89,2940200
Jan 16 2018,20.84,21.18,20.27,20.40,19.60,5880700
Jan 12 2018,20.51,20.81,20.48,20.78,19.97,2043000
Jan 11 2018,20.56,20.69,20.37,20.52,19.72,3170600
Jan 10 2018,20.46,20.54,20.30,20.52,19.72,3590100
Jan 09 2018,20.27,20.68,20.14,20.59,19.79,2680500
Jan 08 2018,20.31,20.48,20.17,20.32,19.53,3212600
Jan 05 2018,20.09,20.43,19.91,20.40,19.60,3206200
Jan 04 2018,19.97,20.13,19.70,20.08,19.30,3222300
Jan 03 2018,19.89,19.92,19.63,19.77,19.00,4152600
Jan 02 2018,19.95,20.07,19.85,19.88,19.10,3561800
Dec 29 2017,20.07,20.10,19.88,19.89,19.11,2760200
Dec 28 2017,19.83,20.09,19.82,20.07,19.29,2753000
Dec 27 2017,20.18,20.26,19.74,19.85,19.07,2723300
Dec 26 2017,19.91,20.31,19.91,20.15,19.36,1973200
Dec 22 2017,19.92,20.04,19.77,19.93,19.15,2046600
Dec 21 2017,19.90,20.04,19.67,19.75,18.98,4026200
Dec 20 2017,19.40,19.54,19.22,19.45,18.69,3627900
Dec 19 2017,19.70,19.83,19.34,19.38,18.62,4555800
Dec 18 2017,19.83,19.86,19.61,19.70,18.93,5481900
Dec 15 2017,19.59,19.88,19.54,19.78,19.01,8112200
Dec 14 2017,19.51,19.71,19.31,19.54,18.78,3854400
Dec 13 2017,18.68,19.48,18.66,19.42,18.66,7893400
Dec 12 2017,18.31,18.77,18.30,18.62,17.89,7852600
Dec 11 2017,17.77,17.91,17.60,17.91,17.21,4605000
Dec 08 2017,17.62,17.81,17.42,17.78,17.09,3912900
Dec 07 2017,17.56,17.77,17.56,17.60,16.91,3986700
Dec 06 2017,17.64,17.80,17.54,17.63,16.94,4449200
Dec 05 2017,17.57,17.70,17.31,17.64,16.95,5659500
Dec 04 2017,17.23,17.64,17.13,17.56,16.87,6280100
Dec 01 2017,17.23,17.30,16.69,17.05,16.38,5982700
Nov 30 2017,17.17,17.30,17.07,17.23,16.56,5098600
Nov 29 2017,17.11,17.42,17.03,17.09,16.42,3870200
Nov 27 2017,16.98,17.06,16.71,17.00,16.22,4980500
Nov 24 2017,17.00,17.08,16.90,17.00,16.22,1062600
Nov 22 2017,16.89,17.10,16.82,16.98,16.20,3266500
Nov 21 2017,17.13,17.16,16.84,16.87,16.09,4238600
Nov 20 2017,17.15,17.29,16.93,17.10,16.31,3835300
Nov 17 2017,16.81,17.18,16.81,17.05,16.26,6776900
Nov 16 2017,16.99,17.05,16.73,16.85,16.07,5428500
Nov 15 2017,16.90,17.14,16.69,16.82,16.05,8655900
Nov 14 2017,16.74,17.10,16.63,16.95,16.17,7131300
Nov 13 2017,16.28,16.89,16.21,16.75,15.98,8026400
Nov 10 2017,16.35,16.56,15.79,16.31,15.56,9268000
Nov 09 2017,16.86,17.89,16.33,16.80,16.03,23411200
Nov 08 2017,14.51,14.89,14.48,14.76,14.08,7242500
Nov 07 2017,14.56,14.77,14.37,14.45,13.78,5334500
Nov 06 2017,14.38,14.86,14.38,14.52,13.85,7172100
Nov 03 2017,14.45,14.64,14.24,14.36,13.70,8917600
Nov 02 2017,15.21,15.21,14.43,14.46,13.79,10957000
Nov 01 2017,15.48,15.56,15.17,15.31,14.60,5365100
Oct 31 2017,15.03,15.43,14.99,15.40,14.69,4555800
Oct 30 2017,14.87,15.06,14.81,14.97,14.28,3463900
Oct 27 2017,15.23,15.23,14.81,14.91,14.22,4972600
Oct 26 2017,15.40,15.47,15.22,15.24,14.54,3305900
Oct 25 2017,15.26,15.38,15.16,15.25,14.55,4129300
Oct 24 2017,15.53,15.55,15.29,15.35,14.64,6915700
Oct 23 2017,15.88,16.08,15.42,15.45,14.74,6725500
Oct 20 2017,15.85,15.98,15.76,15.85,15.12,4336800
Oct 19 2017,15.75,15.84,15.48,15.83,15.10,5243100
Oct 18 2017,16.00,16.04,15.33,15.76,15.03,10949400
Oct 17 2017,16.71,16.73,15.99,16.00,15.26,8238200
Oct 16 2017,17.00,17.09,16.81,16.83,16.05,4069900
Oct 13 2017,16.77,17.21,16.77,17.06,16.27,2643800
Oct 12 2017,16.78,16.85,16.57,16.76,15.99,2675900
Oct 11 2017,16.80,16.97,16.75,16.85,16.07,2838200
Oct 10 2017,16.83,16.90,16.62,16.81,16.04,2853100
Oct 09 2017,17.00,17.01,16.72,16.75,15.98,2160600
Oct 06 2017,16.89,17.08,16.75,16.88,16.10,3871500
Oct 05 2017,16.65,16.95,16.64,16.90,16.12,3241200
Oct 04 2017,16.72,16.87,16.63,16.64,15.87,3190000
Oct 03 2017,16.74,16.79,16.65,16.72,15.95,3222100
Oct 02 2017,16.54,16.85,16.54,16.65,15.88,3178300
Sep 29 2017,16.20,16.64,16.20,16.53,15.77,3359300
Sep 28 2017,16.25,16.44,16.11,16.15,15.41,4858500
Sep 27 2017,16.35,16.49,16.15,16.31,15.56,5662500
Sep 26 2017,16.24,16.43,16.12,16.28,15.53,3833500
Sep 25 2017,16.17,16.30,16.06,16.24,15.49,5927600
Sep 22 2017,16.05,16.16,15.95,16.15,15.41,9265300
Sep 21 2017,16.67,16.67,16.00,16.00,15.26,6685000
Sep 20 2017,16.66,16.67,16.42,16.65,15.88,6571100
Sep 19 2017,16.84,16.95,16.52,16.62,15.85,5187300
Sep 18 2017,16.86,17.01,16.75,16.93,16.15,4365800
Sep 15 2017,17.17,17.20,16.82,16.86,16.08,7764000
Sep 14 2017,17.03,17.26,17.01,17.16,16.37,9663900
Sep 13 2017,17.06,17.25,17.00,17.17,16.38,4663500
Sep 12 2017,16.78,17.06,16.72,17.06,16.27,4450900
Sep 11 2017,16.53,16.89,16.53,16.72,15.95,3333000
Sep 08 2017,16.32,16.48,16.25,16.47,15.71,4396900
Sep 07 2017,16.55,16.64,16.24,16.35,15.60,5454800
Sep 06 2017,16.40,16.56,16.26,16.49,15.73,5378200
Sep 05 2017,16.57,16.57,16.19,16.37,15.62,4286800
Sep 01 2017,16.60,16.72,16.48,16.55,15.79,4785400
Aug 31 2017,16.54,16.75,16.50,16.58,15.82,6093400
Aug 30 2017,16.05,16.68,16.05,16.53,15.77,8595600
Aug 28 2017,16.40,16.48,16.01,16.09,15.23,6945300
Aug 25 2017,16.25,16.56,16.10,16.40,15.53,10229700
Aug 24 2017,16.79,16.79,15.83,16.24,15.37,16644300
Aug 23 2017,17.43,17.47,16.21,16.74,15.85,26183900
Aug 22 2017,17.48,18.00,16.08,17.71,16.77,46107600
Aug 21 2017,19.14,19.55,19.03,19.55,18.51,8521500
Aug 18 2017,19.27,19.30,19.05,19.23,18.21,10519200
Aug 17 2017,19.60,19.69,19.15,19.16,18.14,4455500
Aug 16 2017,19.59,19.73,19.30,19.67,18.62,3550400
Aug 15 2017,19.66,19.73,19.55,19.56,18.52,2611000
Aug 14 2017,19.61,19.95,19.55,19.70,18.65,4429600
Aug 11 2017,19.40,19.76,19.39,19.48,18.44,2574600
Aug 10 2017,19.78,19.85,19.42,19.46,18.42,4896200
Aug 09 2017,19.88,19.95,19.70,19.86,18.80,3152900
Aug 08 2017,20.01,20.04,19.86,19.90,18.84,3629900
Aug 07 2017,19.72,20.06,19.66,20.04,18.97,2567400
Aug 04 2017,19.93,19.99,19.49,19.71,18.66,3462800
Aug 03 2017,20.18,20.28,19.88,19.93,18.87,5900300
Aug 02 2017,20.13,20.25,20.01,20.18,19.10,2234100
Aug 01 2017,20.43,20.47,19.94,20.23,19.15,7469200
Jul 31 2017,20.56,20.69,20.23,20.48,19.39,10616600
Jul 28 2017,20.22,20.88,20.11,20.54,19.45,7421900
Jul 27 2017,19.82,20.34,19.73,20.34,19.26,7277000
Jul 26 2017,19.55,19.95,19.49,19.81,18.75,4559500
Jul 25 2017,19.22,19.82,19.18,19.53,18.49,4167700
Jul 24 2017,18.95,19.21,18.85,19.18,18.16,4870600
Jul 21 2017,18.85,18.95,18.80,18.92,17.91,2223700
Jul 20 2017,18.79,18.96,18.65,18.89,17.88,3046200
Jul 19 2017,18.48,18.72,18.48,18.70,17.70,2170700
Jul 18 2017,18.42,18.64,18.38,18.50,17.51,2720700
Jul 17 2017,18.36,18.56,18.25,18.44,17.46,3279800
Jul 14 2017,18.33,18.41,18.28,18.38,17.40,3766800
Jul 13 2017,18.14,18.34,18.07,18.26,17.29,2163200
Jul 12 2017,18.35,18.40,18.04,18.15,17.18,3253700
Jul 11 2017,18.40,18.43,18.12,18.22,17.25,5823900
Jul 10 2017,18.82,18.89,18.35,18.43,17.45,3569300
Jul 07 2017,18.87,19.03,18.75,18.79,17.79,5807400
Jul 06 2017,18.79,18.88,18.63,18.79,17.79,5870400
Jul 05 2017,19.10,19.24,18.75,18.86,17.86,2589600
Jul 03 2017,18.81,19.25,18.76,19.14,18.12,1524600
Jun 30 2017,18.97,19.08,18.72,18.76,17.76,4057700
Jun 29 2017,18.83,18.92,18.54,18.90,17.89,4761100
Jun 28 2017,18.95,19.09,18.80,18.81,17.81,2918600
Jun 27 2017,19.14,19.18,18.82,18.82,17.82,3759300
Jun 26 2017,19.14,19.24,19.09,19.20,18.18,1996400
Jun 23 2017,19.08,19.23,18.96,19.14,18.12,6349000
Jun 22 2017,18.99,19.22,18.74,19.08,18.06,2748600
Jun 21 2017,19.11,19.12,18.82,18.98,17.97,3578800
Jun 20 2017,19.27,19.37,19.03,19.06,18.04,4936300
Jun 19 2017,19.09,19.42,19.05,19.31,18.28,5472900
Jun 16 2017,19.00,19.10,18.83,19.05,18.04,4211900
Jun 15 2017,19.18,19.30,18.93,19.00,17.99,3654800
Jun 14 2017,19.42,19.48,19.18,19.21,18.19,5050200
Jun 13 2017,19.30,19.35,18.97,19.34,18.31,3712100
Jun 12 2017,18.76,19.66,18.75,19.30,18.27,5650400
Jun 09 2017,18.62,18.79,18.48,18.74,17.74,4074500
Jun 08 2017,18.83,18.99,18.43,18.49,17.50,6022100
Jun 07 2017,19.03,19.12,18.77,18.83,17.83,2443600
Jun 06 2017,18.95,19.12,18.83,19.08,18.06,2845900
Jun 05 2017,19.15,19.20,18.88,19.01,18.00,2412600
Jun 02 2017,19.33,19.42,19.06,19.09,18.07,2818600
Jun 01 2017,19.08,19.35,18.93,19.32,18.29,5596900
May 31 2017,18.93,19.06,18.74,18.94,17.93,3796200
May 30 2017,19.06,19.09,18.86,18.87,17.86,3135800
May 26 2017,18.79,19.16,18.79,19.06,18.04,3887600
May 24 2017,18.99,19.00,18.77,18.90,17.77,2638100
May 23 2017,18.83,19.10,18.81,18.98,17.85,3374600
May 22 2017,18.73,18.97,18.73,18.81,17.69,3128300
May 19 2017,18.66,19.01,18.48,18.75,17.63,3198300
May 18 2017,18.60,18.68,18.23,18.63,17.52,5122600
May 17 2017,18.87,18.94,18.63,18.66,17.55,4529800
May 16 2017,19.27,19.31,18.85,18.87,17.75,5461500
May 15 2017,19.62,19.70,19.17,19.17,18.03,4232300
May 12 2017,19.60,19.68,19.18,19.58,18.41,4256000
May 11 2017,19.97,20.00,19.30,19.60,18.43,6712900
May 10 2017,19.15,20.51,19.09,19.95,18.76,22473000
May 09 2017,17.99,18.13,17.77,17.83,16.77,7138000
May 08 2017,18.07,18.35,17.96,18.02,16.95,11549900
May 05 2017,18.39,18.44,17.89,18.07,16.99,6963400
May 04 2017,18.10,18.53,18.01,18.33,17.24,3291700
May 03 2017,18.10,18.22,17.96,18.11,17.03,3271400
May 02 2017,18.08,18.40,18.01,18.06,16.98,2795000
May 01 2017,17.92,18.27,17.79,18.12,17.04,4213700
Apr 28 2017,18.00,18.00,17.61,17.85,16.79,4706100
Apr 27 2017,18.23,18.29,17.99,18.01,16.94,2720700
Apr 26 2017,18.23,18.31,18.05,18.12,17.04,3158600
Apr 25 2017,17.99,18.23,17.85,18.22,17.13,4189800
Apr 24 2017,17.75,17.97,17.74,17.83,16.77,3087300
Apr 21 2017,17.88,17.90,17.53,17.60,16.55,2976900
Apr 20 2017,18.05,18.07,17.62,17.90,16.83,4053900
Apr 19 2017,18.43,18.65,17.99,17.99,16.92,7556900
Apr 18 2017,18.13,18.50,18.12,18.41,17.31,5801800
Apr 17 2017,17.90,18.17,17.75,18.15,17.07,5037200
Apr 13 2017,17.56,17.93,17.44,17.89,16.82,9434900
Apr 12 2017,17.25,17.70,17.16,17.60,16.55,4718100
Apr 11 2017,17.15,17.40,16.96,17.38,16.34,6212800
Apr 10 2017,17.05,17.29,16.95,17.21,16.18,4393400
Apr 07 2017,17.25,17.25,16.97,17.05,16.03,4173900
Apr 06 2017,17.15,17.33,16.98,17.29,16.26,4194500
Apr 05 2017,17.19,17.56,17.03,17.16,16.14,4124700
Apr 04 2017,17.75,17.75,17.10,17.18,16.16,9165900
Apr 03 2017,18.22,18.26,17.52,17.74,16.68,7006200
Mar 31 2017,18.25,18.38,18.13,18.13,17.05,4469900
Mar 30 2017,18.52,18.52,18.20,18.22,17.13,2868300
Mar 29 2017,18.56,18.64,18.45,18.58,17.47,1719300
Mar 28 2017,18.24,18.65,18.17,18.57,17.46,4704100
Mar 27 2017,18.29,18.44,18.19,18.26,17.17,4680300
Mar 24 2017,18.37,18.68,18.34,18.47,17.37,3308600
Mar 23 2017,18.42,18.57,18.35,18.39,17.29,3226400
Mar 22 2017,18.57,18.63,18.24,18.38,17.28,3479300
Mar 21 2017,19.05,19.11,18.48,18.53,17.43,7020000
Mar 20 2017,19.41,19.45,19.07,19.15,18.01,4131900
Mar 17 2017,19.41,19.57,19.29,19.43,18.27,9943500
Mar 16 2017,19.16,19.36,19.13,19.31,18.16,4522400
Mar 15 2017,19.00,19.26,18.80,19.14,18.00,4043800
Mar 14 2017,19.12,19.27,18.92,18.93,17.80,3482500
Mar 13 2017,19.04,19.25,18.99,19.20,18.06,2807600
Mar 10 2017,18.72,19.30,18.71,19.10,17.96,3664100
Mar 09 2017,18.78,18.85,18.55,18.69,17.58,1952300
Mar 08 2017,18.88,18.94,18.64,18.74,17.62,2988600
Mar 07 2017,19.00,19.00,18.50,18.80,17.68,4238400
Mar 06 2017,18.63,18.96,18.61,18.93,17.80,4268200
Mar 03 2017,18.75,18.80,18.33,18.74,17.62,4601000
Mar 02 2017,19.35,19.35,18.70,18.71,17.59,5559200
Mar 01 2017,18.88,19.43,18.86,19.37,18.22,5680700
Feb 28 2017,18.80,19.00,18.71,18.78,17.66,3154500
Feb 27 2017,18.53,18.76,18.45,18.75,17.63,3356600
Feb 24 2017,18.74,18.88,18.38,18.66,17.55,3413100
Feb 22 2017,19.20,19.27,18.75,18.84,17.60,4108200
Feb 21 2017,19.17,19.36,19.06,19.16,17.90,4355000
Feb 17 2017,18.76,19.07,18.67,18.89,17.65,4209800
Feb 16 2017,19.83,19.91,18.67,18.69,17.46,7642400
Feb 15 2017,19.39,19.86,19.37,19.77,18.47,8111700
Feb 14 2017,18.42,19.28,18.42,19.27,18.00,9938500
Feb 13 2017,18.28,18.50,18.25,18.37,17.16,8591900
Feb 10 2017,18.35,18.60,18.26,18.28,17.08,15835300
Feb 09 2017,20.04,20.04,18.12,18.32,17.11,22629200
Feb 08 2017,19.52,20.09,19.46,20.04,18.72,6080400
Feb 07 2017,19.37,19.62,19.37,19.52,18.23,4219900
Feb 06 2017,19.32,19.40,19.19,19.28,18.01,6671400
Feb 03 2017,19.40,19.55,19.27,19.40,18.12,3290900
Feb 02 2017,18.94,19.41,18.92,19.33,18.06,4123700
Feb 01 2017,19.12,19.25,18.63,18.94,17.69,5204800
Jan 31 2017,18.85,19.25,18.70,19.20,17.94,4376200
Jan 30 2017,19.40,19.54,18.73,18.85,17.61,4702900
Jan 27 2017,19.59,19.64,19.32,19.50,18.22,4688000
Jan 26 2017,19.47,19.81,19.28,19.57,18.28,10684300
Jan 25 2017,19.12,19.57,19.03,19.53,18.24,10814600
Jan 24 2017,18.78,19.07,18.61,19.00,17.75,7578900
Jan 23 2017,19.03,19.08,18.66,18.76,17.52,6940000
Jan 20 2017,18.72,19.10,18.71,19.02,17.77,5987200
Jan 19 2017,18.93,18.94,18.53,18.60,17.38,6316400
Jan 18 2017,19.18,19.34,18.87,18.93,17.68,3881100
Jan 17 2017,18.83,19.32,18.79,19.10,17.84,9010200
Jan 13 2017,18.59,18.80,18.59,18.72,17.49,6267700
Jan 12 2017,18.55,18.64,18.43,18.54,17.32,3907100
Jan 11 2017,18.90,19.03,18.51,18.58,17.36,5322300
Jan 10 2017,18.86,19.04,18.82,18.96,17.71,3289000
Jan 09 2017,18.90,19.02,18.80,18.85,17.61,3925300
Jan 06 2017,18.94,19.14,18.75,19.08,17.82,4649600
Jan 05 2017,18.90,19.01,18.73,18.91,17.66,3648600
Jan 04 2017,18.71,19.11,18.68,19.00,17.75,6046600
Jan 03 2017,18.45,18.81,18.38,18.67,17.44,4506000
Dec 30 2016,18.50,18.52,18.22,18.31,17.10,3677900
Dec 29 2016,18.46,18.54,18.35,18.41,17.20,2510900
Dec 28 2016,18.79,18.79,18.43,18.49,17.27,2798200
Dec 27 2016,18.71,18.97,18.64,18.76,17.52,2996200
Dec 23 2016,18.70,18.89,18.65,18.67,17.44,2374800
Dec 22 2016,18.77,18.83,18.58,18.73,17.50,6049700
Dec 21 2016,18.73,18.91,18.66,18.76,17.52,4488200
Dec 20 2016,18.79,18.97,18.40,18.67,17.44,4310700
Dec 19 2016,18.77,19.12,18.61,18.76,17.52,4191600
Dec 16 2016,18.54,18.80,18.44,18.69,17.46,10105700
Dec 15 2016,18.46,18.56,18.14,18.35,17.14,4983700
Dec 13 2016,18.60,18.96,18.56,18.86,17.50,6942600
Dec 12 2016,19.19,19.25,18.56,18.59,17.25,5449400
Dec 09 2016,19.17,19.37,19.01,19.16,17.78,12847500
Dec 08 2016,18.88,19.23,18.72,19.07,17.69,9831000
Dec 07 2016,18.80,19.07,18.56,18.78,17.43,7952300
Dec 06 2016,18.61,18.88,18.50,18.78,17.43,6080900
Dec 05 2016,18.21,18.65,18.19,18.53,17.19,6693700
Dec 02 2016,18.09,18.45,17.94,18.09,16.79,9427800
Dec 01 2016,18.87,18.95,18.01,18.08,16.78,7810300
Nov 30 2016,19.67,19.73,18.59,18.71,17.36,8449600
Nov 29 2016,19.77,19.82,19.49,19.55,18.14,7660800
Nov 28 2016,20.01,20.01,19.73,19.75,18.33,8169700
Nov 25 2016,19.97,19.99,19.60,19.88,18.45,2021800
Nov 23 2016,19.73,19.96,19.53,19.82,18.39,5808700
Nov 22 2016,19.45,19.74,19.23,19.71,18.29,7520800
Nov 21 2016,18.75,19.73,18.75,19.45,18.05,9497800
Nov 18 2016,18.90,18.97,18.59,18.75,17.40,6608400
Nov 17 2016,18.44,18.66,18.29,18.60,17.26,5341900
Nov 16 2016,18.17,18.39,17.97,18.35,17.03,5694600
Nov 15 2016,18.25,18.37,18.01,18.26,16.94,6572900
Nov 14 2016,18.84,18.84,18.04,18.24,16.92,12127500
Nov 11 2016,18.46,19.29,18.28,18.66,17.31,11367100
Nov 10 2016,19.94,19.97,18.46,18.55,17.21,16364900
Nov 09 2016,19.38,19.90,18.48,19.65,18.23,25743200
Nov 08 2016,22.21,22.27,21.84,21.89,20.31,11109500
Nov 07 2016,22.01,22.32,21.89,22.21,20.61,6975900
Nov 04 2016,22.31,22.32,21.80,21.89,20.31,7192100
Nov 03 2016,22.23,22.46,22.18,22.35,20.74,6759100
Nov 02 2016,22.42,22.42,22.09,22.25,20.65,11321500
Nov 01 2016,23.11,23.11,22.22,22.43,20.81,7877100
Oct 31 2016,22.90,23.02,22.73,22.99,21.33,6043700
Oct 28 2016,22.78,23.07,22.73,22.90,21.25,4914500
Oct 27 2016,23.00,23.00,22.51,22.72,21.08,7973600
Oct 26 2016,23.10,23.24,22.74,22.93,21.28,5821900
Oct 25 2016,22.79,23.14,22.69,23.11,21.44,8189000
Oct 24 2016,22.99,23.12,22.54,22.76,21.12,10130900
Oct 21 2016,23.30,23.32,22.77,23.00,21.34,10782500
Oct 20 2016,23.54,23.67,23.29,23.38,21.69,10010000
Oct 19 2016,23.36,23.59,23.21,23.55,21.85,11421900
Oct 18 2016,23.64,23.64,23.07,23.43,21.74,8430100
Oct 17 2016,23.45,23.58,23.31,23.39,21.70,10335500
Oct 14 2016,23.53,23.74,23.23,23.34,21.66,9866500
Oct 13 2016,23.28,23.70,23.23,23.48,21.79,17056300
Oct 12 2016,23.00,23.51,22.93,23.37,21.68,16445600
Oct 11 2016,22.92,23.06,22.64,22.96,21.30,16986500
Oct 10 2016,23.57,23.62,22.79,22.91,21.26,30272200
Oct 07 2016,24.74,24.74,23.50,23.61,21.91,86269300
Oct 06 2016,25.00,25.34,24.68,24.76,22.97,23336600
Oct 05 2016,24.04,25.10,24.03,25.10,23.29,59087000
Oct 04 2016,24.00,24.12,23.79,23.98,22.25,28390600
Oct 03 2016,23.79,24.02,23.41,23.79,22.07,23433300
Sep 30 2016,23.43,23.76,23.12,23.50,21.81,68491900
Sep 29 2016,23.90,23.95,23.08,23.08,21.42,22324100
Sep 28 2016,23.94,24.00,23.55,23.82,22.10,39976800
Sep 27 2016,23.58,23.85,23.31,23.45,21.76,19458800
Sep 26 2016,23.75,23.81,23.06,23.57,21.87,18679900
Sep 23 2016,23.83,24.00,23.38,23.39,21.70,14852600
Sep 22 2016,23.85,23.98,23.46,23.73,22.02,18809100
Sep 21 2016,24.10,24.24,23.57,23.85,22.13,22293300
Sep 20 2016,23.98,24.24,23.83,24.09,22.35,20271000
Sep 19 2016,24.81,24.89,23.89,24.02,22.29,12429500
Sep 16 2016,24.23,24.51,24.19,24.48,22.71,11301800
Sep 15 2016,24.09,24.37,24.09,24.33,22.58,8303900
Sep 14 2016,24.06,24.29,23.95,24.09,22.35,8344300
Sep 13 2016,24.32,24.50,24.01,24.14,22.40,5380100
Sep 12 2016,24.69,24.72,24.10,24.55,22.78,3643500
Sep 09 2016,24.67,24.67,24.17,24.25,22.50,3614800
Sep 08 2016,25.33,25.33,24.49,24.78,22.99,4132000
Sep 07 2016,25.96,26.00,24.87,25.10,23.29,3614800
Sep 06 2016,26.63,26.63,25.75,25.88,24.01,2724800
Sep 02 2016,25.99,26.60,25.08,26.43,24.52,3146700
Sep 01 2016,26.64,26.80,25.55,25.71,23.86,3146800
Aug 31 2016,27.29,27.31,26.86,26.95,25.01,1018300
Aug 30 2016,27.70,27.84,27.07,27.27,25.30,1027900
Aug 29 2016,27.04,27.98,26.95,27.45,25.47,779100
Aug 26 2016,27.73,27.79,26.73,27.53,25.54,1522100
Aug 25 2016,28.33,28.86,27.47,27.64,25.65,1322700
Aug 24 2016,28.26,28.40,27.75,27.81,25.80,714100
Aug 23 2016,28.91,29.00,28.18,28.24,26.20,813100
Aug 22 2016,28.75,29.30,28.75,28.91,26.83,997600
Aug 19 2016,28.56,28.99,28.54,28.67,26.60,1715500
Aug 18 2016,27.50,28.84,27.50,28.58,26.52,1741500
Aug 17 2016,28.33,28.78,27.09,27.71,25.71,2398600
Aug 16 2016,29.96,30.11,27.18,28.28,26.24,2793500
Aug 15 2016,28.84,30.13,28.74,29.75,27.60,1526300
Aug 12 2016,29.00,29.59,28.74,28.97,26.88,1561500
Aug 11 2016,27.96,29.09,27.91,28.95,26.86,992600
Aug 10 2016,27.75,28.28,27.65,27.99,25.97,793200
Aug 09 2016,28.07,28.16,27.65,27.65,25.66,1124400
Aug 05 2016,27.32,27.73,27.32,27.64,25.40,967800
Aug 04 2016,27.38,27.79,27.11,27.19,24.98,942800
Aug 03 2016,26.85,27.14,26.27,27.09,24.89,411400
Aug 02 2016,26.94,27.32,26.74,26.86,24.68,463300
Aug 01 2016,27.09,28.00,26.69,26.91,24.72,667500
Jul 29 2016,26.57,26.94,26.52,26.87,24.69,492200
Jul 28 2016,26.77,26.85,26.54,26.60,24.44,456500
Jul 27 2016,26.98,27.12,26.58,26.76,24.59,319600
Jul 26 2016,26.76,27.11,26.68,27.06,24.86,352600
Jul 25 2016,26.72,26.96,26.53,26.70,24.53,469800
Jul 22 2016,26.61,26.78,26.33,26.60,24.44,598400
Jul 21 2016,27.00,27.14,26.60,26.62,24.46,699700
Jul 20 2016,27.09,27.35,27.01,27.13,24.93,446100
Jul 19 2016,27.50,27.60,27.20,27.30,25.08,394300
Jul 18 2016,27.71,27.98,27.55,27.70,25.45,696000
Jul 15 2016,27.31,27.78,27.20,27.60,25.36,972800
Jul 14 2016,27.27,27.58,27.25,27.41,25.18,880800
Jul 13 2016,27.36,27.45,27.10,27.27,25.06,530000
Jul 12 2016,27.01,27.30,26.95,27.22,25.01,805900
Jul 11 2016,26.95,27.25,26.92,27.09,24.89,475600
Jul 08 2016,26.54,27.27,26.33,27.14,24.94,997100
Jul 07 2016,26.38,26.50,26.08,26.44,24.29,740900
Jul 06 2016,26.18,26.32,25.81,26.20,24.07,1128100
Jul 05 2016,25.95,26.64,25.73,26.18,24.05,646800
Jul 01 2016,26.34,26.55,26.02,26.22,24.09,814700
Jun 30 2016,25.61,26.04,25.38,25.99,23.88,1108400
Jun 29 2016,25.37,26.14,25.35,25.71,23.62,563300
Jun 28 2016,25.54,25.77,25.11,25.35,23.29,814000
Jun 27 2016,25.26,25.55,24.74,25.34,23.28,1430500
Jun 24 2016,26.12,26.39,25.23,25.36,23.30,2872000
Jun 23 2016,26.56,26.86,26.49,26.73,24.56,591500
Jun 22 2016,26.47,26.82,26.29,26.51,24.36,662800
Jun 21 2016,26.30,26.84,26.24,26.37,24.23,941700
Jun 20 2016,26.32,26.78,26.31,26.33,24.19,582200
Jun 17 2016,26.31,26.65,26.08,26.25,24.12,1604500
Jun 16 2016,26.35,26.70,26.19,26.25,24.12,1181600
Jun 15 2016,26.50,26.85,26.30,26.40,24.26,1143300
Jun 14 2016,26.18,26.52,26.02,26.51,24.36,664400
Jun 13 2016,26.94,27.07,26.10,26.36,24.22,1415800
Jun 10 2016,26.43,26.99,26.29,26.89,24.71,1776400
Jun 09 2016,26.20,26.75,26.03,26.72,24.55,715100
Jun 08 2016,26.46,26.46,26.14,26.31,24.17,752700
Jun 07 2016,26.30,26.86,26.30,26.36,24.22,809000
Jun 06 2016,26.43,26.88,26.14,26.84,24.66,1502800
Jun 03 2016,26.64,26.79,26.19,26.27,24.14,695000
Jun 02 2016,26.63,27.00,26.44,26.83,24.65,592800
Jun 01 2016,26.32,26.72,26.13,26.59,24.43,722800
May 31 2016,26.64,26.84,26.04,26.34,24.20,1293500
May 27 2016,26.24,26.36,25.81,26.26,24.13,634200
May 26 2016,25.98,26.36,25.76,26.10,23.98,792500
May 25 2016,26.19,26.31,25.69,25.75,23.66,945500
May 24 2016,25.78,26.38,25.78,26.06,23.94,572200
May 23 2016,25.17,25.94,24.90,25.78,23.69,947700
May 20 2016,25.30,25.30,24.82,25.21,23.16,1825700
May 19 2016,25.40,25.45,25.02,25.13,23.09,647200
May 18 2016,25.91,26.07,25.24,25.29,23.24,684900
May 17 2016,25.49,26.28,25.40,26.00,23.89,2093700
May 16 2016,25.41,25.72,25.25,25.49,23.42,651300
May 13 2016,25.78,26.17,25.30,25.50,23.43,644600
May 12 2016,26.22,27.19,25.46,25.87,23.77,1668900
May 11 2016,26.84,26.87,26.08,26.20,24.07,864300
May 10 2016,26.72,26.96,26.51,26.95,24.76,1515100
May 09 2016,26.86,26.98,26.41,26.60,24.44,673200
May 06 2016,26.78,27.34,26.73,26.86,24.68,1698500
May 05 2016,27.15,27.42,26.80,26.99,24.80,1750700
May 04 2016,28.00,28.46,27.07,27.28,25.06,2152000
May 03 2016,30.52,30.70,28.20,28.35,26.05,3612600
May 02 2016,30.79,31.60,30.20,31.06,28.54,2193600
Apr 29 2016,29.86,30.60,29.79,30.40,27.93,824900
Apr 28 2016,29.96,30.25,29.88,30.03,27.59,1192100
Apr 27 2016,29.66,30.11,28.88,29.98,27.54,883500
Apr 26 2016,29.94,29.94,29.41,29.63,27.22,642000
Apr 25 2016,29.23,30.01,29.06,29.80,27.38,1011500
Apr 22 2016,29.50,29.73,28.56,29.51,27.11,1086800
Apr 21 2016,29.84,30.17,29.60,29.70,27.29,844700
Apr 20 2016,30.02,30.08,29.72,29.96,27.53,490200
Apr 19 2016,30.36,30.59,29.90,30.00,27.56,693200
Apr 18 2016,29.69,30.45,29.60,30.37,27.90,1298700
Apr 15 2016,29.72,30.66,29.58,30.59,28.11,2410500
Apr 14 2016,29.85,30.59,29.43,29.58,27.18,1492300
Apr 13 2016,29.65,29.95,29.36,29.81,27.39,781800
Apr 12 2016,28.52,29.21,28.20,29.18,26.81,583300
Apr 11 2016,28.83,29.20,28.44,28.49,26.18,907000
Apr 08 2016,28.98,29.15,28.63,28.95,26.60,935200
Apr 07 2016,28.81,29.06,28.50,28.91,26.56,706400
Apr 06 2016,28.54,29.12,28.14,29.03,26.67,865500
Apr 05 2016,28.49,28.67,28.23,28.39,26.08,728400
Apr 04 2016,29.01,29.17,28.28,28.79,26.45,975600
Apr 01 2016,27.83,29.03,27.59,29.00,26.64,1714100
Mar 31 2016,27.49,27.87,27.18,27.83,25.57,1197000
Mar 30 2016,27.49,27.82,27.32,27.66,25.41,745300
Mar 29 2016,27.05,27.71,26.66,27.48,25.25,960700
Mar 28 2016,26.87,27.22,26.69,27.13,24.93,728000
Mar 24 2016,26.40,26.70,26.18,26.69,24.52,739300
Mar 23 2016,26.73,26.93,26.35,26.47,24.32,372100
Mar 22 2016,27.01,27.01,26.43,26.71,24.54,650200
Mar 21 2016,27.77,28.05,27.00,27.01,24.82,981900
Mar 18 2016,27.21,28.29,27.08,27.95,25.68,1845200
Mar 17 2016,26.98,27.44,26.57,27.19,24.98,921600
Mar 16 2016,26.75,27.05,26.54,26.94,24.75,1823300
Mar 15 2016,27.03,27.35,26.52,26.99,24.80,916900
Mar 14 2016,27.50,27.92,27.17,27.20,24.99,712500
Mar 11 2016,27.52,27.80,27.25,27.52,25.28,743600
Mar 10 2016,27.34,27.71,26.60,27.60,25.36,1150500
Mar 09 2016,27.69,27.80,27.16,27.34,25.12,1181100
Mar 08 2016,27.32,27.78,27.16,27.64,25.40,850900
Mar 07 2016,27.61,27.73,26.76,27.44,25.21,1052200
Mar 04 2016,28.19,28.68,27.22,27.62,25.38,1173900
Mar 03 2016,28.93,29.14,27.91,28.11,25.83,1099400
Mar 02 2016,28.47,29.00,28.36,28.92,26.57,857200
Mar 01 2016,28.76,29.01,28.13,28.44,26.13,954700
Feb 29 2016,28.67,29.11,28.21,28.48,26.17,807000
Feb 26 2016,29.52,29.59,28.61,28.91,26.56,591300
Feb 25 2016,29.08,29.50,28.57,29.47,27.08,1058700
Feb 24 2016,28.70,29.41,28.26,29.41,27.02,801400
Feb 23 2016,28.86,28.86,28.00,28.73,26.40,913700
Feb 22 2016,28.94,29.27,28.58,28.81,26.47,984800
Feb 19 2016,28.63,29.05,28.06,28.84,26.50,451300
Feb 18 2016,29.00,29.47,28.20,28.89,26.54,1572200
Feb 17 2016,27.01,29.02,27.01,28.97,26.62,2463200
Feb 16 2016,26.60,27.13,26.42,27.00,24.81,680100
Feb 12 2016,26.79,27.10,26.23,26.48,24.33,785700
Feb 11 2016,26.58,27.00,25.90,26.75,24.58,1155800
Feb 10 2016,27.36,27.77,26.92,27.03,24.83,1410200
Feb 09 2016,26.49,27.72,26.13,27.41,25.18,2493700
Feb 08 2016,27.62,27.92,26.17,26.69,24.52,2721700
Feb 05 2016,28.36,28.36,27.31,28.05,25.77,2935400
Feb 04 2016,27.57,28.84,26.01,28.36,26.06,3947100
Feb 03 2016,24.62,24.85,23.89,24.61,22.61,1457900
Feb 02 2016,23.96,25.11,23.96,24.71,22.70,1511100
Feb 01 2016,24.52,24.77,24.06,24.31,22.34,1793100
Jan 29 2016,23.46,24.74,23.39,24.61,22.61,2001900
Jan 28 2016,23.45,23.65,23.12,23.45,21.55,832000
Jan 27 2016,23.11,23.67,22.87,23.22,21.33,1003800
Jan 26 2016,22.90,23.39,22.47,23.16,21.28,1027400
Jan 25 2016,22.75,23.26,22.08,22.45,20.63,1903200
Jan 22 2016,22.77,23.29,22.36,22.90,21.04,889900
Jan 21 2016,23.14,23.54,22.07,22.45,20.63,1138800
Jan 20 2016,21.76,23.22,21.60,22.95,21.09,2348500
Jan 19 2016,22.45,22.70,21.73,21.95,20.17,1611600
Jan 15 2016,21.80,22.15,21.48,21.79,20.02,1874600
Jan 14 2016,22.55,22.82,22.00,22.14,20.34,1343200
Jan 13 2016,22.96,23.05,22.25,22.57,20.74,2349500
Jan 12 2016,23.07,23.31,21.85,23.15,21.27,1818600
Jan 11 2016,23.25,23.62,21.90,22.75,20.90,1836500
Jan 08 2016,23.68,23.71,23.33,23.43,21.53,763500
Jan 07 2016,23.69,23.97,23.36,23.47,21.56,656800
Jan 06 2016,24.58,24.73,23.97,24.17,22.21,1258200
Jan 05 2016,24.87,25.49,24.20,24.94,22.91,1295100
Jan 04 2016,25.22,25.46,24.57,24.95,22.92,1167000
Dec 30 2015,25.77,26.05,25.17,25.44,23.37,1250900
Dec 29 2015,25.96,26.20,25.66,25.88,23.78,1261700
Dec 28 2015,26.30,27.28,25.91,25.97,23.86,913700
Dec 24 2015,26.40,26.70,26.30,26.40,24.26,295000
Dec 23 2015,26.40,27.02,26.34,26.47,24.32,751500
Dec 22 2015,27.15,27.15,26.17,26.30,24.16,1224800
Dec 21 2015,27.24,27.38,26.69,26.98,24.79,648000
Dec 18 2015,27.54,27.60,26.64,26.81,24.63,2166000
Dec 17 2015,28.05,28.06,27.53,27.55,25.31,500600
Dec 16 2015,27.34,28.04,27.32,27.86,25.60,1320400
Dec 15 2015,26.94,27.42,26.78,27.32,25.10,797400
Dec 14 2015,27.00,27.34,26.46,26.60,24.44,782400
Dec 11 2015,27.54,28.14,26.57,26.71,24.54,830100
Dec 10 2015,28.34,28.48,27.71,27.89,25.62,809500
Dec 09 2015,27.26,28.41,27.07,28.26,25.96,1418700
Dec 08 2015,27.05,27.70,26.97,27.41,25.18,2039500
Dec 07 2015,26.46,27.77,26.46,27.31,25.09,1592700
Dec 04 2015,26.81,27.28,26.76,26.88,24.70,1520000
Dec 03 2015,27.37,27.53,26.35,26.67,24.50,1759900
Dec 02 2015,27.81,28.19,27.34,27.41,25.18,1444900
Dec 01 2015,27.93,28.07,26.96,27.85,25.59,1711200
Nov 30 2015,27.24,28.31,26.92,27.78,25.52,2220600
Nov 27 2015,28.99,29.14,28.74,28.94,26.59,358300
Nov 25 2015,28.73,29.47,28.63,28.92,26.57,912400
Nov 24 2015,27.94,28.55,27.85,28.36,26.06,1068600
Nov 23 2015,27.05,28.14,27.05,27.93,25.66,1326500
Nov 20 2015,26.95,27.85,26.87,27.14,24.94,1634600
Nov 19 2015,27.07,27.50,26.57,26.82,24.64,1406800
Nov 18 2015,26.69,27.01,26.08,26.98,24.79,1689400
Nov 17 2015,27.54,27.54,26.46,26.50,24.35,2417900
Nov 16 2015,28.00,28.17,26.75,27.57,25.33,2622900
Nov 13 2015,29.08,29.19,28.60,28.67,26.34,942900
Nov 12 2015,30.08,30.45,29.15,29.18,26.81,1131000
Nov 11 2015,29.90,30.76,29.82,30.36,27.89,1807000
Nov 10 2015,28.39,29.93,28.27,29.88,27.45,1819200
Nov 09 2015,28.18,28.63,27.51,28.44,26.13,1645500
Nov 06 2015,27.77,29.19,27.77,28.50,26.19,3657300
Nov 05 2015,29.43,29.43,27.01,28.22,25.93,4773900
Nov 04 2015,29.36,30.26,29.05,29.95,27.52,2324400
Nov 03 2015,29.48,30.25,29.24,29.61,27.21,1822200
Nov 02 2015,29.00,30.10,28.90,29.66,27.25,2034900
Oct 30 2015,29.00,29.18,28.64,28.95,26.60,1258600
Oct 29 2015,28.65,29.18,28.50,28.94,26.59,1105500
Oct 28 2015,28.48,29.16,28.19,28.72,26.39,1318100
Oct 27 2015,28.53,28.71,27.99,28.40,26.09,1157100
Oct 26 2015,28.53,28.97,28.39,28.58,26.26,1640400
Oct 23 2015,28.25,28.83,28.25,28.59,26.27,1608700
Oct 22 2015,28.15,28.57,27.91,28.08,25.80,2261500
Oct 21 2015,28.92,29.34,27.41,28.05,25.77,1955800
Oct 20 2015,28.42,29.28,28.42,28.92,26.57,1222200
Oct 19 2015,28.38,28.60,28.08,28.50,26.19,1181500
Oct 16 2015,28.29,28.87,28.20,28.51,26.19,1304500
Oct 15 2015,27.70,28.34,27.17,28.29,25.99,1400200
Oct 14 2015,28.36,28.70,27.64,27.69,25.44,1457600
Oct 13 2015,28.49,29.01,28.28,28.46,26.15,1411100
Oct 12 2015,28.03,28.72,27.32,28.56,26.24,1099900
Oct 09 2015,27.37,28.12,27.13,27.95,25.68,1118200
Oct 08 2015,26.63,27.44,26.58,27.37,25.15,1173600
Oct 07 2015,26.91,27.03,26.33,26.60,24.44,1685900
Oct 06 2015,27.49,28.06,27.17,27.24,25.03,1592100
Oct 05 2015,27.06,28.41,27.00,28.00,25.73,2246800
Oct 02 2015,26.98,27.07,26.29,26.89,24.71,1639600
Oct 01 2015,27.19,27.53,26.86,27.46,25.23,1603700
Sep 30 2015,26.06,27.11,26.01,27.06,24.86,1642000
Sep 29 2015,24.97,25.75,24.90,25.56,23.48,1763600
Sep 25 2015,26.97,27.31,26.82,26.87,24.45,1628800
Sep 24 2015,27.05,27.25,26.49,26.91,24.48,2081900
Sep 23 2015,27.27,27.63,27.09,27.14,24.69,1435400
Sep 22 2015,27.65,27.77,27.02,27.19,24.74,1764900
Sep 21 2015,28.51,28.83,27.88,27.91,25.39,1223100
Sep 18 2015,28.91,28.91,28.18,28.31,25.76,1615500
Sep 17 2015,28.86,29.64,28.81,29.22,26.59,1306800
Sep 16 2015,28.82,28.99,28.29,28.80,26.20,1308600
Sep 15 2015,27.78,28.92,27.75,28.75,26.16,1727800
Sep 14 2015,28.52,28.66,27.54,28.16,25.62,1869900
Sep 11 2015,28.41,29.48,28.07,29.37,26.72,1341900
Sep 10 2015,28.84,28.96,28.32,28.43,25.87,1917800
Sep 09 2015,29.13,29.71,28.83,28.89,26.29,1715600
Sep 08 2015,29.22,29.31,28.47,28.73,26.14,1891300
Sep 04 2015,28.66,29.00,28.61,28.79,26.20,1111800
Sep 03 2015,28.80,29.38,28.73,28.86,26.26,1782500
Sep 02 2015,28.59,29.03,28.14,28.69,26.10,1933800
Sep 01 2015,28.43,29.23,28.03,28.35,25.79,2077200
Aug 31 2015,29.90,30.61,29.60,30.31,27.58,1626300
Aug 28 2015,28.99,30.16,28.89,30.14,27.42,1601800
Aug 27 2015,28.44,29.20,28.27,28.91,26.30,1352500
Aug 26 2015,28.05,28.41,27.67,28.32,25.77,1673800
Aug 25 2015,28.00,28.74,27.26,27.63,25.14,2018400
Aug 24 2015,27.31,28.23,27.23,27.75,25.25,2026800
Aug 21 2015,28.37,28.64,28.22,28.30,25.75,1652200
Aug 20 2015,28.84,29.15,28.25,28.70,26.11,1311400
Aug 19 2015,29.25,29.64,28.82,29.05,26.43,1168400
Aug 18 2015,29.39,29.86,29.24,29.29,26.65,811300
Aug 17 2015,29.52,29.53,29.01,29.28,26.64,881100
Aug 14 2015,30.42,30.50,28.82,29.61,26.94,1992700
Aug 13 2015,28.81,31.25,28.51,30.47,27.72,2838700
Aug 12 2015,29.55,29.63,28.23,28.72,26.13,1772900
Aug 11 2015,29.00,29.73,28.79,29.66,26.99,2317200
Aug 10 2015,28.60,29.24,28.47,29.21,26.58,1293000
Aug 07 2015,27.89,28.66,27.78,28.60,26.02,1709300
Aug 06 2015,28.41,28.41,27.66,27.98,25.46,1298400
Aug 05 2015,27.41,28.38,27.41,28.32,25.77,1287200
Aug 04 2015,26.93,27.74,26.64,27.49,25.01,1190500
Aug 03 2015,26.72,27.01,26.54,26.83,24.41,1065500
Jul 31 2015,27.20,27.22,26.59,26.73,24.32,1050900
Jul 30 2015,26.67,27.03,26.33,26.91,24.48,1288000
Jul 29 2015,26.62,26.90,26.53,26.84,24.42,1253400
Jul 28 2015,26.51,26.83,26.43,26.59,24.19,803700
Jul 27 2015,26.59,26.80,26.44,26.51,24.12,914600
Jul 24 2015,27.33,27.36,26.63,26.70,24.29,1382100
Jul 23 2015,27.04,27.65,27.04,27.21,24.76,1571200
Jul 22 2015,27.06,27.55,26.98,27.31,24.85,1382400
Jul 21 2015,27.65,27.71,26.98,27.02,24.58,1548000
Jul 20 2015,27.45,27.99,27.34,27.60,25.11,1049000
Jul 17 2015,27.57,27.74,27.37,27.48,25.00,861600
Jul 16 2015,27.99,28.07,27.51,27.60,25.11,1842500
Jul 15 2015,27.87,28.15,27.75,27.90,25.39,1715600
Jul 14 2015,28.24,28.53,27.72,27.87,25.36,2726300
Jul 13 2015,28.98,29.09,27.71,27.97,25.45,4221700
Jul 10 2015,29.67,29.88,28.54,28.69,26.10,3110900
Jul 09 2015,32.00,32.06,28.26,30.04,27.33,7430600
Jul 08 2015,32.06,32.31,31.49,31.52,28.68,646900
Jul 07 2015,32.32,32.32,31.76,32.14,29.24,974100
Jul 06 2015,32.18,32.59,31.94,32.23,29.33,936500
Jul 02 2015,32.67,32.67,32.10,32.36,29.44,883400
Jul 01 2015,32.04,32.72,31.89,32.68,29.73,1189300
Jun 30 2015,32.53,32.62,31.92,31.97,29.09,1900700
Jun 29 2015,32.19,32.44,32.00,32.22,29.32,1133400
Jun 26 2015,32.26,32.55,32.12,32.45,29.53,1880600
Jun 25 2015,32.04,32.21,31.61,32.13,29.23,1509700
Jun 24 2015,31.83,32.08,31.48,31.95,29.07,1616800
Jun 23 2015,30.81,31.96,30.64,31.80,28.93,3270700
Jun 22 2015,31.75,31.88,31.23,31.44,28.61,2302600
Jun 19 2015,30.91,31.95,30.80,31.66,28.81,3426800
Jun 18 2015,31.30,31.74,30.81,30.91,28.12,1875800
Jun 17 2015,30.73,31.29,30.14,31.22,28.41,3769400
Jun 16 2015,30.06,31.29,29.37,31.08,28.28,10764400
Jun 15 2015,26.17,26.30,25.89,26.05,23.70,1412100
Jun 12 2015,25.96,26.30,25.86,26.27,23.90,1308600
Jun 11 2015,26.22,26.25,25.87,25.92,23.58,639700
Jun 10 2015,25.84,26.38,25.75,26.19,23.83,998500
Jun 09 2015,25.47,25.80,25.47,25.74,23.42,842000
Jun 08 2015,25.75,25.91,25.45,25.51,23.21,1054900
Jun 05 2015,25.58,25.81,25.31,25.81,23.48,567200
Jun 04 2015,25.56,25.89,25.44,25.65,23.34,1019400
Jun 03 2015,25.49,25.70,25.29,25.68,23.37,877100
Jun 02 2015,25.12,25.79,25.01,25.46,23.17,2196800
Jun 01 2015,25.42,25.50,24.69,25.22,22.95,1087200
May 29 2015,25.09,25.24,24.88,24.93,22.68,787700
May 28 2015,24.81,25.17,24.74,25.14,22.87,841800
May 27 2015,24.66,24.99,24.50,24.87,22.63,859700
May 26 2015,24.39,24.58,24.14,24.56,22.35,1339400
May 22 2015,24.30,24.99,24.08,24.29,22.10,769000
May 21 2015,24.39,24.51,24.20,24.37,22.17,537000
May 20 2015,24.56,24.67,24.22,24.45,22.25,732000
May 19 2015,24.18,24.60,24.06,24.59,22.37,1197500
May 18 2015,23.72,24.10,23.54,24.07,21.90,1104500
May 15 2015,24.00,24.06,23.70,23.71,21.57,534600
May 14 2015,23.60,24.55,23.27,23.94,21.78,2389400
May 13 2015,23.59,23.76,23.41,23.53,21.41,1016500
May 12 2015,23.62,23.79,23.41,23.60,21.47,1522300
May 11 2015,23.95,24.05,23.39,23.69,21.55,2008100
May 08 2015,25.00,25.13,23.79,23.87,21.72,2758300
May 07 2015,24.78,25.64,24.67,24.68,22.46,2914700
May 06 2015,24.75,24.79,23.98,24.22,22.04,1221900
May 05 2015,24.79,24.83,24.50,24.65,22.43,873900
May 04 2015,24.65,24.80,24.49,24.75,22.52,594000
May 01 2015,24.01,24.54,23.99,24.53,22.32,388200
Apr 30 2015,24.25,24.25,23.78,23.91,21.75,1008800
Apr 29 2015,24.46,24.52,24.21,24.28,22.09,543400
Apr 28 2015,24.71,24.76,24.44,24.50,22.29,518700
Apr 27 2015,24.88,25.00,24.56,24.75,22.52,576600
Apr 24 2015,25.12,25.19,24.76,24.78,22.55,580800
Apr 23 2015,24.90,25.18,24.83,25.00,22.75,862100
Apr 22 2015,25.24,25.24,24.90,24.96,22.71,619700
Apr 21 2015,25.34,25.45,25.08,25.16,22.89,1060900
Apr 20 2015,25.25,25.76,25.16,25.20,22.93,1384000
Apr 17 2015,24.92,25.12,24.80,25.07,22.81,865900
Apr 16 2015,25.01,25.49,24.81,25.06,22.80,760600
Apr 15 2015,24.76,25.13,24.59,24.97,22.72,1131100
Apr 14 2015,23.47,24.78,23.43,24.78,22.55,1165000
Apr 13 2015,23.37,23.65,23.29,23.52,21.40,791100
Apr 10 2015,23.58,23.66,23.27,23.33,21.23,561700
Apr 09 2015,23.64,23.71,23.29,23.50,21.38,596100
Apr 08 2015,23.70,23.82,23.26,23.64,21.51,1045300
Apr 07 2015,24.15,24.15,23.62,23.63,21.50,587700
Apr 06 2015,23.54,24.13,23.53,24.01,21.85,981700
Apr 02 2015,23.75,23.99,23.27,23.77,21.63,1223200
Apr 01 2015,24.29,24.37,23.95,24.21,22.03,830200
Mar 31 2015,24.02,24.38,24.00,24.27,22.08,445000
Mar 30 2015,24.36,24.57,24.10,24.18,22.00,830300
Mar 27 2015,23.93,24.46,23.81,24.32,22.13,1189400
Mar 26 2015,23.86,24.00,23.39,23.96,21.80,1761200
Mar 25 2015,24.56,24.64,24.32,24.37,22.17,931600
Mar 24 2015,24.37,24.71,24.36,24.48,22.27,843900
Mar 23 2015,23.64,24.50,23.57,24.42,22.22,1018600
Mar 20 2015,23.11,23.68,23.09,23.64,21.51,1055700
Mar 19 2015,23.25,23.32,22.95,23.13,21.05,639000
Mar 18 2015,23.02,23.52,22.86,23.24,21.15,1023400
Mar 17 2015,22.25,22.97,22.25,22.96,20.89,989400
Mar 16 2015,22.28,22.43,22.10,22.39,20.37,1054500
Mar 13 2015,22.39,22.39,22.02,22.28,20.27,610200
Mar 12 2015,22.18,22.51,22.09,22.48,20.45,714300
Mar 11 2015,22.18,22.21,21.70,22.02,20.04,848200
Mar 10 2015,22.97,22.97,22.18,22.18,20.18,1083800
Mar 09 2015,22.59,23.21,22.59,23.16,21.07,711900
Mar 06 2015,23.05,23.18,22.43,22.55,20.52,631300
Mar 05 2015,22.90,23.15,22.76,23.06,20.98,976900
Mar 04 2015,22.72,22.97,22.64,22.69,20.64,796800
Mar 03 2015,23.07,23.07,22.67,22.74,20.69,850800
Mar 02 2015,22.64,23.12,22.46,23.04,20.96,1039200
Feb 27 2015,22.20,22.64,22.11,22.60,20.56,559900
Feb 26 2015,22.35,22.52,22.04,22.18,20.18,411300
Feb 25 2015,22.29,22.45,22.26,22.41,20.39,276500
Feb 24 2015,22.50,22.60,22.24,22.31,20.30,618500
Feb 23 2015,22.29,22.54,22.20,22.45,20.43,957300
Feb 20 2015,22.10,22.29,21.99,22.23,20.23,559300
Feb 19 2015,22.33,22.41,22.05,22.08,20.09,411400
Feb 18 2015,22.35,22.41,22.24,22.30,20.29,391400
Feb 17 2015,22.13,22.45,22.06,22.29,20.28,870400
Feb 13 2015,22.00,22.30,21.96,22.03,20.04,887400
Feb 12 2015,21.92,22.34,21.92,22.03,20.04,877700
Feb 11 2015,21.96,22.05,21.88,21.95,19.97,993000
Feb 10 2015,22.18,22.25,21.93,21.94,19.96,2384500
Feb 09 2015,21.91,22.43,21.85,22.15,20.15,2765700
Feb 06 2015,21.56,22.00,21.43,21.88,19.91,3229300
Feb 05 2015,19.48,21.40,19.02,21.24,19.33,4452800
Feb 04 2015,19.59,19.75,18.92,18.93,17.22,1959100
Feb 03 2015,19.15,19.60,19.15,19.60,17.83,1075100
Feb 02 2015,19.02,19.21,18.85,19.21,17.48,1487000
Jan 30 2015,19.18,19.38,18.94,19.02,17.31,1793500
Jan 29 2015,18.75,19.38,18.75,19.32,17.58,1443800
Jan 28 2015,18.64,19.07,18.52,18.72,17.03,991000
Jan 27 2015,19.14,19.31,19.05,19.10,17.38,1120300
Jan 26 2015,18.97,19.53,18.95,19.35,17.61,1083700
Jan 23 2015,19.08,19.21,18.87,18.95,17.24,697800
Jan 22 2015,19.25,19.33,18.86,19.13,17.41,1001700
Jan 21 2015,18.72,18.99,18.61,18.78,17.09,649200
Jan 20 2015,18.67,18.81,18.33,18.72,17.03,973200
Jan 16 2015,18.95,19.06,18.54,18.71,17.02,1002300
Jan 15 2015,18.91,19.14,18.81,18.93,17.22,807300
Jan 14 2015,18.79,18.98,18.58,18.91,17.21,1087900
Jan 13 2015,19.44,19.55,18.74,19.02,17.31,1896900
Jan 12 2015,19.89,19.94,19.12,19.32,17.58,1250300
Jan 09 2015,20.46,20.50,19.76,19.86,18.07,1098100
Jan 08 2015,20.33,20.66,20.18,20.46,18.62,679200
Jan 07 2015,20.27,20.47,20.15,20.29,18.46,1191300
Jan 06 2015,20.40,20.46,20.10,20.22,18.40,1878300
Jan 05 2015,20.40,20.66,20.27,20.37,18.53,735600
Jan 02 2015,20.76,21.06,20.36,20.43,18.59,686000
Dec 30 2014,20.84,21.00,20.81,20.84,18.96,482400
Dec 29 2014,20.86,20.98,20.49,20.88,19.00,504100
Dec 26 2014,20.75,20.97,20.73,20.88,19.00,480500
Dec 24 2014,20.29,20.78,20.29,20.67,18.81,480900
Dec 23 2014,20.08,20.41,20.08,20.27,18.44,649200
Dec 22 2014,20.04,20.21,19.95,20.06,18.25,562400
Dec 19 2014,20.11,20.26,19.83,20.05,18.24,1214400
Dec 18 2014,19.78,20.06,19.73,20.04,18.23,1425800
Dec 17 2014,19.10,19.72,19.10,19.64,17.87,1162700
Dec 16 2014,19.33,19.54,19.10,19.11,17.39,1741500
Dec 15 2014,19.98,20.00,19.45,19.46,17.71,1782800
Dec 12 2014,19.99,20.14,19.72,19.76,17.98,1226300
Dec 11 2014,20.01,20.26,19.96,20.07,18.26,644800
Dec 10 2014,20.01,20.15,19.86,19.92,18.12,1037700
Dec 09 2014,19.84,20.15,19.84,19.99,18.19,639200
Dec 08 2014,20.17,20.26,19.95,19.96,18.16,1539500
Dec 05 2014,20.00,20.29,19.99,20.20,18.38,1026900
Dec 04 2014,20.04,20.16,19.78,19.95,18.15,2164800
Dec 03 2014,20.07,20.21,19.93,20.00,18.20,2143000
Dec 02 2014,20.29,20.41,19.99,20.09,18.28,1117200
Dec 01 2014,20.27,20.39,19.92,20.23,18.41,1017200
Nov 28 2014,20.00,20.42,19.89,20.24,18.42,758100
Nov 26 2014,20.10,20.32,19.97,19.99,18.19,590500
Nov 25 2014,19.87,20.15,19.87,20.14,18.32,1197500
Nov 24 2014,19.87,19.95,19.65,19.84,18.05,1016300
Nov 21 2014,19.89,20.00,19.71,19.89,18.10,1103400
Nov 20 2014,19.31,20.00,19.31,19.75,17.97,1432900
Nov 19 2014,19.44,19.60,19.20,19.44,17.69,1555000
Nov 18 2014,19.00,19.38,18.97,19.13,17.41,985800
Nov 17 2014,19.15,19.37,18.96,18.98,17.27,933100
Nov 14 2014,19.40,19.56,19.01,19.15,17.42,1056500
Nov 13 2014,19.37,19.60,19.33,19.45,17.70,1261500
Nov 12 2014,18.66,19.40,18.60,19.35,17.61,1310400
Nov 11 2014,18.80,19.07,18.57,18.70,17.01,1184600
Nov 10 2014,18.50,18.98,18.45,18.82,17.12,1915800
Nov 07 2014,17.43,18.50,17.43,18.36,16.71,1985700
Nov 06 2014,17.16,18.00,16.95,17.93,16.31,1452700
Nov 05 2014,16.87,17.40,16.71,17.23,15.68,1840500
Nov 04 2014,17.12,17.24,16.50,16.80,15.29,1491700
Nov 03 2014,16.62,17.34,16.62,17.11,15.57,1626500
Oct 31 2014,16.71,16.74,16.45,16.60,15.10,1827300
Oct 30 2014,16.34,16.34,16.03,16.22,14.76,693500
Oct 29 2014,16.55,16.70,16.12,16.31,14.84,1183100
Oct 28 2014,16.50,16.67,16.50,16.59,15.09,326100
Oct 27 2014,16.29,16.59,16.19,16.51,15.02,489900
Oct 24 2014,16.39,16.50,16.23,16.32,14.85,407400
Oct 23 2014,16.71,16.79,16.38,16.40,14.92,506700
Oct 22 2014,16.59,16.80,16.56,16.59,15.09,350400
Oct 21 2014,16.43,16.91,16.37,16.61,15.11,630400
Oct 20 2014,16.39,16.53,16.16,16.41,14.93,1000100
Oct 17 2014,16.60,16.74,16.34,16.42,14.94,462700
Oct 16 2014,16.26,16.77,16.23,16.55,15.06,734800
Oct 15 2014,16.22,16.42,15.92,16.37,14.89,757700
Oct 14 2014,16.24,16.60,16.20,16.41,14.93,781000
Oct 13 2014,16.20,16.51,16.10,16.21,14.75,864900
Oct 10 2014,16.25,16.35,16.13,16.26,14.79,691900
Oct 09 2014,16.37,16.64,16.20,16.25,14.79,541500
Oct 08 2014,16.63,16.78,16.26,16.42,14.94,980300
Oct 07 2014,15.88,16.50,15.77,16.30,14.83,1224500
Oct 06 2014,16.05,16.09,15.74,15.94,14.50,950500
Oct 03 2014,16.04,16.23,15.88,15.96,14.52,1475700
Oct 02 2014,16.33,16.41,15.99,16.04,14.59,1476100
Oct 01 2014,16.49,16.54,16.13,16.37,14.89,1213900
Sep 30 2014,16.69,16.79,16.49,16.55,15.06,1302100
Sep 29 2014,16.56,16.91,16.39,16.74,15.23,1106900
Sep 25 2014,17.29,17.30,16.91,17.00,15.29,528300
Sep 24 2014,17.26,17.46,17.05,17.34,15.59,569000
Sep 23 2014,17.27,17.40,17.13,17.28,15.54,694900
Sep 22 2014,17.51,17.60,17.25,17.33,15.58,654000
Sep 19 2014,16.94,17.57,16.82,17.48,15.72,1713400
Sep 18 2014,17.67,17.73,17.48,17.70,15.92,463000
Sep 17 2014,17.22,17.59,17.17,17.54,15.77,765800
Sep 16 2014,17.43,17.44,17.20,17.23,15.49,629700
Sep 15 2014,17.43,17.52,17.36,17.38,15.63,805400
Sep 12 2014,17.51,17.69,17.38,17.56,15.79,866300
Sep 11 2014,17.26,17.56,17.12,17.56,15.79,886300
Sep 10 2014,17.18,17.37,17.06,17.32,15.57,754500
Sep 09 2014,17.16,17.33,17.09,17.15,15.42,924800
Sep 08 2014,16.81,17.36,16.68,17.26,15.52,1047700
Sep 05 2014,17.17,17.35,17.00,17.30,15.56,674100
Sep 04 2014,17.27,17.29,17.10,17.19,15.46,326600
Sep 03 2014,17.25,17.38,17.18,17.22,15.48,512600
Sep 02 2014,17.19,17.36,17.00,17.22,15.48,2161400
Aug 29 2014,17.24,17.43,16.87,17.19,15.46,1106300
Aug 28 2014,17.07,17.75,17.04,17.39,15.64,1479900
Aug 27 2014,17.98,18.18,17.88,18.01,16.20,627600
Aug 26 2014,18.18,18.24,17.97,18.02,16.20,536300
Aug 25 2014,18.36,18.47,18.05,18.23,16.39,448100
Aug 22 2014,18.09,18.45,17.91,18.35,16.50,755600
Aug 21 2014,17.97,18.17,17.83,18.09,16.27,604000
Aug 20 2014,18.00,18.16,17.78,17.96,16.15,350800
Aug 19 2014,17.84,18.25,17.84,18.01,16.20,423800
Aug 18 2014,17.82,17.97,17.72,17.92,16.11,399800
Aug 15 2014,17.61,17.85,17.60,17.85,16.05,377800
Aug 14 2014,17.58,17.87,17.48,17.62,15.84,474600
Aug 13 2014,17.58,17.71,17.48,17.56,15.79,205900
Aug 12 2014,17.59,17.68,17.46,17.57,15.80,334500
Aug 11 2014,17.36,17.68,17.31,17.62,15.84,388800
Aug 08 2014,17.02,17.36,16.93,17.33,15.58,484400
Aug 07 2014,17.43,17.49,17.00,17.05,15.33,637800
Aug 06 2014,17.27,17.50,17.27,17.44,15.68,336600
Aug 05 2014,17.19,17.36,17.09,17.31,15.57,422400
Aug 04 2014,17.02,17.30,16.93,17.21,15.48,341200
Aug 01 2014,17.10,17.23,16.75,16.98,15.27,485500
Jul 31 2014,16.93,17.22,16.86,17.11,15.39,628600
Jul 30 2014,17.06,17.14,16.94,17.01,15.30,306200
Jul 29 2014,17.00,17.05,16.94,17.00,15.29,666500
Jul 28 2014,17.16,17.16,16.98,17.00,15.29,386100
Jul 25 2014,17.12,17.19,17.00,17.13,15.40,209900
Jul 24 2014,17.31,17.32,17.00,17.11,15.39,200000
Jul 23 2014,17.35,17.43,17.15,17.28,15.54,229300
Jul 22 2014,17.23,17.32,16.95,17.31,15.57,484500
Jul 21 2014,17.27,17.27,16.98,17.18,15.45,339700
Jul 18 2014,17.35,17.43,17.19,17.32,15.57,327800
Jul 17 2014,17.36,17.48,17.11,17.31,15.57,303500
Jul 16 2014,17.63,17.75,17.39,17.39,15.64,324000
Jul 15 2014,17.21,17.54,17.21,17.52,15.75,481300
Jul 14 2014,17.58,17.58,17.17,17.19,15.46,1665500
Jul 11 2014,17.82,17.82,17.47,17.49,15.73,464200
Jul 10 2014,17.83,17.93,17.66,17.82,16.02,1545200
Jul 09 2014,17.89,17.93,17.56,17.92,16.11,1060400
Jul 08 2014,17.95,18.10,17.81,17.96,16.15,972600
Jul 07 2014,18.06,18.06,17.86,18.00,16.19,426200
Jul 03 2014,17.79,18.15,17.69,18.15,16.32,857500
Jul 02 2014,17.49,17.94,17.47,17.80,16.01,900700
Jul 01 2014,17.24,17.53,17.22,17.49,15.73,1108100
Jun 30 2014,16.93,17.18,16.76,17.13,15.40,753600
Jun 27 2014,16.78,16.89,16.51,16.84,15.14,1159200
Jun 26 2014,16.80,16.91,16.63,16.82,15.13,399300
Jun 25 2014,17.02,17.02,16.67,16.81,15.12,537300
Jun 24 2014,17.02,17.08,16.67,16.75,15.06,707400
Jun 23 2014,16.61,17.02,16.61,16.96,15.25,845000
Jun 20 2014,17.30,17.31,16.91,16.93,15.22,963200
Jun 19 2014,17.22,17.38,17.12,17.37,15.62,436800
Jun 18 2014,17.05,17.15,16.97,17.12,15.39,345400
Jun 17 2014,16.95,17.06,16.86,17.06,15.34,674500
Jun 16 2014,17.18,17.18,16.92,16.97,15.26,674600
Jun 13 2014,17.06,17.29,16.89,17.11,15.39,909900
Jun 12 2014,17.17,17.30,16.99,17.11,15.39,634000
Jun 11 2014,16.57,17.36,16.56,17.22,15.48,821300
Jun 10 2014,17.86,17.90,17.29,17.44,15.68,939100
Jun 09 2014,18.53,18.95,17.60,17.80,16.01,1417100
Jun 06 2014,17.00,17.92,17.00,17.85,16.05,1408200
Jun 05 2014,16.98,16.98,16.66,16.89,15.19,622900
Jun 04 2014,16.75,16.92,16.70,16.92,15.22,576100
Jun 03 2014,16.77,16.95,16.56,16.91,15.21,1108100
Jun 02 2014,16.63,16.75,16.52,16.61,14.94,302100
May 30 2014,16.42,16.71,16.40,16.68,15.00,507700
May 29 2014,16.57,16.62,16.49,16.51,14.85,382100
May 28 2014,16.58,16.65,16.49,16.54,14.87,468000
May 27 2014,16.35,16.61,16.28,16.58,14.91,718800
May 23 2014,16.29,16.44,16.28,16.38,14.73,420500
May 22 2014,16.20,16.48,16.10,16.43,14.77,745600
May 21 2014,16.25,16.30,16.07,16.17,14.54,530500
May 20 2014,16.12,16.23,16.06,16.20,14.57,519200
May 19 2014,16.00,16.21,15.90,16.20,14.57,744600
May 16 2014,15.94,16.13,15.76,16.08,14.46,1945800
May 15 2014,16.09,16.23,15.78,15.97,14.36,1220800
May 14 2014,16.43,16.50,15.75,15.77,14.18,2258200
May 13 2014,15.59,15.59,15.23,15.44,13.88,2401400
May 12 2014,15.78,16.03,15.77,15.84,14.24,1546200
May 09 2014,15.78,15.95,15.69,15.71,14.13,662700
May 08 2014,15.82,16.07,15.64,15.75,14.16,668000
May 07 2014,15.82,15.94,15.69,15.88,14.28,525600
May 06 2014,16.00,16.00,15.78,15.83,14.23,398200
May 05 2014,16.35,16.35,16.01,16.15,14.52,403100
May 02 2014,16.07,16.39,15.99,16.36,14.71,455000
May 01 2014,15.99,16.18,15.82,16.04,14.42,752500
Apr 30 2014,15.92,16.06,15.85,16.05,14.43,896200
Apr 29 2014,15.92,16.16,15.89,15.89,14.29,684400
Apr 28 2014,15.64,16.11,15.61,15.92,14.32,1241800
Apr 25 2014,15.50,15.70,15.49,15.63,14.06,765300
Apr 24 2014,15.78,15.80,15.58,15.63,14.06,435300
Apr 23 2014,15.71,15.83,15.61,15.76,14.17,732000
Apr 22 2014,15.65,15.76,15.57,15.65,14.07,546700
Apr 21 2014,15.72,15.79,15.58,15.66,14.08,301200
Apr 17 2014,15.78,15.81,15.51,15.75,14.16,429400
Apr 16 2014,15.72,15.78,15.54,15.75,14.16,822300
Apr 15 2014,15.74,15.78,15.50,15.61,14.04,1233800
Apr 14 2014,15.49,15.74,15.39,15.59,14.02,968800
Apr 11 2014,15.51,15.58,15.16,15.38,13.83,740200
Apr 10 2014,15.35,15.68,15.25,15.53,13.97,594100
Apr 09 2014,15.23,15.35,15.23,15.32,13.78,515500
Apr 08 2014,15.24,15.38,15.20,15.27,13.73,954100
Apr 07 2014,15.15,15.24,15.14,15.19,13.66,1052900
Apr 04 2014,15.14,15.24,15.10,15.21,13.68,1867500
Apr 03 2014,15.06,15.23,14.99,15.11,13.59,1751200
Apr 02 2014,15.01,15.09,14.85,15.00,13.49,1917300
Apr 01 2014,14.98,15.16,14.87,15.00,13.49,1405900
Mar 31 2014,15.02,15.02,14.86,14.98,13.47,1327300
Mar 28 2014,14.95,15.05,14.89,14.99,13.48,693900
Mar 27 2014,14.84,15.01,14.77,14.93,13.43,540800
Mar 26 2014,15.00,15.07,14.80,14.90,13.40,904000
Mar 25 2014,15.10,15.20,14.89,15.03,13.52,747500
Mar 24 2014,15.01,15.24,14.99,15.09,13.57,606200
Mar 21 2014,15.04,15.24,15.00,15.17,13.64,1229000
Mar 20 2014,15.00,15.10,14.90,15.04,13.52,652500
Mar 19 2014,15.16,15.27,14.97,15.06,13.54,1350100
Mar 18 2014,15.14,15.26,15.08,15.21,13.68,1105200
Mar 17 2014,15.01,15.24,14.89,15.16,13.63,758300
Mar 14 2014,14.90,15.25,14.73,14.92,13.42,2607500
Mar 13 2014,15.52,15.59,15.07,15.23,13.70,771400
Mar 12 2014,15.20,15.68,15.12,15.45,13.89,1567500
Mar 11 2014,15.78,15.80,15.11,15.21,13.68,1291900
Mar 10 2014,15.60,15.92,15.30,15.85,14.25,1266200
Mar 07 2014,15.00,15.80,14.98,15.62,14.05,2312200
Mar 06 2014,15.00,15.19,14.94,15.08,13.56,849000
Mar 05 2014,15.10,15.27,14.88,15.01,13.50,722700
Mar 04 2014,14.98,15.26,14.96,15.07,13.55,621500
Mar 03 2014,14.80,15.12,14.76,14.91,13.41,644300
Feb 28 2014,14.71,15.00,14.62,14.85,13.35,772100
Feb 27 2014,14.73,15.25,14.60,14.71,13.23,962000
Feb 26 2014,14.81,15.48,14.74,14.80,13.31,4069400
Feb 25 2014,14.76,15.04,14.73,14.83,13.34,1135000
Feb 24 2014,14.50,14.95,14.49,14.69,13.21,999800
Feb 21 2014,14.54,14.80,14.39,14.47,13.01,618300
Feb 20 2014,14.47,14.89,14.23,14.55,13.08,1206900
Feb 19 2014,14.10,14.28,13.98,14.11,12.69,643600
Feb 18 2014,14.74,14.83,14.10,14.19,12.76,1338300
Feb 14 2014,14.03,15.50,14.03,14.74,13.25,2969600
Feb 13 2014,13.41,13.77,13.31,13.72,12.34,665300
Feb 12 2014,13.24,13.50,13.12,13.42,12.07,557400
Feb 11 2014,13.28,13.31,13.16,13.25,11.91,620000
Feb 10 2014,13.21,13.36,13.15,13.25,11.91,478100
Feb 07 2014,13.53,13.63,13.19,13.25,11.91,539300
Feb 06 2014,13.72,13.77,13.32,13.51,12.15,849800
Feb 05 2014,13.44,13.44,12.83,13.36,12.01,1112100
Feb 04 2014,14.30,14.44,12.96,13.42,12.07,1906900
Feb 03 2014,13.45,13.83,13.13,13.29,11.95,1217800
Jan 31 2014,13.42,13.67,13.35,13.49,12.13,803300
Jan 30 2014,13.41,13.74,13.38,13.50,12.14,628600
Jan 29 2014,13.71,13.79,13.40,13.41,12.06,1053000
Jan 28 2014,13.77,14.01,13.59,13.89,12.49,1122900
Jan 27 2014,13.85,14.36,13.48,13.58,12.21,1417200
Jan 24 2014,14.43,14.49,13.60,13.91,12.51,1269800
Jan 23 2014,14.20,14.53,13.67,14.47,13.01,1579000
Jan 22 2014,14.24,14.47,14.02,14.42,12.97,1114700
Jan 21 2014,14.67,14.74,14.28,14.41,12.96,1237500
Jan 17 2014,14.92,14.97,14.60,14.71,13.23,1497800
Jan 16 2014,15.22,15.56,15.13,15.43,13.88,672700
Jan 15 2014,15.07,15.35,15.01,15.30,13.76,435000
Jan 14 2014,15.10,15.23,15.00,15.14,13.61,353900
Jan 13 2014,15.07,15.23,14.97,15.03,13.52,457400
Jan 10 2014,15.17,15.20,14.98,15.16,13.63,259400
Jan 09 2014,15.18,15.30,14.99,15.16,13.63,573100
Jan 08 2014,15.11,15.25,14.86,15.10,13.58,694500
Jan 07 2014,15.06,15.34,14.94,15.19,13.66,498700
Jan 06 2014,15.68,15.69,15.05,15.20,13.67,839300
Jan 03 2014,15.54,15.78,15.51,15.58,14.01,465100
Jan 02 2014,15.27,15.62,15.16,15.57,14.00,783800
Dec 31 2013,15.42,15.59,15.25,15.25,13.71,481800
Dec 30 2013,15.42,15.51,15.13,15.41,13.86,568900
Dec 27 2013,15.20,15.57,15.10,15.49,13.93,1029000
Dec 26 2013,15.08,15.21,14.97,14.99,13.48,280100
Dec 24 2013,14.99,15.25,14.97,15.02,13.51,307400
Dec 23 2013,15.21,15.24,14.80,15.06,13.54,1639100
Dec 20 2013,15.15,15.24,14.95,15.11,13.59,725700
Dec 19 2013,15.05,15.20,15.00,15.18,13.65,366500
Dec 18 2013,15.05,15.16,14.99,15.09,13.57,425900
Dec 17 2013,15.14,15.27,15.04,15.06,13.54,419700
Dec 16 2013,15.30,15.37,15.01,15.17,13.64,1235700
Dec 13 2013,15.15,15.26,14.81,15.25,13.71,1607400
Dec 12 2013,15.47,15.65,15.46,15.63,14.06,342600
Dec 11 2013,15.50,15.73,15.42,15.55,13.98,652000
Dec 10 2013,15.66,15.70,15.38,15.53,13.97,659300
Dec 09 2013,15.60,15.73,15.33,15.69,14.11,576700
Dec 06 2013,16.11,16.11,15.39,15.57,14.00,842200
Dec 05 2013,16.00,16.11,16.00,16.05,14.43,211100
Dec 04 2013,16.21,16.21,15.84,16.06,14.44,312100
Dec 03 2013,16.04,16.37,15.88,16.20,14.57,672200
Dec 02 2013,16.38,16.48,16.05,16.12,14.50,516700
Nov 29 2013,16.21,16.68,16.20,16.42,14.77,459800
Nov 27 2013,16.24,16.63,16.23,16.52,14.86,420500
Nov 26 2013,16.25,16.39,16.10,16.19,14.56,463400
Nov 25 2013,16.11,16.25,16.06,16.19,14.56,312700
Nov 22 2013,15.95,16.12,15.79,16.09,14.47,510200
Nov 21 2013,15.45,16.13,15.41,15.90,14.30,654300
Nov 20 2013,15.65,15.88,15.30,15.41,13.86,763300
Nov 19 2013,15.41,15.66,15.41,15.54,13.97,463500
Nov 18 2013,15.71,15.84,15.44,15.49,13.93,1511600
Nov 15 2013,15.50,15.98,15.36,15.73,14.15,2026200
Nov 14 2013,15.47,15.65,15.26,15.63,14.06,629700
Nov 13 2013,15.21,15.48,15.06,15.44,13.88,665200
Nov 12 2013,15.26,15.28,15.00,15.26,13.72,582000
Nov 11 2013,15.03,15.26,14.95,15.22,13.69,575000
Nov 08 2013,15.06,15.22,14.81,14.99,13.48,1731400
Nov 07 2013,15.37,16.20,14.63,15.11,13.59,2337300
Nov 06 2013,15.38,15.48,15.21,15.40,13.85,1167500
Nov 05 2013,15.35,15.44,15.04,15.28,13.74,746300
Nov 04 2013,15.49,15.69,15.24,15.41,13.86,926500
Nov 01 2013,15.35,15.56,15.15,15.51,13.95,509200
Oct 31 2013,15.75,15.88,15.13,15.38,13.83,994600
Oct 30 2013,15.80,15.92,15.68,15.75,14.16,776400
Oct 29 2013,15.84,15.96,15.67,15.72,14.14,646400
Oct 28 2013,15.90,16.00,15.52,15.85,14.25,1631100
Oct 25 2013,15.90,16.00,15.65,15.95,14.34,889700
Oct 24 2013,16.07,16.24,15.63,15.96,14.35,735700
Oct 23 2013,16.11,16.26,15.98,16.11,14.49,320100
Oct 22 2013,16.29,16.53,16.06,16.09,14.47,644400
Oct 21 2013,16.32,16.50,16.15,16.31,14.67,520500
Oct 18 2013,16.29,16.41,16.11,16.29,14.65,593000
Oct 17 2013,16.14,16.20,16.00,16.15,14.52,326400
Oct 16 2013,16.00,16.27,15.97,16.16,14.53,829700
Oct 15 2013,16.17,16.39,15.93,16.00,14.39,1126900
Oct 14 2013,16.31,16.52,16.14,16.30,14.66,543200
Oct 11 2013,16.03,16.45,16.03,16.36,14.71,2727100
Oct 10 2013,15.89,16.15,15.86,15.99,14.38,835400
Oct 09 2013,15.65,15.83,15.35,15.80,14.21,479300
Oct 07 2013,16.01,16.05,15.67,16.00,14.21,1069900
Oct 04 2013,16.10,16.12,15.92,16.00,14.21,604900
Oct 03 2013,16.20,16.20,15.90,16.02,14.22,1609800
Oct 02 2013,16.51,16.51,15.92,16.06,14.26,963800
Oct 01 2013,16.30,16.38,15.82,16.03,14.23,1016500
Sep 30 2013,15.89,16.45,15.82,16.21,14.39,4901000
Sep 27 2013,15.55,15.99,15.39,15.98,14.19,864700
Sep 26 2013,15.44,15.85,15.39,15.62,13.87,463000
Sep 25 2013,15.65,15.77,15.37,15.51,13.77,267200
Sep 24 2013,15.64,15.75,14.46,15.64,13.89,2822600
Sep 23 2013,15.75,15.95,15.51,15.73,13.97,1582200
Sep 20 2013,15.68,15.85,15.46,15.85,14.07,968600
Sep 19 2013,15.56,15.81,15.36,15.74,13.98,2296600
Sep 18 2013,15.21,15.59,15.21,15.56,13.82,2002900
Sep 17 2013,16.25,16.48,14.99,15.64,13.89,4292800
Sep 16 2013,15.94,16.34,15.82,16.25,14.43,1171500
Sep 13 2013,15.48,15.92,15.47,15.87,14.09,1190900
Sep 12 2013,15.45,15.49,15.35,15.41,13.68,691600
Sep 11 2013,15.39,15.50,15.28,15.43,13.70,669500
Sep 10 2013,15.62,15.65,15.36,15.44,13.71,907300
Sep 09 2013,15.75,15.81,15.43,15.56,13.82,491600
Sep 06 2013,15.98,16.13,15.73,15.80,14.03,286000
Sep 05 2013,16.15,16.20,15.92,16.01,14.22,1042900
Sep 04 2013,16.15,16.23,16.02,16.21,14.39,228400
Sep 03 2013,16.30,16.36,16.06,16.14,14.33,268300
Aug 30 2013,15.97,16.35,15.85,16.30,14.47,422000
Aug 29 2013,15.60,16.01,15.47,16.01,14.22,571100
Aug 28 2013,15.96,15.96,15.31,15.63,13.88,651300
Aug 27 2013,16.43,16.51,15.79,15.91,14.13,518200
Aug 26 2013,16.57,16.70,16.50,16.53,14.68,154200
Aug 23 2013,16.80,16.86,16.50,16.58,14.72,228100
Aug 22 2013,16.88,16.96,16.71,16.78,14.90,253500
Aug 21 2013,17.02,17.08,16.82,16.84,14.95,237700
Aug 20 2013,16.98,17.02,16.90,16.99,15.09,226400
Aug 19 2013,16.92,17.00,16.86,16.99,15.09,109800
Aug 16 2013,16.90,17.00,16.74,16.89,15.00,238800
Aug 15 2013,16.71,17.07,16.45,16.99,15.09,611000
Aug 14 2013,16.62,16.76,16.33,16.76,14.88,742500
Aug 13 2013,16.93,17.07,16.55,16.59,14.73,508200
Aug 12 2013,16.85,17.05,16.85,16.96,15.06,276200
Aug 09 2013,16.77,17.11,16.70,16.94,15.04,381300
Aug 08 2013,17.28,17.36,16.65,16.81,14.93,1275600
Aug 07 2013,17.50,17.50,17.10,17.28,15.34,801000
Aug 06 2013,17.46,17.74,17.28,17.51,15.55,1702000
Aug 05 2013,17.25,17.54,17.17,17.48,15.52,1976900
Aug 02 2013,17.34,17.36,17.07,17.26,15.33,344100
Aug 01 2013,17.27,17.39,17.12,17.27,15.33,577100
Jul 31 2013,17.15,17.30,17.02,17.19,15.26,291100
Jul 30 2013,17.25,17.29,17.01,17.13,15.21,531000
Jul 29 2013,17.05,17.26,16.91,17.22,15.29,400800
Jul 26 2013,17.32,17.34,17.00,17.11,15.19,311800
Jul 25 2013,17.06,17.40,16.97,17.35,15.41,743800
Jul 24 2013,17.18,17.22,16.92,17.13,15.21,373600
Jul 23 2013,17.15,17.22,16.85,17.06,15.15,1619500
Jul 22 2013,17.08,17.08,16.93,16.95,15.05,462000
Jul 19 2013,17.15,17.27,17.05,17.08,15.17,599500
Jul 18 2013,17.35,17.43,17.11,17.15,15.23,682700
Jul 17 2013,17.13,17.40,17.05,17.30,15.36,995700
Jul 16 2013,17.29,17.34,17.20,17.32,15.38,507600
Jul 15 2013,17.50,17.55,17.12,17.18,15.25,242900
Jul 12 2013,17.40,17.52,17.35,17.50,15.54,1258600
Jul 11 2013,17.45,17.49,17.26,17.45,15.49,990200
Jul 10 2013,17.40,17.48,17.30,17.39,15.44,524300
Jul 09 2013,17.25,17.40,17.24,17.38,15.43,521300
Jul 08 2013,17.34,17.34,17.02,17.27,15.33,855900
Jul 05 2013,17.30,17.31,17.19,17.26,15.33,573400
Jul 03 2013,17.20,17.28,17.14,17.25,15.32,332000
Jul 02 2013,17.18,17.35,17.10,17.26,15.33,665300
Jul 01 2013,17.18,17.25,17.07,17.18,15.25,1188800
Jun 28 2013,17.20,17.23,16.91,17.18,15.25,1904600
Jun 27 2013,17.07,17.24,16.97,17.24,15.31,1773800
Jun 26 2013,16.80,17.14,16.80,17.02,15.11,3420800
Jun 25 2013,16.70,16.88,16.55,16.75,14.87,1074800
Jun 24 2013,16.80,16.82,16.46,16.61,14.75,1206100
Jun 21 2013,16.75,17.07,16.50,16.99,15.09,2542800
Jun 20 2013,16.80,16.85,16.31,16.75,14.87,2785200
Jun 19 2013,17.25,17.35,16.40,17.19,15.26,7128600
Jun 18 2013,17.39,17.42,17.16,17.30,15.36,6717200
Jun 17 2013,17.61,17.65,17.31,17.39,15.44,5489500
Jun 14 2013,17.45,17.55,17.20,17.52,15.56,9049500

