Jan 08 2019,118.29,119.70,116.96,119.63,119.63,1286800
Jan 07 2019,115.26,118.64,114.75,117.20,117.20,1170800
Jan 04 2019,111.21,115.99,110.53,115.07,115.07,1402400
Jan 03 2019,112.75,113.17,107.79,109.96,109.96,2178900
Jan 02 2019,114.41,115.76,112.38,114.31,114.31,1155700
Dec 28 2018,112.80,114.15,111.95,113.39,113.39,363345
Dec 27 2018,109.32,112.44,107.95,112.38,112.38,997700
Dec 26 2018,105.78,111.45,105.52,111.19,111.19,1253000
Dec 24 2018,107.42,107.80,104.90,105.70,105.70,876300
Dec 21 2018,110.13,111.21,107.59,108.22,108.22,2710700
Dec 20 2018,113.08,114.00,109.52,110.20,110.20,2029100
Dec 19 2018,115.28,116.57,111.62,113.79,113.79,1714500
Dec 18 2018,116.24,116.99,114.06,115.46,115.46,1988900
Dec 17 2018,117.50,118.04,114.92,115.66,115.66,2106100
Dec 14 2018,120.71,120.71,117.60,118.02,118.02,1429300
Dec 13 2018,122.73,123.82,119.61,121.50,121.50,978600
Dec 12 2018,122.52,125.03,122.10,122.34,122.34,1517900
Dec 11 2018,120.11,122.34,120.11,121.50,121.50,1875400
Dec 10 2018,118.60,119.34,115.73,119.12,119.12,1402800
Dec 07 2018,121.04,121.81,117.05,117.98,117.98,1535200
Dec 06 2018,121.35,121.86,118.35,121.85,121.85,1716500
Dec 04 2018,127.19,127.89,123.04,123.15,123.15,2852200
Dec 03 2018,128.64,129.01,126.85,127.38,127.38,2208800
Nov 30 2018,123.64,125.25,121.82,125.07,125.07,2966400
Nov 29 2018,123.65,126.12,123.65,124.95,124.95,1029800
Nov 28 2018,120.41,124.21,120.03,124.18,124.18,1511000
Nov 27 2018,118.88,120.30,118.49,120.07,120.07,1164900
Nov 26 2018,118.78,119.92,118.14,119.58,119.58,930100
Nov 23 2018,115.67,119.01,115.15,117.73,117.73,286400
Nov 21 2018,116.61,118.13,116.05,116.21,116.21,1174600
Nov 20 2018,114.33,117.06,113.12,115.85,115.85,1266200
Nov 19 2018,119.56,120.27,114.86,115.44,115.44,1407100
Nov 16 2018,118.58,120.46,117.69,119.39,119.39,1730700
Nov 15 2018,117.20,119.40,115.39,119.13,119.13,1325100
Nov 14 2018,120.37,122.57,117.22,117.41,117.41,1433500
Nov 13 2018,121.49,122.81,119.54,119.66,119.66,1230000
Nov 12 2018,123.67,123.91,120.27,121.12,121.12,712500
Nov 09 2018,125.21,126.03,122.77,124.17,124.17,656500
Nov 08 2018,125.91,126.83,125.29,125.69,125.69,780100
Nov 07 2018,123.77,126.77,123.45,126.62,126.62,943700
Nov 06 2018,121.78,122.88,121.31,122.37,122.37,858900
Nov 05 2018,122.31,122.31,120.80,121.67,121.67,1847700
Nov 02 2018,122.90,123.55,120.42,121.71,121.71,1135800
Nov 01 2018,123.33,123.78,121.45,122.24,122.24,1050600
Oct 31 2018,120.89,124.86,120.89,122.93,122.93,1391600
Oct 30 2018,121.26,122.36,118.54,119.83,119.83,1433800
Oct 29 2018,119.68,123.56,118.61,120.81,120.81,1969400
Oct 26 2018,118.50,121.05,117.59,120.19,120.19,2385800
Oct 25 2018,116.46,121.16,115.85,119.92,119.92,1809400
Oct 24 2018,122.25,123.71,115.00,115.24,115.24,1954600
Oct 23 2018,124.47,124.47,115.33,122.48,122.48,2968100
Oct 22 2018,130.26,135.48,124.43,126.45,126.45,2807000
Oct 19 2018,128.75,130.22,126.50,126.89,126.89,1574000
Oct 18 2018,129.48,129.85,126.76,128.42,128.42,807500
Oct 17 2018,129.19,129.80,128.12,129.38,129.38,699900
Oct 16 2018,125.17,129.74,125.17,129.61,129.61,930400
Oct 15 2018,124.48,125.38,123.70,124.26,124.26,675900
Oct 12 2018,124.34,126.19,123.50,124.79,124.79,817800
Oct 11 2018,122.57,124.92,121.00,122.58,122.58,1625300
Oct 10 2018,127.31,127.76,122.60,122.81,122.81,879100
Oct 09 2018,126.34,128.44,125.85,127.38,127.38,945000
Oct 08 2018,127.88,127.88,125.43,126.44,126.44,821900
Oct 05 2018,126.89,129.04,126.57,127.79,127.79,1072400
Oct 04 2018,129.73,130.20,126.73,127.00,127.00,939400
Oct 03 2018,130.77,132.24,129.67,130.35,130.35,993700
Oct 02 2018,130.24,130.86,129.08,130.20,130.20,967900
Oct 01 2018,130.28,130.52,128.81,130.07,130.07,1538700
Sep 28 2018,130.57,131.71,129.48,129.74,129.74,1106600
Sep 27 2018,130.00,130.87,129.51,130.77,130.77,826700
Sep 26 2018,130.47,131.42,129.84,129.93,129.93,1387100
Sep 25 2018,129.00,130.43,128.59,129.82,129.82,1150600
Sep 24 2018,127.24,128.73,126.90,128.56,128.56,807100
Sep 21 2018,127.71,128.37,126.38,127.58,127.58,2623400
Sep 20 2018,125.76,127.35,125.32,127.17,127.17,1253600
Sep 19 2018,125.66,126.00,124.94,125.23,125.23,747600
Sep 18 2018,125.22,127.66,124.64,125.55,125.55,1513400
Sep 17 2018,126.40,126.40,124.92,125.07,125.07,1272700
Sep 14 2018,126.31,127.98,125.74,126.59,126.59,560200
Sep 13 2018,125.83,127.32,124.49,126.51,126.51,1167700
Sep 12 2018,124.65,125.34,122.28,125.15,125.15,1268300
Sep 11 2018,127.60,127.60,123.36,124.99,124.99,2235900
Sep 10 2018,127.72,128.21,126.75,127.92,127.92,529200
Sep 07 2018,126.32,127.72,126.24,127.02,127.02,1014500
Sep 06 2018,126.06,127.05,125.32,126.88,126.88,1066200
Sep 05 2018,128.03,128.40,125.50,125.95,125.95,1301700
Sep 04 2018,126.90,128.10,125.96,128.04,128.04,810700
Aug 31 2018,125.89,127.28,125.89,127.09,127.09,736700
Aug 30 2018,126.34,126.45,125.31,125.91,125.91,459000
Aug 29 2018,126.56,126.85,126.13,126.19,126.19,676100
Aug 28 2018,126.25,126.95,126.08,126.56,126.56,466100
Aug 27 2018,126.44,126.94,125.20,126.42,126.42,852700
Aug 24 2018,124.50,126.33,124.48,125.42,125.42,1011300
Aug 23 2018,124.13,125.45,123.81,124.39,124.39,884900
Aug 22 2018,122.28,124.10,121.69,123.86,123.86,1122100
Aug 21 2018,120.76,124.00,120.76,122.52,122.52,1900000
Aug 20 2018,120.90,121.30,119.53,120.30,120.30,1405400
Aug 17 2018,121.00,121.50,119.74,120.28,120.28,833900
Aug 16 2018,120.47,121.99,119.87,121.03,121.03,487100
Aug 15 2018,120.89,120.90,119.59,120.20,120.20,1110900
Aug 14 2018,120.93,121.93,120.10,121.20,121.20,837900
Aug 13 2018,121.62,122.45,120.49,120.80,120.80,589900
Aug 10 2018,120.79,122.03,120.42,121.15,121.15,482400
Aug 09 2018,122.20,122.96,121.56,121.70,121.70,571400
Aug 08 2018,122.82,123.52,121.91,121.98,121.98,437400
Aug 07 2018,122.60,123.25,121.96,122.86,122.86,650200
Aug 06 2018,123.07,123.32,121.74,122.16,122.16,1299900
Aug 03 2018,124.43,124.43,122.51,123.14,123.14,742500
Aug 02 2018,121.93,124.68,121.93,124.36,124.36,1321000
Aug 01 2018,122.20,122.96,121.80,122.06,122.06,861200
Jul 31 2018,121.48,123.17,121.25,121.94,121.94,1221100
Jul 30 2018,120.73,121.82,120.12,120.92,120.92,1109100
Jul 27 2018,121.88,121.89,119.64,120.45,120.45,807800
Jul 26 2018,124.60,124.60,120.92,122.03,122.03,2457700
Jul 25 2018,119.55,125.35,118.97,125.24,125.24,3035000
Jul 24 2018,113.17,120.91,113.17,118.38,118.38,3575700
Jul 23 2018,111.36,112.15,111.12,111.37,111.37,1925600
Jul 20 2018,110.08,111.17,110.03,111.11,111.11,1363800
Jul 19 2018,109.49,110.79,109.18,110.25,110.25,1282000
Jul 18 2018,108.83,109.68,108.39,109.68,109.68,1384100
Jul 17 2018,107.52,109.24,107.38,109.00,109.00,1029500
Jul 16 2018,107.73,108.05,107.07,107.69,107.69,1482500
Jul 13 2018,106.74,107.71,106.04,107.27,107.27,1258800
Jul 12 2018,105.04,106.97,104.75,106.90,106.90,1188600
Jul 11 2018,103.35,104.55,103.25,104.21,104.21,1242900
Jul 10 2018,103.23,103.99,103.07,103.92,103.92,887900
Jul 09 2018,102.11,102.96,101.94,102.75,102.75,1053900
Jul 06 2018,100.63,101.88,100.45,101.71,101.71,985600
Jul 05 2018,101.44,101.44,99.65,100.40,100.40,963100
Jul 03 2018,101.00,101.40,100.00,100.61,100.61,926100
Jul 02 2018,99.42,99.45,98.17,99.30,99.30,1634600
Jun 29 2018,99.76,100.59,99.43,99.82,99.82,1833500
Jun 28 2018,98.34,99.31,97.65,99.19,99.19,1734500
Jun 27 2018,100.89,101.21,98.57,98.70,98.70,1139900
Jun 26 2018,100.96,101.24,99.97,100.70,100.70,1264900
Jun 25 2018,103.70,103.70,100.72,100.81,100.81,1757900
Jun 22 2018,105.22,105.22,103.24,103.84,103.84,4965900
Jun 21 2018,105.95,105.95,104.60,104.73,104.73,984100
Jun 20 2018,105.83,106.99,105.54,105.61,105.61,1278100
Jun 19 2018,104.50,106.00,104.31,105.95,105.95,2742700
Jun 18 2018,104.00,105.45,103.49,104.88,104.88,3648100
Jun 15 2018,102.63,103.40,101.81,103.28,103.28,2575700
Jun 14 2018,103.77,103.90,102.73,103.16,103.16,1751300
Jun 13 2018,103.00,103.62,102.29,103.36,103.36,4309700
Jun 12 2018,104.16,105.23,104.16,104.95,104.95,705600
Jun 11 2018,104.53,104.67,103.83,104.17,104.17,636400
Jun 08 2018,103.28,104.91,103.28,104.60,104.60,1090900
Jun 07 2018,103.80,103.95,102.48,103.17,103.17,569800
Jun 06 2018,101.80,103.86,101.49,103.69,103.69,722400
Jun 05 2018,101.36,101.92,100.44,101.88,101.88,756800
Jun 04 2018,100.41,101.28,99.84,101.24,101.24,750300
Jun 01 2018,99.46,100.58,98.60,100.49,100.49,669600
May 31 2018,100.58,100.58,98.57,98.93,98.93,1818800
May 30 2018,99.88,100.87,99.74,100.48,100.48,968900
May 29 2018,100.18,100.43,98.25,99.18,99.18,1240600
May 25 2018,101.76,101.99,100.09,100.50,100.50,1128700
May 24 2018,102.66,103.29,101.65,101.76,101.76,1223500
May 23 2018,101.81,103.15,101.54,102.44,102.44,1867400
May 22 2018,102.15,103.05,101.64,102.63,102.63,1387100
May 21 2018,101.71,103.37,101.42,102.21,102.21,1434900
May 18 2018,99.84,102.07,99.69,101.63,101.63,4200300
May 17 2018,99.35,99.35,97.40,97.83,97.83,2271300
May 16 2018,101.35,101.78,91.57,99.13,99.13,10720400
May 15 2018,102.46,103.97,101.63,102.10,102.10,1220900
May 14 2018,103.11,103.88,102.43,102.89,102.89,784000
May 11 2018,100.55,103.25,100.55,103.02,103.02,904800
May 10 2018,99.60,100.96,98.92,100.93,100.93,793700
May 09 2018,98.53,99.42,97.66,99.39,99.39,579300
May 08 2018,97.65,99.04,97.65,98.25,98.25,708900
May 07 2018,99.22,99.68,97.94,98.17,98.17,1037100
May 04 2018,96.43,99.39,96.36,99.02,99.02,951700
May 03 2018,96.85,97.72,95.75,97.30,97.30,950200
May 02 2018,97.61,99.24,95.56,96.91,96.91,1581200
May 01 2018,95.64,98.81,95.53,97.99,97.99,1392800
Apr 30 2018,96.80,97.29,95.75,95.76,95.76,1097700
Apr 27 2018,96.40,97.00,95.86,96.45,96.45,936900
Apr 26 2018,96.92,97.15,96.15,96.50,96.50,1037100
Apr 25 2018,96.56,96.99,95.10,96.49,96.49,557900
Apr 24 2018,97.84,98.35,95.91,96.74,96.74,864900
Apr 23 2018,97.44,99.08,97.12,98.01,98.01,1104900
Apr 20 2018,98.38,98.45,97.02,97.27,97.27,603900
Apr 19 2018,99.21,100.10,97.53,98.07,98.07,569700
Apr 18 2018,98.88,100.30,98.81,99.25,99.25,844600
Apr 17 2018,98.57,99.06,97.80,98.80,98.80,663000
Apr 16 2018,98.34,98.34,97.42,98.04,98.04,710100
Apr 13 2018,98.50,98.50,96.85,97.71,97.71,894600
Apr 12 2018,96.24,97.00,96.09,96.12,96.12,561100
Apr 11 2018,95.91,96.70,95.75,95.98,95.98,865400
Apr 10 2018,96.31,97.51,95.44,96.61,96.61,665800
Apr 09 2018,94.85,96.70,94.55,95.48,95.48,542400
Apr 06 2018,96.54,96.96,94.26,94.85,94.85,964800
Apr 05 2018,97.60,97.60,96.17,97.00,97.00,845200
Apr 04 2018,95.58,97.03,94.65,96.83,96.83,630300
Apr 03 2018,95.84,96.49,94.67,95.72,95.72,1525000
Apr 02 2018,98.18,99.57,94.76,95.70,95.70,1063700
Mar 29 2018,99.02,99.04,96.46,98.11,98.11,2042900
Mar 28 2018,100.09,100.09,97.59,98.62,98.62,1203400
Mar 27 2018,102.19,102.19,99.46,100.06,100.06,1037100
Mar 26 2018,101.05,101.80,99.04,101.66,101.66,797000
Mar 23 2018,102.06,102.06,99.56,99.72,99.72,919900
Mar 22 2018,103.27,104.18,101.59,101.88,101.88,680300
Mar 21 2018,105.00,105.68,104.09,104.11,104.11,704800
Mar 20 2018,104.57,105.09,104.08,104.81,104.81,566300
Mar 19 2018,105.46,105.50,103.95,104.76,104.76,579000
Mar 16 2018,105.27,106.00,104.93,105.69,105.69,928100
Mar 15 2018,105.32,106.50,105.01,105.34,105.34,716600
Mar 14 2018,106.08,106.32,104.37,104.84,104.84,1111400
Mar 13 2018,106.12,106.74,105.10,105.68,105.68,767200
Mar 12 2018,105.96,106.81,105.45,105.93,105.93,1014900
Mar 09 2018,103.78,105.66,102.98,105.60,105.60,955200
Mar 08 2018,102.27,103.75,101.77,103.25,103.25,1063900
Mar 07 2018,100.74,102.33,100.33,101.93,101.93,773900
Mar 06 2018,99.92,100.76,99.63,100.66,100.66,620600
Mar 05 2018,98.03,100.15,96.94,99.69,99.69,833100
Mar 02 2018,96.94,99.52,96.24,98.17,98.17,989900
Mar 01 2018,98.43,98.87,96.73,97.20,97.20,1237500
Feb 28 2018,99.86,100.22,98.29,98.33,98.33,1821100
Feb 27 2018,99.97,100.90,98.71,99.57,99.57,1146300
Feb 26 2018,100.00,100.75,98.51,99.97,99.97,1658900
Feb 23 2018,98.87,99.93,98.21,99.78,99.78,1403800
Feb 22 2018,100.02,100.75,97.82,98.38,98.38,1351800
Feb 21 2018,100.64,101.49,99.73,99.76,99.76,1367100
Feb 20 2018,101.58,102.07,99.78,100.26,100.26,1301500
Feb 16 2018,101.39,102.50,101.16,101.72,101.72,1288800
Feb 15 2018,105.51,106.27,99.78,101.57,101.57,1869300
Feb 14 2018,100.98,108.38,100.00,104.68,104.68,2273000
Feb 13 2018,98.10,101.23,97.77,100.06,100.06,1440600
Feb 12 2018,96.90,99.44,95.95,98.63,98.63,1258300
Feb 09 2018,96.26,96.88,94.12,96.05,96.05,1194800
Feb 08 2018,98.29,98.91,95.22,95.23,95.23,945300
Feb 07 2018,98.19,100.25,98.16,98.21,98.21,904900
Feb 06 2018,95.21,98.47,93.10,98.06,98.06,1760600
Feb 05 2018,100.32,100.99,95.96,96.75,96.75,1319900
Feb 02 2018,103.33,103.33,100.50,100.54,100.54,827700
Feb 01 2018,102.12,104.18,101.38,104.12,104.12,1111900
Jan 31 2018,104.59,104.97,101.86,102.19,102.19,1517800
Jan 30 2018,105.30,106.22,103.64,104.37,104.37,779900
Jan 29 2018,105.04,106.33,104.34,105.58,105.58,871400
Jan 26 2018,105.00,106.13,104.68,106.01,106.01,1779200
Jan 25 2018,103.50,105.10,103.50,104.58,104.58,815000
Jan 24 2018,103.21,103.84,103.11,103.50,103.50,865800
Jan 23 2018,102.96,104.07,102.60,103.21,103.21,952900
Jan 22 2018,102.76,104.03,102.48,102.84,102.84,1683000
Jan 19 2018,100.34,103.05,100.34,103.00,103.00,1351900
Jan 18 2018,100.37,100.74,99.74,99.92,99.92,795200
Jan 17 2018,100.50,100.58,99.57,100.22,100.22,975100
Jan 16 2018,100.43,101.01,99.85,99.93,99.93,957500
Jan 12 2018,99.93,100.68,99.46,100.04,100.04,742000
Jan 11 2018,99.27,100.06,98.45,99.86,99.86,1588600
Jan 10 2018,98.37,99.00,97.20,98.87,98.87,775700
Jan 09 2018,98.96,99.00,98.05,98.54,98.54,1159800
Jan 08 2018,98.48,98.79,98.13,98.60,98.60,830400
Jan 05 2018,97.44,98.83,97.34,98.56,98.56,1381600
Jan 04 2018,99.45,100.12,97.15,97.28,97.28,1795600
Jan 03 2018,99.76,100.16,99.08,99.52,99.52,738300
Jan 02 2018,98.52,100.47,97.57,99.76,99.76,1348900
Dec 29 2017,98.68,98.86,97.87,97.90,97.90,839800
Dec 28 2017,98.88,98.88,97.45,98.31,98.31,1245000
Dec 27 2017,98.29,99.35,98.01,98.54,98.54,1305100
Dec 26 2017,99.56,99.73,98.30,98.35,98.35,722400
Dec 22 2017,99.78,100.02,98.51,99.38,99.38,960500
Dec 21 2017,100.73,100.80,99.88,100.14,100.14,1288700
Dec 20 2017,101.23,101.60,100.28,100.32,100.32,1481500
Dec 19 2017,102.54,102.86,101.11,101.26,101.26,1269400
Dec 18 2017,102.54,103.10,101.76,102.48,102.48,1073700
Dec 15 2017,101.80,102.22,101.27,102.06,102.06,2710200
Dec 14 2017,102.51,103.14,101.46,101.47,101.47,966900
Dec 13 2017,101.83,103.28,101.30,102.22,102.22,1265400
Dec 12 2017,101.68,101.83,100.86,101.65,101.65,795000
Dec 11 2017,101.93,102.22,100.94,101.68,101.68,1020700
Dec 08 2017,101.06,101.86,100.65,101.35,101.35,709100
Dec 07 2017,101.10,101.50,100.83,100.92,100.92,1060600
Dec 06 2017,100.93,101.96,100.41,101.01,101.01,919900
Dec 05 2017,101.15,102.55,100.87,101.00,101.00,1012100
Dec 04 2017,102.64,103.26,101.20,101.27,101.27,1363800
Dec 01 2017,102.43,102.77,100.50,102.27,102.27,1668200
Nov 30 2017,101.90,103.17,101.83,102.01,102.01,2777500
Nov 29 2017,101.73,102.45,100.72,101.31,101.31,1711500
Nov 28 2017,102.00,102.80,101.59,101.73,101.73,6276500
Nov 27 2017,104.27,104.72,102.28,102.55,102.55,1146300
Nov 24 2017,103.95,105.56,103.95,104.27,104.27,483600
Nov 22 2017,104.21,106.00,103.92,103.95,103.95,922500
Nov 21 2017,103.88,105.00,103.37,104.36,104.36,1210500
Nov 20 2017,104.44,104.99,103.87,103.90,103.90,1126700
Nov 17 2017,103.73,105.54,103.73,104.46,104.46,690200
Nov 16 2017,104.55,104.84,103.44,104.44,104.44,934800
Nov 15 2017,102.67,104.38,100.90,103.84,103.84,599900
Nov 14 2017,102.58,103.66,101.62,103.48,103.48,1299700
Nov 13 2017,101.98,103.87,101.18,102.91,102.91,1532500
Nov 10 2017,103.70,104.61,103.57,104.05,104.05,1138200
Nov 09 2017,103.55,103.77,101.50,103.51,103.51,2696500
Nov 08 2017,108.52,108.82,103.82,104.72,104.72,3088700
Nov 07 2017,108.89,110.67,108.13,108.19,108.19,1162000
Nov 06 2017,107.00,109.29,106.89,108.56,108.56,954100
Nov 03 2017,107.12,108.38,106.48,108.02,108.02,1059100
Nov 02 2017,108.40,108.52,107.08,107.30,107.30,963500
Nov 01 2017,108.25,109.00,107.59,108.43,108.43,813500
Oct 31 2017,107.14,108.81,107.14,108.10,108.10,1389400
Oct 30 2017,107.46,108.63,106.69,107.17,107.17,1021300
Oct 27 2017,107.06,108.43,105.31,107.66,107.66,2775300
Oct 26 2017,101.59,106.65,100.00,105.50,105.50,3207000
Oct 25 2017,101.89,102.98,101.35,101.50,101.50,1443800
Oct 24 2017,102.52,102.75,101.56,102.33,102.33,1220200
Oct 23 2017,103.18,103.28,102.15,102.16,102.16,1483400
Oct 20 2017,102.24,103.38,101.87,103.03,103.03,1919800
Oct 19 2017,100.10,102.09,100.10,101.82,101.82,1472400
Oct 18 2017,99.86,101.87,99.67,100.93,100.93,1689400
Oct 17 2017,99.26,99.92,99.07,99.67,99.67,1137600
Oct 16 2017,100.10,100.57,99.03,99.33,99.33,1198100
Oct 13 2017,98.50,100.00,98.02,99.85,99.85,1584100
Oct 12 2017,97.63,98.72,97.61,98.45,98.45,1055900
Oct 11 2017,96.49,97.94,96.43,97.76,97.76,2483200
Oct 10 2017,95.90,96.34,95.24,96.20,96.20,1605500
Oct 09 2017,95.60,95.98,95.27,95.79,95.79,727600
Oct 06 2017,95.71,95.85,95.41,95.70,95.70,1546700
Oct 05 2017,95.48,95.79,94.95,95.60,95.60,1257200
Oct 04 2017,94.95,95.38,94.76,95.25,95.25,854900
Oct 03 2017,95.00,95.30,94.50,95.10,95.10,967200
Oct 02 2017,95.17,95.49,94.28,95.00,95.00,1226600
Sep 29 2017,95.00,95.24,94.43,95.07,95.07,1027200
Sep 28 2017,95.00,95.18,94.42,94.96,94.96,755100
Sep 27 2017,94.22,95.55,94.10,95.21,95.21,1892100
Sep 26 2017,94.88,95.27,93.98,94.08,94.08,1617700
Sep 25 2017,94.56,94.97,94.21,94.95,94.95,1133200
Sep 22 2017,93.84,94.70,93.79,94.70,94.70,1149100
Sep 21 2017,94.41,94.53,93.89,94.22,94.22,921300
Sep 20 2017,94.93,95.18,94.15,94.64,94.64,1510200
Sep 19 2017,95.50,95.53,94.57,95.00,95.00,1086200
Sep 18 2017,94.52,95.35,94.36,95.07,95.07,2055900
Sep 15 2017,94.94,95.04,93.85,94.47,94.47,5759600
Sep 14 2017,95.95,96.19,95.15,95.45,95.45,1327000
Sep 13 2017,97.57,97.57,96.32,96.57,96.57,1002600
Sep 12 2017,96.88,97.60,96.37,97.52,97.52,888500
Sep 11 2017,97.50,97.51,96.30,96.94,96.94,1334300
Sep 08 2017,96.48,97.14,96.24,97.00,97.00,834700
Sep 07 2017,96.69,97.37,95.85,96.74,96.74,1061900
Sep 06 2017,97.59,97.59,95.92,96.25,96.25,1565600
Sep 05 2017,95.50,97.01,95.49,96.95,96.95,2303200
Sep 01 2017,96.05,96.73,95.29,95.68,95.68,1270000
Aug 31 2017,95.96,96.41,94.78,96.03,96.03,1835700
Aug 30 2017,95.87,97.07,95.44,95.79,95.79,1909200
Aug 29 2017,95.41,97.33,95.25,96.00,96.00,3382300
Aug 28 2017,97.46,98.74,95.07,95.55,95.55,34428200
Aug 25 2017,98.35,99.95,97.88,98.82,98.82,9833600
Aug 24 2017,94.55,95.45,94.18,95.11,95.11,1461600
Aug 23 2017,94.30,94.93,93.76,94.11,94.11,676400
Aug 22 2017,93.30,94.83,93.19,94.73,94.73,1055700
Aug 21 2017,91.55,93.08,91.55,93.08,93.08,1154300
Aug 18 2017,91.53,92.22,90.56,91.55,91.55,1191700
Aug 17 2017,92.21,93.13,91.67,91.70,91.70,1255200
Aug 16 2017,91.67,93.05,91.58,92.59,92.59,1271400
Aug 15 2017,90.04,92.20,89.76,91.53,91.53,1679400
Aug 14 2017,89.43,90.55,89.26,89.99,89.99,1208300
Aug 11 2017,87.70,89.21,87.68,88.91,88.91,1006500
Aug 10 2017,89.88,90.33,87.45,87.57,87.57,1364200
Aug 09 2017,90.06,90.91,90.00,90.10,90.10,1320500
Aug 08 2017,91.17,91.26,90.09,90.67,90.67,980300
Aug 07 2017,90.62,91.32,89.95,91.19,91.19,1055900
Aug 04 2017,92.65,93.53,90.03,90.42,90.42,1263900
Aug 03 2017,90.25,93.42,90.25,91.10,91.10,1584600
Aug 02 2017,91.81,92.54,90.90,91.62,91.62,1451200
Aug 01 2017,90.62,91.34,90.20,91.29,91.29,1039400
Jul 31 2017,90.84,91.61,90.51,90.55,90.55,890700
Jul 28 2017,91.16,91.88,90.00,90.65,90.65,1015400
Jul 27 2017,91.96,92.54,91.39,91.59,91.59,967200
Jul 26 2017,90.82,91.88,90.77,91.70,91.70,840500
Jul 25 2017,91.70,91.95,90.07,90.52,90.52,860500
Jul 24 2017,91.74,91.89,91.06,91.72,91.72,915900
Jul 21 2017,90.40,91.48,90.40,91.15,91.15,753200
Jul 20 2017,90.89,90.94,89.89,90.30,90.30,760100
Jul 19 2017,90.39,91.19,90.25,90.96,90.96,649600
Jul 18 2017,89.94,90.17,89.38,90.07,90.07,641900
Jul 17 2017,89.88,90.81,89.61,90.08,90.08,958300
Jul 14 2017,89.26,89.57,88.83,89.38,89.38,464500
Jul 13 2017,89.23,89.72,88.39,89.22,89.22,634400
Jul 12 2017,88.68,89.41,88.38,88.91,88.91,551300
Jul 11 2017,88.27,88.69,87.80,88.12,88.12,606700
Jul 10 2017,88.98,89.05,88.05,88.27,88.27,598200
Jul 07 2017,88.95,89.94,88.00,88.85,88.85,954200
Jul 06 2017,88.68,88.68,87.64,87.86,87.86,723700
Jul 05 2017,88.48,89.36,88.16,89.16,89.16,634500
Jul 03 2017,89.60,89.60,88.15,88.23,88.23,532100
Jun 30 2017,89.61,89.76,89.09,89.50,89.50,718800
Jun 29 2017,90.75,90.75,88.34,89.42,89.42,867600
Jun 28 2017,89.90,90.80,89.06,90.59,90.59,715900
Jun 27 2017,90.23,90.75,89.37,89.47,89.47,712100
Jun 26 2017,91.18,91.60,90.12,90.18,90.18,769400
Jun 23 2017,90.77,91.15,90.21,91.08,91.08,2552800
Jun 22 2017,91.67,91.81,89.83,90.88,90.88,2837400
Jun 21 2017,88.80,90.43,88.17,89.78,89.78,1292000
Jun 20 2017,88.06,88.70,87.55,88.39,88.39,897300
Jun 19 2017,87.10,88.36,87.10,87.87,87.87,744100
Jun 16 2017,86.90,87.31,86.38,87.13,87.13,1524600
Jun 15 2017,85.97,86.91,85.80,86.63,86.63,826100
Jun 14 2017,86.65,87.17,85.83,86.35,86.35,565300
Jun 13 2017,85.95,87.10,85.83,86.73,86.73,974700
Jun 12 2017,86.15,86.27,84.30,85.59,85.59,1550400
Jun 09 2017,87.66,88.06,86.10,86.15,86.15,1041800
Jun 08 2017,88.00,88.02,87.40,87.80,87.80,943400
Jun 07 2017,87.01,87.90,86.98,87.57,87.57,758500
Jun 06 2017,87.04,87.71,86.54,87.09,87.09,659600
Jun 05 2017,88.22,88.38,87.26,87.29,87.29,897900
Jun 02 2017,87.50,88.43,87.24,87.93,87.93,1080700
Jun 01 2017,86.81,87.52,86.31,87.13,87.13,1148400
May 31 2017,85.64,86.51,85.59,86.44,86.44,1502900
May 30 2017,85.72,86.38,85.23,85.50,85.50,884000
May 26 2017,84.93,86.11,84.60,86.02,86.02,1374400
May 25 2017,84.20,85.51,83.90,84.70,84.70,2407000
May 24 2017,83.98,84.31,83.24,84.22,84.22,610700
May 23 2017,84.00,84.00,83.16,83.80,83.80,767600
May 22 2017,83.32,83.56,82.83,83.54,83.54,555800
May 19 2017,83.42,83.76,82.94,83.05,83.05,1122300
May 18 2017,82.29,83.39,82.10,83.09,83.09,647900
May 17 2017,82.81,83.00,81.74,82.22,82.22,1078200
May 16 2017,82.10,83.40,82.00,83.19,83.19,1106200
May 15 2017,83.00,83.91,82.82,83.62,83.62,817800
May 12 2017,83.16,83.82,82.86,82.89,82.89,589200
May 11 2017,83.87,83.89,82.95,83.46,83.46,1192700
May 10 2017,84.01,84.71,83.31,83.80,83.80,1391500
May 09 2017,83.79,84.64,83.59,84.27,84.27,1330700
May 08 2017,82.66,83.88,82.31,83.64,83.64,1593400
May 05 2017,82.49,83.46,81.96,83.30,83.30,1186200
May 04 2017,83.10,83.46,81.82,82.20,82.20,1740700
May 03 2017,85.00,85.00,81.62,82.64,82.64,1747100
May 02 2017,84.66,85.59,84.17,85.34,85.34,1304200
May 01 2017,84.75,85.25,84.20,84.59,84.59,1335500
Apr 28 2017,83.62,84.49,83.57,84.28,84.28,1003000
Apr 27 2017,83.30,84.10,83.08,83.68,83.68,1065000
Apr 26 2017,82.66,83.49,82.37,83.02,83.02,1394400
Apr 25 2017,82.59,83.19,81.43,82.65,82.65,2069900
Apr 24 2017,83.00,83.97,82.66,82.75,82.75,1109400
Apr 21 2017,82.91,83.00,82.25,82.25,82.25,1781500
Apr 20 2017,81.50,82.99,81.07,82.88,82.88,1848600
Apr 19 2017,80.50,81.83,80.20,81.30,81.30,2451900
Apr 18 2017,79.16,80.06,79.08,79.99,79.99,1224700
Apr 17 2017,79.00,79.52,78.71,79.48,79.48,513400
Apr 13 2017,78.85,79.24,78.30,78.95,78.95,748500
Apr 12 2017,78.99,79.25,78.44,78.67,78.67,748400
Apr 11 2017,79.03,79.34,78.09,78.76,78.76,676000
Apr 10 2017,78.95,79.37,78.68,78.85,78.85,678300
Apr 07 2017,79.20,79.62,78.75,79.19,79.19,795600
Apr 06 2017,78.79,79.36,78.11,79.33,79.33,998200
Apr 05 2017,78.94,79.26,78.07,78.23,78.23,1143600
Apr 04 2017,79.97,80.33,78.54,78.85,78.85,772800
Apr 03 2017,80.39,80.75,79.69,80.02,80.02,1502900
Mar 31 2017,80.37,80.92,80.07,80.53,80.53,967400
Mar 30 2017,79.91,80.51,79.75,79.93,79.93,922700
Mar 29 2017,78.79,80.38,78.56,80.15,80.15,1634000
Mar 28 2017,78.70,78.97,77.97,78.70,78.70,1476400
Mar 27 2017,77.74,78.80,77.16,78.70,78.70,991100
Mar 24 2017,77.86,78.50,77.52,77.99,77.99,699400
Mar 23 2017,77.81,78.59,77.33,77.47,77.47,1005300
Mar 22 2017,77.85,77.99,76.80,77.53,77.53,1891800
Mar 21 2017,79.71,79.97,77.72,77.92,77.92,1378800
Mar 20 2017,81.38,81.50,79.13,80.00,80.00,1995700
Mar 17 2017,81.00,81.99,80.24,81.51,81.51,3547600
Mar 16 2017,80.58,80.82,79.92,80.41,80.41,1289300
Mar 15 2017,79.74,81.23,79.56,80.84,80.84,1525500
Mar 14 2017,80.16,80.71,79.56,79.63,79.63,2170100
Mar 13 2017,80.70,81.10,80.18,80.54,80.54,2418400
Mar 10 2017,80.03,80.97,79.79,80.70,80.70,2378800
Mar 09 2017,79.40,80.01,79.02,79.80,79.80,1947500
Mar 08 2017,77.25,79.82,76.90,79.13,79.13,1974300
Mar 07 2017,77.64,78.06,77.41,77.48,77.48,1340700
Mar 06 2017,77.42,78.57,77.09,77.90,77.90,1549700
Mar 03 2017,76.90,78.23,76.51,77.85,77.85,1219000
Mar 02 2017,76.87,77.15,76.51,76.78,76.78,1376900
Mar 01 2017,77.51,78.21,76.75,77.10,77.10,2035100
Feb 28 2017,79.00,79.00,77.35,77.39,77.39,1959700
Feb 27 2017,77.64,79.68,77.00,79.47,79.47,1563200
Feb 24 2017,78.51,79.37,77.39,77.64,77.64,1861800
Feb 23 2017,77.53,78.40,77.37,78.12,78.12,1954200
Feb 22 2017,76.34,77.49,76.06,77.35,77.35,1626300
Feb 21 2017,76.61,77.26,75.94,76.25,76.25,1226100
Feb 17 2017,77.63,77.96,76.03,76.75,76.75,1470600
Feb 16 2017,77.86,78.08,76.26,76.87,76.87,1616600
Feb 15 2017,81.36,81.36,77.56,77.85,77.85,3810500
Feb 14 2017,79.30,83.04,77.60,82.30,82.30,3615800
Feb 13 2017,79.50,80.85,79.45,80.00,80.00,1924500
Feb 10 2017,79.10,79.74,78.67,79.56,79.56,1011400
Feb 09 2017,78.04,79.14,77.96,78.85,78.85,1187100
Feb 08 2017,77.58,78.23,76.58,78.13,78.13,1176000
Feb 07 2017,78.16,78.38,77.54,77.99,77.99,1019400
Feb 06 2017,77.81,78.62,77.55,77.75,77.75,961100
Feb 03 2017,76.53,78.08,76.50,77.62,77.62,1033700
Feb 02 2017,77.90,78.25,76.86,78.21,78.21,666800
Feb 01 2017,78.28,79.02,77.98,78.56,78.56,1046100
Jan 31 2017,75.16,78.53,74.92,78.49,78.49,1145600
Jan 30 2017,76.11,76.11,74.86,75.35,75.35,671900
Jan 27 2017,75.74,76.49,75.46,76.36,76.36,1027400
Jan 26 2017,75.50,76.20,75.39,75.54,75.54,1026300
Jan 25 2017,75.79,76.11,75.41,75.53,75.53,964400
Jan 24 2017,76.16,76.18,74.80,75.35,75.35,1547200
Jan 23 2017,75.89,76.24,75.11,75.85,75.85,952200
Jan 20 2017,75.79,76.25,75.79,76.10,76.10,839400
Jan 19 2017,75.49,76.76,75.32,76.07,76.07,1523200
Jan 18 2017,77.10,77.24,75.05,75.59,75.59,1983000
Jan 17 2017,77.15,77.15,76.22,76.79,76.79,1015000
Jan 13 2017,77.23,77.96,76.98,77.16,77.16,654100
Jan 12 2017,76.91,77.51,76.43,77.19,77.19,1207700
Jan 11 2017,77.85,77.95,75.70,76.98,76.98,1784600
Jan 10 2017,77.72,78.34,77.34,77.88,77.88,1163900
Jan 09 2017,78.08,78.58,77.81,77.99,77.99,638000
Jan 06 2017,77.06,78.43,77.06,77.82,77.82,569300
Jan 05 2017,77.02,77.53,76.74,77.00,77.00,651900
Jan 04 2017,77.39,77.59,76.59,77.28,77.28,1138600
Jan 03 2017,76.71,77.42,76.47,76.93,76.93,1413000
Dec 30 2016,75.89,76.21,75.51,76.05,76.05,848600
Dec 29 2016,75.84,76.36,75.73,75.88,75.88,549500
Dec 28 2016,76.24,76.30,75.81,75.96,75.96,807800
Dec 27 2016,76.33,76.66,75.57,75.85,75.85,1177400
Dec 23 2016,74.84,76.27,74.84,76.22,76.22,623300
Dec 22 2016,75.63,75.92,74.73,74.95,74.95,1742800
Dec 21 2016,77.47,77.63,75.40,75.44,75.44,1105500
Dec 20 2016,77.13,77.25,76.34,76.89,76.89,919600
Dec 19 2016,78.15,78.36,76.40,76.68,76.68,1059100
Dec 16 2016,78.28,79.83,77.85,77.88,77.88,2614700
Dec 15 2016,79.40,80.98,78.95,80.54,80.54,2450800
Dec 14 2016,79.21,80.02,78.21,79.39,79.39,1983200
Dec 13 2016,80.04,80.24,78.93,79.32,79.32,1358400
Dec 12 2016,78.00,80.12,78.00,79.41,79.41,1930800
Dec 09 2016,77.87,78.68,77.87,78.34,78.34,1905400
Dec 08 2016,77.08,77.80,76.27,77.54,77.54,1826900
Dec 07 2016,77.55,77.55,75.83,76.93,76.93,3079700
Dec 06 2016,75.98,78.02,75.48,77.58,77.58,2461100
Dec 05 2016,74.73,75.92,74.57,75.70,75.70,1718200
Dec 02 2016,72.46,75.05,71.90,74.03,74.03,2486600
Dec 01 2016,75.60,76.12,72.73,73.00,73.00,5998100
Nov 30 2016,81.18,81.18,76.50,76.83,76.83,4811100
Nov 29 2016,80.02,81.15,79.54,80.93,80.93,1737800
Nov 28 2016,80.63,80.84,79.69,79.82,79.82,1515400
Nov 25 2016,79.91,81.06,79.55,80.57,80.57,549400
Nov 23 2016,79.27,80.12,77.00,79.87,79.87,2045400
Nov 22 2016,80.07,80.55,79.65,80.20,80.20,1376600
Nov 21 2016,79.98,80.44,79.35,80.02,80.02,1879000
Nov 18 2016,79.55,80.02,78.86,79.88,79.88,1866500
Nov 17 2016,77.38,79.71,77.13,79.48,79.48,1523800
Nov 16 2016,77.85,78.05,77.15,77.31,77.31,1646200
Nov 15 2016,76.98,78.64,76.51,77.94,77.94,1744700
Nov 14 2016,77.39,77.95,76.33,76.89,76.89,1382500
Nov 11 2016,77.89,78.67,76.94,77.13,77.13,1399100
Nov 10 2016,78.10,78.47,77.00,78.34,78.34,1747200
Nov 09 2016,77.54,79.51,76.52,77.68,77.68,2051300
Nov 08 2016,74.27,76.31,74.20,75.94,75.94,2252100
Nov 07 2016,73.54,74.70,73.03,74.59,74.59,2666600
Nov 04 2016,72.42,73.22,72.23,72.59,72.59,1728800
Nov 03 2016,72.43,73.62,72.16,72.21,72.21,1826600
Nov 02 2016,70.88,73.99,70.10,72.36,72.36,2333900
Nov 01 2016,71.94,72.44,71.19,71.66,71.66,1734100
Oct 31 2016,72.09,72.33,71.55,71.74,71.74,1457400
Oct 28 2016,71.81,72.27,71.31,71.77,71.77,1451100
Oct 27 2016,72.42,72.44,71.17,72.10,72.10,2295600
Oct 26 2016,74.46,74.46,73.11,73.12,73.12,2196200
Oct 25 2016,74.32,74.78,74.00,74.43,74.43,1624200
Oct 24 2016,74.40,74.57,73.90,74.54,74.54,2339600
Oct 21 2016,74.29,74.68,73.88,74.02,74.02,1849600
Oct 20 2016,75.00,75.42,74.36,74.42,74.42,2417800
Oct 19 2016,74.99,76.03,74.99,75.21,75.21,1158200
Oct 18 2016,75.91,76.69,75.66,76.33,76.33,911400
Oct 17 2016,75.37,75.74,75.09,75.28,75.28,815200
Oct 14 2016,75.51,76.57,75.27,75.34,75.34,706800
Oct 13 2016,75.56,76.05,74.83,75.70,75.70,1340800
Oct 12 2016,77.10,77.34,75.59,75.89,75.89,1162300
Oct 11 2016,79.30,79.59,76.53,77.23,77.23,1100600
Oct 10 2016,80.04,80.04,78.98,79.81,79.81,1225800
Oct 07 2016,79.07,79.69,78.52,79.46,79.46,1348200
Oct 06 2016,80.64,80.64,78.49,79.27,79.27,1940900
Oct 05 2016,79.38,81.45,79.21,80.54,80.54,2266200
Oct 04 2016,80.20,80.78,78.61,78.79,78.79,1564200
Oct 03 2016,80.87,81.06,79.47,80.20,80.20,2113000
Sep 30 2016,79.18,81.26,79.01,81.06,81.06,2438200
Sep 29 2016,79.41,80.49,78.92,79.06,79.06,991000
Sep 28 2016,79.85,79.93,79.01,79.57,79.57,614200
Sep 27 2016,78.98,79.73,78.88,79.70,79.70,465900
Sep 26 2016,79.20,79.35,78.42,78.98,78.98,625300
Sep 23 2016,77.85,79.78,77.30,79.41,79.41,1200800
Sep 22 2016,78.39,78.58,78.02,78.13,78.13,585800
Sep 21 2016,77.65,78.16,77.16,78.00,78.00,455000
Sep 20 2016,77.25,78.07,77.23,77.47,77.47,833600
Sep 19 2016,77.60,77.95,77.19,77.38,77.38,891600
Sep 16 2016,77.65,77.89,77.06,77.31,77.31,1251600
Sep 15 2016,77.69,78.17,77.33,77.85,77.85,954200
Sep 14 2016,77.59,78.56,77.51,77.90,77.90,1380600
Sep 13 2016,77.23,77.86,76.48,77.53,77.53,1020000
Sep 12 2016,76.41,77.83,76.35,77.74,77.74,792300
Sep 09 2016,77.06,77.57,76.50,77.07,77.07,926400
Sep 08 2016,77.61,78.01,77.34,77.85,77.85,661800
Sep 07 2016,76.18,77.75,75.67,77.69,77.69,652000
Sep 06 2016,77.02,77.21,76.39,76.54,76.54,435100
Sep 02 2016,77.46,77.78,76.85,76.96,76.96,359700
Sep 01 2016,77.46,77.54,77.06,77.42,77.42,720000
Aug 31 2016,76.94,77.50,76.58,77.30,77.30,672300
Aug 30 2016,77.24,77.72,76.89,77.14,77.14,878700
Aug 29 2016,75.53,77.81,75.03,77.42,77.42,1200500
Aug 26 2016,75.64,75.90,75.15,75.69,75.69,581600
Aug 25 2016,75.36,76.11,75.11,75.68,75.68,748400
Aug 24 2016,76.01,76.23,75.30,75.41,75.41,1188700
Aug 23 2016,76.84,76.96,75.95,76.01,76.01,723400
Aug 22 2016,75.09,76.59,75.09,76.59,76.59,638000
Aug 19 2016,75.12,75.13,74.45,75.05,75.05,760900
Aug 18 2016,74.18,75.67,73.85,75.26,75.26,740200
Aug 17 2016,76.12,76.44,74.93,75.30,75.30,718500
Aug 16 2016,76.44,76.63,75.97,76.11,76.11,501400
Aug 15 2016,76.40,76.71,76.19,76.51,76.51,613100
Aug 12 2016,76.64,76.81,76.08,76.40,76.40,803500
Aug 11 2016,76.98,77.15,76.28,76.75,76.75,1111900
Aug 10 2016,76.50,76.96,75.94,76.81,76.81,1117800
Aug 09 2016,76.78,77.03,76.16,76.48,76.48,1036600
Aug 08 2016,77.27,77.56,76.30,76.56,76.56,1042000
Aug 05 2016,77.77,78.31,77.49,77.78,77.78,606000
Aug 04 2016,77.04,77.82,77.04,77.38,77.38,585500
Aug 03 2016,77.66,77.85,76.86,77.04,77.04,1119700
Aug 02 2016,77.97,78.26,77.12,77.56,77.56,1188700
Aug 01 2016,77.89,78.86,77.75,78.61,78.61,1807300
Jul 29 2016,76.23,78.36,76.10,77.64,77.64,3242500
Jul 28 2016,75.55,78.30,75.13,77.92,77.92,2169700
Jul 27 2016,74.20,75.91,72.02,75.00,75.00,3661800
Jul 26 2016,74.23,75.80,73.68,75.45,75.45,1324600
Jul 25 2016,73.89,74.22,73.86,74.08,74.08,1137300
Jul 22 2016,72.99,74.24,72.77,74.03,74.03,923000
Jul 21 2016,73.39,73.66,72.69,72.89,72.89,1141700
Jul 20 2016,72.14,73.32,72.04,73.22,73.22,1011100
Jul 19 2016,72.08,72.56,71.86,72.14,72.14,1585400
Jul 18 2016,71.58,72.43,71.58,72.37,72.37,555300
Jul 15 2016,72.89,73.15,71.62,71.67,71.67,1033100
Jul 14 2016,71.53,72.90,71.33,72.82,72.82,1065900
Jul 13 2016,71.42,71.78,71.02,71.06,71.06,752100
Jul 12 2016,71.42,71.71,70.93,71.06,71.06,1760400
Jul 11 2016,71.76,71.94,70.81,70.82,70.82,1216200
Jul 08 2016,69.22,71.43,68.91,71.41,71.41,1997200
Jul 07 2016,68.40,68.99,68.07,68.99,68.99,1311200
Jul 06 2016,66.88,68.37,66.85,68.31,68.31,1851500
Jul 05 2016,67.18,67.50,66.76,67.23,67.23,1748100
Jul 01 2016,65.14,66.94,65.01,66.86,66.86,2058800
Jun 30 2016,63.52,65.36,63.41,65.32,65.32,1664600
Jun 29 2016,62.82,63.71,62.26,63.49,63.49,1590900
Jun 28 2016,61.92,62.52,61.78,62.40,62.40,1042000
Jun 27 2016,62.78,62.83,61.21,61.32,61.32,1196900
Jun 24 2016,62.89,64.20,62.89,63.32,63.32,1378200
Jun 23 2016,64.49,65.02,64.03,65.02,65.02,818400
Jun 22 2016,63.70,64.57,63.66,63.92,63.92,952100
Jun 21 2016,64.01,64.10,63.66,63.83,63.83,967200
Jun 20 2016,64.33,64.57,63.65,63.69,63.69,1065200
Jun 17 2016,64.65,64.99,63.36,63.40,63.40,1960800
Jun 16 2016,65.04,65.04,64.60,64.87,64.87,862400
Jun 15 2016,65.14,65.52,64.98,65.10,65.10,1006500
Jun 14 2016,65.16,65.48,64.82,65.17,65.17,1137400
Jun 13 2016,65.09,66.08,65.09,65.40,65.40,1529900
Jun 10 2016,65.92,66.47,65.32,65.57,65.57,1861300
Jun 09 2016,66.44,66.77,66.16,66.54,66.54,1569200
Jun 08 2016,66.82,66.97,66.63,66.80,66.80,1793200
Jun 07 2016,67.14,67.34,66.76,67.24,67.24,1143900
Jun 06 2016,67.46,67.54,66.72,67.21,67.21,801400
Jun 03 2016,67.63,67.74,66.66,67.22,67.22,561100
Jun 02 2016,67.51,67.95,67.11,67.83,67.83,1058900
Jun 01 2016,67.64,67.99,67.31,67.86,67.86,1017100
May 31 2016,66.83,67.95,66.64,67.89,67.89,1849300
May 27 2016,66.58,67.07,66.50,66.70,66.70,804200
May 26 2016,66.84,66.90,66.51,66.74,66.74,863400
May 25 2016,67.00,67.10,66.49,67.06,67.06,1169200
May 24 2016,66.10,67.03,65.53,66.92,66.92,1141600
May 23 2016,66.38,66.84,65.88,65.97,65.97,1542700
May 20 2016,65.12,66.84,64.78,66.55,66.55,1614500
May 19 2016,65.41,66.00,64.51,64.92,64.92,1489700
May 18 2016,65.51,65.90,65.01,65.85,65.85,1232300
May 17 2016,65.51,65.78,65.17,65.58,65.58,1838700
May 16 2016,65.75,66.04,65.37,65.58,65.58,736200
May 13 2016,65.31,66.05,65.03,65.74,65.74,1284300
May 12 2016,65.57,65.96,64.67,65.31,65.31,1903000
May 11 2016,67.85,67.87,65.85,65.95,65.95,1037500
May 10 2016,67.64,68.00,66.90,67.65,67.65,1050500
May 09 2016,65.93,67.34,65.84,67.03,67.03,1425200
May 06 2016,64.44,66.26,63.94,65.96,65.96,1554700
May 05 2016,65.02,65.37,64.32,64.52,64.52,1128600
May 04 2016,65.07,66.00,64.34,65.03,65.03,4320100
May 03 2016,69.10,69.10,62.95,67.46,67.46,9204500
May 02 2016,69.47,69.67,68.13,69.10,69.10,1485700
Apr 29 2016,70.00,70.17,68.66,69.07,69.07,815600
Apr 28 2016,69.45,70.77,68.48,69.98,69.98,912800
Apr 27 2016,70.02,70.34,69.44,69.82,69.82,518800
Apr 26 2016,70.06,70.26,68.95,70.08,70.08,918900
Apr 25 2016,70.10,70.79,69.62,70.00,70.00,363500
Apr 22 2016,69.88,70.53,69.36,70.04,70.04,377000
Apr 21 2016,70.09,70.69,69.71,70.03,70.03,683100
Apr 20 2016,69.73,70.21,69.36,69.72,69.72,390700
Apr 19 2016,70.09,70.09,69.39,69.74,69.74,483100
Apr 18 2016,69.69,70.03,69.35,69.83,69.83,546000
Apr 15 2016,69.60,70.35,68.92,70.09,70.09,779300
Apr 14 2016,69.99,70.27,69.35,69.67,69.67,822300
Apr 13 2016,69.88,70.14,69.53,70.00,70.00,651100
Apr 12 2016,70.14,70.44,69.17,69.40,69.40,599800
Apr 11 2016,71.23,71.44,70.05,70.35,70.35,1282900
Apr 08 2016,70.55,71.13,70.20,70.83,70.83,906400
Apr 07 2016,69.94,70.70,69.42,70.16,70.16,887900
Apr 06 2016,67.58,70.27,67.58,70.19,70.19,628200
Apr 05 2016,68.00,69.08,67.41,67.69,67.69,773100
Apr 04 2016,67.49,69.41,67.16,68.42,68.42,905000
Apr 01 2016,64.62,67.52,64.48,67.52,67.52,640500
Mar 31 2016,64.61,65.46,64.60,65.10,65.10,759700
Mar 30 2016,65.49,65.78,64.29,64.70,64.70,367700
Mar 29 2016,63.96,65.10,63.49,65.07,65.07,431000
Mar 28 2016,63.66,64.49,63.48,63.77,63.77,690700
Mar 24 2016,64.26,64.92,63.66,64.23,64.23,482400
Mar 23 2016,65.30,65.83,64.39,64.54,64.54,600500
Mar 22 2016,64.17,65.75,64.02,65.30,65.30,707900
Mar 21 2016,64.82,64.96,64.19,64.60,64.60,1037400
Mar 18 2016,64.70,65.05,64.23,64.88,64.88,721200
Mar 17 2016,65.00,65.00,63.85,64.65,64.65,625500
Mar 16 2016,65.25,65.89,64.30,65.03,65.03,648400
Mar 15 2016,66.31,66.48,64.95,65.40,65.40,1067900
Mar 14 2016,67.01,67.33,66.05,66.83,66.83,563000
Mar 11 2016,65.89,67.55,65.32,67.40,67.40,708600
Mar 10 2016,65.70,66.22,65.01,65.28,65.28,551900
Mar 09 2016,65.75,66.08,64.79,65.51,65.51,792100
Mar 08 2016,65.09,66.13,64.76,65.65,65.65,917800
Mar 07 2016,65.31,65.46,64.56,65.32,65.32,606700
Mar 04 2016,64.72,66.00,64.27,65.44,65.44,779400
Mar 03 2016,65.29,65.49,64.05,64.67,64.67,969400
Mar 02 2016,65.00,65.48,64.57,65.44,65.44,836900
Mar 01 2016,62.92,65.45,62.81,65.36,65.36,1175400
Feb 29 2016,63.26,63.63,62.49,62.71,62.71,800200
Feb 26 2016,62.90,63.54,62.76,63.35,63.35,563900
Feb 25 2016,62.49,63.18,62.08,62.86,62.86,625700
Feb 24 2016,61.16,62.38,60.95,62.10,62.10,947100
Feb 23 2016,62.37,62.94,61.62,61.65,61.65,656600
Feb 22 2016,64.00,64.85,62.25,62.50,62.50,843300
Feb 19 2016,62.31,63.58,61.41,63.43,63.43,779100
Feb 18 2016,63.30,63.73,62.45,62.73,62.73,648100
Feb 17 2016,62.03,63.73,61.98,63.17,63.17,716500
Feb 16 2016,61.13,62.48,60.23,61.79,61.79,1218000
Feb 12 2016,60.95,62.47,60.06,60.43,60.43,1669200
Feb 11 2016,59.05,60.83,57.72,59.00,59.00,2039200
Feb 10 2016,56.93,60.36,56.60,58.35,58.35,1531100
Feb 09 2016,55.11,57.13,55.01,56.70,56.70,872100
Feb 08 2016,56.87,57.30,55.39,55.91,55.91,1076600
Feb 05 2016,59.53,59.53,56.80,57.50,57.50,1773700
Feb 04 2016,58.23,59.73,57.20,59.53,59.53,1673000
Feb 03 2016,58.52,59.49,56.66,58.55,58.55,1324200
Feb 02 2016,60.22,60.41,58.20,58.28,58.28,1229200
Feb 01 2016,60.86,61.60,60.02,60.53,60.53,1381000
Jan 29 2016,60.75,61.06,60.10,60.83,60.83,1248900
Jan 28 2016,62.15,62.66,59.89,60.43,60.43,961300
Jan 27 2016,63.32,63.54,61.64,61.93,61.93,736900
Jan 26 2016,62.97,63.88,62.30,63.50,63.50,1286000
Jan 25 2016,63.39,64.00,62.65,63.00,63.00,925200
Jan 22 2016,63.09,63.67,62.34,63.61,63.61,850800
Jan 21 2016,63.43,64.07,61.60,62.47,62.47,974000
Jan 20 2016,62.51,63.82,60.56,63.25,63.25,933800
Jan 19 2016,63.99,64.76,62.84,63.36,63.36,623500
Jan 15 2016,62.30,63.52,62.02,63.34,63.34,855500
Jan 14 2016,63.74,64.71,62.53,63.96,63.96,1393900
Jan 13 2016,65.80,66.21,63.51,63.76,63.76,851300
Jan 12 2016,64.95,65.86,64.16,65.14,65.14,523700
Jan 11 2016,65.14,65.59,63.95,64.57,64.57,1424500
Jan 08 2016,65.40,65.97,64.66,65.10,65.10,774600
Jan 07 2016,65.94,66.48,65.11,65.18,65.18,790400
Jan 06 2016,66.45,67.69,66.11,66.74,66.74,1792300
Jan 05 2016,66.99,67.82,66.80,67.11,67.11,767400
Jan 04 2016,67.86,67.92,66.51,67.04,67.04,976600
Dec 30 2015,70.23,70.52,69.50,69.59,69.59,372300
Dec 29 2015,70.18,70.62,69.81,70.46,70.46,535300
Dec 28 2015,69.58,69.93,69.05,69.58,69.58,269100
Dec 24 2015,69.96,70.16,69.29,69.63,69.63,170900
Dec 23 2015,69.58,70.53,69.01,70.04,70.04,858600
Dec 22 2015,70.30,70.30,68.59,69.29,69.29,360300
Dec 21 2015,69.91,70.24,69.26,69.74,69.74,649000
Dec 18 2015,69.28,69.90,69.01,69.52,69.52,1204600
Dec 17 2015,70.00,70.74,69.65,69.86,69.86,1153700
Dec 16 2015,69.23,69.54,68.03,68.73,68.73,630300
Dec 15 2015,68.50,69.48,67.98,68.93,68.93,1002400
Dec 14 2015,67.15,68.36,67.03,68.14,68.14,1100800
Dec 11 2015,67.22,67.99,66.65,67.35,67.35,956700
Dec 10 2015,66.33,68.05,65.92,67.92,67.92,752000
Dec 09 2015,67.35,67.81,66.11,66.69,66.69,636300
Dec 08 2015,66.65,67.61,65.89,67.53,67.53,1064400
Dec 07 2015,67.74,68.02,66.96,67.41,67.41,890100
Dec 04 2015,65.91,68.07,65.91,68.02,68.02,848600
Dec 03 2015,67.20,67.51,65.76,65.78,65.78,901600
Dec 02 2015,68.55,68.76,66.59,66.75,66.75,1195600
Dec 01 2015,68.34,69.09,67.73,68.94,68.94,593700
Nov 30 2015,69.51,69.56,67.92,67.99,67.99,778500
Nov 27 2015,68.81,69.99,68.12,69.26,69.26,340000
Nov 25 2015,69.18,70.02,68.49,68.51,68.51,706900
Nov 24 2015,68.74,69.58,68.53,69.16,69.16,600900
Nov 23 2015,68.77,69.44,68.39,69.24,69.24,906600
Nov 20 2015,69.23,69.67,68.59,68.73,68.73,786400
Nov 19 2015,69.53,69.91,68.66,69.07,69.07,1218400
Nov 18 2015,68.53,69.80,68.16,69.73,69.73,875400
Nov 17 2015,67.26,68.86,66.95,68.58,68.58,657900
Nov 16 2015,66.56,67.49,66.11,67.19,67.19,690600
Nov 13 2015,66.88,67.66,65.71,66.71,66.71,994300
Nov 12 2015,66.39,67.41,65.40,66.80,66.80,1365700
Nov 11 2015,67.30,68.11,66.53,66.58,66.58,574300
Nov 10 2015,66.69,67.62,66.66,67.26,67.26,582500
Nov 09 2015,66.04,67.34,65.70,67.06,67.06,933100
Nov 06 2015,65.85,66.19,64.90,66.09,66.09,840500
Nov 05 2015,65.94,66.32,65.22,65.89,65.89,911900
Nov 04 2015,65.28,66.28,64.95,65.82,65.82,1387000
Nov 03 2015,65.64,66.41,65.17,65.27,65.27,1003200
Nov 02 2015,64.00,66.17,63.97,66.05,66.05,1544000
Oct 30 2015,64.60,64.74,63.62,63.65,63.65,1302300
Oct 29 2015,66.99,67.99,64.15,64.47,64.47,2021100
Oct 28 2015,68.45,68.73,65.20,66.99,66.99,1935600
Oct 27 2015,69.16,69.61,67.46,68.76,68.76,947600
Oct 26 2015,68.21,69.49,68.01,69.14,69.14,538100
Oct 23 2015,68.44,68.89,67.45,68.27,68.27,909100
Oct 22 2015,69.09,69.68,66.76,67.69,67.69,1107400
Oct 21 2015,70.17,70.82,67.52,68.79,68.79,1017200
Oct 20 2015,71.81,72.07,69.92,70.18,70.18,438000
Oct 19 2015,71.63,72.68,70.73,71.75,71.75,380200
Oct 16 2015,71.11,71.88,70.87,71.57,71.57,1150100
Oct 15 2015,68.95,70.66,68.58,70.63,70.63,658800
Oct 14 2015,69.60,70.65,69.08,69.23,69.23,503200
Oct 13 2015,69.96,71.00,69.63,69.88,69.88,615800
Oct 12 2015,69.82,70.34,68.90,70.09,70.09,432000
Oct 09 2015,67.81,70.11,67.81,69.83,69.83,766100
Oct 08 2015,67.50,68.12,66.25,67.98,67.98,756800
Oct 07 2015,66.66,67.97,65.42,67.77,67.77,1254200
Oct 06 2015,70.27,70.59,66.08,66.37,66.37,1417300
Oct 05 2015,71.51,72.14,70.18,70.67,70.67,586700
Oct 02 2015,68.65,71.38,68.65,71.33,71.33,695200
Oct 01 2015,69.17,69.98,68.40,69.61,69.61,847600
Sep 30 2015,69.79,70.43,68.75,69.57,69.57,867000
Sep 29 2015,68.77,69.97,67.83,68.86,68.86,1024000
Sep 28 2015,73.18,73.23,68.67,69.06,69.06,1060700
Sep 25 2015,75.76,75.84,72.52,73.36,73.36,893500
Sep 24 2015,75.21,75.39,73.96,75.20,75.20,547100
Sep 23 2015,75.89,76.49,75.44,76.01,76.01,388400
Sep 22 2015,75.64,76.13,75.21,75.57,75.57,446700
Sep 21 2015,78.35,78.51,76.24,76.65,76.65,650600
Sep 18 2015,77.74,78.74,77.37,77.57,77.57,1132500
Sep 17 2015,77.43,78.84,77.08,78.44,78.44,639900
Sep 16 2015,76.93,77.63,76.54,77.44,77.44,643200
Sep 15 2015,75.99,77.16,75.40,76.94,76.94,448000
Sep 14 2015,75.78,75.86,74.82,75.61,75.61,488000
Sep 11 2015,74.15,76.33,73.99,75.89,75.89,826200
Sep 10 2015,73.85,74.45,73.44,74.42,74.42,617800
Sep 09 2015,74.57,75.00,73.55,73.99,73.99,586400
Sep 08 2015,74.05,74.56,73.26,74.35,74.35,666500
Sep 04 2015,73.26,73.75,72.34,72.78,72.78,518300
Sep 03 2015,73.75,74.81,73.74,74.34,74.34,801800
Sep 02 2015,72.43,74.01,71.84,73.84,73.84,1014700
Sep 01 2015,73.16,73.37,71.49,71.90,71.90,707600
Aug 31 2015,74.96,75.00,73.92,74.51,74.51,1250000
Aug 28 2015,74.48,75.28,73.69,75.24,75.24,1020400
Aug 27 2015,73.79,74.76,73.06,74.20,74.20,629700
Aug 26 2015,72.43,74.29,71.34,73.32,73.32,594700
Aug 25 2015,71.75,72.98,70.62,71.01,71.01,988700
Aug 24 2015,69.52,73.10,67.47,70.24,70.24,1205200
Aug 21 2015,73.32,74.10,72.64,72.94,72.94,691400
Aug 20 2015,75.24,75.89,74.03,74.04,74.04,552000
Aug 19 2015,75.79,76.26,75.34,75.69,75.69,361700
Aug 18 2015,76.16,76.92,75.86,76.03,76.03,330700
Aug 17 2015,74.75,76.23,74.44,76.17,76.17,649200
Aug 14 2015,74.94,75.33,74.42,75.08,75.08,376300
Aug 13 2015,75.15,75.57,74.82,75.00,75.00,566600
Aug 12 2015,75.10,75.35,73.69,75.04,75.04,1410500
Aug 11 2015,75.82,75.83,74.98,75.38,75.38,700100
Aug 10 2015,76.23,76.44,75.82,76.14,76.14,727100
Aug 07 2015,75.93,75.99,74.64,75.29,75.29,1569400
Aug 06 2015,77.44,77.55,75.21,76.00,76.00,1118600
Aug 05 2015,77.85,77.95,77.12,77.32,77.32,1147700
Aug 04 2015,77.27,77.97,77.23,77.49,77.49,1373700
Aug 03 2015,76.72,77.41,75.11,77.11,77.11,1768200
Jul 31 2015,76.97,77.44,76.50,76.72,76.72,4645600
Jul 30 2015,79.11,79.33,78.37,78.75,78.75,572400
Jul 29 2015,78.25,80.45,77.57,79.10,79.10,1134500
Jul 28 2015,74.75,76.80,74.45,76.75,76.75,875300
Jul 27 2015,74.63,75.18,74.33,74.58,74.58,454500
Jul 24 2015,75.56,75.75,74.80,74.94,74.94,386400
Jul 23 2015,76.43,76.43,75.35,75.64,75.64,378600
Jul 22 2015,75.60,76.35,75.01,76.23,76.23,499100
Jul 21 2015,76.07,76.17,74.44,75.29,75.29,538700
Jul 20 2015,77.21,77.21,76.14,76.41,76.41,530600
Jul 17 2015,76.75,76.91,76.15,76.86,76.86,407000
Jul 16 2015,76.44,77.17,75.86,76.72,76.72,490500
Jul 15 2015,76.28,76.28,75.60,75.93,75.93,525800
Jul 14 2015,75.45,76.12,75.08,76.07,76.07,489800
Jul 13 2015,74.95,75.30,74.06,75.24,75.24,673400
Jul 10 2015,74.61,74.97,73.70,74.17,74.17,507000
Jul 09 2015,72.59,72.65,71.94,72.16,72.16,389100
Jul 08 2015,72.50,72.70,71.46,71.67,71.67,589800
Jul 07 2015,72.90,72.90,71.90,72.86,72.86,595300
Jul 06 2015,72.48,72.91,71.99,72.62,72.62,702400
Jul 02 2015,72.06,73.10,72.06,72.80,72.80,428800
Jul 01 2015,72.75,73.44,72.42,72.97,72.97,627900
Jun 30 2015,72.41,72.96,71.94,72.61,72.61,1069600
Jun 29 2015,72.86,73.24,71.88,72.08,72.08,689500
Jun 26 2015,73.45,73.82,72.83,73.25,73.25,1974600
Jun 25 2015,73.44,73.62,72.70,73.49,73.49,862600
Jun 24 2015,73.27,73.76,72.74,72.90,72.90,1131000
Jun 23 2015,72.63,73.52,72.48,73.51,73.51,1005700
Jun 22 2015,72.16,72.73,71.60,72.72,72.72,702400
Jun 19 2015,71.40,71.91,70.70,71.85,71.85,669800
Jun 18 2015,70.72,71.54,70.49,71.11,71.11,414400
Jun 17 2015,70.93,70.93,70.08,70.78,70.78,466800
Jun 16 2015,69.74,70.64,69.54,70.58,70.58,422600
Jun 15 2015,69.77,69.96,69.06,69.69,69.69,400800
Jun 12 2015,69.47,70.70,68.78,70.03,70.03,398700
Jun 11 2015,69.71,69.89,69.17,69.86,69.86,513300
Jun 10 2015,69.55,69.91,69.08,69.42,69.42,613100
Jun 09 2015,69.29,69.72,68.23,69.43,69.43,372100
Jun 08 2015,69.88,70.34,69.36,69.45,69.45,270700
Jun 05 2015,69.64,70.07,68.98,69.71,69.71,595400
Jun 04 2015,69.35,70.19,69.21,69.67,69.67,364900
Jun 03 2015,70.14,70.21,69.46,69.64,69.64,381500
Jun 02 2015,69.95,70.05,68.77,69.68,69.68,833900
Jun 01 2015,69.71,70.25,69.57,70.04,70.04,522300
May 29 2015,70.64,70.79,69.44,69.71,69.71,1109800
May 28 2015,70.18,70.77,69.90,70.59,70.59,475800
May 27 2015,69.63,70.56,69.39,70.52,70.52,833700
May 26 2015,70.19,70.63,69.16,69.27,69.27,1311000
May 22 2015,68.53,69.93,68.48,69.70,69.70,991800
May 21 2015,68.92,68.99,68.29,68.71,68.71,675100
May 20 2015,68.72,69.09,67.68,68.81,68.81,731500
May 19 2015,67.90,68.63,67.64,68.37,68.37,839700
May 18 2015,67.50,67.94,66.88,67.53,67.53,1012800
May 15 2015,66.09,67.19,65.85,67.14,67.14,1572200
May 14 2015,65.70,66.16,64.66,65.67,65.67,3189500
May 13 2015,64.92,65.71,64.60,65.48,65.48,789800
May 12 2015,64.01,64.92,63.63,64.47,64.47,925500
May 11 2015,64.70,65.08,64.36,64.36,64.36,1071300
May 08 2015,65.51,65.91,64.62,64.85,64.85,916400
May 07 2015,65.19,65.75,64.68,64.86,64.86,730900
May 06 2015,65.07,65.15,64.26,64.90,64.90,552400
May 05 2015,66.20,66.21,64.53,64.59,64.59,665400
May 04 2015,67.28,68.52,66.02,66.23,66.23,1078000
May 01 2015,65.94,67.48,65.52,67.30,67.30,1176200
Apr 30 2015,68.11,68.23,65.58,65.88,65.88,970900
Apr 29 2015,64.51,68.83,64.25,68.47,68.47,1577900
Apr 28 2015,69.06,69.98,68.24,69.31,69.31,1151700
Apr 27 2015,69.09,69.33,68.63,68.90,68.90,865600
Apr 24 2015,68.50,70.00,67.81,69.09,69.09,951000
Apr 23 2015,66.79,67.74,66.48,67.69,67.69,733300
Apr 22 2015,66.73,66.88,65.99,66.45,66.45,575400
Apr 21 2015,66.75,66.96,66.29,66.70,66.70,257300
Apr 20 2015,67.10,67.10,66.46,66.49,66.49,255200
Apr 17 2015,66.95,67.46,66.24,66.69,66.69,556100
Apr 16 2015,67.15,67.72,66.87,67.48,67.48,302800
Apr 15 2015,67.50,67.77,67.04,67.16,67.16,289300
Apr 14 2015,67.90,67.90,67.08,67.21,67.21,270700
Apr 13 2015,67.58,67.99,67.28,67.87,67.87,326600
Apr 10 2015,67.43,67.77,67.13,67.63,67.63,389300
Apr 09 2015,67.09,67.43,66.71,67.41,67.41,557700
Apr 08 2015,66.14,67.29,66.08,67.17,67.17,438000
Apr 07 2015,66.45,67.34,66.08,66.20,66.20,546400
Apr 06 2015,65.97,66.88,65.77,66.46,66.46,532600
Apr 02 2015,67.88,67.98,66.23,66.39,66.39,469600
Apr 01 2015,66.46,67.93,66.15,67.87,67.87,789800
Mar 31 2015,68.90,69.97,66.84,66.97,66.97,1052100
Mar 30 2015,67.96,68.20,67.57,68.00,68.00,425900
Mar 27 2015,66.30,67.37,66.25,67.26,67.26,600100
Mar 26 2015,64.77,66.60,63.62,66.29,66.29,981800
Mar 25 2015,67.69,67.91,66.25,66.31,66.31,534200
Mar 24 2015,67.99,68.52,67.39,67.45,67.45,665900
Mar 23 2015,67.29,68.00,67.00,67.97,67.97,624600
Mar 20 2015,67.45,67.59,66.79,67.25,67.25,882900
Mar 19 2015,66.67,66.89,66.32,66.87,66.87,310600
Mar 18 2015,66.81,66.97,66.23,66.75,66.75,310200
Mar 17 2015,66.34,66.84,65.78,66.80,66.80,355800
Mar 16 2015,66.30,66.90,66.12,66.57,66.57,443100
Mar 13 2015,65.37,66.14,65.03,66.05,66.05,512200
Mar 12 2015,65.08,65.77,65.08,65.34,65.34,473000
Mar 11 2015,64.78,65.28,64.58,64.98,64.98,455800
Mar 10 2015,65.00,65.00,64.00,64.44,64.44,494200
Mar 09 2015,65.45,65.77,64.88,65.34,65.34,277200
Mar 06 2015,65.60,65.99,64.87,65.30,65.30,277600
Mar 05 2015,65.16,65.99,64.98,65.70,65.70,413000
Mar 04 2015,65.39,65.40,64.60,64.93,64.93,368300
Mar 03 2015,65.56,65.64,65.03,65.54,65.54,438200
Mar 02 2015,64.98,65.90,64.59,65.54,65.54,530900
Feb 27 2015,64.91,65.36,64.57,64.98,64.98,317000
Feb 26 2015,64.90,65.31,64.75,64.95,64.95,317900
Feb 25 2015,64.66,65.34,64.31,65.03,65.03,428000
Feb 24 2015,65.20,65.30,64.30,64.49,64.49,506300
Feb 23 2015,65.10,66.28,64.90,64.99,64.99,582300
Feb 20 2015,64.24,65.15,63.54,65.15,65.15,587200
Feb 19 2015,64.44,65.20,63.91,64.52,64.52,567900
Feb 18 2015,64.60,64.63,63.73,64.61,64.61,463200
Feb 17 2015,63.31,64.13,62.52,64.01,64.01,1371200
Feb 13 2015,64.02,64.19,63.21,63.31,63.31,596400
Feb 12 2015,63.35,64.00,62.76,63.25,63.25,1192700
Feb 11 2015,60.21,61.14,59.73,60.68,60.68,770800
Feb 10 2015,59.61,60.23,58.80,60.11,60.11,712100
Feb 09 2015,60.36,60.51,59.00,59.24,59.24,405400
Feb 06 2015,61.22,61.64,60.29,60.46,60.46,289900
Feb 05 2015,60.85,61.31,60.60,61.21,61.21,305100
Feb 04 2015,59.96,61.00,59.78,60.75,60.75,487800
Feb 03 2015,60.61,60.81,59.74,60.27,60.27,550400
Feb 02 2015,60.31,60.65,59.57,60.56,60.56,559800
Jan 30 2015,61.60,61.60,60.32,60.50,60.50,487500
Jan 29 2015,61.65,61.81,60.60,61.76,61.76,364300
Jan 28 2015,62.25,62.73,61.44,61.66,61.66,472900
Jan 27 2015,61.35,62.13,60.86,61.90,61.90,409900
Jan 26 2015,60.79,62.22,60.55,61.96,61.96,733000
Jan 23 2015,60.53,61.71,60.53,60.97,60.97,645500
Jan 22 2015,60.08,60.73,59.24,60.54,60.54,430600
Jan 21 2015,59.86,60.64,59.58,59.78,59.78,552500
Jan 20 2015,60.00,60.10,59.37,59.95,59.95,573500
Jan 16 2015,58.58,59.98,58.55,59.58,59.58,967200
Jan 15 2015,59.24,60.50,58.96,59.04,59.04,557800
Jan 14 2015,59.04,59.48,58.63,59.10,59.10,354600
Jan 13 2015,59.44,60.00,58.91,59.49,59.49,612200
Jan 12 2015,59.06,59.46,58.64,59.06,59.06,388800
Jan 09 2015,59.33,59.75,58.46,58.82,58.82,454400
Jan 08 2015,58.44,59.24,58.17,59.20,59.20,436100
Jan 07 2015,57.82,58.20,57.50,57.77,57.77,737700
Jan 06 2015,58.63,58.63,56.46,57.07,57.07,966000
Jan 05 2015,58.46,59.38,58.13,58.41,58.41,638300
Jan 02 2015,59.14,59.86,58.78,59.11,59.11,458400
Dec 31 2014,59.65,60.12,58.80,58.87,58.87,377900
Dec 30 2014,59.95,60.25,59.48,59.69,59.69,261400
Dec 29 2014,60.62,60.62,59.56,59.95,59.95,318700
Dec 26 2014,59.56,60.79,59.38,60.66,60.66,457800
Dec 24 2014,59.42,60.00,59.18,59.48,59.48,221700
Dec 23 2014,60.65,60.65,59.11,59.47,59.47,462100
Dec 22 2014,60.28,60.65,59.77,60.09,60.09,396600
Dec 19 2014,60.00,60.48,59.58,60.39,60.39,1326400
Dec 18 2014,58.57,59.49,57.43,59.38,59.38,1267300
Dec 17 2014,57.17,58.30,57.11,57.54,57.54,1751600
Dec 16 2014,56.79,57.67,56.79,57.17,57.17,1148000
Dec 15 2014,57.81,58.25,56.78,57.05,57.05,1104300
Dec 12 2014,57.00,58.18,57.00,57.37,57.37,1658200
Dec 11 2014,57.36,58.04,57.11,57.48,57.48,1232500
Dec 10 2014,58.49,58.49,57.15,57.21,57.21,541600
Dec 09 2014,57.62,58.10,57.12,57.79,57.79,1140800
Dec 08 2014,57.17,57.63,56.44,57.00,57.00,320800
Dec 05 2014,57.68,58.00,56.90,57.37,57.37,329500
Dec 04 2014,58.00,58.32,57.00,57.40,57.40,402600
Dec 03 2014,57.78,58.45,57.45,58.25,58.25,696300
Dec 02 2014,57.02,57.83,56.92,57.54,57.54,417700
Dec 01 2014,57.32,57.70,56.12,56.75,56.75,591200
Nov 28 2014,58.07,58.17,57.55,57.82,57.82,230000
Nov 26 2014,57.65,58.20,57.27,57.96,57.96,365000
Nov 25 2014,57.85,58.03,57.21,57.75,57.75,691200
Nov 24 2014,58.00,58.19,57.33,57.59,57.59,714600
Nov 21 2014,58.27,58.54,57.79,57.86,57.86,908500
Nov 20 2014,57.32,58.20,57.17,57.75,57.75,1180500
Nov 19 2014,57.41,57.83,57.29,57.72,57.72,831200
Nov 18 2014,56.47,57.49,56.29,57.33,57.33,882800
Nov 17 2014,55.57,56.58,55.37,56.43,56.43,1064300
Nov 14 2014,56.47,56.64,54.77,55.83,55.83,1095900
Nov 13 2014,56.53,56.79,56.27,56.39,56.39,533300
Nov 12 2014,56.71,56.89,56.02,56.41,56.41,647800
Nov 11 2014,57.24,57.49,56.42,56.81,56.81,520100
Nov 10 2014,57.68,57.89,57.05,57.22,57.22,494100
Nov 07 2014,58.03,58.12,56.97,57.21,57.21,903100
Nov 06 2014,57.06,58.05,57.06,57.95,57.95,1435500
Nov 05 2014,57.27,57.49,56.64,57.06,57.06,4117100
Nov 04 2014,59.50,59.90,58.72,58.85,58.85,826100
Nov 03 2014,59.00,60.71,58.41,59.65,59.65,1558200
Oct 31 2014,56.33,58.55,56.15,58.54,58.54,1094300
Oct 30 2014,57.75,57.75,55.26,56.30,56.30,1309400
Oct 29 2014,58.00,58.00,57.27,57.99,57.99,427300
Oct 28 2014,57.93,57.94,57.18,57.74,57.74,341900
Oct 27 2014,57.69,57.96,57.33,57.53,57.53,297100
Oct 24 2014,56.94,58.53,56.87,57.56,57.56,591900
Oct 23 2014,57.00,57.46,56.80,56.99,56.99,343400
Oct 22 2014,56.52,57.00,56.15,56.55,56.55,315400
Oct 21 2014,55.28,56.74,55.07,56.50,56.50,522500
Oct 20 2014,55.04,55.41,54.26,54.78,54.78,372500
Oct 17 2014,54.74,55.83,54.61,55.30,55.30,2055900
Oct 16 2014,52.64,54.30,52.44,54.11,54.11,802900
Oct 15 2014,52.50,53.04,51.09,52.54,52.54,517400
Oct 14 2014,52.96,53.60,52.06,52.91,52.91,415600
Oct 13 2014,53.40,53.63,52.49,52.60,52.60,404600
Oct 10 2014,53.55,55.53,53.13,53.20,53.20,527200
Oct 09 2014,55.08,55.52,54.19,54.64,54.64,408800
Oct 08 2014,54.64,55.32,53.75,55.30,55.30,402600
Oct 07 2014,55.13,55.22,54.50,54.60,54.60,320700
Oct 06 2014,56.45,57.13,55.19,55.38,55.38,483000
Oct 03 2014,54.81,56.55,54.77,56.19,56.19,961600
Oct 02 2014,54.75,55.18,54.34,54.57,54.57,820000
Oct 01 2014,56.26,56.50,54.08,54.56,54.56,959700
Sep 30 2014,57.41,57.53,55.71,55.78,55.78,553200
Sep 29 2014,56.58,57.73,56.31,57.20,57.20,542400
Sep 26 2014,56.19,56.98,55.59,56.92,56.92,553700
Sep 25 2014,56.92,56.97,55.59,55.83,55.83,342700
Sep 24 2014,55.97,57.01,55.61,56.98,56.98,414500
Sep 23 2014,56.41,56.73,55.54,55.76,55.76,443700
Sep 22 2014,57.32,57.49,56.28,56.29,56.29,454700
Sep 19 2014,57.36,57.50,56.93,57.32,57.32,1176200
Sep 18 2014,56.43,57.23,56.14,57.00,57.00,533100
Sep 17 2014,57.29,57.48,56.11,56.22,56.22,595000
Sep 16 2014,57.36,57.85,56.62,57.16,57.16,527500
Sep 15 2014,57.68,57.95,57.11,57.25,57.25,467900
Sep 12 2014,58.67,58.77,57.17,57.57,57.57,659000
Sep 11 2014,56.44,58.89,56.44,58.67,58.67,962900
Sep 10 2014,55.82,56.87,55.39,56.50,56.50,614300
Sep 09 2014,56.12,56.29,55.36,55.54,55.54,537400
Sep 08 2014,56.09,56.25,55.88,55.96,55.96,496100
Sep 05 2014,55.97,56.12,55.35,55.69,55.69,511900
Sep 04 2014,56.00,56.62,55.71,56.27,56.27,853500
Sep 03 2014,55.94,56.48,55.88,55.98,55.98,774300
Sep 02 2014,56.32,56.36,55.76,55.88,55.88,367900
Aug 29 2014,56.60,56.73,55.85,56.12,56.12,348000
Aug 28 2014,56.68,57.00,56.27,56.36,56.36,206900
Aug 27 2014,56.00,56.89,55.93,56.76,56.76,321400
Aug 26 2014,55.72,56.09,55.19,55.85,55.85,361000
Aug 25 2014,55.90,56.08,55.26,55.49,55.49,446900
Aug 22 2014,56.31,56.49,55.67,55.74,55.74,253600
Aug 21 2014,56.08,56.39,55.85,56.34,56.34,310000
Aug 20 2014,55.99,56.36,55.77,56.05,56.05,310200
Aug 19 2014,56.65,56.86,55.64,56.13,56.13,728700
Aug 18 2014,57.32,57.65,56.76,57.08,57.08,463500
Aug 15 2014,57.17,57.17,56.53,57.02,57.02,323600
Aug 14 2014,56.86,57.24,56.60,57.17,57.17,332200
Aug 13 2014,56.13,56.50,55.85,56.39,56.39,263900
Aug 12 2014,55.89,56.31,55.30,56.10,56.10,435600
Aug 11 2014,55.85,56.51,55.75,55.94,55.94,337800
Aug 08 2014,55.87,56.04,55.20,55.85,55.85,385700
Aug 07 2014,55.46,55.83,54.99,55.76,55.76,529500
Aug 06 2014,55.24,55.50,54.82,55.06,55.06,367600
Aug 05 2014,55.10,55.61,54.79,55.53,55.53,397400
Aug 04 2014,55.23,55.41,54.66,55.41,55.41,518600
Aug 01 2014,55.52,56.31,54.87,55.04,55.04,543000
Jul 31 2014,54.85,55.24,53.42,54.93,54.93,1113400
Jul 30 2014,56.28,57.33,55.43,56.82,56.82,1027000
Jul 29 2014,54.86,56.36,54.43,55.94,55.94,619600
Jul 28 2014,54.77,55.27,54.44,54.80,54.80,336100
Jul 25 2014,54.75,55.26,54.45,54.99,54.99,199300
Jul 24 2014,55.00,55.16,54.56,54.84,54.84,305000
Jul 23 2014,54.96,55.30,54.88,55.00,55.00,304700
Jul 22 2014,55.34,55.65,54.45,54.97,54.97,363100
Jul 21 2014,55.13,55.43,54.71,55.27,55.27,301100
Jul 18 2014,54.68,55.28,54.65,55.21,55.21,246500
Jul 17 2014,54.77,55.13,54.38,54.48,54.48,256400
Jul 16 2014,55.40,55.40,54.72,54.90,54.90,403700
Jul 15 2014,55.19,55.54,55.04,55.10,55.10,515300
Jul 14 2014,55.40,55.40,54.71,55.02,55.02,536600
Jul 11 2014,55.41,55.65,55.15,55.39,55.39,379200
Jul 10 2014,54.63,55.68,54.18,55.55,55.55,433700
Jul 09 2014,54.97,55.17,54.85,55.05,55.05,615700
Jul 08 2014,55.04,55.04,54.30,54.92,54.92,645700
Jul 07 2014,54.47,55.47,54.44,55.30,55.30,902200
Jul 03 2014,54.40,55.00,53.49,54.96,54.96,1152200
Jul 02 2014,53.63,54.45,53.19,54.42,54.42,679900
Jul 01 2014,53.30,53.84,53.03,53.56,53.56,487600
Jun 30 2014,52.02,53.50,51.92,53.29,53.29,512900
Jun 27 2014,52.25,52.46,51.55,51.92,51.92,1900900
Jun 26 2014,52.58,52.58,51.82,52.28,52.28,475900
Jun 25 2014,52.66,52.98,52.33,52.69,52.69,557500
Jun 24 2014,52.70,53.28,52.42,52.88,52.88,618000
Jun 23 2014,53.24,53.55,52.82,52.95,52.95,382700
Jun 20 2014,52.85,53.53,52.77,53.33,53.33,537100
Jun 19 2014,51.42,52.98,51.08,52.93,52.93,684900
Jun 18 2014,51.31,51.44,51.02,51.25,51.25,378100
Jun 17 2014,51.00,51.77,50.80,51.25,51.25,681600
Jun 16 2014,51.50,51.98,51.00,51.05,51.05,653200
Jun 13 2014,52.09,52.09,51.50,51.61,51.61,308300
Jun 12 2014,52.28,52.46,51.87,52.14,52.14,243900
Jun 11 2014,52.50,52.65,52.30,52.34,52.34,260100
Jun 10 2014,52.68,52.93,52.47,52.67,52.67,345100
Jun 09 2014,52.93,53.22,52.88,52.98,52.98,452900
Jun 06 2014,53.00,53.08,52.42,52.99,52.99,462500
Jun 05 2014,52.90,53.00,52.46,52.81,52.81,535100
Jun 04 2014,51.24,52.80,51.03,52.63,52.63,1229600
Jun 03 2014,51.00,51.85,50.88,51.44,51.44,452500
Jun 02 2014,50.90,51.34,50.55,51.10,51.10,380400
May 30 2014,51.13,51.75,50.06,50.98,50.98,2637600
May 29 2014,51.05,51.20,50.53,50.87,50.87,493200
May 28 2014,51.19,51.50,50.85,50.87,50.87,597400
May 27 2014,51.22,51.60,51.16,51.26,51.26,459800
May 23 2014,50.71,51.24,50.66,51.24,51.24,300800
May 22 2014,50.41,51.06,49.99,50.89,50.89,418700
May 21 2014,50.48,51.07,50.13,50.64,50.64,669000
May 20 2014,49.71,50.43,49.62,50.40,50.40,915100
May 19 2014,49.50,50.21,49.24,49.81,49.81,631200
May 16 2014,49.01,49.74,48.93,49.60,49.60,777900
May 15 2014,47.91,49.25,47.91,49.22,49.22,882300
May 14 2014,47.49,48.25,47.27,47.76,47.76,574600
May 13 2014,47.94,47.94,47.02,47.50,47.50,496500
May 12 2014,47.73,48.04,47.49,47.87,47.87,729400
May 09 2014,46.90,47.87,46.66,47.54,47.54,520500
May 08 2014,47.24,47.75,46.80,46.99,46.99,497100
May 07 2014,46.63,47.40,46.27,47.35,47.35,644000
May 06 2014,46.94,47.40,46.65,46.75,46.75,596100
May 05 2014,47.24,47.41,46.86,46.99,46.99,616000
May 02 2014,49.17,49.78,47.03,47.32,47.32,1399500
May 01 2014,49.99,49.99,48.32,48.76,48.76,1786300
Apr 30 2014,47.62,47.93,46.27,47.13,47.13,1390700
Apr 29 2014,47.50,47.68,46.95,47.58,47.58,866700
Apr 28 2014,49.51,49.92,46.42,47.52,47.52,1326800
Apr 25 2014,49.90,50.05,49.30,49.39,49.39,397300
Apr 24 2014,49.92,50.35,49.01,49.94,49.94,382100
Apr 23 2014,49.92,50.24,49.16,49.47,49.47,430500
Apr 22 2014,50.75,50.75,49.90,49.95,49.95,745400
Apr 21 2014,50.37,50.75,50.25,50.68,50.68,542800
Apr 17 2014,50.63,50.74,50.17,50.22,50.22,236400
Apr 16 2014,50.88,51.21,50.57,50.60,50.60,384600
Apr 15 2014,50.80,51.07,49.69,50.67,50.67,526500
Apr 14 2014,50.84,51.20,50.12,50.55,50.55,544300
Apr 11 2014,51.00,51.00,50.06,50.28,50.28,666900
Apr 10 2014,51.34,51.87,51.34,51.40,51.40,927100
Apr 09 2014,51.07,51.56,51.00,51.34,51.34,800900
Apr 08 2014,49.57,51.15,49.49,51.05,51.05,592900
Apr 07 2014,49.94,50.31,49.20,49.71,49.71,634600
Apr 04 2014,51.22,51.22,49.83,50.11,50.11,729200
Apr 03 2014,51.34,51.50,50.69,50.94,50.94,425900
Apr 02 2014,51.00,51.50,50.51,51.07,51.07,732100
Apr 01 2014,50.30,51.44,49.69,51.11,51.11,841800
Mar 31 2014,50.30,51.09,49.65,50.77,50.77,449500
Mar 28 2014,50.13,50.55,49.90,49.97,49.97,463400
Mar 27 2014,50.06,50.49,49.78,50.06,50.06,292200
Mar 26 2014,50.07,50.48,49.81,50.01,50.01,692500
Mar 25 2014,50.48,51.27,49.66,49.80,49.80,886800
Mar 24 2014,51.33,51.73,50.22,50.44,50.44,542700
Mar 21 2014,53.02,53.02,50.07,51.02,51.02,2305000
Mar 20 2014,52.41,53.17,52.35,52.92,52.92,1087700
Mar 19 2014,53.00,53.67,52.45,52.72,52.72,738300
Mar 18 2014,52.55,53.33,52.48,52.96,52.96,824700
Mar 17 2014,52.21,52.68,52.20,52.45,52.45,1349200
Mar 14 2014,51.07,52.27,51.00,52.17,52.17,1911000
Mar 13 2014,51.59,52.00,50.41,51.24,51.24,12618800
Mar 12 2014,52.10,54.08,51.78,52.82,52.82,1528900
Mar 11 2014,54.18,54.30,52.76,52.81,52.81,926900
Mar 10 2014,53.94,54.36,53.11,54.30,54.30,723500
Mar 07 2014,54.58,54.77,53.97,54.11,54.11,290000
Mar 06 2014,54.52,55.00,53.82,54.48,54.48,556500
Mar 05 2014,54.32,54.78,53.70,54.12,54.12,535500
Mar 04 2014,53.09,54.40,53.09,54.06,54.06,314100
Mar 03 2014,53.60,53.60,52.07,52.87,52.87,477700
Feb 28 2014,53.51,54.57,53.35,54.15,54.15,398900
Feb 27 2014,53.29,54.41,53.08,53.50,53.50,345100
Feb 26 2014,53.40,53.65,52.90,53.62,53.62,260800
Feb 25 2014,53.52,53.75,52.70,53.26,53.26,266700
Feb 24 2014,54.00,54.00,53.00,53.63,53.63,414500
Feb 21 2014,54.79,54.86,53.87,53.93,53.93,572400
Feb 20 2014,54.48,54.95,53.96,54.54,54.54,750000
Feb 19 2014,53.68,55.00,53.28,54.94,54.94,742700
Feb 18 2014,53.00,54.31,52.85,53.77,53.77,743100
Feb 14 2014,52.20,53.17,51.86,53.15,53.15,1273800
Feb 13 2014,50.00,52.24,49.85,52.20,52.20,1732600
Feb 12 2014,49.05,49.58,48.89,49.44,49.44,431500
Feb 11 2014,48.73,49.29,48.15,49.15,49.15,375000
Feb 10 2014,48.10,48.95,47.98,48.61,48.61,356900
Feb 07 2014,49.10,49.41,47.87,48.23,48.23,468700
Feb 06 2014,48.74,49.51,48.29,49.00,49.00,864900
Feb 05 2014,46.58,48.39,46.34,48.37,48.37,607000
Feb 04 2014,46.77,47.08,46.38,46.61,46.61,226300
Feb 03 2014,47.22,47.66,45.85,46.43,46.43,455300
Jan 31 2014,47.23,47.70,46.83,47.63,47.63,228000
Jan 30 2014,46.79,47.96,46.50,47.70,47.70,321800
Jan 29 2014,47.07,47.35,46.23,46.43,46.43,277300
Jan 28 2014,46.80,47.82,46.44,47.30,47.30,361400
Jan 27 2014,46.30,46.79,45.25,46.54,46.54,437100
Jan 24 2014,47.45,47.80,46.00,46.21,46.21,815100
Jan 23 2014,48.01,48.05,47.46,47.74,47.74,312100
Jan 22 2014,48.14,48.82,47.68,48.01,48.01,426200
Jan 21 2014,51.95,52.00,47.66,48.15,48.15,988300
Jan 17 2014,49.89,50.49,48.16,48.98,48.98,763900
Jan 16 2014,49.43,50.00,49.19,49.78,49.78,368900
Jan 15 2014,49.34,49.73,49.03,49.50,49.50,410500
Jan 14 2014,49.32,49.65,48.89,49.00,49.00,221200
Jan 13 2014,48.66,49.93,48.48,49.16,49.16,687800
Jan 10 2014,47.96,48.76,47.84,48.61,48.61,522300
Jan 09 2014,47.50,47.90,47.50,47.84,47.84,285400
Jan 08 2014,46.81,47.70,46.78,47.42,47.42,384000
Jan 07 2014,46.50,47.48,46.48,46.79,46.79,556800
Jan 06 2014,46.46,46.55,45.99,46.03,46.03,240900
Jan 03 2014,45.94,46.54,45.66,46.29,46.29,261400
Jan 02 2014,46.11,46.59,45.64,45.80,45.80,274600
Dec 31 2013,46.58,46.58,45.96,46.34,46.34,215600
Dec 30 2013,46.40,46.69,46.00,46.45,46.45,167700
Dec 27 2013,46.47,46.58,46.09,46.40,46.40,130600
Dec 26 2013,46.51,46.75,46.11,46.48,46.48,272500
Dec 24 2013,46.36,46.70,45.94,46.40,46.40,154200
Dec 23 2013,45.92,46.55,45.82,46.20,46.20,398700
Dec 20 2013,44.68,46.28,43.82,45.42,45.42,1581600
Dec 19 2013,45.35,45.80,45.03,45.16,45.16,441400
Dec 18 2013,45.35,45.74,44.76,45.68,45.68,781400
Dec 17 2013,45.38,45.55,44.74,45.22,45.22,714600
Dec 16 2013,44.97,45.60,44.36,45.15,45.15,600800
Dec 13 2013,45.00,45.26,44.35,44.97,44.97,579100
Dec 12 2013,43.64,45.24,43.64,45.07,45.07,1052600
Dec 11 2013,44.15,44.27,43.47,43.77,43.77,727000
Dec 10 2013,43.23,44.52,43.23,43.73,43.73,1564200
Dec 09 2013,42.10,42.97,42.02,42.74,42.74,428400
Dec 06 2013,41.96,42.18,41.64,42.03,42.03,381800
Dec 05 2013,41.89,42.06,41.43,41.87,41.87,419900
Dec 04 2013,42.30,42.31,41.79,41.94,41.94,420100
Dec 03 2013,42.47,42.75,42.30,42.35,42.35,480000
Dec 02 2013,43.30,43.39,42.63,42.79,42.79,397300
Nov 29 2013,43.24,43.50,43.04,43.19,43.19,101300
Nov 27 2013,43.11,43.48,42.76,42.99,42.99,266700
Nov 26 2013,42.80,43.36,42.75,43.00,43.00,423100
Nov 25 2013,43.00,43.40,42.69,42.70,42.70,446200
Nov 22 2013,43.19,43.45,42.95,43.11,43.11,359800
Nov 21 2013,42.75,43.26,42.20,43.25,43.25,896300
Nov 20 2013,42.51,43.23,42.50,42.88,42.88,926400
Nov 19 2013,42.96,43.24,42.66,42.86,42.86,682900
Nov 18 2013,43.64,43.64,42.69,43.31,43.31,1040500
Nov 15 2013,44.00,44.21,43.85,43.98,43.98,320100
Nov 14 2013,44.30,44.30,43.77,43.97,43.97,354400
Nov 13 2013,43.93,44.42,43.55,44.37,44.37,261000
Nov 12 2013,44.00,44.38,43.20,44.14,44.14,361700
Nov 11 2013,44.10,44.42,43.62,43.98,43.98,253700
Nov 08 2013,43.95,44.24,43.53,44.09,44.09,338700
Nov 07 2013,44.01,44.19,43.80,44.05,44.05,482100
Nov 06 2013,44.08,44.27,43.59,44.00,44.00,307300
Nov 05 2013,44.14,44.35,43.65,44.09,44.09,325600
Nov 04 2013,43.69,44.30,43.68,44.20,44.20,336100
Nov 01 2013,42.75,44.18,42.47,43.43,43.43,1490100
Oct 31 2013,43.75,44.21,40.10,41.99,41.99,1466600
Oct 30 2013,43.72,44.01,42.77,43.38,43.38,654000
Oct 29 2013,43.89,44.11,43.62,43.77,43.77,187000
Oct 28 2013,44.39,44.55,43.89,43.90,43.90,184400
Oct 25 2013,44.52,44.52,43.99,44.31,44.31,175900
Oct 24 2013,43.76,44.55,43.76,44.55,44.55,273600
Oct 23 2013,44.04,44.04,43.54,43.81,43.81,81500
Oct 22 2013,43.99,44.14,43.58,44.11,44.11,288600
Oct 21 2013,43.85,43.99,43.60,43.98,43.98,248000
Oct 18 2013,43.66,43.95,43.52,43.93,43.93,181500
Oct 17 2013,42.92,43.90,42.90,43.53,43.53,264300
Oct 16 2013,42.07,43.25,42.07,43.12,43.12,310400
Oct 15 2013,42.05,42.70,41.82,41.99,41.99,153100
Oct 14 2013,42.09,42.35,41.72,42.02,42.02,396800
Oct 11 2013,42.43,42.62,42.00,42.23,42.23,312900
Oct 10 2013,42.69,42.82,42.13,42.57,42.57,234600
Oct 09 2013,42.39,43.18,41.95,42.22,42.22,508900
Oct 08 2013,42.53,42.84,41.10,41.58,41.58,1117700
Oct 07 2013,43.74,44.13,42.50,42.55,42.55,499300
Oct 04 2013,43.09,44.17,42.97,43.98,43.98,330200
Oct 03 2013,43.97,44.07,43.06,43.25,43.25,257300
Oct 02 2013,44.40,44.79,43.93,44.04,44.04,318000
Oct 01 2013,44.81,45.50,44.26,44.67,44.67,543600
Sep 30 2013,44.57,45.11,44.01,44.88,44.88,203900
Sep 27 2013,44.91,45.07,44.45,44.93,44.93,276400
Sep 26 2013,44.66,45.31,44.61,45.10,45.10,230500
Sep 25 2013,44.81,45.09,44.50,44.69,44.69,174400
Sep 24 2013,45.00,45.20,44.65,44.76,44.76,505000
Sep 23 2013,44.73,45.00,43.32,44.86,44.86,456400
Sep 20 2013,43.94,44.86,43.87,44.72,44.72,669900
Sep 19 2013,45.01,45.01,43.85,44.00,44.00,483100
Sep 18 2013,44.80,45.53,44.17,45.09,45.09,214700
Sep 17 2013,44.94,45.74,44.34,44.77,44.77,284500
Sep 16 2013,44.54,44.80,43.97,44.45,44.45,224400
Sep 13 2013,44.44,44.57,43.81,44.37,44.37,167000
Sep 12 2013,43.81,45.14,43.52,44.47,44.47,506500
Sep 11 2013,43.77,44.64,43.01,43.73,43.73,444200
Sep 10 2013,43.15,43.80,42.87,43.77,43.77,421700
Sep 09 2013,42.82,43.31,42.71,43.15,43.15,249700
Sep 06 2013,43.14,43.49,42.70,42.82,42.82,194100
Sep 05 2013,43.21,43.39,43.00,43.19,43.19,62700
Sep 04 2013,43.05,43.66,42.77,43.23,43.23,339100
Sep 03 2013,43.48,43.60,42.95,43.10,43.10,193400
Aug 30 2013,43.89,43.89,42.79,43.26,43.26,205000
Aug 29 2013,44.00,44.22,43.61,43.90,43.90,170400
Aug 28 2013,43.05,44.25,43.05,43.98,43.98,216000
Aug 27 2013,43.22,43.46,42.78,43.12,43.12,226000
Aug 26 2013,43.55,43.87,43.35,43.43,43.43,156200
Aug 23 2013,43.66,43.80,43.50,43.53,43.53,116000
Aug 22 2013,44.00,44.21,43.66,43.66,43.66,120800
Aug 21 2013,44.21,44.21,43.68,44.00,44.00,193400
Aug 20 2013,44.42,44.45,43.57,44.29,44.29,322700
Aug 19 2013,44.60,45.00,44.14,44.32,44.32,314300
Aug 16 2013,44.70,44.70,44.01,44.16,44.16,236400
Aug 15 2013,45.00,45.09,44.60,44.75,44.75,177600
Aug 14 2013,45.25,45.45,45.03,45.30,45.30,250600
Aug 13 2013,45.52,45.65,45.10,45.38,45.38,217800
Aug 12 2013,45.44,45.72,45.20,45.58,45.58,231400
Aug 09 2013,45.31,45.65,44.87,45.64,45.64,119700
Aug 08 2013,45.63,45.75,45.14,45.38,45.38,171800
Aug 07 2013,45.90,45.90,44.37,45.54,45.54,292100
Aug 06 2013,45.09,46.00,45.04,45.95,45.95,368500
Aug 05 2013,44.87,45.42,44.40,45.33,45.33,323800
Aug 02 2013,46.49,46.92,45.16,45.22,45.22,498200
Aug 01 2013,46.71,47.50,45.50,46.29,46.29,1155000
Jul 31 2013,43.44,45.48,43.15,44.85,44.85,733500
Jul 30 2013,43.41,43.45,43.00,43.39,43.39,250400
Jul 29 2013,43.01,43.72,43.01,43.47,43.47,37000
Jul 26 2013,43.23,43.62,43.16,43.27,43.27,222700
Jul 25 2013,43.39,43.75,43.22,43.48,43.48,217400
Jul 24 2013,44.30,44.30,43.21,43.52,43.52,187200
Jul 23 2013,44.50,44.60,43.75,44.32,44.32,244800
Jul 22 2013,44.00,44.59,43.59,44.57,44.57,129300
Jul 19 2013,43.91,44.24,43.22,44.07,44.07,135200
Jul 18 2013,43.88,44.10,43.67,44.04,44.04,93700
Jul 17 2013,43.66,44.34,43.02,43.83,43.83,540300
Jul 16 2013,43.65,43.90,42.82,43.74,43.74,381900
Jul 15 2013,43.60,43.85,43.20,43.65,43.65,215400
Jul 12 2013,43.19,43.56,43.01,43.50,43.50,211500
Jul 11 2013,43.71,43.84,43.04,43.27,43.27,337400
Jul 10 2013,43.90,44.16,43.28,43.61,43.61,131300
Jul 09 2013,44.08,44.32,43.35,43.69,43.69,115000
Jul 08 2013,43.06,44.25,42.91,43.93,43.93,233700
Jul 05 2013,43.98,44.00,42.95,43.24,43.24,197500
Jul 03 2013,42.99,43.83,42.25,43.62,43.62,493900
Jul 02 2013,43.01,43.50,42.50,43.06,43.06,256100
Jul 01 2013,42.56,43.26,42.28,42.95,42.95,355000
Jun 28 2013,42.29,42.96,42.26,42.56,42.56,1400900
Jun 27 2013,42.17,42.71,41.50,42.33,42.33,675800
Jun 26 2013,43.24,43.29,42.02,42.02,42.02,753300
Jun 25 2013,43.54,43.74,42.64,43.00,43.00,214700
Jun 24 2013,43.57,43.85,42.31,43.32,43.32,347900
Jun 21 2013,43.41,44.28,42.59,44.19,44.19,655700
Jun 20 2013,43.31,43.73,42.50,43.34,43.34,322800
Jun 19 2013,43.66,44.19,43.01,43.79,43.79,343100
Jun 18 2013,44.00,44.25,43.65,43.89,43.89,534600
Jun 17 2013,43.30,43.62,42.55,43.53,43.53,472100
Jun 14 2013,43.00,43.20,42.79,43.09,43.09,265300
Jun 13 2013,42.85,43.09,42.53,42.90,42.90,500100
Jun 12 2013,43.75,44.04,42.89,43.00,43.00,531500
Jun 11 2013,43.21,44.90,43.03,43.95,43.95,329900
Jun 10 2013,43.03,43.64,42.96,43.64,43.64,808400
Jun 07 2013,43.41,43.76,42.72,42.97,42.97,471600
Jun 06 2013,42.71,43.26,42.68,43.23,43.23,531100
Jun 05 2013,43.00,43.19,42.71,42.85,42.85,967700
Jun 04 2013,44.48,44.70,43.06,43.19,43.19,576800
Jun 03 2013,44.02,44.58,43.80,44.58,44.58,394000
May 31 2013,44.12,44.45,44.04,44.04,44.04,155000
May 30 2013,44.50,44.50,44.01,44.25,44.25,298500
May 29 2013,45.43,45.65,44.13,44.47,44.47,311100
May 28 2013,45.73,45.81,44.05,45.43,45.43,719500
May 24 2013,44.97,45.10,44.84,45.03,45.03,387200
May 23 2013,44.03,45.15,44.01,45.00,45.00,881600
May 22 2013,45.14,45.38,44.11,44.65,44.65,913200
May 21 2013,45.00,45.30,44.41,45.05,45.05,668900
May 20 2013,45.45,45.73,45.26,45.38,45.38,535800
May 17 2013,46.13,46.21,45.35,45.52,45.52,920100
May 16 2013,46.28,46.50,45.60,45.85,45.85,1244600
May 15 2013,45.20,45.74,44.85,45.50,45.50,2380500
May 14 2013,44.24,44.75,43.90,44.43,44.43,2049800
May 13 2013,42.30,43.37,42.30,43.32,43.32,1053100
May 10 2013,42.26,42.97,41.78,42.39,42.39,2969700

