Jan 04 2019,37.65,39.29,37.33,38.96,38.96,4319600
Jan 03 2019,38.97,39.02,37.02,37.12,37.12,3017600
Jan 02 2019,37.70,39.75,36.97,38.97,38.97,1109700
Dec 28 2018,37.96,38.12,37.01,37.18,37.18,2116300
Dec 27 2018,37.30,37.93,36.51,37.87,37.87,2812400
Dec 26 2018,36.21,37.83,35.93,37.76,37.76,3411600
Dec 24 2018,36.70,36.92,35.68,36.03,36.03,1277000
Dec 21 2018,37.44,38.12,36.39,36.41,36.41,4547100
Dec 20 2018,37.62,38.23,36.88,37.09,37.09,2931100
Dec 19 2018,38.11,38.77,37.58,37.92,37.92,4343100
Dec 18 2018,38.36,38.89,37.71,37.98,37.98,4047000
Dec 17 2018,37.47,39.13,36.97,38.10,38.10,5280900
Dec 14 2018,37.29,38.46,36.72,37.94,37.94,4476600
Dec 13 2018,38.94,39.21,37.45,37.49,37.49,3992500
Dec 12 2018,38.90,39.42,38.19,38.83,38.83,5087700
Dec 11 2018,40.40,40.61,38.10,38.45,38.45,5285000
Dec 10 2018,40.50,41.24,38.88,39.63,39.63,3770500
Dec 07 2018,42.82,43.12,40.40,40.48,40.48,3599200
Dec 06 2018,41.98,43.16,41.48,42.92,42.92,3023100
Dec 04 2018,44.97,45.05,42.04,42.43,42.43,5733500
Dec 03 2018,44.62,45.58,44.55,45.05,45.05,3054800
Nov 30 2018,43.75,44.75,43.15,43.75,43.75,4882100
Nov 29 2018,44.65,44.86,43.77,43.80,43.80,2247400
Nov 28 2018,44.12,44.97,43.55,44.96,44.96,2225400
Nov 27 2018,45.10,45.15,43.48,44.21,44.21,2898100
Nov 26 2018,45.07,45.46,44.58,45.35,45.35,2622000
Nov 23 2018,45.19,45.55,44.63,44.88,44.88,1452200
Nov 21 2018,44.50,45.53,44.42,45.30,45.30,3045800
Nov 20 2018,43.77,44.90,43.05,44.23,44.23,3017900
Nov 19 2018,45.70,45.89,44.42,44.60,44.60,3222500
Nov 16 2018,46.54,46.71,45.13,45.89,45.89,3625200
Nov 15 2018,47.30,47.50,46.40,47.23,47.23,3033700
Nov 14 2018,48.96,50.10,47.47,48.05,48.05,4542400
Nov 13 2018,48.39,49.57,48.20,48.22,48.22,3526500
Nov 12 2018,48.20,49.37,47.62,47.75,47.75,4040000
Nov 09 2018,48.82,49.59,47.69,47.78,47.78,5413700
Nov 08 2018,49.11,50.54,48.22,50.09,50.09,5149500
Nov 07 2018,48.89,50.24,47.47,49.05,49.05,14698600
Nov 06 2018,58.00,58.27,56.42,57.45,57.45,4170000
Nov 05 2018,58.63,58.85,57.40,58.30,58.30,2455400
Nov 02 2018,60.16,60.38,57.50,58.29,58.29,4051700
Nov 01 2018,55.20,57.65,55.20,57.38,57.38,3343200
Oct 31 2018,55.70,57.25,55.35,55.41,55.41,3949100
Oct 30 2018,55.47,56.25,53.66,54.65,54.65,3270700
Oct 29 2018,56.69,57.58,54.23,55.05,55.05,4299700
Oct 26 2018,56.09,56.94,54.72,55.65,55.65,2878600
Oct 25 2018,56.49,57.42,56.44,56.90,56.90,1858600
Oct 24 2018,58.18,58.92,56.28,56.30,56.30,2159500
Oct 23 2018,57.25,58.28,55.92,57.90,57.90,2776300
Oct 22 2018,58.07,58.76,57.50,58.23,58.23,2789300
Oct 19 2018,60.23,60.96,58.00,58.06,58.06,2745000
Oct 18 2018,62.29,62.65,60.10,60.22,60.22,2855600
Oct 17 2018,63.87,64.14,61.72,62.38,62.38,1875700
Oct 16 2018,62.92,64.18,62.37,64.05,64.05,1831600
Oct 15 2018,63.36,63.76,62.43,62.46,62.46,1859200
Oct 12 2018,63.10,64.45,62.85,63.61,63.61,1980200
Oct 11 2018,62.27,63.63,61.42,61.96,61.96,2859500
Oct 10 2018,65.56,65.91,62.18,62.27,62.27,2923700
Oct 09 2018,67.61,68.65,67.02,67.04,67.04,2062300
Oct 08 2018,66.93,68.29,66.75,68.02,68.02,1666600
Oct 05 2018,66.60,67.28,66.22,66.87,66.87,1754400
Oct 04 2018,66.91,67.60,66.47,66.60,66.60,2176100
Oct 03 2018,67.81,68.34,66.11,68.08,68.08,2455300
Oct 02 2018,68.15,68.44,65.93,66.10,66.10,2005000
Oct 01 2018,68.84,69.06,68.03,68.36,68.36,1782800
Sep 28 2018,69.34,70.44,68.47,68.56,68.56,2345300
Sep 27 2018,68.15,70.15,67.50,69.46,69.46,2683200
Sep 26 2018,68.02,68.65,66.70,68.02,68.02,2324600
Sep 25 2018,67.32,68.43,66.17,68.01,68.01,5205600
Sep 24 2018,72.13,72.15,65.82,66.71,66.71,6516100
Sep 21 2018,72.93,73.63,72.38,72.69,72.69,1996600
Sep 20 2018,73.12,73.80,72.22,72.72,72.72,1366000
Sep 19 2018,73.00,73.47,72.21,73.05,73.05,1097900
Sep 18 2018,73.75,74.17,73.00,73.16,73.16,1511900
Sep 17 2018,73.45,73.65,72.52,73.36,73.36,1614600
Sep 14 2018,73.04,73.19,72.07,73.05,73.05,1110400
Sep 13 2018,73.44,74.04,72.13,72.60,72.60,1503800
Sep 12 2018,74.13,74.59,72.86,73.05,73.05,1550900
Sep 11 2018,73.59,74.13,72.93,73.95,73.95,1559600
Sep 10 2018,72.63,73.56,72.52,73.36,73.36,1329500
Sep 07 2018,72.50,73.60,71.77,72.36,72.36,1395000
Sep 06 2018,73.93,75.25,72.78,72.81,72.81,1741600
Sep 05 2018,72.27,73.36,71.56,73.24,73.24,2470600
Sep 04 2018,72.58,72.83,71.57,72.06,72.06,2139000
Aug 31 2018,71.98,73.34,71.66,72.62,72.62,1755000
Aug 30 2018,73.57,73.90,71.86,72.12,72.12,1360800
Aug 29 2018,73.61,73.91,72.15,73.71,73.71,1423600
Aug 28 2018,74.41,74.61,73.20,73.84,73.84,1594500
Aug 27 2018,75.32,75.40,73.99,74.43,74.43,1329200
Aug 24 2018,74.24,74.89,73.76,74.81,74.81,1062100
Aug 23 2018,74.20,74.71,73.78,74.24,74.24,972300
Aug 22 2018,75.41,75.96,74.10,74.20,74.20,1403000
Aug 21 2018,74.96,75.94,74.71,75.41,75.41,1563900
Aug 20 2018,73.34,75.27,73.00,74.95,74.95,2204500
Aug 17 2018,72.18,73.31,71.64,72.98,72.98,2038500
Aug 16 2018,71.33,72.17,70.78,71.94,71.94,1384300
Aug 15 2018,72.61,72.75,70.82,71.32,71.32,1973100
Aug 14 2018,71.75,74.07,71.25,73.29,73.29,2863300
Aug 13 2018,72.66,72.90,71.33,71.41,71.41,2022300
Aug 10 2018,71.76,73.25,71.12,72.67,72.67,3192400
Aug 09 2018,70.50,73.18,70.31,72.34,72.34,4254500
Aug 08 2018,68.04,70.99,67.75,70.01,70.01,8147600
Aug 07 2018,65.00,66.04,64.22,65.60,65.60,3396300
Aug 06 2018,65.00,65.36,63.56,64.62,64.62,3135400
Aug 03 2018,65.10,65.30,63.96,64.24,64.24,2546200
Aug 02 2018,65.26,65.49,63.84,64.66,64.66,2596500
Aug 01 2018,66.37,67.05,65.49,65.76,65.76,2047600
Jul 31 2018,66.39,66.89,65.42,66.73,66.73,1727200
Jul 30 2018,66.86,66.97,65.90,66.17,66.17,1193600
Jul 27 2018,68.20,68.70,66.23,66.71,66.71,1153900
Jul 26 2018,68.36,69.35,67.90,68.34,68.34,1098500
Jul 25 2018,67.12,68.32,66.47,68.31,68.31,1374800
Jul 24 2018,68.04,69.82,67.08,67.28,67.28,2818800
Jul 23 2018,67.99,68.30,67.39,67.63,67.63,951400
Jul 20 2018,68.04,68.70,67.50,67.63,67.63,1284800
Jul 19 2018,67.26,68.08,66.88,67.95,67.95,1808800
Jul 18 2018,67.71,67.81,65.73,67.07,67.07,2205100
Jul 17 2018,67.04,68.10,66.76,67.67,67.67,2580100
Jul 16 2018,66.48,67.27,66.46,67.17,67.17,1434000
Jul 13 2018,66.45,67.25,66.05,66.55,66.55,1888300
Jul 12 2018,67.33,67.34,66.15,66.44,66.44,1818500
Jul 11 2018,65.58,66.75,63.79,66.50,66.50,4209100
Jul 10 2018,67.66,67.86,66.85,67.31,67.31,1809900
Jul 09 2018,68.50,68.50,66.59,67.39,67.39,2545000
Jul 06 2018,66.02,67.21,65.65,66.97,66.97,2041600
Jul 05 2018,66.24,66.67,65.17,65.97,65.97,1681500
Jul 03 2018,66.65,67.14,65.75,65.88,65.88,1102100
Jul 02 2018,66.36,66.60,65.38,66.49,66.49,2015900
Jun 29 2018,67.87,68.08,66.57,66.60,66.60,1994400
Jun 28 2018,66.43,67.30,66.23,66.96,66.96,1578800
Jun 27 2018,68.50,68.78,66.67,66.80,66.80,1916700
Jun 26 2018,67.56,68.58,66.77,68.00,68.00,2127800
Jun 25 2018,68.05,68.08,66.01,66.71,66.71,2788800
Jun 22 2018,67.50,67.50,66.53,66.63,66.63,2487800
Jun 21 2018,67.24,68.60,67.13,67.27,67.27,1760000
Jun 20 2018,67.08,68.16,66.36,67.99,67.99,1820700
Jun 19 2018,67.53,68.01,66.52,67.02,67.02,3130300
Jun 18 2018,67.07,68.75,66.50,68.60,68.60,2430300
Jun 15 2018,65.31,67.68,65.20,67.52,67.52,2575100
Jun 14 2018,66.80,66.99,65.53,65.85,65.85,2748800
Jun 13 2018,68.03,68.40,66.56,66.82,66.82,3219300
Jun 12 2018,66.83,69.02,66.26,68.13,68.13,4593400
Jun 11 2018,64.60,66.59,64.45,66.35,66.35,2358100
Jun 08 2018,63.24,64.86,62.79,64.65,64.65,2584400
Jun 07 2018,63.61,64.58,63.13,63.43,63.43,2862000
Jun 06 2018,63.42,63.95,62.22,63.45,63.45,3908100
Jun 05 2018,60.40,63.91,59.65,63.53,63.53,5546700
Jun 04 2018,59.70,60.76,58.63,60.56,60.56,4284400
Jun 01 2018,57.60,60.25,57.10,59.84,59.84,7312700
May 31 2018,60.26,60.58,57.29,57.39,57.39,9393400
May 30 2018,61.95,63.29,58.89,60.41,60.41,18263300
May 29 2018,67.65,69.12,67.25,68.22,68.22,3685700
May 25 2018,68.37,69.25,68.34,68.64,68.64,3248800
May 24 2018,67.37,68.97,66.98,68.37,68.37,2755400
May 23 2018,65.52,67.54,65.05,67.32,67.32,2004100
May 22 2018,67.25,67.56,66.08,66.16,66.16,1821000
May 21 2018,66.54,67.29,65.79,67.08,67.08,1707200
May 18 2018,66.50,66.57,65.41,66.16,66.16,1834800
May 17 2018,65.82,67.49,65.82,66.71,66.71,2036300
May 16 2018,65.03,66.37,64.69,65.79,65.79,2291000
May 15 2018,62.72,64.57,62.71,64.45,64.45,2003900
May 14 2018,63.62,63.85,62.97,63.19,63.19,1464800
May 11 2018,62.86,63.34,62.41,63.08,63.08,1648400
May 10 2018,62.36,63.03,62.06,62.90,62.90,1525300
May 09 2018,61.44,62.71,61.34,62.38,62.38,1832700
May 08 2018,61.62,62.18,60.99,61.39,61.39,2104100
May 07 2018,61.61,61.78,60.22,61.55,61.55,2413400
May 04 2018,61.38,61.95,60.78,61.56,61.56,2448100
May 03 2018,64.05,64.05,61.08,61.42,61.42,4158600
May 02 2018,66.24,66.40,65.22,65.47,65.47,2311600
May 01 2018,67.61,67.70,65.52,66.40,66.40,2740500
Apr 30 2018,69.76,70.00,68.42,68.42,68.42,1578100
Apr 27 2018,68.46,69.94,68.41,69.06,69.06,1527400
Apr 26 2018,67.07,68.89,66.80,68.48,68.48,1226600
Apr 25 2018,67.83,67.84,66.66,66.91,66.91,1670100
Apr 24 2018,68.26,68.67,67.19,67.69,67.69,2073000
Apr 23 2018,67.34,68.33,66.66,67.85,67.85,2819800
Apr 20 2018,65.58,66.18,64.80,65.01,65.01,1827000
Apr 19 2018,65.61,65.99,65.08,65.71,65.71,1218900
Apr 18 2018,66.99,67.33,65.32,65.54,65.54,1902500
Apr 17 2018,66.17,67.00,65.67,66.84,66.84,1561100
Apr 16 2018,65.66,65.85,65.02,65.50,65.50,1261300
Apr 13 2018,66.45,66.58,65.01,65.38,65.38,1157600
Apr 12 2018,65.17,66.42,65.03,66.08,66.08,1493500
Apr 11 2018,64.91,66.10,64.77,65.10,65.10,1309100
Apr 10 2018,64.76,65.44,64.62,65.23,65.23,1334200
Apr 09 2018,65.21,65.44,64.20,64.27,64.27,1874200
Apr 06 2018,65.71,66.23,64.17,64.86,64.86,2731500
Apr 05 2018,64.42,66.22,64.38,66.02,66.02,1694100
Apr 04 2018,62.11,64.39,61.82,64.31,64.31,1812100
Apr 03 2018,62.05,63.00,61.83,62.83,62.83,1765800
Apr 02 2018,61.84,62.47,60.58,61.94,61.94,2282100
Mar 29 2018,61.66,62.33,61.50,62.08,62.08,1780900
Mar 28 2018,61.77,62.53,60.71,61.21,61.21,2104500
Mar 27 2018,62.96,62.96,61.09,61.51,61.51,949200
Mar 26 2018,62.02,62.83,61.27,62.72,62.72,1048900
Mar 23 2018,62.27,62.27,61.00,61.15,61.15,1455100
Mar 22 2018,62.52,63.25,62.04,62.10,62.10,1153400
Mar 21 2018,62.87,64.54,62.48,63.26,63.26,1617200
Mar 20 2018,61.84,62.95,61.43,62.64,62.64,2033100
Mar 19 2018,61.56,62.99,61.29,61.75,61.75,1551400
Mar 16 2018,61.04,62.10,60.89,61.55,61.55,2558800
Mar 15 2018,61.36,61.58,60.80,60.84,60.84,1220500
Mar 14 2018,62.23,62.44,60.73,61.10,61.10,2122200
Mar 13 2018,61.94,62.90,61.79,62.28,62.28,1400500
Mar 12 2018,61.30,61.49,60.47,61.41,61.41,1532100
Mar 09 2018,60.99,61.73,60.79,61.40,61.40,1866000
Mar 08 2018,61.94,61.94,60.63,60.71,60.71,2124300
Mar 07 2018,61.42,61.84,60.81,61.67,61.67,2029900
Mar 06 2018,61.82,62.53,61.56,62.07,62.07,1381600
Mar 05 2018,61.44,62.23,60.91,61.91,61.91,2800600
Mar 02 2018,62.46,62.46,60.63,61.87,61.87,2544600
Mar 01 2018,62.88,63.68,62.02,63.24,63.24,2476200
Feb 28 2018,64.00,64.10,62.91,62.93,62.93,1630100
Feb 27 2018,65.21,65.69,63.59,63.62,63.62,1739400
Feb 26 2018,64.88,65.41,64.22,64.90,64.90,1409600
Feb 23 2018,64.19,64.81,63.73,64.72,64.72,1442400
Feb 22 2018,63.95,64.75,63.56,63.77,63.77,1252300
Feb 21 2018,63.75,65.26,63.60,63.61,63.61,1723000
Feb 20 2018,63.49,64.22,62.65,63.97,63.97,3731500
Feb 16 2018,64.40,64.45,63.26,63.90,63.90,3042800
Feb 15 2018,63.90,64.77,63.40,64.73,64.73,3445000
Feb 14 2018,62.27,63.48,61.82,63.38,63.38,3041100
Feb 13 2018,60.88,62.96,60.56,62.38,62.38,3333800
Feb 12 2018,60.13,61.54,59.40,60.89,60.89,3656900
Feb 09 2018,60.40,60.80,56.21,59.80,59.80,7366300
Feb 08 2018,65.84,66.19,59.98,60.03,60.03,5993700
Feb 07 2018,69.59,69.95,64.73,66.11,66.11,6724700
Feb 06 2018,63.00,66.07,62.00,65.44,65.44,5059600
Feb 05 2018,65.29,66.30,63.89,64.05,64.05,3274600
Feb 02 2018,65.46,66.59,64.84,65.27,65.27,2476000
Feb 01 2018,65.32,66.33,64.53,65.93,65.93,1847400
Jan 31 2018,66.92,67.14,65.27,66.00,66.00,2399000
Jan 30 2018,67.02,68.29,66.75,66.92,66.92,2523000
Jan 29 2018,67.68,68.19,67.01,67.20,67.20,1154300
Jan 26 2018,67.35,68.35,67.12,68.14,68.14,1103100
Jan 25 2018,67.74,67.96,66.87,67.04,67.04,960300
Jan 24 2018,67.50,68.31,66.43,67.27,67.27,1685600
Jan 23 2018,65.50,67.02,65.39,66.96,66.96,1134800
Jan 22 2018,65.77,66.55,65.43,65.70,65.70,1719900
Jan 19 2018,65.26,65.96,64.81,65.86,65.86,1654200
Jan 18 2018,64.78,65.06,64.29,65.01,65.01,1621900
Jan 17 2018,64.02,65.20,63.74,64.63,64.63,1852800
Jan 16 2018,65.01,65.37,63.63,63.84,63.84,1677500
Jan 12 2018,65.03,65.25,64.42,65.24,65.24,1201100
Jan 11 2018,63.92,64.90,63.65,64.44,64.44,1635100
Jan 10 2018,64.31,64.31,63.47,63.92,63.92,1063500
Jan 09 2018,64.72,64.77,63.79,63.82,63.82,1230300
Jan 08 2018,64.24,64.87,63.92,64.80,64.80,2297300
Jan 05 2018,64.05,64.33,63.73,63.92,63.92,1527500
Jan 04 2018,63.80,64.19,63.01,64.08,64.08,2071700
Jan 03 2018,64.10,64.36,63.69,63.80,63.80,1958500
Jan 02 2018,63.18,64.08,62.73,64.03,64.03,1639000
Dec 29 2017,63.70,63.85,62.93,62.95,62.95,1310900
Dec 28 2017,63.60,63.89,63.36,63.55,63.55,1015700
Dec 27 2017,64.00,64.13,63.36,63.59,63.59,817200
Dec 26 2017,63.77,64.30,63.56,63.98,63.98,1437300
Dec 22 2017,64.00,64.14,63.28,63.40,63.40,1019600
Dec 21 2017,63.75,64.25,63.60,64.03,64.03,1287700
Dec 20 2017,63.72,63.98,63.19,63.72,63.72,1487600
Dec 19 2017,63.30,63.53,62.73,63.36,63.36,1909700
Dec 18 2017,62.19,63.20,61.99,63.19,63.19,2407000
Dec 15 2017,61.80,62.05,61.56,61.65,61.65,2786600
Dec 14 2017,61.79,62.30,61.05,61.41,61.41,3401000
Dec 13 2017,60.96,61.36,60.80,61.10,61.10,1630900
Dec 12 2017,61.08,61.39,60.62,61.12,61.12,2303900
Dec 11 2017,61.55,61.75,60.62,61.04,61.04,2979400
Dec 08 2017,60.35,62.10,60.23,61.81,61.81,4034500
Dec 07 2017,60.05,60.51,59.70,59.95,59.95,2649900
Dec 06 2017,59.88,60.08,59.33,59.85,59.85,2430300
Dec 05 2017,59.49,60.30,58.94,59.81,59.81,3018300
Dec 04 2017,59.00,59.61,58.66,58.79,58.79,2556800
Dec 01 2017,58.71,58.97,57.78,57.98,57.98,2421200
Nov 30 2017,58.60,59.27,58.03,58.44,58.44,3496000
Nov 29 2017,57.87,58.81,57.78,58.65,58.65,2566700
Nov 28 2017,56.83,57.92,56.60,57.87,57.87,2803800
Nov 27 2017,57.00,57.37,56.45,56.61,56.61,1689300
Nov 24 2017,56.61,57.10,56.16,56.61,56.61,917100
Nov 22 2017,56.18,56.62,55.94,56.61,56.61,1468500
Nov 21 2017,56.45,56.69,55.91,56.33,56.33,1690800
Nov 20 2017,56.06,56.72,55.84,56.15,56.15,2367200
Nov 17 2017,56.04,56.43,55.57,56.29,56.29,1671400
Nov 16 2017,55.20,56.14,54.80,55.76,55.76,1920700
Nov 15 2017,54.66,55.39,54.14,55.18,55.18,2402600
Nov 14 2017,53.91,54.92,53.76,54.89,54.89,1649900
Nov 13 2017,54.77,54.81,53.97,54.09,54.09,2254200
Nov 10 2017,54.57,55.01,54.39,54.71,54.71,2617800
Nov 09 2017,53.73,54.90,53.50,54.53,54.53,3167800
Nov 08 2017,54.40,54.50,53.77,53.95,53.95,3066000
Nov 07 2017,54.89,55.25,53.37,54.64,54.64,3944000
Nov 06 2017,52.31,55.01,51.74,54.62,54.62,17198800
Nov 03 2017,47.93,48.27,47.49,47.62,47.62,3992100
Nov 02 2017,48.85,49.02,47.56,47.93,47.93,3201900
Nov 01 2017,49.31,49.40,48.22,48.48,48.48,2549800
Oct 31 2017,48.85,49.19,48.51,48.81,48.81,1825200
Oct 30 2017,48.88,49.28,48.48,48.80,48.80,2735100
Oct 27 2017,49.67,49.78,48.75,49.02,49.02,1121100
Oct 26 2017,49.81,50.03,49.54,49.76,49.76,1380800
Oct 25 2017,49.65,49.76,48.76,49.73,49.73,1567700
Oct 24 2017,49.73,49.82,49.33,49.80,49.80,1066100
Oct 23 2017,49.95,50.17,49.42,49.44,49.44,1307400
Oct 20 2017,49.20,49.97,49.02,49.95,49.95,2208800
Oct 19 2017,48.89,49.15,48.69,48.84,48.84,1302400
Oct 18 2017,49.21,49.98,48.86,49.13,49.13,2076700
Oct 17 2017,48.41,49.00,48.15,48.99,48.99,2171500
Oct 16 2017,47.67,48.72,47.67,48.62,48.62,2789700
Oct 13 2017,47.44,48.15,47.21,47.77,47.77,1993600
Oct 12 2017,47.03,47.67,46.80,47.65,47.65,2910800
Oct 11 2017,47.33,47.48,46.70,47.00,47.00,1957900
Oct 10 2017,47.30,47.68,47.16,47.56,47.56,1088600
Oct 09 2017,47.50,47.69,46.95,47.30,47.30,794300
Oct 06 2017,47.60,47.67,47.02,47.48,47.48,1388500
Oct 05 2017,47.53,47.76,47.30,47.61,47.61,1750600
Oct 04 2017,47.55,47.83,47.25,47.53,47.53,1043100
Oct 03 2017,48.20,48.27,47.36,47.60,47.60,1302700
Oct 02 2017,48.06,48.24,47.74,48.17,48.17,1339400
Sep 29 2017,48.03,48.08,47.70,47.85,47.85,1606100
Sep 28 2017,48.38,48.45,47.68,47.71,47.71,1853900
Sep 27 2017,47.79,48.59,47.36,48.55,48.55,2457000
Sep 26 2017,46.47,47.44,46.19,47.03,47.03,2126400
Sep 25 2017,46.07,46.67,45.77,45.87,45.87,1514200
Sep 22 2017,45.75,46.24,45.46,46.16,46.16,1397100
Sep 21 2017,46.10,46.27,45.52,45.92,45.92,1626900
Sep 20 2017,45.95,46.42,45.41,46.11,46.11,2088800
Sep 19 2017,46.52,47.24,45.74,46.18,46.18,3870000
Sep 18 2017,45.00,45.00,44.29,44.65,44.65,1984100
Sep 15 2017,44.34,44.93,43.58,44.92,44.92,4398200
Sep 14 2017,43.64,44.49,43.43,44.42,44.42,3617100
Sep 13 2017,42.60,42.99,42.55,42.92,42.92,1360200
Sep 12 2017,42.32,42.84,42.00,42.57,42.57,1386600
Sep 11 2017,42.32,42.97,42.29,42.69,42.69,1551800
Sep 08 2017,42.38,42.52,42.01,42.15,42.15,1267300
Sep 07 2017,42.90,42.96,42.23,42.37,42.37,1413000
Sep 06 2017,42.62,42.79,42.34,42.65,42.65,1573200
Sep 05 2017,42.52,42.82,41.81,42.45,42.45,2371100
Sep 01 2017,42.44,43.24,42.39,42.81,42.81,1629000
Aug 31 2017,42.05,42.61,42.05,42.22,42.22,1633000
Aug 30 2017,42.31,42.38,41.89,42.07,42.07,2239400
Aug 29 2017,42.05,42.48,41.77,42.32,42.32,1146700
Aug 28 2017,42.05,42.53,42.04,42.46,42.46,1153100
Aug 25 2017,41.98,42.67,41.98,42.29,42.29,1312800
Aug 24 2017,42.05,42.58,41.51,41.79,41.79,2085400
Aug 23 2017,41.82,42.13,41.47,41.66,41.66,1467700
Aug 22 2017,42.17,42.33,41.61,41.80,41.80,1713300
Aug 21 2017,42.14,42.54,41.84,41.95,41.95,2040300
Aug 18 2017,43.05,43.05,41.56,41.96,41.96,2815000
Aug 17 2017,43.90,44.17,43.32,43.35,43.35,2123200
Aug 16 2017,44.38,44.58,43.90,44.03,44.03,2101000
Aug 15 2017,44.52,44.85,43.98,44.03,44.03,2458100
Aug 14 2017,44.80,45.83,44.54,45.02,45.02,2873400
Aug 11 2017,44.90,45.77,44.58,44.69,44.69,2664100
Aug 10 2017,45.38,45.46,44.68,45.16,45.16,4407400
Aug 09 2017,44.98,46.26,44.76,45.78,45.78,5361200
Aug 08 2017,43.95,45.73,42.71,45.25,45.25,14431700
Aug 07 2017,36.90,37.64,36.76,37.23,37.23,3616100
Aug 04 2017,36.56,37.15,36.46,36.80,36.80,1979700
Aug 03 2017,36.20,36.71,35.73,36.45,36.45,2834100
Aug 02 2017,36.80,36.95,36.32,36.35,36.35,1593700
Aug 01 2017,36.45,36.94,36.33,36.76,36.76,2187900
Jul 31 2017,36.68,36.78,36.00,36.44,36.44,1914500
Jul 28 2017,36.14,36.72,36.01,36.55,36.55,1498700
Jul 27 2017,35.51,36.30,35.30,36.20,36.20,1823200
Jul 26 2017,35.18,35.86,34.65,35.50,35.50,2869500
Jul 25 2017,34.10,35.13,33.35,34.93,34.93,4688400
Jul 24 2017,35.06,35.22,34.63,34.91,34.91,1094500
Jul 21 2017,35.08,35.43,34.64,35.18,35.18,1266000
Jul 20 2017,34.87,35.14,34.72,35.02,35.02,839100
Jul 19 2017,34.23,34.74,34.17,34.73,34.73,961800
Jul 18 2017,34.42,34.44,34.07,34.20,34.20,1117100
Jul 17 2017,34.05,35.02,34.03,34.51,34.51,1698900
Jul 14 2017,33.59,34.11,33.53,34.03,34.03,1625200
Jul 13 2017,33.43,33.80,33.30,33.46,33.46,1578400
Jul 12 2017,33.24,33.83,33.22,33.29,33.29,2127600
Jul 11 2017,35.12,35.20,32.81,33.25,33.25,7040800
Jul 10 2017,35.80,36.03,35.40,35.89,35.89,1682700
Jul 07 2017,35.69,36.24,35.42,36.04,36.04,1250200
Jul 06 2017,36.34,36.35,35.46,35.49,35.49,1794800
Jul 05 2017,36.22,36.44,36.16,36.41,36.41,1890000
Jul 03 2017,36.23,36.68,36.02,36.25,36.25,1018600
Jun 30 2017,36.15,36.43,35.84,36.25,36.25,1794000
Jun 29 2017,36.10,36.16,35.56,35.70,35.70,1342300
Jun 28 2017,35.95,36.40,35.83,35.98,35.98,1474800
Jun 27 2017,35.61,35.89,35.45,35.75,35.75,1566400
Jun 26 2017,35.38,35.93,35.38,35.66,35.66,1227300
Jun 23 2017,34.97,35.51,34.70,35.34,35.34,4602800
Jun 22 2017,34.56,35.06,34.37,34.83,34.83,994300
Jun 21 2017,34.68,34.85,34.24,34.52,34.52,1137900
Jun 20 2017,35.02,35.02,34.17,34.54,34.54,1694900
Jun 19 2017,34.61,35.02,34.47,34.94,34.94,1574900
Jun 16 2017,34.55,34.61,33.83,34.60,34.60,3263800
Jun 15 2017,34.37,34.87,34.15,34.68,34.68,2331100
Jun 14 2017,34.85,34.90,34.11,34.56,34.56,1945500
Jun 13 2017,35.37,35.40,34.66,34.77,34.77,2357000
Jun 12 2017,35.70,36.41,35.32,35.40,35.40,2799100
Jun 09 2017,35.05,36.22,35.01,35.70,35.70,4844700
Jun 08 2017,34.21,35.20,34.21,35.09,35.09,5294500
Jun 07 2017,34.80,35.01,34.12,34.21,34.21,3185000
Jun 06 2017,34.34,35.28,34.23,34.62,34.62,4358400
Jun 05 2017,32.94,34.82,32.90,34.49,34.49,5491300
Jun 02 2017,33.08,33.32,32.80,33.05,33.05,3902900
Jun 01 2017,33.22,33.57,32.50,33.08,33.08,5213800
May 31 2017,33.16,33.85,32.38,33.18,33.18,15919500
May 30 2017,36.81,37.10,36.02,36.27,36.27,3656600
May 26 2017,36.50,36.79,35.80,36.76,36.76,1546900
May 25 2017,37.16,37.40,36.47,36.63,36.63,1772700
May 24 2017,36.70,36.91,36.41,36.75,36.75,1354600
May 23 2017,36.98,37.60,36.79,36.97,36.97,1766700
May 22 2017,36.42,37.07,36.42,36.87,36.87,1656400
May 19 2017,35.66,36.66,35.66,36.41,36.41,1922200
May 18 2017,35.92,36.29,35.38,35.45,35.45,2163700
May 17 2017,35.95,36.28,35.64,35.82,35.82,1769900
May 16 2017,36.40,36.42,35.62,35.95,35.95,2211000
May 15 2017,36.75,36.92,36.34,36.47,36.47,2313800
May 12 2017,36.95,37.13,36.41,36.74,36.74,2262000
May 11 2017,38.08,38.09,36.66,37.18,37.18,2420400
May 10 2017,38.35,38.67,37.53,38.23,38.23,2634100
May 09 2017,38.29,38.97,38.16,38.65,38.65,1332800
May 08 2017,38.31,38.54,38.14,38.24,38.24,1762900
May 05 2017,37.59,38.14,37.40,38.10,38.10,1833100
May 04 2017,37.36,37.59,37.02,37.51,37.51,984300
May 03 2017,37.85,38.14,37.01,37.18,37.18,1289000
May 02 2017,37.11,38.50,37.00,37.90,37.90,2134500
May 01 2017,37.43,37.45,36.61,36.72,36.72,1273800
Apr 28 2017,37.98,38.05,37.23,37.33,37.33,1388600
Apr 27 2017,38.09,38.30,37.63,38.01,38.01,1350000
Apr 26 2017,37.48,38.46,37.33,38.05,38.05,2153200
Apr 25 2017,36.82,37.65,36.81,37.47,37.47,3079900
Apr 24 2017,37.16,37.22,36.52,36.65,36.65,1754400
Apr 21 2017,37.56,37.56,36.58,36.76,36.76,1492500
Apr 20 2017,37.10,37.95,37.08,37.58,37.58,1917700
Apr 19 2017,36.81,37.13,36.38,36.87,36.87,1879100
Apr 18 2017,37.05,37.07,36.65,36.90,36.90,1623200
Apr 17 2017,37.61,37.65,37.04,37.32,37.32,1127100
Apr 13 2017,37.72,37.92,37.33,37.56,37.56,1246000
Apr 12 2017,37.88,37.95,37.57,37.78,37.78,1151500
Apr 11 2017,37.35,37.82,37.19,37.76,37.76,1139800
Apr 10 2017,37.70,37.91,36.96,37.29,37.29,1526800
Apr 07 2017,37.00,37.60,36.91,37.55,37.55,1818000
Apr 06 2017,36.98,37.58,36.91,37.07,37.07,1606400
Apr 05 2017,36.89,37.48,36.74,36.84,36.84,1668800
Apr 04 2017,37.65,37.82,36.61,36.82,36.82,2429700
Apr 03 2017,38.16,38.25,37.74,38.04,38.04,1439200
Mar 31 2017,38.24,38.35,38.05,38.11,38.11,1368900
Mar 30 2017,37.98,38.46,37.98,38.13,38.13,1684500
Mar 29 2017,38.14,38.59,38.05,38.28,38.28,1746800
Mar 28 2017,37.79,38.49,37.68,38.35,38.35,1739600
Mar 27 2017,37.30,38.17,37.27,37.80,37.80,1756900
Mar 24 2017,37.23,37.67,37.02,37.56,37.56,1163300
Mar 23 2017,36.97,37.61,36.94,37.23,37.23,1752500
Mar 22 2017,36.54,36.63,36.10,36.58,36.58,1482200
Mar 21 2017,37.40,37.55,36.36,36.74,36.74,2449600
Mar 20 2017,37.82,37.94,37.13,37.39,37.39,1596100
Mar 17 2017,37.72,37.99,37.39,37.83,37.83,2739100
Mar 16 2017,37.54,38.16,37.42,37.74,37.74,2648100
Mar 15 2017,37.17,37.83,37.03,37.61,37.61,2220100
Mar 14 2017,36.72,37.81,36.72,37.21,37.21,2615700
Mar 13 2017,36.93,37.29,36.80,36.92,36.92,2811300
Mar 10 2017,36.65,37.09,36.58,36.85,36.85,2959000
Mar 09 2017,36.50,36.65,36.03,36.46,36.46,3561800
Mar 08 2017,36.23,36.59,36.04,36.40,36.40,2521700
Mar 07 2017,36.39,36.58,35.91,36.02,36.02,2150400
Mar 06 2017,36.43,36.80,36.26,36.51,36.51,2032700
Mar 03 2017,37.25,37.44,36.17,36.41,36.41,1729700
Mar 02 2017,36.93,37.12,36.71,37.03,37.03,3022600
Mar 01 2017,36.87,37.06,36.44,36.90,36.90,7014200
Feb 28 2017,37.50,37.57,36.37,36.50,36.50,3577900
Feb 27 2017,37.45,37.99,37.35,37.60,37.60,4222200
Feb 24 2017,37.37,37.78,37.02,37.30,37.30,2638000
Feb 23 2017,38.16,38.44,37.21,37.28,37.28,3655400
Feb 22 2017,38.29,38.42,37.71,37.92,37.92,1939400
Feb 21 2017,38.30,39.64,38.05,38.31,38.31,2722800
Feb 17 2017,37.95,38.44,37.81,38.30,38.30,2465500
Feb 16 2017,38.60,39.22,37.80,38.21,38.21,2931600
Feb 15 2017,37.83,38.32,37.83,38.05,38.05,2624600
Feb 14 2017,37.64,38.30,37.63,38.10,38.10,3075700
Feb 13 2017,38.29,38.45,37.57,37.60,37.60,3587000
Feb 10 2017,38.48,38.91,37.96,38.38,38.38,3958600
Feb 09 2017,37.87,38.87,37.87,38.27,38.27,3734100
Feb 08 2017,36.76,38.66,36.42,37.87,37.87,9807600
Feb 07 2017,36.09,36.82,34.92,36.82,36.82,21509900
Feb 06 2017,41.05,41.36,40.75,41.28,41.28,2871300
Feb 03 2017,40.85,41.55,40.43,41.02,41.02,1724900
Feb 02 2017,41.12,41.56,40.88,40.89,40.89,2194500
Feb 01 2017,42.18,42.32,41.20,41.34,41.34,2425900
Jan 31 2017,41.55,42.82,41.21,42.81,42.81,2602200
Jan 30 2017,41.58,41.88,41.19,41.79,41.79,1242400
Jan 27 2017,42.12,42.31,41.40,41.53,41.53,1220500
Jan 26 2017,42.98,43.07,41.91,42.06,42.06,1899900
Jan 25 2017,43.68,43.73,42.77,42.80,42.80,1675700
Jan 24 2017,42.70,43.43,42.36,43.40,43.40,2413300
Jan 23 2017,42.21,42.96,42.01,42.56,42.56,1418800
Jan 20 2017,42.23,42.61,41.65,42.46,42.46,2378300
Jan 19 2017,43.15,43.47,42.02,42.03,42.03,1935200
Jan 18 2017,43.85,43.85,42.31,43.23,43.23,2159000
Jan 17 2017,42.33,44.25,42.26,43.56,43.56,2291800
Jan 13 2017,42.69,43.18,42.29,42.39,42.39,1359100
Jan 12 2017,42.67,43.20,42.51,42.65,42.65,1332900
Jan 11 2017,43.72,43.72,42.75,42.87,42.87,2088400
Jan 10 2017,42.04,43.88,42.04,43.38,43.38,2952300
Jan 09 2017,42.44,42.56,41.85,42.04,42.04,2137700
Jan 06 2017,42.18,42.76,42.12,42.47,42.47,2562300
Jan 05 2017,42.65,42.71,40.81,42.10,42.10,3695900
Jan 04 2017,43.20,43.93,43.20,43.50,43.50,2147500
Jan 03 2017,42.78,43.45,42.10,43.08,43.08,1929500
Dec 30 2016,42.78,43.20,42.67,42.98,42.98,1466700
Dec 29 2016,43.08,43.38,42.45,42.84,42.84,1232600
Dec 28 2016,43.06,43.33,41.95,43.14,43.14,2257400
Dec 27 2016,42.48,43.60,42.34,42.92,42.92,1204700
Dec 23 2016,42.81,43.56,42.59,42.84,42.84,1407700
Dec 22 2016,44.02,44.25,42.64,42.75,42.75,3058600
Dec 21 2016,44.37,44.40,43.55,44.21,44.21,1932200
Dec 20 2016,44.94,45.00,43.87,44.26,44.26,2391300
Dec 19 2016,45.22,45.83,44.64,44.85,44.85,2030400
Dec 16 2016,46.13,46.43,45.04,45.21,45.21,3792100
Dec 15 2016,47.30,47.36,45.51,46.01,46.01,2904400
Dec 14 2016,47.85,48.95,47.21,47.30,47.30,1769300
Dec 13 2016,47.93,48.44,47.55,47.88,47.88,1676600
Dec 12 2016,49.17,49.25,47.49,47.87,47.87,2493500
Dec 09 2016,50.80,51.42,49.19,49.36,49.36,1868800
Dec 08 2016,49.11,51.06,48.99,50.61,50.61,3639000
Dec 07 2016,48.06,48.94,47.84,48.91,48.91,2049100
Dec 06 2016,48.30,48.53,47.91,48.37,48.37,1987800
Dec 05 2016,46.55,48.50,46.31,48.47,48.47,3012100
Dec 02 2016,46.32,46.53,46.03,46.20,46.20,1951200
Dec 01 2016,46.50,47.20,45.80,46.23,46.23,2461500
Nov 30 2016,47.56,47.74,46.40,46.49,46.49,3114200
Nov 29 2016,48.29,48.66,47.67,47.71,47.71,1576400
Nov 28 2016,48.72,48.75,47.57,48.03,48.03,1978100
Nov 25 2016,48.93,49.94,48.68,48.91,48.91,1095300
Nov 23 2016,48.25,48.62,48.01,48.59,48.59,2047900
Nov 22 2016,48.25,49.56,48.00,48.27,48.27,3856800
Nov 21 2016,47.75,48.49,47.46,48.14,48.14,2356100
Nov 18 2016,48.43,48.46,47.50,47.57,47.57,2307800
Nov 17 2016,47.68,48.93,47.52,48.57,48.57,3418500
Nov 16 2016,46.97,47.85,46.76,47.51,47.51,2639100
Nov 15 2016,47.25,47.46,46.12,46.90,46.90,4176600
Nov 14 2016,49.43,50.20,47.01,47.16,47.16,6780600
Nov 11 2016,49.30,51.00,46.57,49.70,49.70,15547100
Nov 10 2016,51.06,52.33,50.76,51.76,51.76,4563300
Nov 09 2016,49.56,50.82,48.94,50.18,50.18,2959300
Nov 08 2016,50.26,51.04,49.95,50.32,50.32,2414200
Nov 07 2016,49.87,51.77,49.64,50.30,50.30,3857700
Nov 04 2016,48.28,49.99,48.25,49.09,49.09,2536000
Nov 03 2016,49.75,49.85,48.01,48.24,48.24,2972000
Nov 02 2016,49.99,51.18,49.57,49.73,49.73,2565100
Nov 01 2016,50.95,52.67,50.12,50.37,50.37,4172000
Oct 31 2016,50.23,51.28,50.01,50.78,50.78,3689500
Oct 28 2016,48.21,50.88,48.15,50.12,50.12,5556000
Oct 27 2016,48.77,49.04,47.97,48.17,48.17,1828600
Oct 26 2016,48.38,49.15,48.34,48.56,48.56,1429900
Oct 25 2016,48.21,48.89,48.21,48.55,48.55,1495900
Oct 24 2016,49.14,49.37,48.51,48.84,48.84,1396400
Oct 21 2016,49.01,49.03,48.11,48.95,48.95,2447000
Oct 20 2016,49.95,49.95,49.17,49.60,49.60,3019300
Oct 19 2016,47.74,50.33,47.48,50.10,50.10,6577600
Oct 18 2016,46.91,47.85,46.62,47.52,47.52,2492900
Oct 17 2016,46.92,47.36,46.52,46.55,46.55,1641700
Oct 14 2016,46.91,47.21,46.64,46.65,46.65,2435400
Oct 13 2016,46.32,46.79,45.18,46.63,46.63,3141200
Oct 12 2016,45.65,47.00,45.45,46.77,46.77,3131000
Oct 11 2016,46.44,46.77,45.47,45.65,45.65,3270500
Oct 10 2016,47.24,47.61,46.39,46.42,46.42,2205100
Oct 07 2016,47.70,47.78,46.86,46.96,46.96,2156200
Oct 06 2016,47.01,47.73,46.68,47.52,47.52,3054000
Oct 05 2016,47.38,47.44,47.00,47.01,47.01,1843400
Oct 04 2016,46.60,47.50,46.05,47.35,47.35,2467600
Oct 03 2016,46.61,46.88,46.10,46.44,46.44,1750800
Sep 30 2016,46.99,47.32,46.44,46.79,46.79,2874200
Sep 29 2016,47.98,48.29,46.87,46.87,46.87,1779300
Sep 28 2016,48.02,48.35,47.77,48.24,48.24,1895600
Sep 27 2016,47.97,48.22,47.61,48.17,48.17,1970000
Sep 26 2016,50.38,50.44,47.96,47.97,47.97,4017100
Sep 23 2016,50.07,51.06,50.07,50.51,50.51,1669200
Sep 22 2016,50.05,50.41,49.78,50.11,50.11,1562300
Sep 21 2016,49.22,49.88,48.88,49.84,49.84,1708900
Sep 20 2016,49.86,49.90,48.78,49.12,49.12,1760400
Sep 19 2016,48.07,49.94,47.97,49.62,49.62,3381000
Sep 16 2016,47.44,47.94,47.14,47.85,47.85,4192500
Sep 15 2016,47.09,47.76,46.85,47.68,47.68,1823800
Sep 14 2016,47.38,47.66,46.98,47.49,47.49,1837200
Sep 13 2016,48.09,48.24,47.01,47.50,47.50,1540500
Sep 12 2016,47.46,48.54,47.30,48.31,48.31,1692300
Sep 09 2016,49.00,49.00,47.73,47.73,47.73,2008700
Sep 08 2016,49.92,49.99,49.04,49.17,49.17,2316400
Sep 07 2016,48.87,50.00,48.68,49.92,49.92,2834100
Sep 06 2016,49.17,49.21,48.45,48.74,48.74,1778800
Sep 02 2016,49.48,50.36,49.16,49.21,49.21,2544100
Sep 01 2016,48.88,49.67,48.71,49.62,49.62,1771000
Aug 31 2016,49.14,49.72,48.46,48.95,48.95,2122600
Aug 30 2016,49.96,50.11,49.14,49.25,49.25,1675800
Aug 29 2016,49.59,50.58,49.59,50.21,50.21,1451100
Aug 26 2016,50.13,50.65,49.43,49.59,49.59,1948700
Aug 25 2016,50.11,50.87,49.78,50.26,50.26,2551000
Aug 24 2016,50.66,51.00,49.99,50.34,50.34,2282700
Aug 23 2016,50.33,50.96,50.23,50.78,50.78,2208500
Aug 22 2016,49.84,50.31,49.68,50.13,50.13,2032400
Aug 19 2016,49.21,50.32,48.98,50.08,50.08,2514400
Aug 18 2016,48.95,49.44,48.51,49.31,49.31,2873400
Aug 17 2016,49.77,49.94,48.68,48.80,48.80,3614900
Aug 16 2016,49.69,50.52,49.55,49.90,49.90,2102800
Aug 15 2016,49.00,50.34,48.79,49.96,49.96,3190900
Aug 12 2016,48.81,49.21,48.50,48.79,48.79,2481500
Aug 11 2016,49.22,49.84,48.48,49.13,49.13,4356200
Aug 10 2016,49.59,51.14,48.45,48.71,48.71,8333900
Aug 09 2016,49.97,50.55,49.51,50.11,50.11,5864200
Aug 08 2016,50.88,51.84,50.09,50.27,50.27,4161800
Aug 05 2016,49.89,50.73,49.81,50.41,50.41,2645000
Aug 04 2016,49.26,50.66,49.26,49.67,49.67,3211100
Aug 03 2016,47.64,49.29,46.50,49.02,49.02,5565000
Aug 02 2016,52.65,53.17,50.32,50.32,50.32,3304800
Aug 01 2016,51.80,53.29,51.52,52.90,52.90,3217900
Jul 29 2016,51.86,51.97,51.27,51.72,51.72,1628500
Jul 28 2016,52.23,52.36,51.78,52.06,52.06,1743300
Jul 27 2016,52.16,52.85,51.93,52.33,52.33,2904900
Jul 26 2016,51.68,52.97,51.56,52.16,52.16,2694100
Jul 25 2016,50.95,51.88,50.64,51.68,51.68,1824000
Jul 22 2016,51.22,51.60,50.45,51.44,51.44,1903100
Jul 21 2016,51.50,52.21,51.26,51.35,51.35,2001500
Jul 20 2016,51.16,51.67,50.89,51.59,51.59,1470300
Jul 19 2016,51.60,51.96,50.72,51.19,51.19,2120900
Jul 18 2016,51.64,52.70,51.48,52.00,52.00,1678100
Jul 15 2016,51.84,51.85,51.37,51.64,51.64,1226800
Jul 14 2016,51.91,51.98,51.49,51.57,51.57,1748200
Jul 13 2016,51.84,52.00,51.35,51.72,51.72,1631300
Jul 12 2016,51.54,52.11,51.41,51.91,51.91,2286900
Jul 11 2016,50.40,51.63,50.27,51.10,51.10,2990800
Jul 08 2016,49.69,50.33,49.48,50.23,50.23,2876800
Jul 07 2016,48.58,49.84,48.48,49.05,49.05,3622300
Jul 06 2016,49.00,49.02,48.00,48.54,48.54,4745700
Jul 05 2016,49.66,49.84,48.63,49.16,49.16,2755500
Jul 01 2016,49.53,50.26,49.16,50.08,50.08,1870100
Jun 30 2016,48.47,49.48,48.02,49.48,49.48,2675100
Jun 29 2016,48.01,48.90,47.78,48.42,48.42,2968600
Jun 28 2016,46.80,47.57,46.77,47.44,47.44,2575200
Jun 27 2016,47.14,47.19,45.26,46.19,46.19,3293400
Jun 24 2016,48.40,49.20,47.50,47.61,47.61,5684500
Jun 23 2016,51.37,51.58,50.58,50.82,50.82,3150500
Jun 22 2016,50.40,51.49,50.31,50.80,50.80,3417300
Jun 21 2016,50.33,50.74,49.89,50.66,50.66,2973100
Jun 20 2016,50.89,51.08,50.01,50.04,50.04,2350100
Jun 17 2016,49.10,50.09,48.85,49.97,49.97,2793100
Jun 16 2016,49.63,49.94,48.85,49.09,49.09,2786800
Jun 15 2016,49.73,50.92,49.69,49.88,49.88,2861800
Jun 14 2016,49.28,49.97,48.77,49.42,49.42,3996000
Jun 13 2016,49.65,50.16,49.50,49.67,49.67,4274000
Jun 10 2016,50.00,50.49,49.76,49.84,49.84,3804500
Jun 09 2016,50.33,50.87,49.80,50.74,50.74,4610400
Jun 08 2016,50.86,50.90,50.30,50.67,50.67,6388800
Jun 07 2016,49.17,50.97,49.16,50.85,50.85,6035200
Jun 06 2016,48.45,49.88,48.16,49.59,49.59,5458400
Jun 03 2016,46.88,49.02,46.88,48.45,48.45,7149700
Jun 02 2016,45.42,47.83,45.30,47.51,47.51,9374100
Jun 01 2016,42.72,46.00,42.72,45.55,45.55,16533400
May 31 2016,41.66,42.93,41.41,42.72,42.72,10067900
May 27 2016,41.94,42.08,41.55,41.79,41.79,2931800
May 26 2016,42.34,42.60,41.48,41.82,41.82,2992400
May 25 2016,41.06,41.89,40.99,41.80,41.80,2735500
May 24 2016,41.51,41.93,40.72,41.56,41.56,3967300
May 23 2016,41.87,42.74,41.49,41.51,41.51,3709800
May 20 2016,40.84,41.64,40.81,41.55,41.55,2747900
May 19 2016,40.66,41.46,40.36,40.70,40.70,3620700
May 18 2016,41.38,41.98,40.45,40.75,40.75,3144200
May 17 2016,41.43,42.35,40.74,41.63,41.63,4735400
May 16 2016,41.86,41.98,40.99,41.46,41.46,3053500
May 13 2016,43.07,43.10,40.81,41.91,41.91,9170500
May 12 2016,44.34,44.44,43.06,43.79,43.79,5586300
May 11 2016,46.23,46.67,43.54,44.01,44.01,15023300
May 10 2016,50.69,50.72,49.19,49.90,49.90,3615900
May 09 2016,50.56,51.38,50.39,50.68,50.68,2028000
May 06 2016,50.18,51.13,49.67,50.87,50.87,1987400
May 05 2016,51.08,51.34,50.11,50.18,50.18,2283600
May 04 2016,52.11,52.66,51.08,51.31,51.31,1649000
May 03 2016,52.12,52.56,51.44,52.43,52.43,2199700
May 02 2016,51.97,53.06,51.24,52.95,52.95,2499400
Apr 29 2016,52.78,52.87,50.90,51.66,51.66,3476400
Apr 28 2016,54.89,55.23,52.65,52.82,52.82,2374200
Apr 27 2016,54.30,55.37,54.00,55.12,55.12,3437100
Apr 26 2016,52.01,53.54,52.01,53.41,53.41,3497300
Apr 25 2016,51.75,52.58,51.50,51.84,51.84,2134000
Apr 22 2016,51.01,51.62,50.89,51.60,51.60,2537800
Apr 21 2016,52.34,52.58,51.59,51.64,51.64,1650000
Apr 20 2016,51.34,52.32,50.84,51.98,51.98,3473600
Apr 19 2016,52.71,52.71,51.83,51.98,51.98,3942500
Apr 18 2016,52.17,52.95,52.14,52.64,52.64,1577400
Apr 15 2016,51.68,52.44,51.48,52.29,52.29,1932700
Apr 14 2016,53.07,53.36,51.59,51.80,51.80,2076800
Apr 13 2016,51.93,53.48,51.34,53.15,53.15,3532700
Apr 12 2016,51.38,51.95,50.79,51.62,51.62,2534300
Apr 11 2016,51.30,52.74,50.41,51.38,51.38,4051400
Apr 08 2016,54.03,54.20,51.11,51.19,51.19,4622400
Apr 07 2016,55.66,55.95,53.46,53.74,53.74,4208000
Apr 06 2016,55.97,56.60,55.55,56.32,56.32,2051800
Apr 05 2016,56.22,56.71,55.82,55.90,55.90,2496600
Apr 04 2016,57.39,58.63,56.28,56.35,56.35,3126300
Apr 01 2016,56.82,57.06,56.04,56.97,56.97,2560700
Mar 31 2016,56.87,57.54,56.84,56.96,56.96,1913300
Mar 30 2016,56.90,57.19,56.41,56.87,56.87,1517400
Mar 29 2016,56.14,56.40,55.70,56.37,56.37,1657700
Mar 28 2016,55.74,56.66,55.48,56.27,56.27,1604400
Mar 24 2016,55.81,55.82,55.05,55.53,55.53,1994700
Mar 23 2016,56.04,56.55,55.38,55.93,55.93,2118500
Mar 22 2016,56.59,56.75,55.37,56.04,56.04,1844800
Mar 21 2016,56.77,57.48,56.65,56.92,56.92,1425600
Mar 18 2016,57.17,57.54,56.22,56.97,56.97,3001900
Mar 17 2016,56.08,57.09,56.07,56.79,56.79,2531800
Mar 16 2016,57.00,57.15,55.20,56.06,56.06,3596100
Mar 15 2016,58.23,58.46,56.66,57.29,57.29,2411300
Mar 14 2016,58.52,59.49,58.47,58.54,58.54,2527400
Mar 11 2016,58.01,58.60,57.66,58.50,58.50,2292900
Mar 10 2016,58.19,58.32,56.53,57.37,57.37,3203900
Mar 09 2016,57.27,58.50,56.73,58.14,58.14,2958000
Mar 08 2016,57.08,57.61,56.34,56.75,56.75,2495200
Mar 07 2016,57.14,57.70,56.77,57.43,57.43,2025800
Mar 04 2016,57.52,57.86,56.87,57.16,57.16,2319300
Mar 03 2016,57.75,57.76,56.71,57.19,57.19,3173800
Mar 02 2016,57.35,57.87,56.62,57.84,57.84,2747500
Mar 01 2016,56.99,57.74,56.76,57.29,57.29,3561600
Feb 29 2016,56.75,57.39,56.33,56.65,56.65,4128100
Feb 26 2016,56.52,57.24,55.43,56.58,56.58,3848700
Feb 25 2016,55.22,56.66,55.02,56.47,56.47,3720500
Feb 24 2016,54.20,55.83,54.12,55.44,55.44,3494900
Feb 23 2016,54.56,55.77,54.15,54.77,54.77,3194100
Feb 22 2016,53.01,55.00,52.74,54.82,54.82,4846800
Feb 19 2016,52.78,53.28,51.91,52.73,52.73,2634100
Feb 18 2016,52.54,53.93,52.07,53.24,53.24,4886500
Feb 17 2016,51.78,52.54,51.55,52.49,52.49,4794300
Feb 16 2016,50.05,51.60,49.25,50.76,50.76,3907900
Feb 12 2016,49.57,50.00,48.13,49.57,49.57,4215900
Feb 11 2016,49.72,50.44,48.60,49.14,49.14,4514600
Feb 10 2016,51.00,51.64,49.54,50.16,50.16,3698800
Feb 09 2016,48.32,50.87,48.32,50.23,50.23,4644400
Feb 08 2016,51.46,52.07,49.34,50.20,50.20,5430800
Feb 05 2016,51.38,52.47,50.73,51.84,51.84,5742800
Feb 04 2016,51.10,52.15,50.70,51.72,51.72,6371000
Feb 03 2016,49.84,52.63,49.24,51.72,51.72,11641300
Feb 02 2016,47.11,51.05,46.44,50.11,50.11,28552000
Feb 01 2016,39.93,40.78,39.62,40.44,40.44,4852200
Jan 29 2016,38.89,40.00,38.69,39.90,39.90,3346000
Jan 28 2016,38.70,39.05,37.79,38.73,38.73,2444700
Jan 27 2016,37.57,39.08,37.33,38.03,38.03,2905300
Jan 26 2016,37.07,38.11,36.73,37.79,37.79,2547000
Jan 25 2016,38.12,38.37,36.57,36.73,36.73,3301500
Jan 22 2016,38.06,38.78,37.89,38.41,38.41,2044100
Jan 21 2016,37.00,38.36,36.43,37.51,37.51,3488000
Jan 20 2016,35.00,36.89,34.83,36.49,36.49,3342800
Jan 19 2016,36.15,36.37,35.33,35.76,35.76,2950800
Jan 15 2016,35.05,36.03,34.91,35.57,35.57,3917900
Jan 14 2016,36.26,36.62,35.02,36.11,36.11,2767100
Jan 13 2016,37.67,38.12,36.06,36.15,36.15,3060500
Jan 12 2016,37.71,37.99,36.81,37.52,37.52,1876200
Jan 11 2016,37.58,38.22,36.59,37.14,37.14,3573900
Jan 08 2016,39.13,39.35,37.73,37.79,37.79,3952800
Jan 07 2016,39.02,40.28,38.73,38.96,38.96,2808300
Jan 06 2016,39.98,40.86,39.29,39.76,39.76,3718400
Jan 05 2016,40.50,40.79,39.40,40.72,40.72,2374100
Jan 04 2016,39.39,40.51,39.23,40.37,40.37,2546800
Dec 30 2015,41.00,41.40,40.10,40.22,40.22,1865900
Dec 29 2015,40.89,41.21,40.74,41.01,41.01,1440000
Dec 28 2015,40.64,41.33,40.12,40.63,40.63,1989500
Dec 24 2015,41.53,41.57,40.83,40.86,40.86,823000
Dec 23 2015,41.45,41.73,40.70,41.63,41.63,2242600
Dec 22 2015,40.43,41.07,39.87,40.82,40.82,2251700
Dec 21 2015,39.85,40.46,39.64,40.33,40.33,2139800
Dec 18 2015,39.48,40.25,39.09,39.70,39.70,5723900
Dec 17 2015,40.86,41.05,38.97,39.43,39.43,3267400
Dec 16 2015,40.72,41.32,40.46,40.94,40.94,2814100
Dec 15 2015,40.50,41.05,39.92,40.48,40.48,2434300
Dec 14 2015,40.41,40.87,39.50,40.15,40.15,2697900
Dec 11 2015,41.67,41.81,40.19,40.39,40.39,3095000
Dec 10 2015,41.90,42.66,41.61,42.22,42.22,2089400
Dec 09 2015,41.74,43.17,41.53,41.94,41.94,2768200
Dec 08 2015,42.44,42.73,41.72,42.00,42.00,3195800
Dec 07 2015,42.12,42.94,41.15,42.87,42.87,2594900
Dec 04 2015,42.67,42.77,41.86,42.34,42.34,2541200
Dec 03 2015,43.06,43.52,42.07,42.70,42.70,4170800
Dec 02 2015,42.85,43.87,42.67,43.03,43.03,2925000
Dec 01 2015,43.10,43.48,42.58,42.89,42.89,3303200
Nov 30 2015,42.52,43.21,42.16,43.02,43.02,3669100
Nov 27 2015,43.06,43.78,42.49,42.52,42.52,2076700
Nov 25 2015,43.00,43.58,42.47,42.90,42.90,2974400
Nov 24 2015,41.90,43.24,41.84,42.80,42.80,3191000
Nov 23 2015,41.05,42.55,41.01,42.22,42.22,3115800
Nov 20 2015,41.19,41.99,40.93,41.13,41.13,2319700
Nov 19 2015,40.95,41.43,40.56,40.88,40.88,1923500
Nov 18 2015,39.38,41.02,39.35,40.85,40.85,2606300
Nov 17 2015,39.53,39.86,38.69,39.32,39.32,2639100
Nov 16 2015,38.89,39.81,38.47,39.67,39.67,2748200
Nov 13 2015,40.90,40.90,38.96,39.00,39.00,5405500
Nov 12 2015,41.01,42.16,40.84,41.64,41.64,2541700
Nov 11 2015,42.99,42.99,41.24,41.31,41.31,3462200
Nov 10 2015,42.39,43.17,42.05,43.10,43.10,2301200
Nov 09 2015,43.53,44.19,42.38,42.84,42.84,3715500
Nov 06 2015,43.13,43.93,42.97,43.48,43.48,3772400
Nov 05 2015,43.11,43.93,42.90,43.49,43.49,5268300
Nov 04 2015,39.99,44.80,39.55,42.57,42.57,20734400
Nov 03 2015,38.89,39.69,38.53,39.32,39.32,5849700
Nov 02 2015,38.92,39.09,37.90,38.96,38.96,4367200
Oct 30 2015,38.98,39.00,38.02,38.64,38.64,4779600
Oct 29 2015,38.76,38.79,37.91,38.69,38.69,4856900
Oct 28 2015,39.38,39.48,38.18,38.54,38.54,4032500
Oct 27 2015,39.43,39.80,38.58,38.68,38.68,2856000
Oct 26 2015,38.60,39.25,38.50,38.76,38.76,4303200
Oct 23 2015,39.89,39.89,38.34,38.53,38.53,5992900
Oct 22 2015,40.26,40.34,39.33,39.46,39.46,3840000
Oct 21 2015,40.34,40.40,39.54,39.60,39.60,3356300
Oct 20 2015,39.88,40.51,39.69,39.90,39.90,3001700
Oct 19 2015,40.16,40.33,39.09,39.77,39.77,4489800
Oct 16 2015,41.87,41.87,39.90,40.28,40.28,5328600
Oct 15 2015,42.04,42.04,40.69,41.75,41.75,2064500
Oct 14 2015,41.75,42.18,41.33,41.76,41.76,1427900
Oct 13 2015,41.71,42.19,40.81,41.55,41.55,1692700
Oct 12 2015,42.97,43.00,41.57,41.92,41.92,1712200
Oct 09 2015,42.90,43.24,41.95,42.59,42.59,2128800
Oct 08 2015,42.27,43.68,42.22,43.51,43.51,2057500
Oct 07 2015,43.33,43.84,42.13,42.72,42.72,2752500
Oct 06 2015,43.96,44.38,43.30,43.37,43.37,2014600
Oct 05 2015,43.74,44.29,43.14,43.89,43.89,1705000
Oct 02 2015,41.17,43.56,40.74,43.53,43.53,2550200
Oct 01 2015,42.21,42.61,41.00,41.66,41.66,2146000
Sep 30 2015,41.16,42.29,40.93,42.24,42.24,2534000
Sep 29 2015,40.52,41.28,40.12,40.70,40.70,2401000
Sep 28 2015,42.24,42.37,40.42,40.55,40.55,2445200
Sep 25 2015,43.18,43.28,42.15,42.40,42.40,1730000
Sep 24 2015,42.00,42.87,41.62,42.72,42.72,2131000
Sep 23 2015,43.08,43.24,42.02,42.18,42.18,2038400
Sep 22 2015,42.87,43.34,42.58,43.07,43.07,1733900
Sep 21 2015,43.45,44.22,43.11,43.57,43.57,1745300
Sep 18 2015,43.46,43.99,42.87,43.11,43.11,4549900
Sep 17 2015,43.95,45.15,43.74,44.35,44.35,2033900
Sep 16 2015,43.46,45.34,43.46,45.12,45.12,2789500
Sep 15 2015,43.04,44.07,43.01,43.86,43.86,2025200
Sep 14 2015,44.05,44.12,42.91,43.15,43.15,2020300
Sep 11 2015,43.49,44.15,43.20,44.15,44.15,2022900
Sep 10 2015,43.64,44.13,43.35,43.69,43.69,1771000
Sep 09 2015,44.94,45.43,43.83,43.92,43.92,2326000
Sep 08 2015,44.83,45.28,44.15,44.50,44.50,2796500
Sep 04 2015,43.80,44.18,43.32,43.94,43.94,3165900
Sep 03 2015,44.49,45.23,44.32,44.92,44.92,2897100
Sep 02 2015,43.31,44.51,43.07,44.51,44.51,3162800
Sep 01 2015,42.79,43.41,42.30,42.79,42.79,3167700
Aug 31 2015,43.17,44.12,42.69,43.46,43.46,2742100
Aug 28 2015,43.00,43.85,42.86,43.17,43.17,2826800
Aug 27 2015,41.56,43.44,41.39,43.28,43.28,6045900
Aug 26 2015,40.01,41.30,39.57,41.07,41.07,4517100
Aug 25 2015,39.54,40.93,38.75,39.39,39.39,5353300
Aug 24 2015,36.75,39.74,36.63,38.06,38.06,7017000
Aug 21 2015,41.69,41.87,40.07,40.08,40.08,5474100
Aug 20 2015,42.86,43.16,42.15,42.16,42.16,3580500
Aug 19 2015,42.81,43.50,42.09,43.18,43.18,3675700
Aug 18 2015,43.10,43.47,41.97,42.88,42.88,3757000
Aug 17 2015,43.06,43.70,42.60,43.52,43.52,2884200
Aug 14 2015,43.65,44.00,43.31,43.37,43.37,3600900
Aug 13 2015,44.34,44.44,43.57,43.61,43.61,3791000
Aug 12 2015,44.99,44.99,43.44,44.44,44.44,5259600
Aug 11 2015,44.68,45.82,44.50,45.37,45.37,4830000
Aug 10 2015,44.12,45.47,44.02,45.29,45.29,4127600
Aug 07 2015,43.51,44.38,43.35,43.84,43.84,5817500
Aug 06 2015,42.38,44.59,41.70,43.77,43.77,13993900
Aug 05 2015,39.07,40.18,39.04,39.49,39.49,4936400
Aug 04 2015,38.82,39.36,38.16,38.54,38.54,4766800
Aug 03 2015,41.40,41.43,38.39,38.71,38.71,7099500
Jul 31 2015,41.49,42.19,41.22,41.99,41.99,4240400
Jul 30 2015,40.12,42.28,40.00,42.12,42.12,7944500
Jul 29 2015,39.25,40.18,38.94,40.11,40.11,2975200
Jul 28 2015,39.18,39.61,38.88,39.42,39.42,2261300
Jul 27 2015,39.12,39.77,38.80,39.07,39.07,2617100
Jul 24 2015,39.98,40.02,38.88,39.33,39.33,2989600
Jul 23 2015,40.08,40.40,39.68,39.81,39.81,3539200
Jul 22 2015,40.69,40.96,39.98,40.13,40.13,2752500
Jul 21 2015,40.10,40.88,40.04,40.58,40.58,4604400
Jul 20 2015,40.91,41.03,39.90,39.92,39.92,3863800
Jul 17 2015,41.40,41.62,40.23,40.52,40.52,5233500
Jul 16 2015,42.30,42.30,41.09,41.25,41.25,5932200
Jul 15 2015,43.22,43.46,42.76,42.95,42.95,2704800
Jul 14 2015,43.91,44.09,42.95,43.48,43.48,3639100
Jul 13 2015,42.87,44.17,42.86,44.06,44.06,4316300
Jul 10 2015,42.39,42.79,42.00,42.49,42.49,2717000
Jul 09 2015,42.16,42.67,41.92,41.99,41.99,3215900
Jul 08 2015,42.13,42.41,41.65,41.68,41.68,2847400
Jul 07 2015,41.84,42.47,41.16,42.42,42.42,3751400
Jul 06 2015,42.68,42.68,41.56,41.83,41.83,4526100
Jul 02 2015,43.14,43.54,42.81,43.07,43.07,2869100
Jul 01 2015,42.63,43.49,42.51,43.11,43.11,4408300
Jun 30 2015,43.60,43.60,41.52,42.09,42.09,10919900
Jun 29 2015,44.30,44.59,43.32,43.37,43.37,6007900
Jun 26 2015,45.33,45.54,44.83,44.91,44.91,4356200
Jun 25 2015,46.51,46.51,45.23,45.37,45.37,4415400
Jun 24 2015,46.81,47.42,46.06,46.20,46.20,3537500
Jun 23 2015,47.44,47.92,46.54,46.80,46.80,4353700
Jun 22 2015,46.84,47.51,46.49,47.34,47.34,3548000
Jun 19 2015,46.27,46.92,46.23,46.60,46.60,6135200
Jun 18 2015,46.70,46.93,46.10,46.17,46.17,3107800
Jun 17 2015,46.60,46.90,46.06,46.43,46.43,3823300
Jun 16 2015,47.08,47.34,46.42,46.51,46.51,3982300
Jun 15 2015,47.85,47.91,46.83,47.10,47.10,3760500
Jun 12 2015,47.60,48.36,47.38,48.23,48.23,3010500
Jun 11 2015,48.32,48.73,47.19,47.84,47.84,5426600
Jun 10 2015,48.72,49.17,48.16,48.21,48.21,5365200
Jun 09 2015,48.01,48.81,48.01,48.57,48.57,4232000
Jun 08 2015,48.84,49.25,48.01,48.15,48.15,6658700
Jun 05 2015,49.23,49.71,48.73,48.87,48.87,5229800
Jun 04 2015,48.10,49.31,48.01,49.28,49.28,6495000
Jun 03 2015,48.92,49.07,48.40,48.58,48.58,6439100
Jun 02 2015,47.92,48.98,47.75,48.60,48.60,10189300
Jun 01 2015,46.98,47.87,46.52,47.74,47.74,12083000
May 29 2015,46.00,46.69,45.53,46.50,46.50,12540000
May 28 2015,45.61,46.95,45.57,45.78,45.78,21680900
May 27 2015,60.59,60.59,45.88,45.93,45.93,69237400
May 26 2015,61.50,61.55,59.80,60.59,60.59,5868900
May 22 2015,61.66,61.95,61.13,61.63,61.63,3375900
May 21 2015,60.57,61.51,60.23,61.33,61.33,3837900
May 20 2015,60.90,60.93,59.88,60.45,60.45,2959400
May 19 2015,61.10,61.35,60.37,60.72,60.72,2802300
May 18 2015,61.26,61.98,60.93,61.16,61.16,2264200
May 15 2015,61.15,61.16,60.62,61.02,61.02,1883500
May 14 2015,61.07,61.41,60.24,61.08,61.08,2442200
May 13 2015,61.64,62.15,60.77,61.10,61.10,2832600
May 12 2015,62.50,62.82,61.82,62.15,62.15,2065200
May 11 2015,62.43,63.24,62.43,62.82,62.82,1403200
May 08 2015,62.83,63.31,62.28,62.51,62.51,1374700
May 07 2015,62.39,62.64,62.01,62.42,62.42,1908200
May 06 2015,62.18,62.58,62.00,62.35,62.35,2853500
May 05 2015,62.56,62.95,62.37,62.57,62.57,1839700
May 04 2015,62.55,62.97,62.26,62.64,62.64,1917700
May 01 2015,62.11,62.66,61.64,62.55,62.55,2409500
Apr 30 2015,62.25,62.46,61.43,61.86,61.86,2483600
Apr 29 2015,62.39,62.60,61.43,62.50,62.50,2650100
Apr 28 2015,62.00,63.30,61.92,62.68,62.68,2477900
Apr 27 2015,63.49,63.95,62.84,63.02,63.02,2517000
Apr 24 2015,63.56,63.98,63.14,63.48,63.48,1903700
Apr 23 2015,62.51,63.96,62.30,63.34,63.34,3548600
Apr 22 2015,62.23,62.50,61.50,62.31,62.31,2611900
Apr 21 2015,62.30,62.90,61.88,62.22,62.22,4485000
Apr 20 2015,62.46,62.63,61.23,62.16,62.16,5432500
Apr 17 2015,63.44,63.75,62.94,63.25,63.25,3466300
Apr 16 2015,63.48,63.83,63.37,63.72,63.72,2601300
Apr 15 2015,63.34,63.82,62.65,63.76,63.76,3364000
Apr 14 2015,64.06,64.26,62.85,62.94,62.94,3823700
Apr 13 2015,64.36,64.98,64.09,64.12,64.12,2284600
Apr 10 2015,65.18,65.70,64.30,64.60,64.60,2581300
Apr 09 2015,65.10,65.83,65.07,65.24,65.24,2251300
Apr 08 2015,64.15,65.31,64.11,64.88,64.88,2763200
Apr 07 2015,63.60,64.94,63.60,64.38,64.38,2066600
Apr 06 2015,63.07,63.80,63.06,63.50,63.50,3411300
Apr 02 2015,64.18,64.94,63.21,63.39,63.39,3871000
Apr 01 2015,64.03,65.00,63.40,64.08,64.08,6071500
Mar 31 2015,66.27,66.66,65.55,65.75,65.75,3701100
Mar 30 2015,67.25,67.40,66.23,66.26,66.26,2458400
Mar 27 2015,66.63,67.12,66.08,66.97,66.97,1639600
Mar 26 2015,67.61,67.88,66.65,66.66,66.66,1772400
Mar 25 2015,67.94,68.82,67.73,68.01,68.01,2372200
Mar 24 2015,67.82,68.14,67.19,67.72,67.72,2246100
Mar 23 2015,66.51,68.57,66.35,67.89,67.89,3104300
Mar 20 2015,67.12,67.20,66.13,66.13,66.13,3095100
Mar 19 2015,66.53,66.85,65.99,66.82,66.82,2031100
Mar 18 2015,64.81,66.62,64.56,66.36,66.36,2386900
Mar 17 2015,64.25,65.09,64.07,64.81,64.81,1919400
Mar 16 2015,64.99,65.05,64.30,64.53,64.53,2652200
Mar 13 2015,65.39,66.25,64.34,64.74,64.74,2570400
Mar 12 2015,65.49,65.60,64.24,65.42,65.42,3232100
Mar 11 2015,64.69,65.58,64.37,65.22,65.22,2995900
Mar 10 2015,63.88,65.07,63.84,64.70,64.70,2869800
Mar 09 2015,64.30,64.95,63.31,64.33,64.33,6504900
Mar 06 2015,66.98,67.19,65.76,65.98,65.98,3385000
Mar 05 2015,67.15,67.49,66.10,67.14,67.14,2959100
Mar 04 2015,68.17,68.93,67.10,67.14,67.14,2957300
Mar 03 2015,67.59,68.42,67.16,68.34,68.34,2178800
Mar 02 2015,67.46,68.33,67.41,67.95,67.95,2645200
Feb 27 2015,68.12,68.49,67.40,67.41,67.41,3035200
Feb 26 2015,68.66,68.85,67.74,67.89,67.89,2917700
Feb 25 2015,69.39,69.46,68.20,68.56,68.56,3242300
Feb 24 2015,70.10,70.10,68.31,68.39,68.39,2818700
Feb 23 2015,68.98,70.54,68.95,69.71,69.71,3105600
Feb 20 2015,69.47,69.58,68.51,68.98,68.98,4208700
Feb 19 2015,70.15,70.65,69.49,69.59,69.59,4041600
Feb 18 2015,72.46,72.50,69.68,69.80,69.80,6018800
Feb 17 2015,72.90,73.47,72.65,72.75,72.75,2403600
Feb 13 2015,71.73,73.28,71.61,73.27,73.27,3226600
Feb 12 2015,71.52,72.09,70.81,71.55,71.55,2686800
Feb 11 2015,71.33,71.71,70.67,71.02,71.02,2648300
Feb 10 2015,72.08,72.25,70.50,71.27,71.27,3489600
Feb 09 2015,71.74,72.69,70.77,71.39,71.39,3427500
Feb 06 2015,70.08,72.64,69.85,72.00,72.00,6387500
Feb 05 2015,68.00,70.65,67.11,69.77,69.77,16901500
Feb 04 2015,69.68,71.98,69.68,71.38,71.38,5098600
Feb 03 2015,70.65,72.25,70.31,72.22,72.22,2899500
Feb 02 2015,70.85,71.76,70.32,71.56,71.56,2484200
Jan 30 2015,71.43,72.28,70.43,70.79,70.79,3198200
Jan 29 2015,72.47,73.00,71.08,72.53,72.53,4376900
Jan 28 2015,71.31,71.37,69.93,69.99,69.99,2681300
Jan 27 2015,69.30,71.00,68.76,70.78,70.78,3197800
Jan 26 2015,69.87,70.05,69.22,69.88,69.88,2419900
Jan 23 2015,69.86,70.01,68.78,69.33,69.33,3095000
Jan 22 2015,68.78,69.45,68.00,69.09,69.09,2331800
Jan 21 2015,68.72,69.20,67.78,68.50,68.50,2961300
Jan 20 2015,66.81,67.65,66.52,67.01,67.01,3139800
Jan 16 2015,65.98,67.25,65.42,67.01,67.01,3618900
Jan 15 2015,67.36,68.00,66.00,66.01,66.01,3284200
Jan 14 2015,65.21,66.97,65.10,66.52,66.52,5405000
Jan 13 2015,69.78,70.53,67.71,68.42,68.42,2885900
Jan 12 2015,69.42,69.97,68.75,69.33,69.33,2593300
Jan 09 2015,70.10,70.23,68.54,69.26,69.26,2366200
Jan 08 2015,69.10,70.35,68.71,70.00,70.00,3829400
Jan 07 2015,67.51,70.05,67.01,68.71,68.71,8488100
Jan 06 2015,69.27,69.54,65.12,66.87,66.87,16869100
Jan 05 2015,74.32,74.32,72.36,73.00,73.00,3614300
Jan 02 2015,75.56,75.90,74.27,74.78,74.78,1352800
Dec 31 2014,75.64,76.05,74.95,75.10,75.10,2216400
Dec 30 2014,74.94,76.00,74.82,75.38,75.38,1759600
Dec 29 2014,75.08,75.82,74.66,74.93,74.93,1954700
Dec 26 2014,75.90,76.41,74.80,75.21,75.21,1824200
Dec 24 2014,75.61,76.50,75.07,75.30,75.30,765000
Dec 23 2014,74.63,76.10,74.51,75.31,75.31,3114000
Dec 22 2014,74.70,75.20,73.56,74.36,74.36,3017100
Dec 19 2014,74.78,74.96,73.25,74.61,74.61,4715000
Dec 18 2014,76.43,76.69,73.39,74.29,74.29,5661900
Dec 17 2014,76.51,76.80,74.69,75.65,75.65,4455300
Dec 16 2014,77.04,77.81,75.83,75.99,75.99,4596200
Dec 15 2014,77.07,78.55,77.07,77.69,77.69,3964800
Dec 12 2014,75.78,78.29,75.63,76.97,76.97,3233200
Dec 11 2014,75.80,77.45,75.50,76.70,76.70,3068100
Dec 10 2014,75.97,76.27,75.29,75.52,75.52,2071100
Dec 09 2014,75.39,76.76,74.24,76.32,76.32,2049100
Dec 08 2014,77.28,77.97,75.93,76.14,76.14,2289600
Dec 05 2014,76.69,77.68,76.46,77.63,77.63,3106900
Dec 04 2014,75.76,77.07,75.50,76.53,76.53,3527200
Dec 03 2014,74.15,75.82,73.98,75.73,75.73,2645700
Dec 02 2014,74.06,74.95,73.62,74.18,74.18,2628800
Dec 01 2014,76.36,76.78,73.15,73.32,73.32,4777700
Nov 28 2014,76.32,77.19,75.50,76.71,76.71,1735600
Nov 26 2014,76.75,76.95,75.47,75.83,75.83,2587000
Nov 25 2014,76.54,77.25,76.13,76.81,76.81,4531100
Nov 24 2014,74.30,75.65,74.12,75.53,75.53,3283100
Nov 21 2014,74.55,75.19,73.44,74.00,74.00,4195300
Nov 20 2014,72.80,73.96,72.57,73.43,73.43,7781000
Nov 19 2014,72.91,73.30,72.08,72.47,72.47,2395100
Nov 18 2014,72.50,73.31,72.32,72.93,72.93,3199100
Nov 17 2014,72.00,72.82,71.71,72.32,72.32,2833000
Nov 14 2014,70.75,72.57,70.45,72.06,72.06,3398100
Nov 13 2014,71.07,71.76,70.46,70.74,70.74,3240900
Nov 12 2014,69.00,71.22,68.85,71.00,71.00,6654800
Nov 11 2014,69.01,69.50,68.25,68.89,68.89,4264600
Nov 10 2014,70.15,70.22,68.94,69.15,69.15,4982900
Nov 07 2014,72.48,72.56,69.89,69.95,69.95,7073000
Nov 06 2014,73.29,73.30,71.83,72.31,72.31,4254800
Nov 05 2014,71.82,74.00,71.79,72.40,72.40,6353700
Nov 04 2014,71.99,72.68,70.00,71.42,71.42,21632400
Nov 03 2014,78.70,79.06,77.33,77.99,77.99,4299400
Oct 31 2014,78.70,79.70,78.14,78.59,78.59,3750500
Oct 30 2014,76.71,78.75,76.46,77.90,77.90,1943800
Oct 29 2014,77.13,77.54,75.86,77.08,77.08,3043600
Oct 28 2014,76.69,78.41,76.56,78.17,78.17,2676700
Oct 27 2014,75.56,76.95,74.39,76.69,76.69,1579600
Oct 24 2014,75.70,75.92,74.85,75.74,75.74,997500
Oct 23 2014,75.55,76.77,75.13,75.78,75.78,1520000
Oct 22 2014,75.12,76.25,74.80,75.06,75.06,1909000
Oct 21 2014,73.28,75.30,72.97,74.84,74.84,2204600
Oct 20 2014,71.31,73.49,71.08,73.13,73.13,2055300
Oct 17 2014,72.90,73.60,70.96,71.51,71.51,2593000
Oct 16 2014,70.43,72.67,70.00,72.07,72.07,3468800
Oct 15 2014,71.65,72.08,68.55,71.42,71.42,4118900
Oct 14 2014,72.19,73.12,71.71,72.15,72.15,2487500
Oct 13 2014,73.64,73.75,72.07,72.25,72.25,3195800
Oct 10 2014,74.74,75.41,73.62,73.66,73.66,2326800
Oct 09 2014,76.87,77.08,74.40,74.91,74.91,2587300
Oct 08 2014,75.49,77.16,75.15,77.08,77.08,2569700
Oct 07 2014,75.18,76.75,74.64,75.49,75.49,3077000
Oct 06 2014,75.86,76.15,74.86,75.65,75.65,2461800
Oct 03 2014,74.64,76.28,74.64,75.42,75.42,4676900
Oct 02 2014,71.42,74.89,71.25,74.08,74.08,4623000
Oct 01 2014,71.57,72.33,71.18,71.66,71.66,4190500
Sep 30 2014,71.96,72.05,71.00,71.39,71.39,3724900
Sep 29 2014,70.72,71.87,70.44,71.17,71.17,3735200
Sep 26 2014,73.58,73.78,71.25,71.49,71.49,7184900
Sep 25 2014,74.31,74.45,72.04,73.15,73.15,4744200
Sep 24 2014,74.65,74.75,73.73,74.60,74.60,2576000
Sep 23 2014,75.10,75.64,74.41,74.45,74.45,2851500
Sep 22 2014,76.80,76.80,74.49,75.09,75.09,2817800
Sep 19 2014,77.65,77.75,76.37,76.95,76.95,3005600
Sep 18 2014,76.38,77.77,76.15,77.22,77.22,2649200
Sep 17 2014,76.60,76.78,75.56,76.11,76.11,4162500
Sep 16 2014,76.66,77.09,76.03,76.38,76.38,2130600
Sep 15 2014,76.61,76.88,76.03,76.61,76.61,2486900
Sep 12 2014,76.10,76.85,75.52,76.82,76.82,2974900
Sep 11 2014,75.16,76.05,75.16,75.66,75.66,2251400
Sep 10 2014,75.90,76.00,75.23,75.62,75.62,2493600
Sep 09 2014,76.69,76.94,75.75,75.79,75.79,2536500
Sep 08 2014,76.58,76.65,75.26,76.58,76.58,5540100
Sep 05 2014,76.23,76.89,75.64,76.39,76.39,17622100
Sep 04 2014,79.47,80.51,79.24,79.97,79.97,2313200
Sep 03 2014,81.06,81.17,78.35,78.73,78.73,3109700
Sep 02 2014,80.15,81.54,79.96,80.54,80.54,2719600
Aug 29 2014,81.18,81.33,79.76,80.12,80.12,2197300
Aug 28 2014,81.90,81.91,80.78,81.00,81.00,1791600
Aug 27 2014,83.27,83.29,82.04,82.34,82.34,1289600
Aug 26 2014,82.09,83.22,81.87,82.94,82.94,1873600
Aug 25 2014,82.90,83.15,81.76,82.00,82.00,1366200
Aug 22 2014,81.80,82.69,81.20,82.64,82.64,2051200
Aug 21 2014,82.86,83.14,81.61,81.73,81.73,2060500
Aug 20 2014,79.90,83.38,79.62,82.86,82.86,3934300
Aug 19 2014,79.43,80.01,79.07,79.95,79.95,2472400
Aug 18 2014,78.52,79.64,78.41,79.36,79.36,2331600
Aug 15 2014,78.52,78.98,77.50,78.06,78.06,2296500
Aug 14 2014,78.94,79.26,77.90,78.38,78.38,1822200
Aug 13 2014,77.96,78.78,77.48,78.72,78.72,3395900
Aug 12 2014,80.05,80.11,76.76,77.44,77.44,5092100
Aug 11 2014,79.97,80.78,79.68,79.99,79.99,2540000
Aug 08 2014,78.72,80.27,78.33,79.26,79.26,2824600
Aug 07 2014,79.84,80.65,78.48,78.75,78.75,2498400
Aug 06 2014,78.95,80.33,78.39,79.71,79.71,2599600
Aug 05 2014,76.84,79.92,76.84,79.10,79.10,6858300
Aug 04 2014,79.18,79.74,75.13,77.01,77.01,21717400
Aug 01 2014,81.50,82.02,80.34,81.83,81.83,3761700
Jul 31 2014,83.27,83.27,81.25,81.48,81.48,3655000
Jul 30 2014,83.02,83.31,82.12,82.27,82.27,3466000
Jul 29 2014,84.20,84.27,82.86,83.67,83.67,2414400
Jul 28 2014,81.55,84.32,81.10,84.23,84.23,3528900
Jul 25 2014,81.58,82.90,80.92,81.13,81.13,2342500
Jul 24 2014,82.15,82.68,81.58,82.04,82.04,1870400
Jul 23 2014,82.54,82.77,81.52,81.71,81.71,1615000
Jul 22 2014,82.87,83.39,82.00,82.22,82.22,2311900
Jul 21 2014,81.50,83.10,81.27,82.23,82.23,3990200
Jul 18 2014,83.25,83.44,80.40,81.06,81.06,4846700
Jul 17 2014,81.54,83.92,81.11,81.86,81.86,6478100
Jul 16 2014,77.85,81.55,77.75,81.10,81.10,9681900
Jul 15 2014,82.69,82.96,78.99,79.44,79.44,17893600
Jul 14 2014,89.16,89.18,85.34,85.67,85.67,6328300
Jul 11 2014,89.14,89.32,87.90,88.80,88.80,2324600
Jul 10 2014,89.90,89.91,88.70,89.17,89.17,2423900
Jul 09 2014,89.93,91.53,89.93,91.38,91.38,2038100
Jul 08 2014,90.71,91.13,88.71,89.90,89.90,2811000
Jul 07 2014,90.10,91.79,89.50,91.16,91.16,3695700
Jul 03 2014,90.83,90.98,90.04,90.27,90.27,746100
Jul 02 2014,89.46,90.38,89.45,89.72,89.72,2243200
Jul 01 2014,89.16,90.40,88.70,89.92,89.92,2555000
Jun 30 2014,90.00,90.25,88.42,88.65,88.65,2222000
Jun 27 2014,90.17,90.66,89.80,90.00,90.00,929800
Jun 26 2014,90.00,90.60,89.06,90.12,90.12,1874100
Jun 25 2014,88.45,90.23,88.36,90.13,90.13,2437700
Jun 24 2014,88.52,89.69,88.21,88.36,88.36,2161900
Jun 23 2014,88.59,89.00,87.70,88.52,88.52,2832300
Jun 20 2014,89.90,90.01,88.50,88.60,88.60,2648800
Jun 19 2014,90.96,91.00,88.29,89.36,89.36,4382600
Jun 18 2014,91.47,91.63,89.14,90.82,90.82,3184100
Jun 17 2014,90.50,91.30,87.95,91.06,91.06,6515300
Jun 16 2014,93.85,93.90,90.18,90.29,90.29,5445900
Jun 13 2014,94.61,95.00,93.16,93.90,93.90,2357300
Jun 12 2014,94.88,95.79,94.40,94.66,94.66,2589700
Jun 11 2014,93.98,95.91,93.92,95.37,95.37,2248900
Jun 10 2014,94.10,94.77,93.42,94.38,94.38,3074800
Jun 09 2014,94.35,94.57,93.35,93.93,93.93,1753800
Jun 06 2014,93.76,94.45,92.90,94.33,94.33,1749700
Jun 05 2014,93.45,94.30,92.90,93.36,93.36,2061100
Jun 04 2014,94.44,94.69,92.55,93.84,93.84,2258800
Jun 03 2014,93.84,94.86,93.59,94.05,94.05,1758100
Jun 02 2014,94.54,94.75,93.09,94.45,94.45,2289500
May 30 2014,93.57,95.19,92.96,94.38,94.38,5580500
May 29 2014,97.04,97.14,91.03,92.28,92.28,7880700
May 28 2014,95.04,97.60,91.80,97.01,97.01,11336900
May 27 2014,98.02,98.96,95.60,95.74,95.74,5405200
May 23 2014,93.80,96.49,93.53,96.40,96.40,2534500
May 22 2014,93.11,94.55,93.03,93.66,93.66,1543100
May 21 2014,92.33,93.59,92.10,93.31,93.31,2214000
May 20 2014,93.88,93.88,91.14,91.86,91.86,2555000
May 19 2014,92.63,94.12,92.61,93.05,93.05,1599200
May 16 2014,91.22,92.89,90.53,92.85,92.85,2218400
May 15 2014,92.88,92.90,90.57,91.27,91.27,2016400
May 14 2014,94.15,95.03,92.86,93.38,93.38,2544900
May 13 2014,94.84,95.17,92.92,93.71,93.71,1725300
May 12 2014,92.31,94.80,92.26,94.45,94.45,1692400
May 09 2014,91.42,92.20,90.12,91.82,91.82,1738500
May 08 2014,91.33,93.73,90.76,91.81,91.81,1405100
May 07 2014,93.31,93.79,90.10,91.37,91.37,1711600
May 06 2014,94.50,94.53,92.78,93.15,93.15,1554900
May 05 2014,92.71,94.85,91.79,94.74,94.74,1729700
May 02 2014,92.82,94.85,92.43,93.21,93.21,1843000
May 01 2014,91.05,93.00,90.67,92.40,92.40,2001300
Apr 30 2014,91.90,92.39,90.63,91.20,91.20,2662100
Apr 29 2014,87.95,91.05,87.29,90.30,90.30,2651500
Apr 28 2014,90.58,90.86,85.75,88.17,88.17,3349300
Apr 25 2014,91.11,91.53,89.48,89.88,89.88,1604400
Apr 24 2014,91.76,91.97,89.62,91.14,91.14,1846100
Apr 23 2014,93.20,93.41,91.29,91.44,91.44,1795200
Apr 22 2014,91.54,93.97,91.35,93.20,93.20,2713600
Apr 21 2014,90.29,91.34,90.00,90.68,90.68,1235000
Apr 17 2014,90.05,91.15,89.09,89.93,89.93,1786600
Apr 16 2014,90.08,90.35,88.61,90.11,90.11,1886500
Apr 15 2014,87.57,89.54,87.01,89.37,89.37,3513200
Apr 14 2014,87.65,88.25,85.92,87.12,87.12,2417700
Apr 11 2014,88.78,89.57,86.45,86.87,86.87,4047800
Apr 10 2014,90.51,90.81,89.00,89.65,89.65,4796200
Apr 09 2014,89.53,90.58,88.48,90.51,90.51,1933500
Apr 08 2014,86.72,89.63,86.61,88.99,88.99,3613100
Apr 07 2014,89.32,89.32,85.71,86.59,86.59,5434900
Apr 04 2014,93.04,93.52,88.76,89.54,89.54,3717500
Apr 03 2014,95.30,95.59,92.07,92.64,92.64,2009100
Apr 02 2014,95.56,96.10,94.63,95.03,95.03,1382700
Apr 01 2014,93.87,95.32,93.77,95.25,95.25,1864600
Mar 31 2014,93.63,93.63,91.97,93.27,93.27,1599800
Mar 28 2014,91.68,93.39,91.55,92.75,92.75,1297500
Mar 27 2014,91.95,92.04,89.43,91.54,91.54,2760900
Mar 26 2014,93.69,94.28,91.90,92.04,92.04,2548600
Mar 25 2014,94.83,95.07,92.17,93.44,93.44,3030900
Mar 24 2014,97.97,97.97,92.99,94.11,94.11,3744700
Mar 21 2014,98.42,99.17,97.31,97.46,97.46,2351200
Mar 20 2014,98.17,98.44,96.64,97.67,97.67,1932600
Mar 19 2014,96.95,99.20,96.39,98.71,98.71,3024000
Mar 18 2014,96.53,97.41,95.95,96.77,96.77,3001400
Mar 17 2014,98.50,99.01,97.24,98.56,98.56,1540600
Mar 14 2014,97.19,98.85,96.64,98.12,98.12,2049800
Mar 13 2014,98.50,98.72,96.27,97.02,97.02,1645100
Mar 12 2014,97.60,98.10,96.61,98.03,98.03,1674300
Mar 11 2014,98.46,99.46,97.86,98.04,98.04,1570700
Mar 10 2014,98.41,99.06,97.00,98.27,98.27,1413400
Mar 07 2014,99.16,99.44,98.02,98.28,98.28,1367900
Mar 06 2014,99.30,99.46,98.19,98.62,98.62,1279900
Mar 05 2014,99.03,99.66,97.18,98.99,98.99,1557300
Mar 04 2014,99.00,99.16,97.67,98.88,98.88,1952400
Mar 03 2014,97.40,97.98,96.11,97.98,97.98,2646800
Feb 28 2014,99.82,100.13,97.03,98.03,98.03,2266100
Feb 27 2014,99.26,100.41,98.61,99.56,99.56,1417700
Feb 26 2014,100.30,100.60,99.05,99.32,99.32,1773000
Feb 25 2014,98.88,101.04,98.83,99.84,99.84,2487900
Feb 24 2014,97.62,99.35,97.62,98.58,98.58,1652600
Feb 21 2014,98.48,98.48,97.45,97.56,97.56,1331200
Feb 20 2014,97.79,98.53,97.21,98.00,98.00,1868100
Feb 19 2014,98.90,99.42,97.64,97.78,97.78,1821200
Feb 18 2014,99.50,99.74,98.02,98.84,98.84,2184400
Feb 14 2014,98.24,98.62,97.64,98.46,98.46,1904000
Feb 13 2014,96.00,98.81,95.83,98.41,98.41,3055200
Feb 12 2014,96.50,97.78,95.56,96.01,96.01,2358800
Feb 11 2014,95.94,96.60,94.88,96.22,96.22,3599700
Feb 10 2014,94.38,95.76,94.11,95.56,95.56,3825200
Feb 07 2014,91.69,94.43,91.31,94.22,94.22,4055800
Feb 06 2014,91.10,92.94,90.83,91.50,91.50,4179900
Feb 05 2014,88.38,91.73,88.38,91.34,91.34,7913900
Feb 04 2014,93.00,93.18,89.22,89.91,89.91,23043700
Feb 03 2014,80.40,80.55,76.15,76.67,76.67,8688200
Jan 31 2014,79.52,80.72,79.12,79.93,79.93,2721100
Jan 30 2014,80.50,81.00,79.50,80.39,80.39,3085400
Jan 29 2014,81.27,81.70,78.52,78.74,78.74,3965000
Jan 28 2014,81.63,83.06,81.42,81.85,81.85,3711600
Jan 27 2014,80.41,81.65,79.75,81.09,81.09,3884000
Jan 24 2014,79.70,81.10,79.01,80.07,80.07,5250300
Jan 23 2014,79.39,80.34,78.78,80.29,80.29,3937500
Jan 22 2014,77.47,79.83,77.20,79.75,79.75,4623300
Jan 21 2014,77.47,77.75,76.72,77.20,77.20,3012600
Jan 17 2014,77.67,78.00,76.78,77.03,77.03,5504600
Jan 16 2014,76.91,77.04,74.11,75.70,75.70,5620300
Jan 15 2014,77.39,78.05,77.06,77.41,77.41,1986800
Jan 14 2014,76.70,77.78,76.53,77.05,77.05,2350800
Jan 13 2014,79.20,79.37,76.36,76.67,76.67,3991500
Jan 10 2014,79.02,79.88,78.30,79.80,79.80,3943500
Jan 09 2014,78.06,79.10,77.56,78.59,78.59,3389600
Jan 08 2014,78.67,78.73,76.25,77.91,77.91,7104200
Jan 07 2014,80.26,80.50,78.66,78.94,78.94,7386900
Jan 06 2014,82.85,83.00,81.90,82.04,82.04,1790300
Jan 03 2014,82.42,83.50,82.41,82.51,82.51,1901600
Jan 02 2014,80.94,82.75,80.94,82.41,82.41,3336300
Dec 31 2013,80.60,81.53,80.20,81.19,81.19,1558500
Dec 30 2013,80.74,80.83,79.65,80.59,80.59,2384900
Dec 27 2013,81.27,81.44,80.25,80.58,80.58,1440800
Dec 26 2013,81.65,81.65,80.49,81.02,81.02,1699300
Dec 24 2013,80.89,81.95,80.86,81.40,81.40,1938500
Dec 23 2013,84.00,84.00,79.59,80.80,80.80,10262600
Dec 20 2013,84.26,84.40,82.99,83.88,83.88,8990800
Dec 19 2013,84.15,84.58,83.44,83.92,83.92,1883900
Dec 18 2013,83.19,84.40,82.00,84.19,84.19,3313100
Dec 17 2013,82.60,83.59,82.04,82.91,82.91,2311200
Dec 16 2013,82.46,83.04,81.50,82.20,82.20,2551800
Dec 13 2013,83.02,83.91,81.29,82.27,82.27,4186400
Dec 12 2013,80.67,82.77,80.45,82.65,82.65,3858500
Dec 11 2013,81.79,82.07,80.33,80.58,80.58,2093800
Dec 10 2013,80.61,82.04,80.28,81.81,81.81,2368000
Dec 09 2013,79.96,80.98,79.68,80.61,80.61,2777900
Dec 06 2013,81.00,81.34,78.59,79.68,79.68,2742300
Dec 05 2013,80.53,81.12,80.01,80.76,80.76,1741300
Dec 04 2013,80.39,80.89,79.10,80.76,80.76,2735400
Dec 03 2013,81.43,81.87,80.10,80.39,80.39,2351600
Dec 02 2013,81.65,82.19,80.55,81.76,81.76,1733200
Nov 29 2013,82.50,82.50,81.22,81.55,81.55,1130500
Nov 27 2013,80.90,82.09,80.67,81.84,81.84,2763100
Nov 26 2013,80.38,80.89,79.92,80.60,80.60,2232900
Nov 25 2013,81.00,81.20,79.83,80.15,80.15,2660700
Nov 22 2013,80.74,81.26,80.32,80.64,80.64,2410800
Nov 21 2013,79.37,80.66,78.97,80.44,80.44,2036100
Nov 20 2013,80.08,80.61,78.63,79.09,79.09,3071200
Nov 19 2013,81.00,81.50,79.78,79.93,79.93,3540500
Nov 18 2013,83.00,83.13,80.59,80.95,80.95,3172500
Nov 15 2013,81.85,82.75,81.22,82.73,82.73,3618600
Nov 14 2013,82.40,82.59,81.17,81.86,81.86,3497900
Nov 13 2013,81.88,82.34,81.44,82.19,82.19,6688300
Nov 12 2013,81.15,82.73,81.15,82.14,82.14,41486700
Nov 11 2013,80.45,81.60,79.79,81.10,81.10,6596600
Nov 08 2013,77.80,79.91,77.78,79.40,79.40,3858800
Nov 07 2013,79.52,80.16,77.59,77.91,77.91,4568600
Nov 06 2013,80.12,80.43,78.20,79.49,79.49,4513300
Nov 05 2013,76.74,80.00,76.70,79.13,79.13,13811700
Nov 04 2013,75.81,76.05,73.26,74.78,74.78,8362900
Nov 01 2013,77.15,77.64,75.30,75.43,75.43,5777200
Oct 31 2013,77.01,77.27,75.84,76.95,76.95,6136000
Oct 30 2013,77.95,78.75,77.60,77.98,77.98,6277100
Oct 29 2013,78.73,78.82,75.64,77.38,77.38,14479700
Oct 28 2013,76.36,77.03,75.10,76.40,76.40,2057900
Oct 25 2013,77.72,77.77,75.92,76.24,76.24,1940200
Oct 24 2013,77.69,78.00,76.57,76.94,76.94,2226900
Oct 23 2013,78.20,78.49,77.03,77.60,77.60,2829700
Oct 22 2013,76.19,78.83,75.93,78.70,78.70,4585500
Oct 21 2013,75.99,77.21,75.58,77.18,77.18,3300400
Oct 18 2013,74.47,75.49,74.24,75.24,75.24,2896400
Oct 17 2013,74.14,74.83,71.71,73.75,73.75,5834300
Oct 16 2013,73.75,75.13,73.28,74.32,74.32,2518500
Oct 15 2013,75.39,75.43,72.93,73.05,73.05,2948200
Oct 14 2013,72.95,74.36,72.32,74.03,74.03,2399900
Oct 11 2013,74.42,74.60,72.44,72.88,72.88,2929200
Oct 10 2013,73.30,74.63,73.23,74.23,74.23,2931200
Oct 09 2013,72.47,72.96,70.59,72.49,72.49,3688700
Oct 08 2013,74.34,74.86,70.67,70.92,70.92,3597200
Oct 07 2013,75.59,75.59,74.28,74.33,74.33,1753500
Oct 04 2013,75.03,77.05,74.81,76.35,76.35,1904200
Oct 03 2013,75.89,76.97,74.57,74.83,74.83,2466000
Oct 02 2013,75.72,76.41,74.91,75.89,75.89,2252700
Oct 01 2013,74.74,76.10,74.72,75.85,75.85,1453200
Sep 30 2013,73.86,74.79,73.36,74.52,74.52,1587900
Sep 27 2013,74.00,75.55,73.71,74.45,74.45,2556000
Sep 26 2013,73.92,74.16,73.07,73.99,73.99,1570500
Sep 25 2013,74.18,74.24,72.68,73.18,73.18,2325100
Sep 24 2013,75.00,75.15,73.89,74.16,74.16,1851700
Sep 23 2013,75.14,75.48,73.37,75.01,75.01,2991400
Sep 20 2013,77.29,77.29,75.73,75.98,75.98,3426400
Sep 19 2013,75.73,78.62,75.25,77.49,77.49,4462500
Sep 18 2013,75.21,75.79,73.39,75.72,75.72,3574900
Sep 17 2013,74.12,75.06,74.07,75.02,75.02,2182200
Sep 16 2013,74.71,75.24,74.20,74.30,74.30,1471300
Sep 13 2013,73.77,74.95,73.41,74.03,74.03,2361900
Sep 12 2013,74.73,74.78,73.22,73.32,73.32,2722700
Sep 11 2013,73.55,75.00,73.24,74.58,74.58,4997400
Sep 10 2013,76.20,76.34,73.16,73.21,73.21,5878000
Sep 09 2013,75.76,76.74,74.87,75.62,75.62,3131100
Sep 06 2013,76.00,76.20,74.14,75.70,75.70,3528300
Sep 05 2013,75.91,76.22,75.50,75.84,75.84,2343900
Sep 04 2013,74.67,75.92,74.43,75.40,75.40,3459100
Sep 03 2013,74.70,75.01,74.10,74.43,74.43,2963700
Aug 30 2013,73.60,74.28,73.05,74.09,74.09,11766000
Aug 29 2013,71.53,73.52,71.53,73.15,73.15,2235000
Aug 28 2013,71.10,72.19,70.66,71.75,71.75,2475700
Aug 27 2013,72.00,72.77,71.05,71.23,71.23,3159500
Aug 26 2013,72.95,73.59,72.53,72.57,72.57,1769100
Aug 23 2013,72.48,72.82,71.80,72.57,72.57,2270400
Aug 22 2013,71.95,72.45,71.47,72.19,72.19,1797900
Aug 21 2013,71.26,72.38,71.26,71.65,71.65,2396100
Aug 20 2013,70.03,72.01,70.00,71.26,71.26,2217000
Aug 19 2013,70.15,70.44,68.83,69.76,69.76,2043500
Aug 16 2013,70.58,70.73,69.60,70.20,70.20,3189800
Aug 15 2013,71.75,71.80,70.20,71.23,71.23,3748100
Aug 14 2013,72.50,72.75,71.67,72.00,72.00,3210300
Aug 13 2013,72.76,72.98,71.88,72.40,72.40,2292800
Aug 12 2013,71.73,72.54,71.51,72.00,72.00,1999900
Aug 09 2013,71.07,72.53,70.74,72.05,72.05,4148400
Aug 08 2013,70.11,71.73,69.66,71.28,71.28,4869600
Aug 07 2013,70.27,70.53,68.91,69.53,69.53,3125400
Aug 06 2013,70.77,71.50,67.85,70.39,70.39,14971500
Aug 05 2013,69.02,69.17,67.65,67.88,67.88,5184600
Aug 02 2013,69.02,69.23,68.05,68.80,68.80,3689900
Aug 01 2013,68.12,69.00,67.77,68.65,68.65,4475100
Jul 31 2013,66.23,67.78,66.09,67.34,67.34,4913700
Jul 30 2013,65.00,65.69,64.30,65.56,65.56,3579700
Jul 29 2013,64.81,65.67,63.97,64.00,64.00,2763700
Jul 26 2013,64.08,65.50,63.77,64.83,64.83,4784500
Jul 25 2013,63.97,64.74,63.26,64.57,64.57,3597600
Jul 24 2013,63.38,64.28,62.78,63.89,63.89,4047500
Jul 23 2013,62.85,64.00,62.51,63.40,63.40,2725100
Jul 22 2013,62.01,63.00,61.40,62.72,62.72,2136100
Jul 19 2013,61.82,62.42,61.46,62.12,62.12,2573500
Jul 18 2013,63.00,63.00,60.08,61.69,61.69,6496300
Jul 17 2013,62.97,63.01,62.06,62.94,62.94,2280400
Jul 16 2013,62.67,62.98,61.75,62.61,62.61,2727600
Jul 15 2013,62.50,62.81,61.81,62.65,62.65,3670400
Jul 12 2013,64.38,64.90,63.25,63.82,63.82,2488900
Jul 11 2013,64.85,64.94,63.77,64.19,64.19,2125300
Jul 10 2013,64.61,64.61,63.35,64.17,64.17,2312800
Jul 09 2013,64.05,65.11,63.40,64.28,64.28,2686500
Jul 08 2013,63.45,64.17,63.16,63.76,63.76,1855200
Jul 05 2013,62.79,63.06,62.00,62.97,62.97,1706700
Jul 03 2013,61.96,62.57,61.60,62.46,62.46,1106200
Jul 02 2013,62.09,63.25,61.50,62.36,62.36,2202200
Jul 01 2013,62.14,64.11,62.07,62.18,62.18,3457200
Jun 28 2013,60.99,63.05,60.94,62.02,62.02,9168300
Jun 27 2013,59.87,61.57,59.77,61.28,61.28,3209900
Jun 26 2013,59.75,60.00,58.35,59.70,59.70,2265500
Jun 25 2013,58.44,59.71,57.99,59.04,59.04,3639800
Jun 24 2013,58.15,58.20,56.15,57.10,57.10,3805800
Jun 21 2013,60.00,60.09,58.01,59.18,59.18,3368100
Jun 20 2013,60.89,61.08,58.98,59.60,59.60,2883300
Jun 19 2013,61.88,62.45,61.23,61.70,61.70,2453700
Jun 18 2013,61.23,61.94,61.23,61.63,61.63,2081400
Jun 17 2013,61.44,61.93,60.70,61.56,61.56,2575900
Jun 14 2013,59.53,60.94,59.39,60.80,60.80,3247600
Jun 13 2013,60.33,60.65,57.96,59.50,59.50,6265900
Jun 12 2013,61.48,61.73,59.77,60.53,60.53,3514800
Jun 11 2013,61.85,62.26,60.73,61.27,61.27,2576100
Jun 10 2013,63.08,63.10,61.98,62.17,62.17,2562200
Jun 07 2013,62.56,62.99,61.97,62.69,62.69,2804500
Jun 06 2013,61.06,62.10,60.86,61.93,61.93,2899100
Jun 05 2013,61.00,62.32,60.86,61.24,61.24,3548500
Jun 04 2013,62.46,62.65,60.86,61.57,61.57,3386700
Jun 03 2013,63.01,63.01,60.69,62.24,62.24,5368900
May 31 2013,65.06,65.48,62.79,62.82,62.82,5956400
May 30 2013,64.54,66.18,64.43,65.68,65.68,6676400
May 29 2013,63.04,64.65,61.12,63.95,63.95,14045100
May 28 2013,62.14,62.50,61.01,61.98,61.98,7308800
May 24 2013,59.52,60.40,59.01,60.09,60.09,2242000
May 23 2013,59.02,60.75,57.88,59.81,59.81,3272200
May 22 2013,61.24,63.03,60.08,60.46,60.46,4830000
May 21 2013,60.90,61.55,60.16,61.23,61.23,2888800
May 20 2013,61.14,61.45,60.45,60.58,60.58,2979900
May 17 2013,60.25,60.87,59.80,60.61,60.61,3255300
May 16 2013,60.61,60.80,59.15,59.27,59.27,3335800
May 15 2013,61.72,62.19,60.20,60.50,60.50,3631700
May 14 2013,61.18,61.73,60.50,61.34,61.34,2984800
May 13 2013,61.55,62.25,60.80,60.98,60.98,4370100
May 10 2013,59.32,60.53,59.22,60.36,60.36,3035300
May 09 2013,58.24,60.28,58.22,59.41,59.41,4314200
May 08 2013,58.48,58.87,57.16,57.98,57.98,3430400
May 07 2013,58.05,58.74,57.79,58.41,58.41,3245800
May 06 2013,58.43,58.44,56.99,57.09,57.09,2570600
May 03 2013,57.54,59.30,57.50,58.04,58.04,4052000
May 02 2013,56.52,57.40,56.10,57.05,57.05,2108800
May 01 2013,56.57,57.50,56.34,56.50,56.50,2659400
Apr 30 2013,56.12,57.00,55.55,56.94,56.94,2227500
Apr 29 2013,56.21,57.30,55.77,56.05,56.05,2126500
Apr 26 2013,56.47,57.02,55.52,56.12,56.12,2305300
Apr 25 2013,54.33,56.98,53.90,56.64,56.64,5234300
Apr 24 2013,54.34,54.73,53.45,53.52,53.52,2330700
Apr 23 2013,53.70,55.00,53.60,54.09,54.09,4444800
Apr 22 2013,53.05,53.12,51.63,52.36,52.36,3562600
Apr 19 2013,53.61,54.45,53.00,53.08,53.08,3008300
Apr 18 2013,54.00,54.49,52.31,53.61,53.61,4762400
Apr 17 2013,52.64,54.25,51.70,53.92,53.92,4590100
Apr 16 2013,54.49,54.83,52.34,52.97,52.97,6310600
Apr 15 2013,55.73,56.39,53.98,54.00,54.00,3516900
Apr 12 2013,56.47,56.89,55.23,56.00,56.00,4453000
Apr 11 2013,55.15,57.72,54.75,57.31,57.31,5183700
Apr 10 2013,55.98,55.98,54.01,55.10,55.10,5640200
Apr 09 2013,56.06,56.55,55.55,55.69,55.69,2272000
Apr 08 2013,55.13,56.36,54.95,56.30,56.30,2745400
Apr 05 2013,53.71,55.07,52.60,54.98,54.98,4089100
Apr 04 2013,54.89,55.49,54.40,54.66,54.66,1753700
Apr 03 2013,54.18,55.55,53.31,54.96,54.96,5399700
Apr 02 2013,55.89,56.35,53.96,54.16,54.16,4339000
Apr 01 2013,56.79,57.49,55.20,55.50,55.50,3534500
Mar 28 2013,56.58,57.26,55.97,56.79,56.79,4458200
Mar 27 2013,54.94,56.65,54.75,56.41,56.41,4848800
Mar 26 2013,55.59,55.80,54.20,55.22,55.22,3842300
Mar 25 2013,55.88,56.75,55.00,55.42,55.42,2717000
Mar 22 2013,55.57,56.10,55.40,55.61,55.61,4002600
Mar 21 2013,55.75,56.18,54.97,55.05,55.05,3729200
Mar 20 2013,56.52,56.93,55.90,56.38,56.38,3918900
Mar 19 2013,58.24,58.54,55.26,56.15,56.15,5690400
Mar 18 2013,56.73,58.58,56.63,58.10,58.10,5251000
Mar 15 2013,57.76,58.55,57.13,57.38,57.38,5170800
Mar 14 2013,58.71,59.41,57.62,58.05,58.05,4840100
Mar 13 2013,57.60,58.88,56.90,58.51,58.51,7858600
Mar 12 2013,55.11,56.37,54.84,56.28,56.28,6854800
Mar 11 2013,57.79,57.86,54.58,55.00,55.00,11398900
Mar 08 2013,58.85,58.95,57.04,58.19,58.19,6452300
Mar 07 2013,61.06,61.33,58.19,58.21,58.21,8001800
Mar 06 2013,60.86,61.25,59.36,61.19,61.19,6987400
Mar 05 2013,59.95,60.92,59.69,60.52,60.52,5074600
Mar 04 2013,59.36,59.61,58.60,59.27,59.27,3214900
Mar 01 2013,59.00,59.60,58.58,59.23,59.23,3231100
Feb 28 2013,59.83,60.37,59.23,59.28,59.28,5628500
Feb 27 2013,59.37,59.98,59.00,59.46,59.46,6823800
Feb 26 2013,58.28,59.47,57.00,59.24,59.24,9157500
Feb 25 2013,59.10,59.65,57.85,57.86,57.86,6845500
Feb 22 2013,59.57,59.95,58.82,59.11,59.11,6343600
Feb 21 2013,60.81,60.98,58.81,59.00,59.00,25674000
Feb 20 2013,62.99,63.69,61.20,61.50,61.50,9545300
Feb 19 2013,64.31,65.10,63.19,64.84,64.84,7078200
Feb 15 2013,61.69,64.04,61.63,63.27,63.27,6861100
Feb 14 2013,61.28,62.84,61.06,61.67,61.67,5750300
Feb 13 2013,61.78,63.13,61.00,61.35,61.35,6350900
Feb 12 2013,64.39,64.80,61.22,62.00,62.00,20888700
Feb 11 2013,57.71,57.76,56.39,57.00,57.00,7119300
Feb 08 2013,57.12,57.71,56.35,57.10,57.10,5131100
Feb 07 2013,56.02,56.70,54.44,56.66,56.66,3984300
Feb 06 2013,55.65,56.50,54.66,55.87,55.87,4476900
Feb 05 2013,55.00,55.90,52.77,55.38,55.38,7642700
Feb 04 2013,55.72,56.22,54.58,54.91,54.91,3007600
Feb 01 2013,56.83,56.98,55.50,55.72,55.72,3123900
Jan 31 2013,56.55,56.94,55.73,56.13,56.13,3214400
Jan 30 2013,57.40,57.52,56.02,56.32,56.32,3846300
Jan 29 2013,57.25,57.73,56.90,57.47,57.47,2566200
Jan 28 2013,59.06,60.00,56.44,57.75,57.75,5135100
Jan 25 2013,57.50,58.15,56.65,58.08,58.08,6267300
Jan 24 2013,55.65,57.40,55.48,56.73,56.73,4001200
Jan 23 2013,54.42,56.28,54.34,55.63,55.63,5012500
Jan 22 2013,54.28,55.55,53.82,54.95,54.95,3556300
Jan 18 2013,53.19,54.70,52.35,54.48,54.48,3405400
Jan 17 2013,54.10,54.18,53.05,53.06,53.06,3317800
Jan 16 2013,52.89,54.85,52.22,54.11,54.11,5347200
Jan 15 2013,53.84,55.20,53.76,54.32,54.32,4553800
Jan 14 2013,53.10,54.48,52.30,54.46,54.46,3583100
Jan 11 2013,51.80,53.04,51.80,52.94,52.94,3757400
Jan 10 2013,52.61,52.78,51.19,52.01,52.01,4126800
Jan 09 2013,53.28,53.55,52.59,53.31,53.31,2667200
Jan 08 2013,52.78,53.23,52.22,53.00,53.00,2706000
Jan 07 2013,51.98,52.85,51.05,52.53,52.53,3303000
Jan 04 2013,52.05,53.54,52.01,52.23,52.23,4481300
Jan 03 2013,51.51,52.45,51.27,52.05,52.05,3302900
Jan 02 2013,52.42,53.24,49.98,51.51,51.51,6010000
Dec 31 2012,49.17,51.22,49.00,51.03,51.03,2893600
Dec 28 2012,48.63,49.75,48.14,49.18,49.18,3243300
Dec 27 2012,50.16,50.75,47.26,49.41,49.41,6371300
Dec 26 2012,53.41,53.54,49.41,50.03,50.03,5508700
Dec 24 2012,53.66,54.09,52.50,53.57,53.57,778200
Dec 21 2012,53.08,53.73,51.75,53.49,53.49,4172000
Dec 20 2012,53.57,55.15,52.70,55.11,55.11,4732900
Dec 19 2012,53.71,55.00,53.32,53.44,53.44,3994500
Dec 18 2012,50.73,53.62,50.73,53.41,53.41,4462300
Dec 17 2012,50.11,51.21,49.23,51.18,51.18,2582200
Dec 14 2012,49.06,50.24,48.70,49.88,49.88,1573400
Dec 13 2012,49.67,50.70,49.11,49.31,49.31,2014500
Dec 12 2012,51.29,51.45,49.53,49.79,49.79,2765000
Dec 11 2012,51.09,51.81,50.55,50.92,50.92,2941000
Dec 10 2012,51.27,51.95,49.00,49.75,49.75,3061200
Dec 07 2012,52.08,52.27,50.98,51.60,51.60,1707600
Dec 06 2012,50.66,52.40,50.10,51.44,51.44,2727600
Dec 05 2012,52.40,52.61,50.28,50.40,50.40,3147800
Dec 04 2012,53.19,53.61,52.25,52.46,52.46,1936900
Dec 03 2012,53.48,53.77,52.90,53.50,53.50,2586100
Nov 30 2012,53.00,53.40,52.27,53.15,53.15,2250100
Nov 29 2012,53.07,53.80,52.32,53.04,53.04,2852400
Nov 28 2012,50.75,53.46,50.75,53.45,53.45,3407900
Nov 27 2012,51.25,52.46,50.67,51.40,51.40,2429500
Nov 26 2012,51.64,51.64,50.41,51.48,51.48,2429800
Nov 23 2012,51.64,51.75,51.18,51.47,51.47,746000
Nov 21 2012,51.75,51.85,50.66,51.24,51.24,1934400
Nov 20 2012,51.01,51.68,50.31,51.39,51.39,3181300
Nov 19 2012,51.75,51.83,50.47,50.61,50.61,3084600
Nov 16 2012,48.52,50.38,48.00,50.32,50.32,4229700
Nov 15 2012,47.97,48.89,46.66,48.49,48.49,4787200
Nov 14 2012,51.42,51.42,47.72,48.11,48.11,6323400
Nov 13 2012,51.69,53.25,50.13,51.01,51.01,13717300
Nov 12 2012,50.98,51.47,50.50,50.58,50.58,4634800
Nov 09 2012,50.25,51.90,50.20,50.43,50.43,5787700
Nov 08 2012,54.59,54.62,50.25,50.70,50.70,8049100
Nov 07 2012,55.06,55.55,53.55,54.61,54.61,2832700
Nov 06 2012,56.07,56.09,55.17,55.82,55.82,2841500
Nov 05 2012,56.20,56.67,55.80,56.49,56.49,1258400
Nov 02 2012,57.99,58.62,55.92,56.20,56.20,3576900
Nov 01 2012,55.33,57.11,54.84,56.97,56.97,2805900
Oct 31 2012,55.36,55.43,53.80,54.69,54.69,1734400
Oct 26 2012,53.96,54.65,53.42,54.49,54.49,1698800
Oct 25 2012,55.51,55.96,53.81,54.06,54.06,1583500
Oct 24 2012,55.80,56.19,54.99,55.25,55.25,1987200
Oct 23 2012,54.47,55.07,53.14,55.00,55.00,3150700
Oct 22 2012,55.06,55.34,54.04,54.80,54.80,2165600
Oct 19 2012,56.59,56.71,54.49,55.05,55.05,2785900
Oct 18 2012,56.56,57.92,55.35,56.47,56.47,4311500
Oct 17 2012,57.07,57.07,55.67,56.07,56.07,2830500
Oct 16 2012,53.98,56.89,53.91,56.80,56.80,5141600
Oct 15 2012,53.00,53.91,52.91,53.89,53.89,1814800
Oct 12 2012,52.65,53.50,52.62,52.98,52.98,1171900
Oct 11 2012,53.03,53.83,52.61,53.09,53.09,3512000
Oct 10 2012,52.38,52.76,51.68,52.23,52.23,2003200
Oct 09 2012,53.34,54.00,51.67,52.05,52.05,4144500
Oct 08 2012,53.33,54.60,53.05,53.33,53.33,2309000
Oct 05 2012,54.00,54.85,52.83,53.46,53.46,3130600
Oct 04 2012,53.43,53.80,53.01,53.43,53.43,1982400
Oct 03 2012,53.71,54.38,52.71,52.97,52.97,4159800
Oct 02 2012,53.11,53.25,52.43,53.01,53.01,1886400
Oct 01 2012,53.80,53.90,52.20,52.90,52.90,3619300
Sep 28 2012,52.79,53.50,51.60,53.18,53.18,4819700
Sep 27 2012,53.03,53.43,51.50,53.26,53.26,3095800
Sep 26 2012,51.93,53.25,51.83,52.80,52.80,5136700
Sep 25 2012,54.20,54.74,52.00,52.30,52.30,25238800
Sep 24 2012,56.60,56.95,54.40,54.50,54.50,5513600
Sep 21 2012,54.75,57.35,54.40,57.35,57.35,10744900
Sep 20 2012,52.03,53.18,51.02,52.49,52.49,2879700
Sep 19 2012,53.01,53.38,52.43,52.52,52.52,1626900
Sep 18 2012,53.67,53.86,52.17,52.60,52.60,2486800
Sep 17 2012,53.38,54.62,53.20,53.95,53.95,2080800
Sep 14 2012,54.71,54.90,53.04,53.59,53.59,2472300
Sep 13 2012,53.52,55.23,52.60,54.14,54.14,4054100
Sep 12 2012,53.84,53.90,52.71,52.99,52.99,1957800
Sep 11 2012,53.03,53.49,52.06,53.32,53.32,4505000
Sep 10 2012,53.75,54.69,53.30,53.50,53.50,3577700
Sep 07 2012,55.55,56.70,55.06,56.03,56.03,2162700
Sep 06 2012,53.24,55.77,52.94,55.50,55.50,3310000
Sep 05 2012,53.55,53.92,52.70,52.98,52.98,1650000
Sep 04 2012,54.00,54.32,53.16,53.49,53.49,2243300
Aug 31 2012,53.33,54.10,52.61,53.95,53.95,2121200
Aug 30 2012,53.43,54.87,52.22,52.55,52.55,4046000
Aug 29 2012,54.03,54.18,53.36,53.49,53.49,2673300
Aug 28 2012,53.56,54.72,53.56,53.84,53.84,2597900
Aug 27 2012,54.49,54.92,53.07,53.69,53.69,3306500
Aug 24 2012,51.68,54.17,51.50,53.92,53.92,3910100
Aug 23 2012,51.83,52.35,51.30,51.67,51.67,2034300
Aug 22 2012,51.48,52.02,50.84,51.83,51.83,2342900
Aug 21 2012,52.23,52.42,51.06,51.50,51.50,2476500
Aug 20 2012,52.38,52.88,51.02,51.96,51.96,3304300
Aug 17 2012,48.54,52.75,48.50,52.09,52.09,5750500
Aug 16 2012,49.52,49.85,47.53,49.53,49.53,6791700
Aug 15 2012,49.93,50.68,49.12,49.39,49.39,5885100
Aug 14 2012,48.10,49.65,47.74,49.33,49.33,18546000
Aug 13 2012,43.06,43.06,40.89,42.35,42.35,5695400
Aug 10 2012,43.02,43.50,42.05,42.32,42.32,1506600
Aug 09 2012,42.87,43.29,42.21,43.00,43.00,1044800
Aug 08 2012,42.94,43.81,42.50,42.84,42.84,1488600
Aug 07 2012,44.19,45.20,43.23,43.26,43.26,3837400
Aug 06 2012,41.56,43.60,41.22,42.85,42.85,3002800
Aug 03 2012,40.37,41.35,39.85,41.19,41.19,3021800
Aug 02 2012,40.09,40.78,38.94,39.59,39.59,1478600
Aug 01 2012,41.55,41.55,40.17,40.41,40.41,1330100
Jul 31 2012,39.67,41.60,39.67,41.29,41.29,2323300
Jul 30 2012,41.55,42.05,40.54,41.48,41.48,1203200
Jul 27 2012,41.75,42.12,41.05,41.33,41.33,1923000
Jul 26 2012,40.40,42.00,40.40,41.44,41.44,2863100
Jul 25 2012,39.80,40.84,39.24,39.53,39.53,1725500
Jul 24 2012,39.66,40.65,38.90,39.90,39.90,2244900
Jul 23 2012,38.30,39.95,37.77,39.66,39.66,1964900
Jul 20 2012,41.23,41.23,39.80,39.98,39.98,3812800
Jul 19 2012,41.12,42.32,41.02,41.67,41.67,2488900
Jul 18 2012,38.77,41.22,38.67,40.63,40.63,3006100
Jul 17 2012,39.20,39.50,38.18,38.92,38.92,2005000
Jul 16 2012,39.06,39.26,38.50,38.91,38.91,1862600
Jul 13 2012,39.45,40.09,39.04,39.40,39.40,2191800
Jul 12 2012,40.00,40.03,38.62,39.05,39.05,2726500
Jul 11 2012,42.06,42.58,39.80,40.69,40.69,3101900
Jul 10 2012,43.00,43.49,42.18,42.62,42.62,1601700
Jul 09 2012,42.85,43.63,42.16,42.62,42.62,1668100
Jul 06 2012,43.49,43.82,42.69,43.54,43.54,1949900
Jul 05 2012,42.51,44.73,42.27,44.44,44.44,3975400
Jul 03 2012,42.95,43.00,42.30,42.67,42.67,852200
Jul 02 2012,42.03,43.17,41.72,42.89,42.89,2351200
Jun 29 2012,41.72,42.38,39.92,41.84,41.84,2812500
Jun 28 2012,42.47,42.81,39.74,40.69,40.69,5076100
Jun 27 2012,44.00,44.50,42.59,43.21,43.21,3456600
Jun 26 2012,42.61,44.20,42.56,43.94,43.94,2925500
Jun 25 2012,42.20,43.25,41.72,42.54,42.54,2552600
Jun 22 2012,41.59,43.04,41.41,42.86,42.86,4437800
Jun 21 2012,41.96,43.70,41.00,41.35,41.35,3792200
Jun 20 2012,40.80,42.47,40.68,41.97,41.97,3775300
Jun 19 2012,39.88,42.00,39.75,41.11,41.11,4230500
Jun 18 2012,38.62,39.61,37.55,39.41,39.41,2891500
Jun 15 2012,37.88,39.45,36.81,39.25,39.25,6366700
Jun 14 2012,38.72,39.54,37.05,37.69,37.69,4780800
Jun 13 2012,40.84,42.10,38.48,38.84,38.84,7732900
Jun 12 2012,42.38,42.73,38.03,41.10,41.10,22597300
Jun 11 2012,39.00,39.86,37.74,38.18,38.18,4413700
Jun 08 2012,36.52,38.38,35.50,38.37,38.37,3320100
Jun 07 2012,38.56,38.96,35.73,36.04,36.04,3644700
Jun 06 2012,39.40,40.19,38.42,38.59,38.59,1399100
Jun 05 2012,37.50,38.94,37.12,38.73,38.73,1412400
Jun 04 2012,37.75,38.20,35.95,37.37,37.37,1904100
Jun 01 2012,38.10,38.37,36.88,37.76,37.76,2200200
May 31 2012,40.53,40.60,39.02,39.38,39.38,1602600
May 30 2012,41.13,41.73,39.50,40.00,40.00,1948600
May 29 2012,41.54,42.29,41.18,41.95,41.95,1305200
May 25 2012,41.08,41.31,39.90,41.20,41.20,1093500
May 24 2012,41.78,41.93,40.20,40.94,40.94,1318500
May 23 2012,41.56,42.30,40.40,41.96,41.96,1300000
May 22 2012,40.90,42.51,40.80,41.78,41.78,2557600
May 21 2012,37.55,40.96,37.00,40.71,40.71,2625000
May 18 2012,37.85,38.39,37.07,37.55,37.55,2198900
May 17 2012,40.27,40.79,37.60,37.79,37.79,4407600
May 16 2012,40.71,40.83,39.10,40.14,40.14,4753300
May 15 2012,40.36,41.59,40.12,40.75,40.75,2581200
May 14 2012,40.00,40.62,39.53,40.20,40.20,2388100
May 11 2012,39.81,41.39,39.64,40.62,40.62,1929800
May 10 2012,41.97,42.14,38.85,40.18,40.18,4624300
May 09 2012,40.75,42.59,40.60,41.50,41.50,2164100
May 08 2012,41.96,42.90,39.50,41.75,41.75,5772300
May 07 2012,43.57,45.46,43.25,44.10,44.10,2100000
May 04 2012,45.97,46.31,43.42,43.80,43.80,2191100
May 03 2012,48.91,48.91,45.64,45.96,45.96,2367100
May 02 2012,48.19,49.50,47.51,48.62,48.62,2057600
May 01 2012,45.69,48.60,45.40,48.11,48.11,4134900
Apr 30 2012,45.92,46.39,44.82,45.67,45.67,2035600
Apr 27 2012,44.36,46.50,43.20,45.90,45.90,2344000
Apr 26 2012,42.62,44.78,42.60,44.36,44.36,1979600
Apr 25 2012,42.38,42.69,41.01,42.56,42.56,1291600
Apr 24 2012,43.55,44.39,40.95,41.32,41.32,2826200
Apr 23 2012,40.82,43.66,39.73,43.39,43.39,3497900
Apr 20 2012,41.90,42.25,41.20,41.28,41.28,1356300
Apr 19 2012,43.38,44.65,41.61,41.90,41.90,2162600
Apr 18 2012,42.60,43.29,42.25,42.98,42.98,1003800
Apr 17 2012,42.30,43.20,41.91,42.88,42.88,1175100
Apr 16 2012,44.32,44.60,41.08,42.10,42.10,3018800
Apr 13 2012,44.00,44.74,43.03,43.62,43.62,1304100
Apr 12 2012,42.90,44.07,42.79,43.98,43.98,1526900
Apr 11 2012,43.74,44.20,41.39,42.90,42.90,4165800
Apr 10 2012,46.51,46.71,42.30,43.17,43.17,5875100
Apr 09 2012,46.59,47.27,46.40,46.80,46.80,1495600
Apr 05 2012,47.27,48.00,46.96,47.53,47.53,3722600
Apr 04 2012,46.45,47.94,46.30,47.45,47.45,1964300
Apr 03 2012,46.22,47.49,46.22,47.01,47.01,1619500
Apr 02 2012,46.80,47.00,45.92,46.15,46.15,1475400
Mar 30 2012,46.24,46.75,45.00,46.59,46.59,4633700
Mar 29 2012,44.50,45.98,44.46,45.69,45.69,2601900
Mar 28 2012,46.07,46.42,44.95,45.02,45.02,3189100
Mar 27 2012,47.27,47.35,46.35,46.53,46.53,2376700
Mar 26 2012,47.63,47.75,46.94,47.08,47.08,3688100
Mar 23 2012,46.78,47.83,46.62,47.00,47.00,18077000
Mar 22 2012,48.20,50.48,47.97,48.72,48.72,3695200
Mar 21 2012,48.87,49.25,47.97,48.63,48.63,2443300
Mar 20 2012,47.02,48.33,44.31,48.09,48.09,5487100
Mar 19 2012,46.51,47.41,44.59,45.32,45.32,2699400
Mar 16 2012,47.72,47.97,45.72,46.28,46.28,1299600
Mar 15 2012,48.03,48.17,46.70,47.65,47.65,1219700
Mar 14 2012,48.90,48.90,47.17,47.57,47.57,1576600
Mar 13 2012,48.52,49.93,48.13,48.75,48.75,2468100
Mar 12 2012,46.94,48.60,46.30,48.57,48.57,3081100
Mar 09 2012,47.70,50.69,47.49,49.59,49.59,3940400
Mar 08 2012,46.87,47.64,46.29,47.08,47.08,1137000
Mar 07 2012,47.26,47.50,45.44,46.10,46.10,1725500
Mar 06 2012,47.10,47.80,46.36,46.81,46.81,2034300
Mar 05 2012,48.31,49.75,46.34,48.63,48.63,3750400
Mar 02 2012,46.40,48.83,45.34,47.95,47.95,2688000
Mar 01 2012,43.69,46.50,43.60,45.73,45.73,2651200
Feb 29 2012,42.72,44.15,42.24,43.25,43.25,1183000
Feb 28 2012,43.90,43.90,42.26,42.69,42.69,1029500
Feb 27 2012,41.82,44.02,41.57,43.66,43.66,1631400
Feb 24 2012,41.07,42.20,40.61,41.51,41.51,683200
Feb 23 2012,40.76,42.80,40.67,40.76,40.76,1174600
Feb 22 2012,40.66,42.05,39.62,41.05,41.05,1773300
Feb 21 2012,42.07,42.11,40.17,41.10,41.10,1417300
Feb 17 2012,42.35,42.70,41.75,41.82,41.82,752000
Feb 16 2012,42.75,43.81,41.51,42.25,42.25,1622400
Feb 15 2012,43.47,44.97,41.88,42.85,42.85,5557000
Feb 14 2012,39.49,43.00,39.25,42.85,42.85,11284200
Feb 13 2012,34.20,34.87,33.02,33.61,33.61,2767800
Feb 10 2012,33.51,33.82,33.38,33.47,33.47,896100
Feb 09 2012,33.71,34.24,33.13,33.97,33.97,1025400
Feb 08 2012,32.98,33.33,31.75,33.21,33.21,1187500
Feb 07 2012,33.31,33.78,32.65,32.66,32.66,1001800
Feb 06 2012,32.64,33.81,32.39,33.13,33.13,1030700
Feb 03 2012,31.81,32.82,31.81,32.51,32.51,936900
Feb 02 2012,31.57,32.00,31.38,31.67,31.67,1047200
Feb 01 2012,31.00,31.74,30.76,31.30,31.30,745100
Jan 31 2012,29.95,31.37,29.45,30.95,30.95,1919900
Jan 30 2012,29.86,29.95,29.32,29.84,29.84,307200
Jan 27 2012,29.74,30.13,29.40,29.85,29.85,890100
Jan 26 2012,30.58,30.65,29.28,29.78,29.78,688600
Jan 25 2012,29.76,30.50,29.65,30.50,30.50,919900
Jan 24 2012,30.22,30.25,29.21,29.50,29.50,1218500
Jan 23 2012,29.71,29.88,28.75,29.76,29.76,831700
Jan 20 2012,28.75,29.61,28.72,29.35,29.35,1809700
Jan 19 2012,28.69,28.80,28.50,28.68,28.68,699100
Jan 18 2012,28.11,28.85,27.95,28.40,28.40,899900
Jan 17 2012,26.78,28.55,26.75,28.05,28.05,2405400
Jan 13 2012,25.93,26.56,25.93,26.56,26.56,613300
Jan 12 2012,26.47,26.47,25.75,26.10,26.10,599700
Jan 11 2012,26.29,26.61,26.13,26.14,26.14,759700
Jan 10 2012,26.47,26.63,26.24,26.42,26.42,926800
Jan 09 2012,25.87,26.27,25.87,26.20,26.20,635100
Jan 06 2012,26.45,26.72,25.95,26.00,26.00,1680800
Jan 05 2012,26.07,27.06,25.50,26.45,26.45,785100
Jan 04 2012,27.19,27.26,26.36,26.40,26.40,726900
Jan 03 2012,27.25,27.53,27.00,27.15,27.15,726500
Dec 30 2011,27.31,27.35,27.11,27.25,27.25,302400
Dec 29 2011,27.50,27.50,27.22,27.22,27.22,260400
Dec 28 2011,27.58,27.58,27.09,27.41,27.41,595200
Dec 27 2011,27.15,27.33,26.88,27.20,27.20,535100
Dec 23 2011,27.52,27.52,26.84,27.00,27.00,979800
Dec 22 2011,26.45,27.49,26.45,27.27,27.27,1145400
Dec 21 2011,25.64,26.78,25.46,26.55,26.55,2501500
Dec 20 2011,25.02,25.76,25.02,25.45,25.45,1710200
Dec 19 2011,24.50,25.09,24.31,24.88,24.88,3245500
Dec 16 2011,24.45,24.80,23.51,24.10,24.10,3998900

