Jan 08 2019,140.23,140.47,133.36,136.93,136.93,2746300
Jan 07 2019,138.47,141.07,137.39,139.29,139.29,1394000
Jan 04 2019,134.09,138.24,133.35,138.06,138.06,2127000
Jan 03 2019,135.20,136.35,131.35,131.63,131.63,2111100
Jan 02 2019,133.46,139.65,133.40,138.30,138.30,1712600
Dec 28 2018,133.60,136.64,133.32,136.20,136.20,988163
Dec 27 2018,127.91,133.29,127.51,133.28,133.28,1813700
Dec 26 2018,124.97,130.94,122.64,130.84,130.84,3238800
Dec 24 2018,126.57,127.42,123.22,123.28,123.28,1305200
Dec 21 2018,129.11,131.99,126.74,127.16,127.16,3913100
Dec 20 2018,132.12,132.95,126.65,128.31,128.31,4369800
Dec 19 2018,135.59,140.43,129.93,131.12,131.12,3624400
Dec 18 2018,137.03,142.35,136.28,137.93,137.93,2500100
Dec 17 2018,135.03,139.18,133.94,135.68,135.68,2468000
Dec 14 2018,136.13,137.47,133.92,135.37,135.37,3384900
Dec 13 2018,139.51,140.56,137.73,138.76,138.76,1669600
Dec 12 2018,141.07,141.76,137.40,138.45,138.45,3016900
Dec 11 2018,140.41,144.77,137.39,138.29,138.29,2213500
Dec 10 2018,137.31,139.22,135.16,137.82,137.82,2734000
Dec 07 2018,145.62,145.69,137.44,138.03,138.03,3084600
Dec 06 2018,145.00,147.41,142.05,145.73,145.73,5566400
Dec 04 2018,158.53,159.00,148.51,149.69,149.69,5228200
Nov 30 2018,153.00,157.18,150.83,156.96,155.89,3687800
Nov 29 2018,152.32,154.92,151.82,152.75,151.71,1932100
Nov 28 2018,147.59,153.92,145.01,153.84,152.79,3195700
Nov 27 2018,145.41,147.79,144.89,146.83,145.83,2009800
Nov 26 2018,146.50,146.96,144.17,146.80,145.80,1565100
Nov 23 2018,142.89,147.21,142.89,143.94,142.96,866900
Nov 21 2018,145.92,147.58,144.34,144.52,143.53,2289500
Nov 20 2018,140.24,149.11,139.87,143.45,142.47,5228200
Nov 19 2018,146.89,148.58,143.55,143.74,142.76,2539900
Nov 16 2018,142.52,150.66,141.62,148.00,146.99,3791100
Nov 15 2018,142.17,147.78,141.60,146.40,145.40,3211000
Nov 14 2018,145.62,147.66,141.58,142.74,141.76,2439900
Nov 13 2018,145.07,147.13,143.11,143.95,142.97,2885600
Nov 12 2018,145.55,146.01,142.07,142.91,141.93,2439100
Nov 09 2018,149.57,150.86,146.89,147.85,146.84,1872200
Nov 08 2018,149.87,153.31,149.24,151.68,150.64,1245900
Nov 07 2018,153.99,154.00,151.17,151.69,150.65,2577500
Nov 06 2018,146.78,152.39,146.50,152.07,151.03,3236800
Nov 05 2018,151.32,151.50,145.47,147.61,146.60,2217800
Nov 02 2018,152.93,154.10,150.07,151.51,150.47,2911600
Nov 01 2018,142.64,152.04,142.50,151.86,150.82,5792100
Oct 31 2018,141.66,143.07,140.22,141.73,140.76,2805500
Oct 30 2018,135.83,141.08,134.86,139.27,138.32,4018100
Oct 29 2018,140.78,142.52,133.42,135.78,134.85,3766700
Oct 26 2018,138.46,142.26,136.56,139.10,138.15,3769900
Oct 25 2018,141.00,144.05,139.39,142.56,141.59,3134600
Oct 24 2018,144.25,145.23,139.15,139.31,138.36,3910200
Oct 23 2018,139.60,147.66,139.58,146.39,145.39,3865400
Oct 22 2018,146.73,147.59,143.64,144.27,143.28,2741200
Oct 19 2018,145.62,148.55,144.42,145.20,144.21,4117500
Oct 18 2018,145.68,146.54,143.41,145.09,144.10,4326300
Oct 17 2018,152.50,153.96,146.20,147.18,146.17,8786100
Oct 16 2018,144.22,146.45,143.27,145.27,144.28,4536300
Oct 15 2018,142.00,144.19,140.36,142.51,141.54,2699800
Oct 12 2018,142.98,146.64,140.77,143.61,142.63,3765400
Oct 11 2018,140.78,142.88,135.99,137.62,136.68,3971600
Oct 10 2018,142.40,143.67,138.76,139.78,138.83,4553900
Oct 09 2018,145.62,146.00,141.35,144.47,143.48,3902100
Oct 08 2018,147.20,149.11,145.30,146.08,145.08,2440400
Oct 05 2018,148.77,150.45,146.80,147.90,146.89,2336500
Oct 04 2018,150.97,151.00,147.63,149.01,147.99,2698200
Oct 03 2018,151.84,153.31,150.22,152.17,151.13,1674500
Oct 02 2018,149.50,154.85,149.28,151.08,150.05,2803300
Oct 01 2018,150.63,151.86,149.18,150.24,149.21,2359500
Sep 28 2018,150.48,153.30,149.14,151.70,150.66,2155200
Sep 27 2018,150.21,151.74,148.54,150.57,149.54,2238400
Sep 26 2018,148.05,151.76,147.54,148.81,147.79,3451400
Sep 25 2018,155.01,155.01,150.51,151.29,150.26,3430200
Sep 24 2018,154.96,155.29,152.51,154.74,153.68,1980000
Sep 21 2018,153.51,156.55,153.51,155.68,154.62,4191000
Sep 20 2018,154.86,157.04,154.33,155.28,154.22,2450200
Sep 19 2018,155.36,155.36,152.72,153.19,152.14,2101400
Sep 18 2018,152.36,155.47,152.36,153.65,152.60,1527000
Sep 17 2018,152.84,154.42,151.82,152.10,151.06,1940900
Sep 14 2018,153.76,155.74,151.89,153.46,152.41,2485200
Sep 13 2018,152.00,154.41,151.02,153.12,152.07,3150400
Sep 12 2018,150.25,151.80,149.02,150.37,149.34,5001800
Sep 11 2018,155.00,156.20,153.19,155.40,154.34,3501200
Sep 07 2018,158.60,161.42,158.52,159.58,157.40,3193200
Sep 06 2018,170.30,170.85,159.99,160.05,157.86,5666100
Sep 05 2018,170.61,172.32,169.17,172.04,169.69,2923300
Sep 04 2018,171.75,172.92,168.34,171.96,169.61,2606000
Aug 31 2018,172.28,174.67,171.72,173.09,170.72,2212200
Aug 30 2018,172.50,174.62,172.15,172.47,170.11,2155000
Aug 29 2018,173.28,174.94,171.87,172.62,170.26,2319600
Aug 28 2018,173.23,174.32,170.80,174.14,171.76,3547600
Aug 27 2018,173.00,178.08,172.95,176.21,173.80,3168700
Aug 24 2018,174.04,174.15,171.44,172.46,170.10,2012300
Aug 23 2018,172.59,174.45,172.30,172.77,170.41,2222000
Aug 22 2018,173.43,175.09,172.70,173.08,170.71,1718100
Aug 21 2018,172.26,175.50,171.58,174.39,172.00,2719400
Aug 20 2018,169.57,172.01,166.97,171.28,168.94,2537400
Aug 17 2018,170.86,171.12,166.32,169.91,167.59,4219300
Aug 16 2018,173.88,176.70,172.30,174.29,171.91,2600400
Aug 15 2018,174.44,174.82,170.89,172.83,170.47,2915400
Aug 14 2018,178.58,179.65,176.42,176.69,174.27,1920100
Aug 13 2018,178.86,179.10,176.05,178.15,175.71,2184300
Aug 10 2018,180.57,181.43,177.44,178.10,175.66,2962300
Aug 09 2018,186.68,187.64,182.74,184.49,181.97,3289800
Aug 08 2018,185.05,190.50,184.71,190.02,187.42,2128800
Aug 07 2018,188.75,188.98,183.65,185.91,183.37,2727700
Aug 06 2018,186.21,188.58,186.16,188.31,185.73,1793000
Aug 03 2018,186.80,188.09,185.83,187.29,184.73,1507500
Aug 02 2018,183.78,188.08,183.62,187.10,184.54,1819200
Aug 01 2018,189.87,190.80,185.84,186.29,183.74,2559000
Jul 31 2018,190.07,196.70,189.74,190.64,188.03,3417700
Jul 30 2018,189.49,190.00,185.88,187.84,185.27,3412000
Jul 27 2018,185.00,193.45,184.56,190.02,187.42,8073700
Jul 26 2018,172.26,177.64,172.00,177.26,174.83,3841600
Jul 25 2018,173.49,174.38,170.44,172.80,170.44,2232300
Jul 24 2018,176.18,179.19,173.00,173.39,171.02,2300200
Jul 23 2018,176.30,176.50,171.53,174.84,172.45,2295400
Jul 20 2018,178.18,178.44,175.90,177.81,175.38,1720800
Jul 19 2018,180.11,181.47,177.83,178.23,175.79,2015200
Jul 18 2018,183.04,183.88,179.05,181.32,178.84,3297100
Jul 17 2018,170.53,178.04,170.53,177.24,174.81,2419400
Jul 16 2018,171.12,172.90,170.77,171.79,169.44,1873500
Jul 13 2018,172.26,174.20,171.27,171.79,169.44,2132300
Jul 12 2018,170.11,173.42,169.72,171.32,168.98,2687100
Jul 11 2018,174.50,175.99,168.82,169.26,166.94,3450900
Jul 10 2018,177.02,177.93,175.10,176.40,173.99,1977100
Jul 09 2018,175.73,177.12,172.30,177.02,174.60,2055900
Jul 06 2018,171.30,174.09,169.00,173.86,171.48,2354300
Jul 05 2018,169.31,172.30,169.29,171.82,169.47,2386200
Jul 03 2018,173.19,173.50,166.89,167.25,164.96,2048400
Jul 02 2018,169.99,173.27,168.61,173.05,170.68,2115300
Jun 29 2018,172.55,174.84,172.24,172.85,170.48,3201600
Jun 28 2018,168.01,171.14,166.37,170.87,168.53,3354600
Jun 27 2018,175.00,175.49,169.79,169.80,167.48,2685800
Jun 26 2018,175.52,175.75,171.74,173.93,171.55,3505800
Jun 25 2018,172.21,173.00,167.62,171.01,168.67,3618000
Jun 22 2018,177.49,177.60,172.94,174.70,172.31,2950300
Jun 21 2018,178.17,179.25,175.39,176.05,173.64,3282700
Jun 20 2018,175.48,176.29,173.19,174.54,172.15,2775900
Jun 19 2018,170.90,174.83,170.51,173.35,170.98,3736200
Jun 18 2018,176.63,176.70,174.00,174.20,171.82,4518700
Jun 15 2018,179.26,180.90,178.00,178.41,175.97,4355300
Jun 14 2018,185.17,186.55,180.97,181.17,178.69,4386600
Jun 13 2018,184.21,188.50,184.03,184.59,182.06,4489500
Jun 12 2018,184.90,187.02,183.35,186.93,184.37,3661500
Jun 11 2018,187.65,187.83,183.19,183.71,181.20,5443400
Jun 08 2018,186.13,188.29,185.40,188.03,185.46,5272600
Jun 07 2018,192.26,192.78,184.81,188.83,186.25,12775200
Jun 06 2018,202.48,202.52,196.88,199.61,196.88,3925400
Jun 05 2018,204.66,205.47,201.43,201.84,199.08,2507900
Jun 01 2018,200.00,203.78,198.69,202.68,198.83,3437100
May 31 2018,200.66,202.10,197.85,198.18,194.42,3078300
May 30 2018,202.13,204.74,200.70,201.83,198.00,2812100
May 29 2018,200.28,202.91,198.26,200.28,196.48,2049500
May 25 2018,202.98,203.89,201.18,202.03,198.19,2263700
May 24 2018,203.55,204.95,200.79,204.37,200.49,2124000
May 23 2018,199.98,203.97,199.80,203.31,199.45,1968800
May 22 2018,202.25,205.32,202.00,202.98,199.13,2778800
May 21 2018,199.34,200.94,196.50,199.87,196.08,2534600
May 18 2018,195.25,197.88,192.18,195.49,191.78,5250100
May 17 2018,205.66,206.37,201.73,203.33,199.47,2607700
May 16 2018,203.41,208.19,202.66,206.91,202.98,2254500
May 15 2018,203.41,204.30,199.77,202.19,198.35,1921400
May 14 2018,205.10,209.92,203.20,204.03,200.16,3343700
May 11 2018,202.42,204.76,200.89,201.55,197.72,1945500
May 10 2018,201.23,204.39,200.67,204.01,200.14,1890300
May 09 2018,195.60,200.02,195.15,199.72,195.93,2390900
May 08 2018,192.60,195.75,192.06,194.86,191.16,2148100
May 07 2018,196.11,196.95,192.72,193.48,189.81,3304700
May 04 2018,188.00,196.88,187.63,195.47,191.76,3282700
May 03 2018,187.75,190.53,185.61,189.43,185.83,2181500
May 02 2018,190.29,191.95,188.29,189.52,185.92,2194800
May 01 2018,184.14,190.58,183.74,190.39,186.78,2833700
Apr 30 2018,187.35,188.89,183.96,185.06,181.55,2990200
Apr 27 2018,192.28,192.69,185.60,187.26,183.70,3044800
Apr 26 2018,190.89,192.99,188.82,190.40,186.79,3611300
Apr 25 2018,185.99,189.58,181.67,186.67,183.13,3124800
Apr 24 2018,193.87,195.44,182.61,185.82,182.29,5034700
Apr 23 2018,193.50,196.40,190.44,191.86,188.22,3488900
Apr 20 2018,190.71,195.06,189.99,191.91,188.27,4980700
Apr 19 2018,198.58,201.14,188.79,190.39,186.78,8773400
Apr 18 2018,200.24,204.56,196.50,203.77,199.90,9114900
Apr 17 2018,207.22,212.85,206.26,212.33,208.30,6084500
Apr 16 2018,205.25,205.91,201.60,203.55,199.69,1941100
Apr 13 2018,208.55,208.58,202.77,203.74,199.87,2161400
Apr 12 2018,203.82,206.94,202.25,206.02,202.11,3084300
Apr 11 2018,198.25,203.46,197.71,200.86,197.05,2449800
Apr 10 2018,198.91,202.06,196.13,200.17,196.37,2707700
Apr 09 2018,192.83,199.72,192.11,193.12,189.45,2656700
Apr 06 2018,190.91,196.27,189.09,190.65,187.03,3123900
Apr 05 2018,202.68,203.41,192.21,195.02,191.32,3533900
Apr 04 2018,190.50,202.66,190.50,201.67,197.84,3699700
Apr 03 2018,197.92,199.57,193.94,197.97,194.21,2682400
Apr 02 2018,201.49,202.89,191.35,193.87,190.19,3550500
Mar 29 2018,198.10,207.50,196.98,203.16,199.30,3578200
Mar 28 2018,199.63,201.75,194.26,196.21,192.48,3523900
Mar 27 2018,219.23,219.46,200.66,202.62,198.77,4292300
Mar 26 2018,210.65,215.02,207.27,214.96,210.88,3458800
Mar 23 2018,214.05,215.47,202.56,202.63,198.78,5223500
Mar 22 2018,220.50,222.93,214.65,214.82,210.74,3249500
Mar 21 2018,221.87,227.82,221.01,224.28,220.02,3567500
Mar 20 2018,218.49,221.19,217.95,219.13,214.97,2223800
Mar 19 2018,218.36,219.04,212.05,217.58,213.45,4098100
Mar 16 2018,224.18,225.00,221.29,221.92,217.71,2495800
Mar 15 2018,224.00,227.00,222.55,223.08,218.84,2446200
Mar 14 2018,223.00,226.13,221.06,222.64,218.41,3291900
Mar 13 2018,230.04,234.88,222.43,223.97,219.72,4946200
Mar 12 2018,225.50,230.00,223.00,228.65,224.31,4928800
Mar 09 2018,214.28,226.08,213.94,224.95,220.68,6656800
Mar 08 2018,214.00,214.94,210.95,212.74,208.70,3780400
Mar 07 2018,205.83,212.36,204.14,211.74,207.72,5625600
Mar 06 2018,200.14,209.50,199.51,207.94,203.99,7636300
Mar 02 2018,185.05,194.89,182.16,194.53,190.36,2775800
Mar 01 2018,192.49,195.64,188.12,190.07,185.99,3003600
Feb 28 2018,194.44,196.67,191.33,191.86,187.74,3608300
Feb 27 2018,198.15,199.79,193.37,193.47,189.32,2822300
Feb 26 2018,194.57,198.97,193.15,198.43,194.17,2363100
Feb 23 2018,190.24,193.67,188.61,193.10,188.96,2227300
Feb 22 2018,190.16,190.44,186.93,188.36,184.32,1752900
Feb 21 2018,194.55,195.00,189.20,189.23,185.17,3271300
Feb 20 2018,186.93,196.05,186.41,193.44,189.29,3296500
Feb 16 2018,184.76,191.21,184.65,187.91,183.88,4335600
Feb 15 2018,182.97,185.78,179.12,185.71,181.73,4179200
Feb 14 2018,171.40,183.09,171.00,183.01,179.08,5837000
Feb 13 2018,171.57,172.73,168.12,172.56,168.86,2841600
Feb 12 2018,168.41,174.48,167.27,172.95,169.24,4150700
Feb 09 2018,165.82,167.29,156.83,165.87,162.31,5937100
Feb 08 2018,172.66,173.07,162.21,162.23,158.75,4934400
Feb 07 2018,175.83,179.43,171.60,171.63,167.95,3403300
Feb 06 2018,168.50,179.00,167.32,178.34,174.51,5890300
Feb 05 2018,175.50,182.90,170.32,170.35,166.70,5895300
Feb 02 2018,186.71,186.82,178.37,179.06,175.22,5527600
Feb 01 2018,190.00,194.13,188.20,189.11,185.05,3053500
Jan 31 2018,192.91,193.83,190.25,191.52,187.41,2838400
Jan 30 2018,192.10,195.29,189.25,191.08,186.98,3794600
Jan 29 2018,201.24,202.28,193.28,195.97,191.77,4006000
Jan 26 2018,201.95,206.42,200.28,202.57,198.22,4761600
Jan 25 2018,216.00,218.48,199.00,199.25,194.98,8278800
Jan 24 2018,214.19,214.19,206.56,209.73,205.23,5464900
Jan 23 2018,211.03,215.14,210.00,215.07,210.46,4339700
Jan 22 2018,208.40,209.84,207.20,209.19,204.70,2823100
Jan 19 2018,205.85,207.55,203.10,207.53,203.08,2615000
Jan 18 2018,203.00,206.35,199.76,205.45,201.04,4198800
Jan 17 2018,194.53,205.66,193.75,205.08,200.68,6416500
Jan 16 2018,192.18,195.82,188.40,190.39,186.31,4251100
Jan 12 2018,189.12,191.38,188.30,188.51,184.47,2788100
Jan 11 2018,192.06,192.82,188.41,189.12,185.06,2816400
Jan 10 2018,194.34,195.23,190.29,191.66,187.55,3510800
Jan 09 2018,198.22,199.75,193.37,197.57,193.33,2955000
Jan 08 2018,196.33,199.49,196.25,197.88,193.63,2762700
Jan 05 2018,194.90,197.18,194.45,196.40,192.19,1713000
Jan 04 2018,195.00,196.85,193.15,193.38,189.23,2227200
Jan 03 2018,190.68,193.82,189.62,192.50,188.37,2583300
Jan 02 2018,185.15,189.52,183.87,189.28,185.22,2037300
Dec 29 2017,185.58,186.72,184.02,184.07,180.12,1381000
Dec 28 2017,185.94,187.00,184.90,185.54,181.56,1310100
Dec 27 2017,184.76,187.03,184.00,185.37,181.39,1610500
Dec 26 2017,184.26,186.69,182.31,184.31,180.36,1706500
Dec 22 2017,185.25,187.99,184.10,186.69,182.68,1580400
Dec 21 2017,188.79,189.15,184.75,185.64,181.66,2671900
Dec 20 2017,190.90,191.84,187.30,188.83,184.78,3290600
Dec 19 2017,188.13,189.42,185.65,186.11,182.12,2391400
Dec 18 2017,187.65,190.81,186.70,189.07,185.01,3414000
Dec 15 2017,183.29,187.46,181.81,186.32,182.32,3977900
Dec 14 2017,181.30,184.43,180.99,182.10,178.19,2956700
Dec 13 2017,181.75,184.82,181.28,181.31,177.42,3228700
Dec 12 2017,184.55,185.37,181.14,181.57,177.67,2207200
Dec 11 2017,187.72,188.20,184.00,185.56,181.58,2803000
Dec 08 2017,191.25,193.00,186.03,186.46,182.46,3476300
Dec 07 2017,187.09,190.12,185.77,189.16,185.10,3334600
Dec 06 2017,179.05,184.32,177.50,184.23,180.28,3991600
Dec 05 2017,180.00,186.77,175.80,180.53,176.66,5164800
Dec 01 2017,190.00,191.27,180.69,187.81,183.27,5659600
Nov 30 2017,197.41,198.73,191.31,192.33,187.68,5047700
Nov 29 2017,211.65,211.87,189.26,194.64,189.94,7981000
Nov 28 2017,211.63,215.39,209.73,213.14,207.99,2496600
Nov 27 2017,212.57,213.46,208.00,210.93,205.83,2732700
Nov 24 2017,216.08,217.52,215.63,216.83,211.59,808700
Nov 22 2017,219.20,219.50,214.24,215.17,209.97,1882900
Nov 21 2017,217.15,219.70,216.54,218.91,213.62,2149400
Nov 20 2017,211.72,216.21,211.55,215.10,209.90,1949400
Nov 17 2017,216.87,217.00,209.55,210.47,205.38,1960200
Nov 16 2017,208.51,214.72,208.50,213.22,208.07,2259500
Nov 15 2017,210.00,210.85,206.05,207.86,202.84,2177800
Nov 14 2017,208.76,209.40,206.55,208.64,203.60,1005200
Nov 13 2017,205.37,209.37,204.56,209.23,204.17,1457600
Nov 10 2017,205.86,207.65,204.56,207.39,202.38,1715600
Nov 09 2017,209.38,209.83,203.25,206.29,201.31,2125100
Nov 08 2017,209.20,211.41,206.88,211.24,206.14,1565000
Nov 07 2017,206.58,209.85,206.50,209.19,204.14,1360200
Nov 06 2017,207.57,207.87,204.40,206.67,201.68,2248400
Nov 03 2017,207.20,207.95,205.02,207.07,202.07,1882800
Nov 02 2017,203.00,207.02,201.51,206.82,201.82,2365800
Nov 01 2017,210.45,210.45,200.54,202.92,198.02,2806400
Oct 31 2017,207.33,210.09,206.52,208.57,203.53,1646400
Oct 30 2017,206.87,208.20,204.50,206.20,201.22,1389500
Oct 27 2017,208.06,208.40,204.50,208.00,202.97,1984700
Oct 26 2017,204.70,208.65,204.28,206.78,201.78,1869200
Oct 25 2017,205.80,205.80,199.00,203.07,198.16,2662000
Oct 24 2017,206.67,206.76,203.27,205.84,200.87,1975600
Oct 23 2017,206.22,208.41,204.05,205.89,200.92,2842600
Oct 20 2017,202.50,206.34,202.44,205.34,200.38,3105200
Oct 19 2017,198.39,201.00,194.93,200.98,196.12,3019500
Oct 18 2017,197.08,200.91,193.12,200.49,195.65,5396300
Oct 17 2017,195.09,195.49,191.90,194.55,189.85,3837000
Oct 16 2017,191.00,193.85,190.34,192.36,187.71,2836300
Oct 13 2017,188.64,190.31,187.52,189.90,185.31,1557100
Oct 12 2017,186.11,189.11,186.11,186.99,182.47,2138700
Oct 11 2017,184.22,186.21,183.95,186.18,181.68,1627900
Oct 10 2017,186.13,186.35,181.95,184.90,180.43,1570800
Oct 09 2017,185.00,185.95,183.73,184.66,180.20,1113100
Oct 06 2017,182.58,185.03,182.36,184.83,180.36,1016800
Oct 05 2017,185.27,185.57,180.79,182.82,178.40,1589300
Oct 04 2017,183.97,185.27,182.10,185.02,180.55,2364600
Oct 03 2017,186.51,186.70,182.82,184.87,180.40,1482600
Oct 02 2017,185.04,187.57,183.45,185.95,181.46,2101500
Sep 29 2017,182.90,185.23,181.42,185.04,180.57,1789300
Sep 28 2017,178.59,182.08,177.69,181.82,177.43,2061700
Sep 27 2017,175.10,180.63,173.06,179.39,175.06,3040300
Sep 26 2017,172.32,172.66,167.52,169.44,165.35,2549800
Sep 25 2017,176.00,176.00,170.00,170.17,166.06,2213000
Sep 22 2017,171.71,176.96,171.40,176.73,172.46,1582800
Sep 21 2017,173.17,173.54,170.13,172.28,168.12,2165700
Sep 20 2017,177.41,177.64,170.40,173.02,168.84,2341900
Sep 19 2017,177.57,178.03,176.00,177.12,172.84,2147100
Sep 18 2017,174.41,178.18,173.95,177.31,173.03,2820000
Sep 15 2017,172.61,174.13,171.85,172.99,168.81,2691100
Sep 14 2017,170.84,174.37,170.29,172.58,168.41,1942200
Sep 13 2017,172.29,172.49,169.88,171.52,167.38,1427100
Sep 12 2017,170.22,172.56,168.93,171.67,167.52,1689700
Sep 08 2017,167.74,168.70,165.30,165.75,161.32,1729600
Sep 07 2017,165.33,168.70,164.84,168.59,164.08,1357000
Sep 06 2017,165.25,165.85,163.04,165.01,160.60,1942100
Sep 05 2017,165.69,166.40,162.52,164.10,159.71,1538300
Sep 01 2017,166.02,169.15,165.44,166.86,162.40,1570600
Aug 31 2017,165.62,167.32,165.18,165.98,161.54,1792400
Aug 30 2017,162.43,165.00,161.77,164.99,160.58,1571300
Aug 29 2017,158.62,162.84,158.10,162.32,157.98,1232100
Aug 28 2017,158.33,161.04,157.74,160.67,156.37,1258200
Aug 25 2017,159.30,159.97,156.52,157.86,153.64,1271900
Aug 24 2017,162.21,162.80,158.09,158.82,154.57,1473700
Aug 23 2017,163.14,163.97,160.74,161.70,157.38,1815800
Aug 22 2017,159.21,164.17,159.21,163.81,159.43,2522300
Aug 21 2017,161.12,161.46,157.02,158.40,154.16,1554800
Aug 18 2017,160.20,161.87,158.35,160.49,156.20,1924600
Aug 17 2017,162.50,163.57,158.30,158.46,154.22,1960500
Aug 16 2017,161.45,165.19,160.64,163.22,158.85,5098800
Aug 15 2017,158.59,160.61,157.77,160.21,155.93,1817400
Aug 14 2017,156.60,158.92,156.21,158.55,154.31,2126300
Aug 11 2017,149.85,154.43,149.82,154.26,150.13,1790900
Aug 10 2017,153.86,154.19,149.04,149.44,145.44,2613400
Aug 09 2017,155.46,156.36,153.37,155.20,151.05,1956400
Aug 08 2017,155.85,157.86,154.05,155.75,151.58,2753200
Aug 07 2017,150.45,155.90,150.04,155.84,151.67,2751800
Aug 04 2017,149.35,152.26,148.36,150.05,146.04,2153800
Aug 03 2017,149.50,151.49,148.26,148.90,144.92,3146100
Aug 02 2017,158.97,158.98,149.77,151.55,147.50,4787200
Aug 01 2017,160.44,160.49,157.17,157.46,153.25,2592500
Jul 31 2017,162.60,163.00,158.79,159.46,155.20,2437700
Jul 28 2017,164.25,164.97,160.78,161.60,157.28,2740000
Jul 27 2017,168.92,170.00,161.27,164.76,160.35,5665200
Jul 26 2017,165.40,168.44,165.22,168.34,163.84,3310800
Jul 25 2017,164.08,164.82,162.48,164.46,160.06,2082800
Jul 24 2017,163.50,164.68,163.15,164.12,159.73,1445700
Jul 21 2017,163.92,163.92,162.29,163.53,159.16,1847400
Jul 20 2017,164.98,165.12,161.82,164.80,160.39,2375900
Jul 19 2017,160.50,164.55,160.25,164.23,159.84,2711700
Jul 18 2017,157.00,159.59,156.24,159.35,155.09,1832000
Jul 17 2017,157.78,158.31,155.75,156.98,152.78,1657900
Jul 14 2017,155.69,157.61,154.96,157.30,153.09,1459800
Jul 13 2017,155.05,156.31,154.16,154.94,150.80,1461100
Jul 12 2017,155.41,156.35,152.92,154.58,150.45,1782700
Jul 11 2017,151.31,154.82,151.01,153.72,149.61,2753800
Jul 10 2017,148.73,151.01,147.86,150.84,146.81,2279000
Jul 07 2017,147.00,149.68,146.44,148.13,144.17,2956300
Jul 06 2017,141.44,144.72,140.67,143.89,140.04,2796700
Jul 05 2017,140.42,142.70,139.94,142.53,138.72,2618900
Jul 03 2017,142.71,143.38,139.24,139.29,135.56,1569700
Jun 30 2017,143.37,143.57,140.83,141.43,137.65,2938700
Jun 29 2017,146.08,146.50,140.01,142.35,138.54,3111200
Jun 28 2017,145.17,148.17,142.80,147.83,143.88,2910200
Jun 27 2017,148.26,148.57,144.44,144.62,140.75,3408900
Jun 26 2017,152.46,153.61,148.36,148.99,145.01,2606600
Jun 23 2017,149.81,152.82,149.52,151.78,147.72,3074100
Jun 22 2017,151.51,152.42,149.52,150.04,146.03,1581400
Jun 21 2017,150.31,151.25,149.15,150.92,146.88,1885500
Jun 20 2017,151.50,152.94,149.53,150.11,146.10,2459500
Jun 19 2017,150.19,151.95,149.90,151.00,146.96,3081400
Jun 16 2017,148.83,150.97,147.66,148.21,144.25,4113400
Jun 15 2017,149.58,150.76,147.60,148.48,144.51,4160900
Jun 14 2017,155.35,155.96,150.41,152.75,148.66,2830700
Jun 13 2017,156.66,157.91,152.90,155.12,150.97,2760800
Jun 12 2017,155.51,155.86,148.75,154.51,150.38,5473900
Jun 09 2017,165.35,167.05,154.38,157.78,153.56,3834000
Jun 08 2017,163.44,164.99,162.47,164.97,160.56,2261100
Jun 07 2017,162.06,162.69,160.99,162.30,157.96,2081300
Jun 06 2017,160.24,164.12,159.68,161.01,156.70,2406700
Jun 05 2017,158.89,160.50,158.07,160.29,156.00,1820300
Jun 01 2017,155.26,156.53,154.95,156.44,151.82,1465800
May 31 2017,157.04,157.49,154.72,155.17,150.59,2894400
May 30 2017,155.45,157.77,155.00,156.87,152.24,2077000
May 26 2017,153.49,155.44,153.09,155.12,150.54,2005600
May 25 2017,153.68,154.37,152.54,153.90,149.36,1906100
May 24 2017,154.05,154.26,152.29,152.88,148.37,1454000
May 23 2017,153.33,154.09,151.19,153.43,148.90,1516300
May 22 2017,152.75,153.38,151.15,152.91,148.40,1923500
May 19 2017,151.56,153.10,150.64,152.40,147.90,3468900
May 18 2017,146.68,150.12,145.13,149.81,145.39,2771700
May 17 2017,150.84,151.00,147.26,147.27,142.92,2291900
May 16 2017,151.87,152.57,150.54,152.56,148.06,2259400
May 15 2017,150.07,151.68,149.96,151.27,146.81,1854900
May 12 2017,149.71,150.13,148.08,149.58,145.17,1575500
May 11 2017,148.89,150.12,147.94,149.92,145.50,1792500
May 10 2017,151.13,151.50,149.09,149.15,144.75,1876700
May 09 2017,149.51,150.75,149.43,150.54,146.10,1584400
May 08 2017,150.03,150.79,148.99,149.12,144.72,1496200
May 05 2017,150.96,151.00,148.42,150.31,145.88,1572700
May 04 2017,149.93,150.66,148.92,150.61,146.17,1511400
May 03 2017,149.55,150.30,148.52,150.08,145.65,1937800
May 02 2017,149.80,149.99,147.67,149.32,144.91,2069500
May 01 2017,145.93,149.34,145.72,149.22,144.82,2093100
Apr 28 2017,146.50,147.16,144.54,144.85,140.58,2049700
Apr 27 2017,146.28,148.00,146.10,147.00,142.66,1589800
Apr 26 2017,145.57,146.11,144.00,145.51,141.22,1907800
Apr 25 2017,143.71,145.96,142.51,145.76,141.46,2400000
Apr 24 2017,142.58,142.88,141.13,142.51,138.31,2218700
Apr 21 2017,139.15,140.23,137.55,139.98,135.85,3260900
Apr 20 2017,137.00,139.71,136.41,139.36,135.25,3145900
Apr 19 2017,133.86,136.40,132.50,136.17,132.15,5801000
Apr 18 2017,126.78,127.81,125.97,127.43,123.67,2110900
Apr 17 2017,125.74,127.46,125.74,127.33,123.57,1173700
Apr 13 2017,125.80,127.28,124.91,125.17,121.48,1362900
Apr 12 2017,127.46,127.67,125.51,126.16,122.44,1290900
Apr 11 2017,128.36,128.78,125.33,127.23,123.48,1566900
Apr 10 2017,129.07,129.75,128.35,128.80,125.00,1026400
Apr 07 2017,128.83,129.82,128.20,129.30,125.49,695700
Apr 06 2017,127.69,128.91,126.84,128.86,125.06,1310000
Apr 05 2017,129.50,130.13,127.67,127.77,124.00,1375300
Apr 04 2017,127.98,128.93,127.64,128.89,125.09,996000
Apr 03 2017,128.62,128.98,127.55,128.42,124.63,1149000
Mar 31 2017,128.29,129.00,128.01,128.36,124.57,1275600
Mar 30 2017,127.90,129.15,127.90,128.70,124.90,926700
Mar 29 2017,127.75,128.00,127.16,127.88,124.11,966800
Mar 28 2017,127.49,128.55,127.14,127.75,123.98,1239300
Mar 27 2017,126.02,128.39,125.65,127.80,124.03,1343100
Mar 24 2017,127.16,129.35,126.72,127.47,123.71,1998300
Mar 23 2017,125.25,126.28,124.82,125.35,121.65,1162300
Mar 22 2017,124.08,125.43,123.96,125.40,121.70,1222900
Mar 21 2017,127.26,127.64,124.00,124.27,120.60,1854500
Mar 20 2017,126.64,127.66,126.33,126.86,123.12,1413400
Mar 17 2017,126.87,127.44,126.16,126.48,122.75,1971800
Mar 16 2017,124.50,126.21,124.17,125.97,122.25,2150400
Mar 15 2017,122.54,124.49,122.25,124.17,120.51,2620300
Mar 14 2017,122.07,122.55,121.17,122.35,118.74,1256100
Mar 13 2017,120.60,122.65,120.00,122.40,118.79,1804000
Mar 10 2017,118.37,120.88,118.37,120.60,117.04,1899100
Mar 09 2017,117.50,118.09,116.94,117.55,114.08,722900
Mar 08 2017,117.77,118.29,117.25,117.73,114.26,826700
Mar 07 2017,118.37,118.90,117.17,117.43,113.97,1437200
Mar 06 2017,117.29,118.45,116.40,118.36,114.87,1405800
Mar 02 2017,118.94,119.52,118.10,118.48,114.55,1103200
Mar 01 2017,118.97,119.91,118.31,119.67,115.70,2329200
Feb 28 2017,119.03,119.42,118.15,118.54,114.61,2334300
Feb 27 2017,118.27,119.40,117.77,119.29,115.33,1631300
Feb 24 2017,116.63,118.81,115.70,118.79,114.85,1268100
Feb 23 2017,119.28,119.31,116.52,117.73,113.82,1350900
Feb 22 2017,117.63,118.59,117.01,118.58,114.64,1610600
Feb 21 2017,114.90,117.96,114.82,117.82,113.91,2375700
Feb 17 2017,114.29,114.90,113.65,114.90,111.09,2112100
Feb 16 2017,116.80,116.83,113.20,114.57,110.77,3108700
Feb 15 2017,115.89,116.37,115.03,116.23,112.37,1344400
Feb 14 2017,116.00,116.27,114.69,115.63,111.79,1214400
Feb 13 2017,117.02,117.67,116.17,116.26,112.40,943400
Feb 10 2017,116.57,116.58,114.95,115.99,112.14,1542800
Feb 09 2017,116.46,116.46,115.74,116.00,112.15,1357200
Feb 08 2017,117.50,117.51,115.70,115.87,112.02,2334400
Feb 07 2017,117.88,117.88,116.15,117.00,113.12,3554100
Feb 06 2017,118.00,118.00,116.84,117.16,113.27,1138900
Feb 03 2017,117.50,118.17,116.91,117.65,113.75,1128700
Feb 02 2017,117.50,117.95,116.14,117.23,113.34,1203400
Feb 01 2017,115.91,117.76,115.52,117.74,113.83,2115500
Jan 31 2017,115.96,116.36,114.52,114.86,111.05,2384500
Jan 30 2017,116.78,117.00,114.72,116.00,112.15,2617300
Jan 27 2017,115.62,119.14,115.35,118.24,114.32,3618000
Jan 26 2017,115.03,116.16,112.86,114.33,110.54,3789200
Jan 25 2017,116.54,117.21,114.52,116.92,113.04,3497500
Jan 24 2017,113.10,114.85,113.10,114.64,110.84,1729300
Jan 23 2017,113.01,114.11,112.21,112.77,109.03,2520200
Jan 20 2017,111.91,112.83,111.34,112.35,108.62,1727500
Jan 19 2017,111.39,112.41,110.50,110.84,107.16,1870400
Jan 18 2017,109.96,111.29,109.33,111.24,107.55,1715600
Jan 17 2017,110.33,110.60,108.46,109.10,105.48,1502700
Jan 13 2017,108.71,111.10,108.63,110.54,106.87,1498600
Jan 12 2017,108.74,108.74,106.80,108.17,104.58,996200
Jan 11 2017,108.68,109.00,107.77,108.99,105.37,1271800
Jan 10 2017,108.97,108.99,107.78,108.47,104.87,1317700
Jan 09 2017,107.80,109.85,107.79,108.86,105.25,1438800
Jan 06 2017,106.88,107.88,106.08,107.60,104.03,1203600
Jan 05 2017,107.52,108.78,107.07,107.08,103.53,1634300
Jan 04 2017,107.61,108.11,106.91,107.32,103.76,1297400
Jan 03 2017,106.68,108.56,105.79,107.26,103.70,1937200
Dec 30 2016,107.89,109.97,105.30,105.73,102.22,897900
Dec 29 2016,107.48,107.52,106.38,107.15,103.59,908000
Dec 28 2016,109.90,110.35,107.51,107.57,104.00,1096300
Dec 27 2016,108.54,109.55,108.28,109.03,105.41,793700
Dec 23 2016,107.42,108.12,107.06,108.06,104.47,1000300
Dec 22 2016,106.87,108.19,106.85,107.69,104.12,1386500
Dec 21 2016,106.68,107.50,106.41,106.48,102.95,1167600
Dec 20 2016,108.19,108.19,106.51,106.85,103.30,1310300
Dec 19 2016,106.73,108.60,106.53,106.99,103.44,2222700
Dec 16 2016,106.10,106.88,104.28,104.45,100.98,2516100
Dec 15 2016,104.62,106.68,104.01,106.12,102.60,1437400
Dec 14 2016,103.98,105.47,103.67,104.44,100.97,1409200
Dec 13 2016,104.16,104.86,103.71,104.06,100.61,1370600
Dec 12 2016,103.39,104.38,103.01,103.63,100.19,1261600
Dec 08 2016,106.10,107.64,105.75,107.15,103.15,1261300
Dec 07 2016,102.99,106.55,102.69,106.55,102.57,2780000
Dec 06 2016,103.98,103.98,101.88,103.05,99.20,2420400
Dec 05 2016,101.42,102.80,100.58,102.40,98.57,2987300
Dec 02 2016,99.19,101.52,98.35,100.49,96.74,2844200
Dec 01 2016,105.65,105.72,97.79,98.58,94.90,6759500
Nov 30 2016,107.55,107.99,106.00,106.02,102.06,1876700
Nov 29 2016,107.29,108.20,106.57,107.57,103.55,2270900
Nov 28 2016,107.42,108.04,106.69,106.77,102.78,2046300
Nov 25 2016,106.95,107.72,106.31,107.54,103.52,789600
Nov 23 2016,106.70,107.06,105.70,106.95,102.95,1455300
Nov 22 2016,106.88,107.37,106.07,106.71,102.72,1979600
Nov 21 2016,104.91,106.29,104.66,106.24,102.27,2135900
Nov 18 2016,103.44,107.25,103.14,104.71,100.80,3709500
Nov 17 2016,101.58,103.85,100.72,103.80,99.92,1839400
Nov 16 2016,100.77,101.29,100.08,101.24,97.46,1291900
Nov 15 2016,99.92,101.46,99.17,101.12,97.34,1996400
Nov 14 2016,97.80,98.92,97.51,98.51,94.83,1769100
Nov 11 2016,95.82,97.64,95.10,97.49,93.85,1693300
Nov 10 2016,98.13,99.44,94.89,95.97,92.38,2707300
Nov 09 2016,96.79,98.24,96.28,98.01,94.35,1964300
Nov 08 2016,98.51,99.65,97.91,99.12,95.42,1503100
Nov 07 2016,96.48,98.58,96.46,98.51,94.83,3657100
Nov 04 2016,94.35,96.17,93.69,95.00,91.45,2226900
Nov 03 2016,95.87,95.94,94.94,95.24,91.68,2343800
Nov 02 2016,95.87,96.63,94.80,95.85,92.27,2846100
Nov 01 2016,97.16,97.43,95.09,96.05,92.46,2533800
Oct 31 2016,96.91,97.41,96.36,96.86,93.24,2006800
Oct 28 2016,97.22,97.80,96.02,96.21,92.62,1603700
Oct 27 2016,98.59,98.90,96.52,96.70,93.09,2327800
Oct 26 2016,97.73,98.68,97.39,97.87,94.21,2355600
Oct 25 2016,99.14,99.17,97.91,98.08,94.42,2217700
Oct 24 2016,98.45,99.30,98.01,98.98,95.28,2064700
Oct 21 2016,96.76,99.13,96.74,97.61,93.96,4329900
Oct 20 2016,100.00,100.96,95.87,96.94,93.32,7921300
Oct 19 2016,99.67,100.18,99.20,99.72,95.99,4282400
Oct 18 2016,99.05,99.69,98.55,99.47,95.75,3465200
Oct 17 2016,97.89,99.11,97.48,98.06,94.40,2206900
Oct 14 2016,98.32,99.16,98.13,98.22,94.55,2680900
Oct 13 2016,98.12,98.12,96.91,97.73,94.08,3451400
Oct 12 2016,98.19,99.09,96.81,98.68,94.99,3960800
Oct 11 2016,101.61,101.64,98.64,99.59,95.87,4912600
Oct 10 2016,100.97,102.44,100.61,102.15,98.33,3484500
Oct 07 2016,99.86,100.89,98.82,100.35,96.60,5797100
Oct 06 2016,98.85,100.47,97.82,100.19,96.45,10274600
Oct 05 2016,94.71,96.50,94.40,96.17,92.58,3194300
Oct 04 2016,94.56,95.40,94.26,94.83,91.29,2687000
Oct 03 2016,94.15,95.33,94.08,94.59,91.06,2012500
Sep 30 2016,93.67,95.39,93.42,94.71,91.17,3194300
Sep 29 2016,92.90,94.10,92.48,93.23,89.75,3104000
Sep 28 2016,92.72,93.20,92.18,92.94,89.47,1227500
Sep 27 2016,90.56,92.64,90.56,92.51,89.05,1680100
Sep 26 2016,91.51,91.74,90.97,91.41,87.99,1702700
Sep 23 2016,92.43,92.95,91.72,91.78,88.35,1724600
Sep 22 2016,93.58,93.88,92.09,92.69,89.23,2650500
Sep 21 2016,92.52,93.31,91.80,93.29,89.80,1846500
Sep 20 2016,92.65,93.11,91.72,91.98,88.54,1869800
Sep 19 2016,93.78,93.85,91.90,92.15,88.71,1609100
Sep 16 2016,93.18,93.84,91.94,92.96,89.49,2091000
Sep 15 2016,91.57,93.70,91.57,93.36,89.87,2642600
Sep 14 2016,91.78,92.14,90.93,91.57,88.15,2595300
Sep 13 2016,92.46,93.17,90.99,91.54,88.12,2368900
Sep 12 2016,89.85,93.59,89.80,93.27,89.78,1855700
Sep 08 2016,93.50,94.24,93.16,93.57,89.78,1196000
Sep 07 2016,93.45,94.48,93.39,94.04,90.23,2465100
Sep 06 2016,93.88,94.85,93.12,93.70,89.90,1975600
Sep 02 2016,95.24,95.41,93.69,94.36,90.54,1619400
Sep 01 2016,93.60,94.77,92.79,94.63,90.79,1899400
Aug 31 2016,93.00,93.48,92.31,93.32,89.54,1734100
Aug 30 2016,94.55,94.75,92.74,92.98,89.21,2224600
Aug 29 2016,93.86,95.77,93.01,94.34,90.52,1699600
Aug 26 2016,93.41,94.15,92.76,93.81,90.01,1689200
Aug 25 2016,92.79,93.95,92.60,93.44,89.65,1689700
Aug 24 2016,93.90,94.17,92.34,92.69,88.93,1611600
Aug 23 2016,94.35,94.88,93.47,93.88,90.07,2530900
Aug 22 2016,92.81,93.70,92.40,93.20,89.42,1540100
Aug 19 2016,92.25,93.60,91.46,93.19,89.41,2756400
Aug 18 2016,90.50,91.10,90.00,90.93,87.24,1654300
Aug 17 2016,89.57,90.68,89.50,90.21,86.55,1961600
Aug 16 2016,90.43,90.94,89.84,89.86,86.22,2037000
Aug 15 2016,89.17,91.37,89.10,90.74,87.06,2124000
Aug 12 2016,89.06,90.19,88.51,89.18,85.57,2088000
Aug 11 2016,89.15,89.87,88.58,88.89,85.29,4719700
Aug 10 2016,93.06,93.19,88.13,89.11,85.50,7045700
Aug 09 2016,92.97,93.45,92.63,93.29,89.51,1333400
Aug 08 2016,93.16,93.30,92.49,92.72,88.96,1565400
Aug 05 2016,92.00,93.30,91.75,93.25,89.47,1507300
Aug 04 2016,90.83,92.00,90.36,91.93,88.20,2130500
Aug 03 2016,89.34,90.80,89.19,90.79,87.11,2202800
Aug 02 2016,90.61,91.09,88.96,89.73,86.09,2235300
Aug 01 2016,90.17,90.96,89.79,90.79,87.11,1660500
Jul 29 2016,93.05,93.05,89.67,89.77,86.13,3259500
Jul 28 2016,92.94,93.80,91.60,93.08,89.31,2824500
Jul 27 2016,92.20,92.29,90.97,91.96,88.23,2647400
Jul 26 2016,91.20,92.18,90.36,91.60,87.89,2570400
Jul 25 2016,90.06,90.70,89.64,90.64,86.97,1295900
Jul 22 2016,89.69,90.34,88.99,90.05,86.40,1280300
Jul 21 2016,91.13,91.34,89.00,89.32,85.70,2162500
Jul 20 2016,90.00,91.50,89.46,91.21,87.51,2536300
Jul 19 2016,88.78,90.00,88.16,89.50,85.87,1698100
Jul 18 2016,89.62,89.69,88.42,89.33,85.71,1809000
Jul 15 2016,88.19,88.84,87.63,88.55,84.96,1834100
Jul 14 2016,89.51,89.75,87.82,87.88,84.32,2462500
Jul 13 2016,88.49,89.37,88.22,88.62,85.03,2075200
Jul 12 2016,87.26,88.31,87.00,88.24,84.66,2358400
Jul 11 2016,85.47,86.68,85.00,86.33,82.83,1921900
Jul 08 2016,82.89,85.28,82.63,84.88,81.44,2667100
Jul 07 2016,82.17,83.21,81.53,82.04,78.71,1828800
Jul 06 2016,81.50,82.17,80.68,81.96,78.64,1981400
Jul 05 2016,82.71,82.72,80.98,81.89,78.57,1834400
Jul 01 2016,83.95,83.95,82.79,82.98,79.62,1731700
Jun 30 2016,82.81,84.06,82.18,84.06,80.65,2845600
Jun 29 2016,82.53,83.69,81.27,82.20,78.87,4104600
Jun 28 2016,81.00,81.69,80.51,81.67,78.36,2390700
Jun 27 2016,81.35,81.83,79.15,79.96,76.72,3000500
Jun 24 2016,82.99,85.80,82.28,82.28,78.94,5740700
Jun 23 2016,86.28,87.19,86.15,87.18,83.65,2606900
Jun 22 2016,84.46,85.89,84.36,85.65,82.18,2475700
Jun 21 2016,84.68,85.00,84.07,84.66,81.23,1329300
Jun 20 2016,83.97,84.75,83.57,84.28,80.86,2642700
Jun 17 2016,82.51,82.90,81.74,82.89,79.53,2362500
Jun 16 2016,81.75,82.81,81.36,82.67,79.32,1314700
Jun 15 2016,82.59,83.21,81.92,82.48,79.14,1632400
Jun 14 2016,81.68,82.25,81.21,81.97,78.65,1477700
Jun 13 2016,81.55,82.85,81.20,81.98,78.66,1419000
Jun 10 2016,82.29,82.62,81.79,82.37,79.03,1647200
Jun 09 2016,82.67,83.69,82.13,83.63,80.24,1574400
Jun 08 2016,82.89,83.54,82.68,83.39,80.01,1260000
Jun 07 2016,82.85,83.26,82.30,82.97,79.61,1695000
Jun 06 2016,83.23,83.43,82.15,82.32,78.98,1516500
Jun 02 2016,83.04,84.31,82.75,83.63,79.95,2818100
Jun 01 2016,82.54,83.23,82.02,83.13,79.47,2197600
May 31 2016,82.63,83.04,82.02,82.81,79.17,2574300
May 27 2016,81.20,83.39,81.18,82.97,79.32,3736100
May 26 2016,80.44,81.19,80.28,81.02,77.46,1853500
May 25 2016,79.60,80.81,79.20,80.62,77.07,2949600
May 24 2016,77.61,79.58,77.52,79.27,75.78,3592700
May 23 2016,76.65,77.35,76.15,76.82,73.44,3228500
May 20 2016,75.27,77.00,75.02,76.68,73.31,3495100
May 19 2016,73.66,74.05,72.99,73.32,70.09,1821600
May 18 2016,73.25,74.76,72.96,73.97,70.72,2334600
May 17 2016,73.65,73.91,72.92,73.14,69.92,3356700
May 16 2016,72.19,73.91,72.00,73.46,70.23,4115700
May 13 2016,74.73,74.98,74.21,74.34,71.07,2151800
May 12 2016,75.83,76.03,74.09,74.90,71.60,2332900
May 11 2016,75.42,76.09,75.31,75.61,72.28,1913300
May 10 2016,74.94,75.98,74.55,75.95,72.61,2751000
May 09 2016,75.00,75.40,74.32,74.64,71.36,2440400
May 06 2016,74.84,75.30,74.23,74.94,71.64,2352600
May 05 2016,75.04,75.83,74.80,75.05,71.75,2872400
May 04 2016,75.42,76.24,74.62,74.90,71.60,3457000
May 03 2016,75.73,76.29,75.36,75.73,72.40,3325600
May 02 2016,76.40,77.18,75.78,76.59,73.22,3720600
Apr 29 2016,77.83,77.95,75.68,76.40,73.04,4548100
Apr 28 2016,79.94,80.38,77.96,78.16,74.72,3234200
Apr 27 2016,80.35,81.16,79.70,80.97,77.41,3784200
Apr 26 2016,80.58,81.40,79.75,80.25,76.72,2711100
Apr 25 2016,80.72,80.92,79.53,80.22,76.69,2231900
Apr 22 2016,80.76,81.81,80.09,80.65,77.10,2223100
Apr 21 2016,82.71,83.83,80.21,80.82,77.26,3995300
Apr 20 2016,82.36,83.00,80.79,82.67,79.03,4079100
Apr 19 2016,82.50,83.07,81.79,82.77,79.13,2929600
Apr 18 2016,81.67,82.42,81.11,82.06,78.45,2707000
Apr 15 2016,81.02,81.89,80.35,81.64,78.05,2880800
Apr 14 2016,81.65,82.30,80.72,81.61,78.02,2762800
Apr 13 2016,82.18,82.82,81.64,82.81,79.17,2562600
Apr 12 2016,81.70,82.00,80.29,81.40,77.82,2399000
Apr 11 2016,82.29,82.30,81.29,81.38,77.80,1630300
Apr 08 2016,82.04,82.45,80.69,81.12,77.55,1713300
Apr 07 2016,82.07,82.50,80.45,81.22,77.65,2500200
Apr 06 2016,81.54,82.70,81.26,82.62,78.99,2183400
Apr 05 2016,81.82,82.73,81.56,81.69,78.10,1880600
Apr 04 2016,82.98,82.98,81.83,82.76,79.12,2048300
Apr 01 2016,82.28,83.14,81.69,82.93,79.28,2908600
Mar 31 2016,81.81,83.06,80.94,82.60,78.97,3857700
Mar 30 2016,82.56,83.51,81.86,82.19,78.57,2658800
Mar 29 2016,79.13,82.05,78.75,81.94,78.33,3298200
Mar 28 2016,79.47,79.59,78.89,79.13,75.65,1573100
Mar 24 2016,78.74,78.90,77.49,78.88,75.41,2156600
Mar 23 2016,79.85,80.01,79.32,79.36,75.87,2011100
Mar 22 2016,80.05,80.43,79.11,80.18,76.65,1495500
Mar 21 2016,79.19,79.80,78.95,79.76,76.25,1553700
Mar 18 2016,79.57,80.01,78.83,79.42,75.93,2673400
Mar 17 2016,78.57,79.50,77.48,79.26,75.77,2661800
Mar 16 2016,77.10,77.86,76.50,77.81,74.39,2351600
Mar 15 2016,77.06,77.48,76.53,77.16,73.77,2347300
Mar 14 2016,75.66,77.00,75.56,76.92,73.54,1562300
Mar 11 2016,75.69,76.50,75.22,76.17,72.82,2139200
Mar 10 2016,74.13,75.96,73.83,75.23,71.92,2965200
Mar 09 2016,73.55,74.40,73.06,73.81,70.56,1643100
Mar 08 2016,74.74,75.09,73.27,73.34,70.11,3281900
Mar 07 2016,73.77,75.08,73.59,75.04,71.74,2236200
Mar 03 2016,74.55,75.00,73.90,74.87,71.29,1401500
Mar 02 2016,75.34,75.90,73.83,74.55,70.98,2421000
Mar 01 2016,73.50,75.94,73.08,75.57,71.95,2937600
Feb 29 2016,73.39,74.62,73.09,73.30,69.79,2550100
Feb 26 2016,72.86,74.16,72.49,73.81,70.28,2989900
Feb 25 2016,70.52,72.46,70.14,72.43,68.96,2933700
Feb 24 2016,68.76,70.53,68.19,70.48,67.11,1988000
Feb 23 2016,69.72,70.35,68.95,69.23,65.92,1952800
Feb 22 2016,70.19,71.46,69.49,70.34,66.97,3659000
Feb 19 2016,69.52,71.43,69.38,69.77,66.43,4112500
Feb 18 2016,69.56,69.56,67.73,67.77,64.53,2609200
Feb 17 2016,68.12,69.32,67.79,69.25,65.94,3234700
Feb 16 2016,66.81,68.47,66.66,67.58,64.35,2805500
Feb 12 2016,64.91,66.62,64.25,66.05,62.89,2049100
Feb 11 2016,64.42,65.35,63.10,64.21,61.14,3975300
Feb 10 2016,66.00,66.68,65.10,65.48,62.35,3311100
Feb 09 2016,65.08,66.40,64.19,65.58,62.44,2947800
Feb 08 2016,67.99,68.36,65.00,66.08,62.92,2505500
Feb 05 2016,70.86,71.18,68.04,68.97,65.67,2978200
Feb 04 2016,71.36,72.07,70.56,71.47,68.05,2199700
Feb 03 2016,71.33,71.80,69.33,71.41,67.99,3320100
Feb 02 2016,71.60,72.24,70.12,70.55,67.17,3460200
Feb 01 2016,71.20,73.31,71.06,72.62,69.14,2722100
Jan 29 2016,70.03,72.45,70.03,71.79,68.35,3917100
Jan 28 2016,68.51,71.00,68.14,69.45,66.13,4235200
Jan 27 2016,68.80,69.19,67.24,67.50,64.27,2358700
Jan 26 2016,68.06,68.92,67.45,68.74,65.45,1793800
Jan 25 2016,69.17,69.17,67.83,68.00,64.75,2588600
Jan 22 2016,69.55,70.46,68.17,68.72,65.43,2286000
Jan 21 2016,69.95,70.04,67.58,68.12,64.86,3935700
Jan 20 2016,67.41,70.36,67.02,69.57,66.24,4448200
Jan 19 2016,69.07,69.70,66.96,67.46,64.23,2911900
Jan 15 2016,69.25,69.25,66.14,67.96,64.71,6103700
Jan 14 2016,69.78,72.84,68.88,71.95,68.51,4609000
Jan 13 2016,71.61,72.30,68.81,69.08,65.77,3126900
Jan 12 2016,72.52,72.95,70.32,71.44,68.02,2509500
Jan 11 2016,71.13,71.37,69.67,70.95,67.55,2984300
Jan 08 2016,72.38,72.56,69.43,70.48,67.11,4736000
Jan 07 2016,72.10,73.52,71.46,71.71,68.28,3449900
Jan 06 2016,76.50,77.10,72.52,73.56,70.04,4604700
Jan 05 2016,78.16,78.55,77.05,78.15,74.41,1911800
Jan 04 2016,77.77,78.21,76.83,77.73,74.01,2639100
Dec 30 2015,80.75,81.23,79.77,80.17,76.33,864400
Dec 29 2015,80.51,81.29,79.77,80.75,76.89,1338600
Dec 28 2015,80.17,80.17,78.93,80.03,76.20,1085400
Dec 24 2015,80.21,80.78,80.15,80.39,76.54,428400
Dec 23 2015,80.56,80.85,80.06,80.42,76.57,1040600
Dec 22 2015,79.49,80.25,78.24,80.19,76.35,1485500
Dec 21 2015,77.96,78.81,77.15,78.75,74.98,1626600
Dec 18 2015,78.02,78.34,76.89,77.04,73.35,3409600
Dec 17 2015,80.49,80.79,78.66,78.70,74.93,1536700
Dec 16 2015,80.48,80.82,78.28,80.25,76.41,1828800
Dec 15 2015,78.94,80.65,78.50,79.93,76.10,2359600
Dec 14 2015,79.08,79.38,76.67,77.56,73.85,1949400
Dec 11 2015,79.04,79.67,78.53,78.89,75.11,2177200
Dec 10 2015,78.73,80.68,78.09,80.03,76.20,2322000
Dec 09 2015,80.22,80.40,77.81,78.32,74.57,2393000
Dec 08 2015,79.04,80.70,77.35,80.40,76.55,4503300
Dec 07 2015,77.57,78.50,76.94,77.89,74.16,1771200
Dec 03 2015,79.38,79.73,76.15,76.44,72.50,2313400
Dec 02 2015,79.24,79.91,78.55,78.65,74.60,2061500
Dec 01 2015,78.30,79.61,78.21,79.59,75.49,2082900
Nov 30 2015,78.10,78.51,77.28,78.20,74.17,1573300
Nov 27 2015,77.45,77.98,77.06,77.63,73.63,462100
Nov 25 2015,77.26,77.71,76.76,77.28,73.30,1091700
Nov 24 2015,76.94,77.69,76.48,77.29,73.31,1452300
Nov 23 2015,78.30,78.53,76.81,76.99,73.02,1759500
Nov 20 2015,78.45,79.04,77.92,78.38,74.34,1607800
Nov 19 2015,78.38,78.67,77.52,77.92,73.90,2125300
Nov 18 2015,77.53,78.54,77.18,78.43,74.39,1522200
Nov 17 2015,77.41,78.67,76.98,77.76,73.75,1974400
Nov 16 2015,75.32,77.50,75.01,77.41,73.42,2052800
Nov 13 2015,75.83,76.53,75.49,75.57,71.68,2949400
Nov 12 2015,76.07,76.50,75.01,75.44,71.55,1958200
Nov 11 2015,76.57,77.56,75.93,76.82,72.86,1437200
Nov 10 2015,76.70,77.42,76.01,76.42,72.48,2171000
Nov 09 2015,76.63,77.19,76.03,77.00,73.03,2472300
Nov 06 2015,77.07,77.46,75.81,76.90,72.94,2362300
Nov 05 2015,77.23,77.99,75.83,77.07,73.10,3177200
Nov 04 2015,76.83,77.01,75.80,77.01,73.04,2641400
Nov 03 2015,76.61,76.68,75.51,76.34,72.41,2830600
Nov 02 2015,76.82,77.07,75.92,76.60,72.65,2688400
Oct 30 2015,75.84,76.80,75.24,76.59,72.64,2250400
Oct 29 2015,75.01,75.99,74.68,75.84,71.93,2352100
Oct 28 2015,75.68,76.19,74.21,75.74,71.84,3743000
Oct 27 2015,74.77,75.50,74.62,75.10,71.23,3166500
Oct 26 2015,74.11,75.09,73.44,75.07,71.20,3519400
Oct 23 2015,74.06,74.96,72.82,74.57,70.73,5522900
Oct 22 2015,71.59,74.42,71.01,72.61,68.87,7181400
Oct 21 2015,72.50,77.36,70.50,70.79,67.14,18705400
Oct 20 2015,66.58,71.99,66.50,70.03,66.42,5481800
Oct 19 2015,67.83,69.03,67.12,67.64,64.15,1510900
Oct 16 2015,67.49,68.37,66.55,68.28,64.76,2195900
Oct 15 2015,67.75,68.40,66.02,67.46,63.98,2429400
Oct 14 2015,64.58,68.27,64.11,67.29,63.82,3614500
Oct 13 2015,65.79,66.38,64.58,64.63,61.30,1698500
Oct 12 2015,66.45,67.08,66.10,66.48,63.05,788200
Oct 09 2015,66.90,67.49,66.29,66.47,63.04,1180900
Oct 08 2015,65.91,67.36,65.43,67.31,63.84,1397900
Oct 07 2015,65.99,67.11,65.10,66.56,63.13,2519800
Oct 06 2015,65.02,65.54,64.26,65.25,61.89,2160200
Oct 05 2015,64.33,66.03,64.21,65.42,62.05,2591400
Oct 02 2015,63.34,65.71,63.22,65.68,62.30,2312400
Oct 01 2015,65.28,66.63,63.22,64.44,61.12,3178900
Sep 30 2015,63.63,65.51,63.62,65.33,61.96,2564100
Sep 29 2015,62.05,63.51,61.65,62.86,59.62,3133500
Sep 28 2015,62.73,63.18,61.77,61.77,58.59,2413100
Sep 25 2015,64.69,65.18,62.56,63.08,59.83,3346900
Sep 24 2015,63.09,63.90,61.20,63.39,60.12,4357000
Sep 23 2015,65.54,65.82,63.62,63.69,60.41,3315300
Sep 22 2015,66.81,67.03,65.17,65.64,62.26,4047100
Sep 21 2015,71.53,71.53,67.43,68.07,64.56,3602000
Sep 18 2015,71.59,72.46,70.93,71.22,67.55,1964200
Sep 17 2015,74.14,74.14,72.44,72.64,68.90,1740300
Sep 16 2015,73.99,74.92,73.60,74.76,70.91,1137100
Sep 15 2015,72.94,74.31,72.17,74.02,70.21,1457900
Sep 14 2015,72.17,72.69,71.86,72.50,68.76,1814500
Sep 11 2015,70.92,71.90,70.30,71.83,68.13,1523700
Sep 10 2015,70.55,72.93,70.43,71.90,68.19,1790300
Sep 09 2015,73.04,73.72,70.44,70.59,66.95,1911700
Sep 08 2015,71.19,72.93,71.19,72.63,68.89,1830800
Sep 04 2015,70.26,70.99,69.60,69.75,66.16,1880600
Sep 02 2015,70.97,71.13,69.63,71.10,67.15,1208900
Sep 01 2015,70.83,72.02,69.16,69.56,65.70,1988100
Aug 31 2015,72.60,73.41,71.89,72.77,68.73,1172700
Aug 28 2015,72.74,73.97,72.29,72.92,68.87,1604600
Aug 27 2015,71.56,73.58,71.20,73.11,69.05,3066400
Aug 26 2015,69.77,70.90,67.82,70.75,66.82,2756400
Aug 25 2015,70.25,70.93,67.40,67.40,63.66,3503800
Aug 24 2015,66.34,70.67,62.85,67.32,63.58,3211400
Aug 21 2015,70.25,71.88,69.70,69.75,65.88,2915700
Aug 20 2015,71.73,71.93,70.83,71.02,67.08,2586700
Aug 19 2015,72.25,73.39,71.46,72.41,68.39,1907800
Aug 18 2015,74.57,74.72,72.04,72.27,68.26,1971300
Aug 17 2015,72.61,74.53,72.20,74.39,70.26,1981600
Aug 14 2015,71.89,73.55,70.81,72.71,68.67,3861900
Aug 13 2015,72.75,73.40,71.93,72.01,68.01,1908600
Aug 12 2015,71.95,73.06,70.81,72.61,68.58,2495300
Aug 11 2015,74.25,74.44,72.88,73.00,68.95,2031600
Aug 10 2015,73.34,75.18,72.93,74.87,70.71,2071700
Aug 07 2015,72.15,72.43,71.37,72.42,68.40,1765600
Aug 06 2015,74.42,74.42,72.29,72.52,68.50,1951800
Aug 05 2015,73.44,74.58,73.29,74.05,69.94,2213800
Aug 04 2015,74.44,75.87,72.88,73.09,69.03,3507400
Aug 03 2015,76.71,76.88,75.33,75.74,71.54,2646800
Jul 31 2015,78.96,79.78,76.51,76.87,72.60,2513800
Jul 30 2015,78.44,80.87,78.34,78.57,74.21,3393900
Jul 29 2015,78.12,78.12,75.97,77.67,73.36,2977800
Jul 28 2015,75.70,78.29,74.78,77.75,73.44,2323200
Jul 27 2015,74.82,75.91,73.81,75.45,71.26,1553300
Jul 24 2015,76.93,77.13,74.88,75.45,71.26,1705300
Jul 23 2015,76.70,78.10,76.42,77.02,72.75,1239700
Jul 22 2015,76.56,76.88,75.06,76.48,72.24,1419800
Jul 21 2015,77.00,78.23,76.84,77.37,73.08,1267400
Jul 20 2015,77.93,78.23,76.98,77.08,72.80,970200
Jul 17 2015,77.51,77.54,76.90,77.26,72.97,1661400
Jul 16 2015,79.34,79.59,75.51,77.35,73.06,3876800
Jul 15 2015,79.88,80.25,78.75,79.49,75.08,2004700
Jul 14 2015,79.50,80.73,78.10,79.85,75.42,3867000
Jul 13 2015,79.00,79.78,77.96,79.27,74.87,2220000
Jul 10 2015,78.23,78.89,77.67,78.53,74.17,1825800
Jul 09 2015,79.85,80.37,77.59,77.63,73.32,1849300
Jul 08 2015,79.56,79.98,77.74,77.95,73.62,2307200
Jul 07 2015,80.89,80.96,77.73,80.16,75.71,2864300
Jul 06 2015,82.22,83.48,80.88,81.14,76.64,3065200
Jul 02 2015,82.45,83.30,81.94,83.23,78.61,1520300
Jul 01 2015,82.92,84.13,81.82,82.27,77.70,1843600
Jun 30 2015,81.20,82.12,80.84,81.35,76.84,1707600
Jun 29 2015,81.83,82.07,79.96,80.20,75.75,1688600
Jun 26 2015,83.24,84.26,82.37,82.86,78.26,3109600
Jun 25 2015,83.61,84.34,83.20,83.73,79.08,1457900
Jun 24 2015,83.59,83.89,82.97,83.21,78.59,1089900
Jun 23 2015,83.63,84.24,83.34,83.78,79.13,1204000
Jun 22 2015,83.77,84.23,82.79,83.67,79.03,1120500
Jun 19 2015,83.99,84.39,83.19,83.23,78.61,1809100
Jun 18 2015,82.62,84.15,82.52,83.87,79.22,1511400
Jun 17 2015,82.06,82.96,81.93,82.25,77.69,1882400
Jun 16 2015,81.16,82.59,80.97,82.55,77.97,1418300
Jun 15 2015,80.91,81.29,79.53,81.26,76.75,2447400
Jun 12 2015,82.03,82.30,81.22,81.46,76.94,1044200
Jun 11 2015,83.00,83.38,82.22,82.54,77.96,1032600
Jun 10 2015,82.55,82.84,82.02,82.64,78.05,1172400
Jun 09 2015,82.04,82.63,80.69,81.98,77.43,1946000
Jun 08 2015,84.00,84.01,81.97,82.25,77.69,1413300
Jun 04 2015,82.89,83.46,82.31,82.97,78.08,1452100
Jun 03 2015,83.50,83.92,82.93,83.52,78.60,2174200
Jun 02 2015,82.93,84.02,82.30,83.28,78.38,2114100
Jun 01 2015,82.77,83.77,82.29,83.39,78.48,2973400
May 29 2015,82.38,83.15,81.90,82.25,77.41,1961300
May 28 2015,82.61,83.35,82.10,82.38,77.53,1259600
May 27 2015,80.57,82.93,80.33,82.66,77.79,2630000
May 26 2015,80.71,81.55,79.94,80.41,75.67,1473000
May 22 2015,80.99,81.99,80.98,81.08,76.30,1585600
May 21 2015,80.32,81.41,80.02,81.23,76.45,1178300
May 20 2015,80.78,81.18,80.11,80.36,75.63,1425700
May 19 2015,80.03,82.42,80.00,80.78,76.02,2439900
May 18 2015,79.41,79.75,78.77,79.46,74.78,1301200
May 15 2015,78.66,79.53,78.50,78.73,74.09,1336800
May 14 2015,77.68,78.55,77.29,78.25,73.64,1678300
May 13 2015,76.86,77.95,76.86,77.24,72.69,1387100
May 12 2015,77.80,77.80,75.84,76.80,72.28,1431500
May 11 2015,77.18,78.79,76.71,78.11,73.51,1948300
May 08 2015,75.97,77.15,75.76,77.02,72.48,1447800
May 07 2015,74.96,75.76,74.75,75.45,71.01,1724100
May 06 2015,75.78,76.49,74.53,75.20,70.77,1527200
May 05 2015,76.60,76.60,75.20,75.60,71.15,1746000
May 04 2015,77.20,77.43,76.76,76.89,72.36,1109700
May 01 2015,76.09,77.35,76.01,77.23,72.68,1484000
Apr 30 2015,76.03,76.60,75.02,75.58,71.13,1638300
Apr 29 2015,75.83,76.99,75.77,76.38,71.88,1795400
Apr 28 2015,76.21,76.86,75.33,76.39,71.89,1727400
Apr 27 2015,77.07,77.83,76.18,76.33,71.83,2483000
Apr 24 2015,76.77,77.08,75.74,76.70,72.18,2953800
Apr 23 2015,77.49,78.17,76.81,77.08,72.54,2408800
Apr 22 2015,78.44,78.72,76.68,78.36,73.75,2843200
Apr 21 2015,80.89,81.65,76.49,77.84,73.26,10181700
Apr 20 2015,71.05,72.41,71.00,71.99,67.75,2778300
Apr 17 2015,71.23,71.77,70.36,70.66,66.50,1920800
Apr 16 2015,71.76,72.23,71.24,71.79,67.56,2451300
Apr 15 2015,72.09,73.06,71.87,72.42,68.15,2480500
Apr 14 2015,72.72,72.73,71.69,72.00,67.76,2027100
Apr 13 2015,73.08,73.98,72.46,72.70,68.42,1249800
Apr 10 2015,73.28,73.28,72.59,73.10,68.79,1199800
Apr 09 2015,72.47,73.27,72.32,73.16,68.85,1382300
Apr 08 2015,71.25,73.10,71.17,72.83,68.54,2173900
Apr 07 2015,72.44,73.10,71.16,71.17,66.98,3555600
Apr 06 2015,69.90,72.48,69.56,72.35,68.09,2776500
Apr 02 2015,70.30,71.15,69.89,70.75,66.58,2163600
Apr 01 2015,70.59,70.86,69.88,70.26,66.12,2618100
Mar 31 2015,71.70,71.98,69.07,70.24,66.10,4295100
Mar 30 2015,72.68,72.75,71.55,72.19,67.94,2083300
Mar 27 2015,71.36,72.47,70.88,72.04,67.80,3383600
Mar 26 2015,72.01,72.09,69.92,71.15,66.96,5161200
Mar 25 2015,78.54,78.56,72.70,72.75,68.47,4359600
Mar 24 2015,78.50,79.51,78.30,78.76,74.12,1689400
Mar 23 2015,78.97,79.28,78.26,78.43,73.81,1324800
Mar 20 2015,79.43,79.63,78.25,79.23,74.56,2607900
Mar 19 2015,77.49,78.99,76.73,78.95,74.30,2402600
Mar 18 2015,78.42,78.74,74.92,77.49,72.93,4753700
Mar 17 2015,79.50,79.59,78.51,78.98,74.33,950000
Mar 16 2015,79.24,79.96,79.00,79.89,75.18,999800
Mar 13 2015,77.55,78.86,77.12,78.71,74.07,1828100
Mar 12 2015,77.78,78.14,77.07,77.72,73.14,2109200
Mar 11 2015,78.24,79.05,78.09,78.27,73.66,1395800
Mar 10 2015,80.05,80.57,77.96,77.96,73.37,2005500
Mar 09 2015,79.95,80.92,79.78,80.78,76.02,1318400
Mar 05 2015,81.16,81.77,80.23,80.77,75.84,1292200
Mar 04 2015,81.17,81.63,80.60,80.87,75.94,1240400
Mar 03 2015,83.63,84.16,81.57,81.79,76.80,2655900
Mar 02 2015,83.05,84.48,82.97,84.48,79.33,1110500
Feb 27 2015,83.20,83.28,82.22,82.46,77.43,1326800
Feb 26 2015,83.46,84.34,82.96,83.38,78.29,981100
Feb 25 2015,84.17,84.49,83.25,83.53,78.43,1266700
Feb 24 2015,83.25,84.30,82.78,84.23,79.09,1850900
Feb 23 2015,83.54,83.80,82.59,83.18,78.11,1006900
Feb 20 2015,82.92,84.25,82.62,83.84,78.73,2541400
Feb 19 2015,81.67,83.21,81.63,83.07,78.00,1092600
Feb 18 2015,82.00,82.38,81.42,81.92,76.92,874400
Feb 17 2015,82.23,82.37,81.12,81.91,76.91,1233100
Feb 13 2015,81.37,82.24,81.13,82.21,77.19,1835000
Feb 12 2015,80.75,81.11,80.26,81.11,76.16,1568400
Feb 11 2015,80.58,80.76,80.15,80.60,75.68,1968200
Feb 10 2015,78.36,80.85,77.99,80.58,75.66,2413500
Feb 09 2015,77.71,77.99,76.98,77.68,72.94,1616500
Feb 06 2015,78.05,79.45,77.79,78.14,73.37,1296100
Feb 05 2015,77.76,78.19,77.32,78.03,73.27,1729800
Feb 04 2015,77.52,78.32,76.98,77.44,72.72,2113100
Feb 03 2015,76.87,77.66,76.36,77.63,72.89,2071000
Feb 02 2015,76.76,77.01,75.00,76.66,71.98,2222100
Jan 30 2015,78.99,79.42,76.38,76.44,71.78,3462900
Jan 29 2015,80.00,82.16,77.56,79.87,75.00,3264800
Jan 28 2015,81.04,81.89,79.60,79.72,74.86,2380600
Jan 27 2015,80.10,80.94,79.74,80.15,75.26,1457300
Jan 26 2015,80.59,81.26,79.69,81.18,76.23,1641200
Jan 23 2015,79.60,80.60,78.74,80.42,75.51,2085700
Jan 22 2015,80.30,80.92,78.63,80.86,75.93,1603200
Jan 21 2015,78.58,80.72,77.87,80.04,75.16,1933200
Jan 20 2015,77.92,78.84,77.05,78.50,73.71,1531100
Jan 16 2015,76.48,77.92,76.26,77.58,72.85,2313500
Jan 15 2015,76.69,77.81,76.39,76.68,72.00,2147700
Jan 14 2015,75.53,76.65,75.49,76.05,71.41,1350700
Jan 13 2015,78.09,78.88,75.68,76.56,71.89,1646700
Jan 12 2015,79.50,79.50,77.11,77.31,72.59,2154200
Jan 09 2015,79.42,80.33,79.20,79.73,74.87,1461800
Jan 08 2015,78.28,79.68,78.00,79.58,74.73,1871300
Jan 07 2015,77.29,78.43,77.05,77.57,72.84,1508500
Jan 06 2015,78.56,78.73,76.40,77.17,72.46,2341400
Jan 05 2015,79.27,79.39,78.22,78.48,73.69,1440800
Jan 02 2015,79.87,80.19,78.84,79.45,74.60,830600
Dec 31 2014,80.36,80.70,79.26,79.34,74.50,992100
Dec 30 2014,80.16,80.79,79.59,79.94,75.06,1178200
Dec 29 2014,80.84,81.42,80.49,80.65,75.73,674300
Dec 26 2014,81.31,81.67,80.92,80.96,76.02,518400
Dec 24 2014,81.65,81.94,81.04,81.13,76.18,666200
Dec 23 2014,82.31,82.66,81.32,81.57,76.59,2198200
Dec 22 2014,80.80,81.83,80.80,81.55,76.57,1642900
Dec 19 2014,80.91,81.52,79.78,80.50,75.59,6279000
Dec 18 2014,80.56,80.98,79.28,80.82,75.89,1802600
Dec 17 2014,77.03,78.36,76.33,78.33,73.55,2275900
Dec 16 2014,77.83,79.35,76.84,76.84,72.15,2218600
Dec 15 2014,79.12,80.21,77.44,78.33,73.55,2788700
Dec 12 2014,79.56,79.97,78.34,78.38,73.60,1752400
Dec 11 2014,79.98,81.00,79.50,79.80,74.93,1476600
Dec 10 2014,81.92,82.14,79.55,79.70,74.84,2559000
Dec 09 2014,81.54,82.35,80.37,82.28,77.26,2033900
Dec 08 2014,84.24,84.27,81.66,82.37,77.34,1740900
Dec 04 2014,84.14,85.70,83.57,84.20,78.89,1745200
Dec 03 2014,82.83,84.63,82.77,84.20,78.89,1590500
Dec 02 2014,81.59,82.46,81.14,82.33,77.14,1085100
Dec 01 2014,82.00,82.87,81.30,81.71,76.56,1280100
Nov 28 2014,82.46,83.40,81.90,82.64,77.43,884300
Nov 26 2014,81.03,82.27,80.97,82.19,77.01,1115000
Nov 25 2014,80.28,81.29,80.24,80.97,75.87,1585300
Nov 24 2014,78.78,81.31,78.78,79.99,74.95,2052700
Nov 21 2014,79.57,79.68,78.35,78.65,73.69,1472200
Nov 20 2014,78.00,78.91,77.92,78.64,73.68,1411900
Nov 19 2014,79.47,79.69,78.04,78.51,73.56,1112600
Nov 18 2014,77.98,79.74,77.97,79.29,74.29,1350000
Nov 17 2014,79.41,79.50,77.07,77.79,72.89,2211500
Nov 14 2014,78.75,80.00,78.40,79.81,74.78,1624500
Nov 13 2014,79.24,79.99,78.48,78.85,73.88,1726600
Nov 12 2014,79.38,79.75,78.55,78.97,73.99,1568200
Nov 11 2014,80.11,81.28,79.79,79.98,74.94,835600
Nov 10 2014,79.00,80.04,78.99,79.92,74.88,1638600
Nov 07 2014,79.67,79.71,77.81,78.93,73.96,999900
Nov 06 2014,79.79,80.18,79.20,79.59,74.57,997700
Nov 05 2014,79.98,80.16,78.70,79.74,74.72,1374500
Nov 04 2014,79.05,80.46,78.72,79.34,74.34,1849400
Nov 03 2014,77.74,79.72,77.65,79.14,74.15,1454300
Oct 31 2014,77.24,78.37,77.10,77.86,72.95,2167600
Oct 30 2014,75.68,76.26,74.86,76.05,71.26,1811400
Oct 29 2014,75.60,75.95,75.31,75.80,71.02,1805800
Oct 28 2014,75.56,75.77,75.12,75.72,70.95,1624300
Oct 27 2014,75.48,75.95,74.72,75.06,70.33,1550100
Oct 24 2014,76.41,76.67,75.26,75.56,70.80,1897200
Oct 23 2014,72.38,76.43,72.38,75.64,70.87,3969500
Oct 22 2014,73.31,73.71,71.67,71.87,67.34,2846400
Oct 21 2014,71.61,73.72,70.33,73.20,68.59,3313500
Oct 20 2014,69.34,71.33,68.59,71.32,66.83,1838800
Oct 17 2014,70.46,71.16,68.96,69.19,64.83,1817500
Oct 16 2014,68.68,70.09,68.41,69.69,65.30,2241000
Oct 15 2014,66.57,70.14,66.51,69.94,65.53,3863400
Oct 14 2014,66.44,68.08,66.44,67.73,63.46,2293700
Oct 13 2014,67.72,68.60,65.89,66.04,61.88,3670400
Oct 10 2014,71.81,71.81,65.78,65.91,61.76,8072500
Oct 09 2014,74.04,74.35,72.23,72.56,67.99,1913500
Oct 08 2014,73.31,74.49,72.43,74.41,69.72,1591500
Oct 07 2014,74.29,74.80,73.16,73.16,68.55,1788900
Oct 06 2014,73.53,75.71,73.46,74.84,70.12,3457000
Oct 03 2014,72.63,73.38,72.32,72.74,68.16,1425700
Oct 02 2014,72.44,72.71,70.80,72.29,67.73,2472700
Oct 01 2014,74.69,74.88,72.59,72.66,68.08,1876200
Sep 30 2014,75.29,75.48,74.30,74.70,69.99,1000300
Sep 29 2014,74.64,75.69,74.37,75.23,70.49,1128800
Sep 26 2014,75.02,75.54,74.56,75.21,70.47,1376000
Sep 25 2014,75.50,75.50,74.00,74.68,69.97,1882600
Sep 24 2014,74.69,75.89,74.69,75.55,70.79,1617100
Sep 23 2014,75.12,75.47,74.25,74.40,69.71,1231300
Sep 22 2014,75.71,75.74,74.70,74.95,70.23,1586500
Sep 19 2014,77.04,77.35,75.94,75.95,71.16,1747300
Sep 18 2014,75.62,76.91,75.21,76.77,71.93,1994400
Sep 17 2014,73.70,75.72,73.70,75.40,70.65,2898600
Sep 16 2014,72.00,74.16,71.35,74.09,69.42,2378400
Sep 15 2014,72.16,72.40,71.45,72.13,67.58,1570100
Sep 12 2014,72.63,72.64,71.58,71.65,67.14,987900
Sep 11 2014,71.74,72.80,71.62,72.62,68.04,1771900
Sep 10 2014,71.70,73.00,71.42,71.98,67.44,1697600
Sep 09 2014,71.70,72.35,71.61,71.81,67.29,2025000
Sep 08 2014,71.65,72.88,71.50,71.96,67.43,1018500
Sep 04 2014,71.91,72.58,71.42,71.46,66.79,1210100
Sep 03 2014,71.70,72.17,71.14,71.90,67.20,1213400
Sep 02 2014,72.10,72.45,71.39,71.57,66.89,1304400
Aug 29 2014,72.16,72.44,71.15,71.91,67.21,1088600
Aug 28 2014,71.17,71.91,70.36,71.87,67.17,931800
Aug 27 2014,71.24,71.50,70.93,71.27,66.61,910700
Aug 26 2014,71.83,72.15,70.92,70.99,66.35,1546700
Aug 25 2014,71.94,72.10,71.31,71.78,67.09,580400
Aug 22 2014,71.99,72.34,71.41,71.51,66.84,711700
Aug 21 2014,71.52,72.12,71.34,72.00,67.29,945500
Aug 20 2014,70.92,71.84,70.81,71.63,66.95,954200
Aug 19 2014,70.81,71.54,70.72,71.11,66.46,1359500
Aug 18 2014,70.00,70.73,69.31,70.67,66.05,1380400
Aug 15 2014,69.09,70.17,68.51,69.65,65.10,2570800
Aug 14 2014,68.76,69.26,68.41,68.62,64.14,1058500
Aug 13 2014,68.73,69.34,68.51,68.81,64.31,1070200
Aug 12 2014,68.97,69.22,68.01,68.52,64.04,1332900
Aug 11 2014,68.63,70.06,68.63,69.17,64.65,1560900
Aug 08 2014,67.90,68.39,67.50,68.33,63.86,1260900
Aug 07 2014,69.98,70.25,67.51,67.69,63.27,2527300
Aug 06 2014,69.16,70.60,69.00,69.72,65.16,1850000
Aug 05 2014,69.42,70.15,68.88,69.33,64.80,1356200
Aug 04 2014,69.85,70.58,69.17,69.83,65.27,1644900
Aug 01 2014,69.56,70.25,69.00,69.99,65.42,2776600
Jul 31 2014,67.94,72.92,66.70,70.00,65.43,6982000
Jul 30 2014,69.29,69.91,67.47,67.89,63.45,3535000
Jul 29 2014,69.41,70.14,68.71,68.80,64.30,1402400
Jul 28 2014,69.74,69.81,68.05,69.13,64.61,1526200
Jul 25 2014,69.33,69.55,68.04,69.51,64.97,4495000
Jul 24 2014,70.93,70.99,69.74,69.90,65.33,1913200
Jul 23 2014,71.68,71.69,70.17,70.67,66.05,2050300
Jul 22 2014,72.14,72.28,71.31,71.58,66.90,1603300
Jul 21 2014,71.68,72.41,71.21,71.95,67.25,1105700
Jul 18 2014,70.88,71.75,70.57,71.69,67.00,1477200
Jul 17 2014,70.89,71.37,70.42,70.72,66.10,1533400
Jul 16 2014,71.44,72.25,70.79,71.15,66.50,2827000
Jul 15 2014,71.67,72.03,70.66,71.15,66.50,1822200
Jul 14 2014,72.00,72.00,71.16,71.63,66.95,1445100
Jul 11 2014,71.20,71.56,70.72,71.53,66.86,1167800
Jul 10 2014,70.37,71.50,69.90,71.09,66.44,1775800
Jul 09 2014,69.69,71.83,69.69,71.52,66.85,3478000
Jul 08 2014,68.46,70.66,67.55,69.67,65.12,3765100
Jul 07 2014,68.88,69.30,68.16,68.61,64.13,1351400
Jul 03 2014,69.08,69.47,68.89,69.01,64.50,1367100
Jul 02 2014,68.24,68.95,68.21,68.70,64.21,1025000
Jul 01 2014,68.00,69.12,67.90,68.62,64.14,1777000
Jun 30 2014,67.19,67.99,66.82,67.58,63.16,1460800
Jun 27 2014,66.46,67.29,66.37,66.95,62.57,1509100
Jun 26 2014,66.89,66.93,65.92,66.50,62.15,852100
Jun 25 2014,66.47,66.84,65.88,66.58,62.23,1325200
Jun 24 2014,67.23,67.47,66.34,66.47,62.13,1378500
Jun 23 2014,66.92,67.85,66.82,67.57,63.15,1583500
Jun 20 2014,66.36,67.14,66.09,66.31,61.98,2391000
Jun 19 2014,66.64,66.89,65.58,66.09,61.77,1715800
Jun 18 2014,66.80,66.80,65.85,66.54,62.19,1088400
Jun 17 2014,66.31,66.89,66.10,66.64,62.28,1271200
Jun 16 2014,65.20,66.69,65.20,66.49,62.14,1580800
Jun 13 2014,65.69,66.25,65.07,65.70,61.41,1497500
Jun 12 2014,65.29,65.93,65.05,65.52,61.24,1412500
Jun 11 2014,64.95,65.50,64.81,65.43,61.15,1178500
Jun 10 2014,64.78,65.29,64.63,65.21,60.95,1299500
Jun 09 2014,65.33,65.75,64.96,65.04,60.79,1359500
Jun 05 2014,64.79,65.36,64.02,65.02,60.60,1696100
Jun 04 2014,64.44,65.07,64.31,64.56,60.17,2274900
Jun 03 2014,62.47,64.74,62.25,64.65,60.26,4433700
Jun 02 2014,62.25,62.71,61.77,62.31,58.08,1528700
May 30 2014,61.76,62.22,61.30,62.04,57.82,1192800
May 29 2014,61.82,61.90,61.32,61.78,57.58,1776600
May 28 2014,61.98,62.11,61.51,61.75,57.55,1411100
May 27 2014,60.49,61.82,60.47,61.81,57.61,2400600
May 23 2014,59.55,60.95,59.33,60.61,56.49,2285800
May 22 2014,59.60,59.97,59.11,59.20,55.18,1564100
May 21 2014,59.06,59.70,58.93,59.45,55.41,1872600
May 20 2014,58.79,59.23,58.35,58.84,54.84,1242600
May 19 2014,58.17,59.24,58.10,58.95,54.94,2282200
May 16 2014,56.40,58.98,56.20,58.52,54.54,3666400
May 15 2014,56.49,56.49,55.40,55.86,52.06,1936700
May 14 2014,57.04,57.24,56.21,56.33,52.50,1443000
May 13 2014,58.25,58.37,57.17,57.24,53.35,1527800
May 12 2014,57.58,58.32,57.40,58.25,54.29,1689600
May 09 2014,56.81,57.19,56.23,57.18,53.29,2032400
May 08 2014,56.94,57.76,56.46,56.92,53.05,1647300
May 07 2014,56.64,57.25,56.11,56.86,53.00,2015000
May 06 2014,56.97,57.58,56.54,56.70,52.85,1111200
May 05 2014,57.01,57.37,56.67,57.21,53.32,1009800
May 02 2014,57.20,57.91,56.80,57.52,53.61,1501900
May 01 2014,57.73,58.26,56.87,57.20,53.31,1950300
Apr 30 2014,57.74,58.58,56.90,57.61,53.70,3280200
Apr 29 2014,56.88,57.21,56.05,56.27,52.45,1853600
Apr 28 2014,56.56,57.13,55.44,56.52,52.68,2277900
Apr 25 2014,57.44,57.50,56.01,56.37,52.54,3887000
Apr 24 2014,57.29,58.59,55.89,58.26,54.30,8423000
Apr 23 2014,53.00,53.64,51.99,52.25,48.70,2463500
Apr 22 2014,52.64,53.76,52.40,53.05,49.45,2722500
Apr 21 2014,53.02,53.14,52.05,52.77,49.18,1771400
Apr 17 2014,52.17,53.02,52.06,52.74,49.16,2245700
Apr 16 2014,51.16,52.18,50.54,52.11,48.57,3532300
Apr 15 2014,52.76,53.00,51.05,52.37,48.81,2931300
Apr 14 2014,53.24,53.65,52.11,52.64,49.06,1659400
Apr 11 2014,52.89,53.86,52.50,52.63,49.05,2456800
Apr 10 2014,55.93,56.06,52.93,53.07,49.46,3694600
Apr 09 2014,54.81,56.02,54.46,56.00,52.20,2270500
Apr 08 2014,55.05,55.25,54.01,54.51,50.81,1773700
Apr 07 2014,55.82,56.15,54.34,54.83,51.10,1514300
Apr 04 2014,58.00,58.10,55.69,56.00,52.20,1889200
Apr 03 2014,57.05,58.94,57.00,57.68,53.76,3738600
Apr 02 2014,55.76,57.08,55.44,56.97,53.10,2842300
Apr 01 2014,55.13,55.73,54.79,55.62,51.84,1327500
Mar 31 2014,55.03,55.33,54.70,55.00,51.26,1327000
Mar 28 2014,54.63,55.44,54.34,54.49,50.79,2211100
Mar 27 2014,55.11,55.39,54.30,54.46,50.76,1475200
Mar 26 2014,56.98,57.13,55.10,55.15,51.40,2323400
Mar 25 2014,56.63,57.16,56.28,56.59,52.75,1834300
Mar 24 2014,56.71,56.89,55.54,56.40,52.57,1888700
Mar 21 2014,56.90,56.90,55.99,56.37,52.54,2960900
Mar 20 2014,54.50,56.45,54.13,56.43,52.60,2404000
Mar 19 2014,54.83,55.24,54.03,54.49,50.79,1554000
Mar 18 2014,53.30,54.85,53.20,54.83,51.10,1759300
Mar 17 2014,53.02,53.59,53.02,53.27,49.65,1279800
Mar 14 2014,52.99,53.09,52.50,52.60,49.03,1916100
Mar 13 2014,53.76,54.16,52.40,52.93,49.33,1878800
Mar 12 2014,52.59,53.70,52.14,53.65,50.00,1535700
Mar 11 2014,53.29,53.62,52.70,52.94,49.34,1641000
Mar 10 2014,53.37,53.50,52.84,53.08,49.47,1671100
Mar 07 2014,53.56,53.92,53.17,53.35,49.73,1803500
Mar 06 2014,52.01,53.52,51.85,53.35,49.73,3119400
Mar 05 2014,50.84,52.11,50.75,52.03,48.49,2855300
Mar 04 2014,51.73,51.74,50.81,50.96,47.50,2847600
Mar 03 2014,51.33,51.38,50.50,51.12,47.65,1383900
Feb 28 2014,51.98,52.25,51.25,51.73,48.22,2284300
Feb 27 2014,52.52,52.52,51.52,51.83,48.31,1619600
Feb 26 2014,52.58,53.47,52.53,52.63,49.05,1722400
Feb 25 2014,52.69,52.77,51.81,52.56,48.99,1693700
Feb 24 2014,52.35,52.96,52.35,52.62,49.04,1423900
Feb 21 2014,52.43,52.58,52.11,52.27,48.72,2393200
Feb 20 2014,52.10,52.58,51.68,52.35,48.79,1425600
Feb 19 2014,51.64,52.18,51.56,51.99,48.46,2090700
Feb 18 2014,52.66,52.69,51.07,51.76,48.24,1928500
Feb 14 2014,52.02,52.59,51.32,52.48,48.91,2482000
Feb 13 2014,51.74,52.06,50.35,51.91,48.38,3333900
Feb 12 2014,52.75,53.07,52.45,52.67,49.09,1522100
Feb 11 2014,51.79,52.97,51.53,52.64,49.06,2464100
Feb 10 2014,51.70,52.01,51.27,51.60,48.09,1567900
Feb 07 2014,51.30,51.93,50.70,51.85,48.33,2700600
Feb 06 2014,50.15,51.21,50.01,51.05,47.58,3855600
Feb 05 2014,49.36,50.30,48.96,49.95,46.56,2417300
Feb 04 2014,49.00,49.46,48.58,49.46,46.10,2821900
Feb 03 2014,49.85,50.03,48.45,48.58,45.28,4447300
Jan 31 2014,50.37,51.13,50.37,50.61,47.17,3127200
Jan 30 2014,52.80,52.90,50.17,51.26,47.78,5245700
Jan 29 2014,51.01,51.58,50.71,51.25,47.77,3340000
Jan 28 2014,51.07,51.42,50.68,51.22,47.74,3070100
Jan 27 2014,51.32,51.50,50.33,50.96,47.50,3196900
Jan 24 2014,53.45,53.45,51.26,51.27,47.79,4529500
Jan 23 2014,55.26,55.30,53.96,54.04,50.37,2839800
Jan 22 2014,54.99,55.50,54.55,55.38,51.62,2330200
Jan 21 2014,54.80,54.99,54.05,54.45,50.75,1212100
Jan 17 2014,54.85,55.10,54.05,54.23,50.55,1843000
Jan 16 2014,55.95,56.21,54.87,54.90,51.17,2002700
Jan 15 2014,55.82,56.52,55.56,55.95,52.15,2305300
Jan 14 2014,54.70,56.00,54.70,55.89,52.09,2624900
Jan 13 2014,54.68,55.37,54.34,54.58,50.87,1953200
Jan 10 2014,54.43,54.99,54.27,54.88,51.15,1139400
Jan 09 2014,54.03,54.85,54.01,54.20,50.52,1260800
Jan 08 2014,53.92,54.40,53.61,54.18,50.50,1283900
Jan 07 2014,53.38,54.22,53.06,53.91,50.25,1348300
Jan 06 2014,53.80,53.90,53.08,53.25,49.63,1121600
Jan 03 2014,54.03,54.28,53.65,53.94,50.28,891900
Jan 02 2014,54.04,54.33,53.69,53.95,50.28,1052900
Dec 31 2013,54.60,54.74,54.08,54.45,50.75,727600
Dec 30 2013,54.06,54.74,54.06,54.44,50.74,866000
Dec 27 2013,54.35,54.64,53.92,54.18,50.50,1057200
Dec 26 2013,54.64,54.67,54.21,54.32,50.63,712100
Dec 24 2013,54.38,54.63,54.15,54.40,50.70,639400
Dec 23 2013,54.15,54.59,54.15,54.40,50.70,1121500
Dec 20 2013,53.04,54.26,52.83,53.90,50.24,2481500
Dec 19 2013,52.85,53.19,52.24,53.02,49.42,1506800
Dec 18 2013,52.37,53.11,51.63,53.10,49.49,1657500
Dec 17 2013,51.17,52.47,51.06,52.18,48.63,1722500
Dec 16 2013,51.27,51.74,51.14,51.24,47.76,832400
Dec 13 2013,51.01,51.44,50.75,51.07,47.60,1105800
Dec 12 2013,51.09,51.23,50.71,50.81,47.36,1520700
Dec 11 2013,51.53,51.83,51.14,51.25,47.77,1180200
Dec 10 2013,51.51,51.90,51.11,51.59,48.08,1096700
Dec 09 2013,51.42,51.91,51.12,51.66,48.15,1844600
Dec 06 2013,51.35,51.66,50.89,51.16,47.68,1565900
Dec 05 2013,51.36,51.49,50.73,50.85,47.40,1505000
Dec 04 2013,52.42,52.74,50.95,51.25,47.77,3475000
Dec 03 2013,51.51,52.85,51.27,52.78,49.19,2457000
Dec 02 2013,51.98,52.03,51.38,51.49,47.99,989700
Nov 29 2013,52.23,52.53,52.05,52.11,48.57,337300
Nov 27 2013,52.52,52.54,51.81,52.21,48.66,1371700
Nov 26 2013,52.00,52.72,51.77,52.52,48.95,1739200
Nov 25 2013,51.80,52.01,51.14,51.89,48.36,1647800
Nov 22 2013,50.86,51.94,50.85,51.58,48.08,1935800
Nov 21 2013,49.80,51.28,49.79,50.85,47.40,2893500
Nov 20 2013,50.52,50.66,49.54,49.75,46.37,2009500
Nov 19 2013,51.87,51.94,50.00,50.22,46.81,3134600
Nov 18 2013,52.79,52.83,51.33,51.52,48.02,1733800
Nov 15 2013,52.53,52.68,51.68,52.61,49.04,1640500
Nov 14 2013,52.21,52.80,52.21,52.31,48.76,1498800
Nov 13 2013,52.11,52.58,51.85,52.35,48.79,1652600
Nov 12 2013,52.66,52.80,52.10,52.37,48.81,1170700
Nov 11 2013,52.33,52.85,52.00,52.72,49.14,1256600
Nov 08 2013,52.44,53.05,52.10,52.85,49.26,1811200
Nov 07 2013,53.94,54.08,51.99,52.09,48.55,3196100
Nov 06 2013,54.32,54.50,53.47,54.08,50.41,1149600
Nov 05 2013,53.59,54.38,53.19,54.15,50.47,1594200
Nov 04 2013,53.26,53.90,52.88,53.76,50.11,1613700
Nov 01 2013,54.42,54.43,53.06,53.62,49.98,1620900
Oct 31 2013,54.15,54.63,53.89,54.27,50.58,1955500
Oct 30 2013,55.03,55.10,53.94,54.34,50.65,1507700
Oct 29 2013,54.43,55.13,54.12,54.94,51.21,2896900
Oct 28 2013,54.53,54.68,53.72,54.08,50.41,1931700
Oct 25 2013,53.34,54.82,52.39,54.77,51.05,4466900
Oct 24 2013,54.94,55.48,52.70,53.00,49.40,7345800
Oct 23 2013,53.62,53.68,52.05,52.21,48.66,3214800
Oct 22 2013,54.18,54.42,53.65,54.07,50.40,2069900
Oct 21 2013,54.19,54.49,53.61,53.87,50.21,1280500
Oct 18 2013,53.74,54.30,53.18,53.85,50.19,1782300
Oct 17 2013,53.04,53.65,53.03,53.52,49.88,1587000
Oct 16 2013,53.13,54.00,52.89,53.54,49.90,3351100
Oct 15 2013,53.28,53.42,52.55,52.62,49.04,1114400
Oct 14 2013,52.85,53.42,52.48,53.30,49.68,2152800
Oct 11 2013,52.77,52.89,52.09,52.83,49.24,1481700
Oct 10 2013,51.28,52.87,51.26,52.72,49.14,1849600
Oct 09 2013,50.82,51.01,49.93,50.57,47.13,1521300
Oct 08 2013,51.89,52.20,50.66,50.74,47.29,1350000
Oct 07 2013,51.77,52.22,51.45,51.75,48.23,1453700
Oct 04 2013,51.09,52.07,51.05,52.00,48.47,1559900
Oct 03 2013,51.41,51.77,50.85,51.20,47.72,1295700
Oct 02 2013,51.09,51.62,50.66,51.37,47.88,1191500
Oct 01 2013,51.33,51.95,51.18,51.60,48.09,1329800
Sep 30 2013,50.61,51.38,50.18,51.20,47.72,2665100
Sep 27 2013,51.40,51.54,51.03,51.14,47.67,984700
Sep 26 2013,52.24,52.30,51.41,51.62,48.11,1400500
Sep 25 2013,51.11,52.31,50.60,51.99,48.46,2912300
Sep 24 2013,48.65,51.63,48.64,51.00,47.53,6314200
Sep 23 2013,49.29,49.58,48.76,49.42,46.06,1393000
Sep 20 2013,49.83,50.31,49.29,49.30,45.95,1787400
Sep 19 2013,50.34,50.67,49.65,49.83,46.44,1135000
Sep 18 2013,49.93,50.34,49.59,50.22,46.81,981100
Sep 17 2013,50.37,50.43,49.82,49.93,46.54,1004800
Sep 16 2013,50.43,50.84,50.13,50.21,46.80,1433200
Sep 13 2013,50.36,50.45,49.61,49.85,46.46,1218100
Sep 12 2013,50.34,51.00,50.17,50.40,46.98,1978900
Sep 11 2013,49.95,50.25,49.61,50.21,46.80,1520400
Sep 10 2013,49.55,50.25,49.43,50.21,46.80,1828200
Sep 09 2013,49.31,49.58,48.93,49.29,45.94,893300
Sep 06 2013,49.50,49.72,48.74,49.16,45.82,1317700
Sep 05 2013,49.38,49.75,49.03,49.55,46.18,2177300
Sep 04 2013,46.86,49.48,46.60,49.47,46.11,3056100
Sep 03 2013,47.30,47.92,46.44,46.85,43.67,1376100
Aug 30 2013,47.30,47.68,46.47,46.67,43.50,999700
Aug 29 2013,46.27,47.68,46.20,47.22,44.01,1167000
Aug 28 2013,46.32,46.87,46.25,46.40,43.25,1498700
Aug 27 2013,47.44,47.57,46.35,46.39,43.24,1984800
Aug 26 2013,48.33,48.48,47.83,47.89,44.64,861500
Aug 23 2013,48.31,48.48,48.02,48.26,44.98,783000
Aug 22 2013,47.91,48.47,47.91,48.16,44.89,542100
Aug 21 2013,47.96,48.35,47.52,47.67,44.43,1076700
Aug 20 2013,47.96,48.78,47.63,48.25,44.97,1704100
Aug 19 2013,47.51,48.03,47.31,47.85,44.60,1333500
Aug 16 2013,47.11,48.02,47.08,47.84,44.59,1894600
Aug 15 2013,47.70,47.83,47.10,47.20,43.99,1744400
Aug 14 2013,48.34,48.74,48.18,48.23,44.95,1376800
Aug 13 2013,48.15,48.60,47.82,48.49,45.20,1012100
Aug 12 2013,47.61,48.23,47.50,47.98,44.72,1469300
Aug 09 2013,48.33,48.63,47.57,47.70,44.46,1551700
Aug 08 2013,48.69,48.90,47.98,48.49,45.20,1570900
Aug 07 2013,48.72,49.02,48.48,48.51,45.21,1224300
Aug 06 2013,49.43,49.72,48.68,48.85,45.53,1617700
Aug 05 2013,49.67,50.12,49.43,49.55,46.18,1121200
Aug 02 2013,50.50,50.61,49.85,50.13,46.72,1950600
Aug 01 2013,49.84,51.00,49.23,50.89,47.43,2791200
Jul 31 2013,49.98,49.99,49.12,49.22,45.88,1738400
Jul 30 2013,49.09,49.93,48.98,49.69,46.31,1593900
Jul 29 2013,49.36,49.36,48.51,48.75,45.44,1221500
Jul 26 2013,48.95,49.63,48.76,49.47,46.11,1247200
Jul 25 2013,48.71,49.22,48.56,49.16,45.82,1393900
Jul 24 2013,50.54,50.58,48.89,49.04,45.71,1599600
Jul 23 2013,50.78,50.96,49.99,50.05,46.65,1881700
Jul 22 2013,50.77,50.80,49.71,49.94,46.55,1166600
Jul 19 2013,49.88,50.61,49.61,50.59,47.15,1512100
Jul 18 2013,49.98,50.18,49.41,49.90,46.51,1241300
Jul 17 2013,50.05,50.35,49.76,49.96,46.57,1764400
Jul 16 2013,49.52,49.85,49.21,49.51,46.15,1819300
Jul 15 2013,50.51,50.55,49.56,49.61,46.24,2116500
Jul 12 2013,50.00,50.59,49.92,50.43,47.00,1147300
Jul 11 2013,49.93,50.31,49.29,49.98,46.58,2796800
Jul 10 2013,47.61,49.70,47.60,49.52,46.16,4765100
Jul 09 2013,46.18,47.62,45.63,47.50,44.27,3705400
Jul 08 2013,46.08,46.27,45.42,45.65,42.55,1964600
Jul 05 2013,45.43,46.00,45.34,45.98,42.86,1462100
Jul 03 2013,44.20,45.40,44.13,45.25,42.18,1305500
Jul 02 2013,44.26,45.64,44.15,44.72,41.68,3012700
Jul 01 2013,44.59,44.86,44.11,44.21,41.21,1691700
Jun 28 2013,44.43,44.91,44.11,44.34,41.33,2534400
Jun 27 2013,44.92,45.15,44.75,44.84,41.79,1611700
Jun 26 2013,45.78,45.87,44.16,44.64,41.61,2663600
Jun 25 2013,44.34,45.49,44.02,45.17,42.10,3342400
Jun 24 2013,44.58,44.76,43.35,43.51,40.55,3115800
Jun 21 2013,45.09,45.28,44.49,45.00,41.94,2076400
Jun 20 2013,46.46,46.80,44.49,44.81,41.77,4215500
Jun 19 2013,47.73,48.28,47.10,47.11,43.91,1796200
Jun 18 2013,47.22,47.69,47.22,47.68,44.44,1428000
Jun 17 2013,47.40,47.98,46.95,47.27,44.06,1114100
Jun 14 2013,47.56,47.93,47.01,47.08,43.88,896000
Jun 13 2013,46.13,47.69,46.12,47.46,44.24,2054800
Jun 12 2013,47.42,47.59,46.20,46.38,43.23,1912100
Jun 11 2013,47.78,48.10,46.83,46.86,43.68,1507000
Jun 10 2013,48.36,48.69,48.22,48.53,45.23,1053600
Jun 07 2013,47.67,48.50,47.53,48.40,45.11,1586700
Jun 06 2013,47.40,47.73,46.83,47.37,44.15,1060700
Jun 05 2013,47.78,48.08,47.22,47.28,44.07,1950600
Jun 04 2013,48.13,48.27,47.37,47.98,44.72,2088400
Jun 03 2013,47.50,49.13,47.40,48.25,44.97,3611400
May 31 2013,47.46,47.80,46.78,46.78,43.60,1857200
May 30 2013,46.96,48.00,46.81,47.70,44.46,1250400
May 29 2013,47.11,47.61,46.36,46.75,43.57,1508600
May 28 2013,47.20,47.79,46.54,47.52,44.29,1235100
May 24 2013,46.36,46.75,46.16,46.61,43.44,986700
May 23 2013,46.59,46.95,46.34,46.81,43.63,1532800
May 22 2013,47.95,48.14,46.63,46.95,43.76,1800400
May 21 2013,47.97,48.12,47.73,47.92,44.66,1066200
May 20 2013,47.83,48.25,47.68,47.94,44.68,1422800
May 17 2013,47.77,48.11,47.76,48.04,44.78,1833700
May 16 2013,48.10,48.25,47.48,47.54,44.31,1943500
May 15 2013,47.29,48.37,47.24,48.18,44.91,2030600
May 14 2013,46.87,47.68,46.81,47.52,44.29,1567400
May 13 2013,46.98,47.11,46.55,46.93,43.74,1344400
May 10 2013,47.15,47.39,46.79,46.92,43.73,1135300
May 09 2013,46.54,47.39,46.51,47.23,44.02,1603500
May 08 2013,45.85,47.10,45.67,46.81,43.63,2739500
May 07 2013,46.27,46.40,45.63,46.05,42.92,1867600
May 06 2013,46.16,46.50,45.81,46.28,43.14,1549700
May 03 2013,46.02,46.45,45.88,46.01,42.88,2657900
May 02 2013,45.95,46.36,45.47,45.65,42.55,2559900
May 01 2013,45.95,46.14,45.44,45.60,42.50,2560700
Apr 30 2013,45.57,46.39,45.41,46.22,43.08,3481100
Apr 29 2013,45.70,45.87,45.42,45.58,42.48,3483200
Apr 26 2013,45.46,46.38,45.18,45.67,42.57,4278700
Apr 25 2013,44.00,46.72,44.00,45.62,42.52,4853500
Apr 24 2013,42.44,43.24,42.42,43.03,40.11,1806900
Apr 23 2013,42.20,43.00,41.90,42.52,39.63,2372500
Apr 22 2013,41.66,42.27,40.68,41.85,39.01,2334000
Apr 19 2013,41.37,41.92,40.83,41.63,38.80,1523500
Apr 18 2013,41.88,42.00,41.12,41.28,38.48,2690600
Apr 17 2013,41.31,42.34,41.22,41.50,38.68,4360200
Apr 16 2013,40.54,41.52,39.94,41.48,38.66,3297400
Apr 15 2013,41.47,41.70,40.32,40.42,37.67,2453700
Apr 12 2013,42.41,42.60,41.37,41.81,38.97,1825300
Apr 11 2013,42.65,43.77,42.57,42.80,39.89,2970200
Apr 10 2013,41.45,42.14,41.16,42.07,39.21,1359500
Apr 09 2013,41.35,41.49,40.75,41.16,38.36,1851900
Apr 08 2013,40.86,41.28,40.34,41.25,38.45,1099900
Apr 05 2013,40.61,40.96,40.06,40.77,38.00,1645200
Apr 04 2013,40.44,41.30,40.27,41.23,38.43,1898600
Apr 03 2013,40.85,41.09,40.19,40.47,37.72,2716500
Apr 02 2013,40.91,41.20,40.49,40.69,37.93,1992400
Apr 01 2013,41.34,41.42,40.70,40.80,38.03,1602800
Mar 28 2013,40.94,41.54,40.72,41.46,38.64,2472600
Mar 27 2013,40.84,41.00,40.44,40.89,38.11,2606200
Mar 26 2013,41.09,41.28,40.87,41.16,38.36,2409300
Mar 25 2013,40.87,41.06,40.68,40.93,38.15,2777700
Mar 22 2013,40.75,41.01,40.45,40.56,37.80,3035800
Mar 21 2013,40.75,41.14,40.49,40.63,37.87,3788100
Mar 20 2013,41.22,41.51,40.99,41.16,38.36,2266100
Mar 19 2013,41.13,41.31,40.44,40.92,38.14,2296600
Mar 18 2013,41.14,41.45,40.80,41.11,38.32,2644000
Mar 15 2013,42.33,42.55,41.04,41.66,38.83,3679900
Mar 14 2013,42.38,42.84,42.32,42.42,39.54,1662000
Mar 13 2013,42.48,42.48,41.71,42.16,39.30,1845500
Mar 12 2013,42.38,42.74,41.87,42.32,39.44,1685500
Mar 11 2013,42.63,42.85,42.28,42.41,39.53,1222900
Mar 08 2013,43.16,43.16,42.47,42.88,39.97,1455100
Mar 07 2013,43.15,43.39,42.68,42.80,39.89,1291400
Mar 06 2013,43.46,43.78,42.92,43.11,40.18,1741400
Mar 05 2013,42.92,43.92,42.72,43.12,40.19,2722100
Mar 04 2013,42.40,42.75,41.99,42.59,39.70,1710300
Mar 01 2013,42.09,42.84,41.68,42.68,39.78,1966500
Feb 28 2013,42.52,42.86,42.28,42.30,39.43,2122500
Feb 27 2013,41.62,42.69,41.44,42.50,39.61,1732100
Feb 26 2013,41.06,41.85,40.98,41.65,38.82,2147100
Feb 25 2013,42.16,42.67,40.85,40.86,38.08,1526800
Feb 22 2013,40.74,42.18,40.74,42.03,39.17,2088400
Feb 21 2013,42.04,42.04,40.74,40.91,38.13,3026400
Feb 20 2013,42.87,42.98,41.86,41.96,39.11,1932200
Feb 19 2013,42.65,43.22,42.57,42.74,39.84,1566700
Feb 15 2013,43.00,43.00,42.32,42.50,39.61,1786400
Feb 14 2013,42.86,43.35,42.62,42.90,39.99,2067400
Feb 13 2013,42.98,43.38,42.71,42.93,40.01,2662600
Feb 12 2013,42.89,42.89,42.38,42.84,39.93,2663500
Feb 11 2013,42.71,42.85,42.30,42.71,39.81,1122700
Feb 08 2013,42.52,43.12,42.44,42.61,39.71,1429200
Feb 07 2013,42.32,42.52,41.90,42.39,39.51,1887500
Feb 06 2013,42.27,42.76,41.97,42.57,39.68,2169700
Feb 05 2013,42.11,42.69,42.01,42.59,39.70,2759800
Feb 04 2013,41.46,42.76,41.41,41.96,39.11,3948400
Feb 01 2013,41.38,42.00,41.37,41.72,38.89,1990000
Jan 31 2013,41.78,41.95,41.04,41.14,38.34,1566800
Jan 30 2013,41.63,41.99,41.52,41.64,38.81,1666900
Jan 29 2013,41.54,41.82,41.03,41.73,38.89,2096800
Jan 28 2013,41.59,42.24,41.54,41.74,38.90,3342800
Jan 25 2013,39.97,42.12,39.91,41.84,39.00,5572100
Jan 24 2013,39.68,40.19,38.67,39.52,36.83,3701400
Jan 23 2013,40.27,40.42,39.65,40.10,37.38,2599800
Jan 22 2013,40.09,40.27,39.75,40.08,37.36,2084300
Jan 18 2013,40.13,41.22,39.87,40.12,37.39,4485400
Jan 17 2013,38.36,40.23,38.36,40.07,37.35,4481000
Jan 16 2013,37.98,38.38,37.98,38.32,35.72,1219400
Jan 15 2013,37.92,38.44,37.89,38.08,35.49,2020400
Jan 14 2013,38.25,38.61,37.78,38.22,35.62,1442700
Jan 11 2013,37.93,38.46,37.93,38.44,35.83,1684900
Jan 10 2013,37.75,38.28,37.62,37.85,35.28,1638900
Jan 09 2013,37.10,37.36,37.05,37.29,34.76,1467100
Jan 08 2013,37.50,37.72,36.92,36.98,34.47,1701200
Jan 07 2013,37.77,37.92,37.35,37.57,35.02,1693200
Jan 04 2013,38.05,38.31,37.96,38.07,35.48,1683500
Jan 03 2013,38.06,38.46,37.59,37.98,35.40,3413400
Jan 02 2013,37.02,38.76,36.84,38.73,36.10,4289000
Dec 31 2012,35.71,36.24,35.32,36.13,33.68,2071400
Dec 28 2012,35.79,36.31,35.64,35.67,33.25,1397200
Dec 27 2012,36.42,36.45,35.54,35.98,33.54,2318800
Dec 26 2012,36.95,37.00,36.37,36.45,33.97,1424000
Dec 24 2012,36.10,37.18,35.97,36.95,34.44,1523300
Dec 21 2012,36.08,36.50,35.81,36.24,33.78,9065000
Dec 20 2012,36.64,36.85,36.24,36.59,34.10,2051600
Dec 19 2012,36.83,37.17,36.49,36.50,34.02,2517500
Dec 18 2012,36.29,36.98,36.21,36.86,34.36,2628300
Dec 17 2012,36.34,36.91,35.96,36.28,33.82,3596100
Dec 14 2012,36.09,36.64,36.09,36.37,33.90,2431700
Dec 13 2012,35.95,36.50,35.68,36.24,33.78,2162100
Dec 12 2012,36.47,36.79,36.00,36.05,33.60,2125500
Dec 11 2012,36.13,36.65,35.99,36.35,33.88,2852600
Dec 10 2012,35.30,36.15,35.28,36.05,33.60,1655400
Dec 07 2012,35.24,35.60,35.11,35.46,33.05,1624300
Dec 06 2012,35.18,35.40,34.88,35.10,32.72,2138400
Dec 05 2012,35.51,35.54,34.93,35.26,32.86,2724200
Dec 04 2012,34.81,35.55,34.70,35.51,33.10,2680600
Dec 03 2012,35.28,35.44,34.79,34.86,32.49,1797300
Nov 30 2012,35.24,35.42,35.05,35.12,32.73,3750600
Nov 29 2012,35.51,35.79,34.99,35.16,32.77,1958600
Nov 28 2012,34.81,35.46,34.34,35.42,33.01,2226400
Nov 27 2012,34.90,35.47,34.72,34.91,32.54,2106700
Nov 26 2012,35.21,35.72,35.21,35.25,32.85,2402800
Nov 23 2012,34.79,35.62,34.56,35.34,32.94,1029800
Nov 21 2012,34.70,34.72,34.31,34.50,32.16,2674500
Nov 20 2012,34.56,34.69,34.13,34.55,32.20,3277100
Nov 19 2012,34.89,35.22,34.47,34.68,32.32,2886400
Nov 16 2012,34.66,34.72,33.88,34.52,32.17,4410400
Nov 15 2012,35.48,35.59,34.40,34.62,32.27,3787800
Nov 14 2012,36.53,36.54,35.35,35.41,33.00,2004300
Nov 13 2012,36.30,36.72,36.21,36.31,33.84,1638200
Nov 12 2012,36.51,36.90,36.28,36.68,34.19,1968900
Nov 09 2012,36.02,36.98,35.93,36.43,33.95,2843800
Nov 08 2012,36.12,36.53,35.94,35.94,33.50,2882100
Nov 07 2012,37.27,37.29,35.95,36.17,33.71,3773100
Nov 06 2012,37.63,38.14,37.33,37.69,35.13,4800000
Nov 05 2012,35.96,37.17,35.90,36.84,34.34,2570100
Nov 02 2012,36.90,36.95,36.05,36.06,33.61,3299000
Nov 01 2012,35.49,36.93,35.46,36.92,34.41,3108300
Oct 31 2012,35.45,35.71,35.15,35.40,32.99,1930000
Oct 26 2012,35.67,35.96,35.02,35.36,32.96,3944600
Oct 25 2012,35.74,35.97,35.45,35.68,33.26,3408100
Oct 24 2012,35.71,35.92,35.03,35.45,33.04,3559300
Oct 23 2012,35.43,35.79,35.12,35.53,33.12,3223800
Oct 22 2012,35.40,36.04,35.09,35.85,33.41,4503000
Oct 19 2012,35.93,36.00,35.05,35.37,32.97,4653300
Oct 18 2012,34.00,36.72,33.75,36.01,33.56,12555500
Oct 17 2012,33.10,33.74,33.09,33.58,31.30,4446800
Oct 16 2012,32.82,33.54,32.64,33.44,31.17,2826200
Oct 15 2012,32.44,32.96,32.36,32.67,30.45,2870300
Oct 12 2012,32.57,32.99,32.43,32.46,30.25,3919600
Oct 11 2012,32.20,32.79,31.98,32.71,30.49,5569500
Oct 10 2012,32.03,32.21,31.73,31.89,29.72,4178700
Oct 09 2012,32.04,32.47,31.89,32.13,29.95,3519100
Oct 08 2012,32.01,32.44,31.82,32.12,29.94,2178000
Oct 05 2012,31.92,32.81,31.92,32.26,30.07,3738700
Oct 04 2012,31.85,31.91,31.33,31.78,29.62,3021200
Oct 03 2012,32.09,32.25,31.55,31.75,29.59,3680300
Oct 02 2012,31.70,32.14,31.62,32.10,29.92,4410400
Oct 01 2012,31.79,32.36,31.45,31.57,29.43,4355800
Sep 28 2012,31.69,32.13,31.36,31.78,29.62,4649700
Sep 27 2012,31.50,32.07,31.19,31.78,29.62,2941100
Sep 26 2012,31.90,31.99,31.17,31.30,29.17,4451500
Sep 25 2012,32.70,32.94,31.83,31.84,29.68,3743000
Sep 24 2012,32.56,32.88,32.42,32.50,30.29,3181300
Sep 21 2012,32.87,33.04,32.65,32.91,30.67,5880600
Sep 20 2012,32.73,32.81,32.47,32.64,30.42,3985200
Sep 19 2012,32.55,33.00,31.93,32.85,30.62,8564900
Sep 18 2012,33.93,34.01,33.65,33.70,31.41,2620100
Sep 17 2012,34.40,34.42,33.88,34.06,31.75,1925400
Sep 14 2012,33.90,34.73,33.89,34.35,32.02,4612000
Sep 13 2012,33.63,34.00,33.29,33.91,31.61,6149700
Sep 12 2012,34.26,34.39,33.71,33.78,31.48,2806500
Sep 11 2012,34.25,34.46,34.00,34.07,31.76,2345000
Sep 10 2012,34.65,35.08,34.28,34.33,32.00,2229400
Sep 07 2012,33.89,34.99,33.78,34.72,32.36,3030800
Sep 06 2012,33.49,34.53,33.27,34.29,31.96,3243800
Sep 05 2012,33.51,33.70,33.17,33.26,31.00,4077800
Sep 04 2012,34.09,34.12,33.18,33.63,31.35,2868300
Aug 31 2012,33.70,34.32,33.50,34.13,31.81,3058300
Aug 30 2012,33.96,34.02,33.39,33.39,31.12,2919600
Aug 29 2012,34.28,34.34,33.81,34.15,31.83,2202900
Aug 28 2012,34.00,34.39,33.84,34.24,31.91,1641300
Aug 27 2012,34.61,34.64,34.01,34.06,31.75,2216200
Aug 24 2012,34.58,34.82,34.29,34.62,32.27,2094700
Aug 23 2012,34.92,34.92,34.42,34.55,32.20,1530600
Aug 22 2012,35.12,35.24,34.77,34.99,32.61,2586800
Aug 21 2012,35.27,35.78,34.97,35.12,32.73,2751400
Aug 20 2012,35.24,35.41,34.92,35.23,32.84,2801700
Aug 17 2012,35.10,35.56,34.90,35.21,32.82,2889000
Aug 16 2012,34.78,35.33,34.75,35.19,32.80,2245100
Aug 15 2012,34.61,35.09,34.61,34.89,32.52,1609500
Aug 14 2012,35.31,35.54,34.69,34.83,32.46,2457900
Aug 13 2012,35.49,35.54,34.94,35.27,32.87,1311200
Aug 10 2012,35.59,35.81,35.30,35.54,33.13,1579100
Aug 09 2012,35.52,35.99,35.52,35.56,33.14,2670800
Aug 08 2012,35.54,35.75,35.25,35.56,33.14,1479100
Aug 07 2012,34.69,35.87,34.69,35.71,33.28,3111800
Aug 06 2012,34.64,34.88,34.57,34.62,32.27,2146100
Aug 03 2012,34.05,34.88,34.04,34.57,32.22,2621800
Aug 02 2012,34.10,34.73,33.51,33.67,31.38,3088100
Aug 01 2012,34.65,34.79,34.27,34.42,32.08,2815900
Jul 31 2012,34.31,34.70,34.20,34.41,32.07,2374300
Jul 30 2012,34.38,34.82,34.00,34.20,31.88,4912500
Jul 27 2012,34.43,34.63,33.53,34.14,31.82,5294000
Jul 26 2012,33.53,34.50,33.24,34.37,32.03,6293000
Jul 25 2012,34.38,34.90,34.10,34.24,31.91,3183300
Jul 24 2012,34.30,34.61,33.95,34.19,31.87,2767600
Jul 23 2012,34.11,34.59,33.86,34.45,32.11,3159500
Jul 20 2012,35.00,35.09,34.64,34.80,32.44,2294500
Jul 19 2012,35.19,35.41,34.82,35.18,32.79,2195900
Jul 18 2012,34.10,35.23,33.94,35.03,32.65,4586800
Jul 17 2012,34.30,34.38,33.67,34.18,31.86,3272300
Jul 16 2012,34.01,34.34,33.65,34.18,31.86,2330300
Jul 13 2012,33.76,34.36,33.69,34.23,31.90,2795500
Jul 12 2012,33.72,33.94,33.50,33.75,31.46,4429600
Jul 11 2012,34.84,34.89,33.89,34.00,31.69,4989800
Jul 10 2012,34.98,35.43,34.47,34.74,32.38,5232600
Jul 09 2012,35.13,35.61,34.93,35.17,32.78,6138900
Jul 06 2012,36.45,36.60,35.12,35.49,33.08,7740100
Jul 05 2012,37.59,37.75,36.85,36.98,34.47,3031200
Jul 03 2012,37.42,37.83,37.18,37.82,35.25,1428700
Jul 02 2012,37.98,37.99,37.14,37.63,35.07,1650600
Jun 29 2012,37.07,37.87,36.94,37.74,35.18,3623900
Jun 28 2012,36.32,36.36,35.56,36.32,33.85,3048600
Jun 27 2012,36.44,36.81,36.31,36.56,34.08,2889300
Jun 26 2012,36.59,36.91,36.15,36.21,33.75,4460500
Jun 25 2012,37.35,37.55,36.32,36.44,33.96,2476700
Jun 22 2012,37.72,38.36,37.56,37.95,35.37,4403700
Jun 21 2012,38.50,38.99,37.75,37.80,35.23,3319400
Jun 20 2012,38.20,38.97,38.06,38.75,36.12,4137700
Jun 19 2012,38.02,38.30,37.81,38.14,35.55,2218700
Jun 18 2012,37.71,38.22,37.49,37.57,35.02,3322400
Jun 15 2012,36.40,37.84,36.38,37.76,35.19,4367500
Jun 14 2012,37.06,37.09,36.18,36.53,34.05,5013300
Jun 13 2012,37.36,37.37,36.67,36.91,34.40,3671400
Jun 12 2012,37.50,37.86,37.08,37.35,34.81,3168600
Jun 11 2012,37.84,38.33,37.07,37.15,34.63,2391000
Jun 08 2012,37.27,37.88,37.18,37.62,35.06,3740900
Jun 07 2012,38.35,38.75,37.38,37.43,34.89,3083400
Jun 06 2012,38.24,38.67,37.69,38.22,35.62,5400800
Jun 05 2012,36.02,37.54,35.84,37.32,34.78,6142000
Jun 04 2012,36.13,36.70,35.93,35.99,33.54,29876600
Jun 01 2012,36.52,37.51,36.08,36.13,33.68,7262600
May 31 2012,37.62,37.76,36.89,37.30,34.77,3834400
May 30 2012,38.47,38.47,37.72,37.75,35.19,2797100
May 29 2012,38.61,39.00,38.16,38.79,36.15,1883300
May 25 2012,37.68,38.68,37.65,38.37,35.76,2220300
May 24 2012,38.28,38.37,37.25,37.63,35.07,4200500
May 23 2012,37.57,38.35,37.45,38.15,35.56,3722900
May 22 2012,38.38,38.66,37.87,38.22,35.62,2890400
May 21 2012,37.79,38.20,37.48,38.15,35.56,3008300
May 18 2012,37.86,38.32,37.44,37.57,35.02,3750300
May 17 2012,38.86,39.07,37.73,37.75,35.19,6175800
May 16 2012,39.94,40.06,38.70,38.87,36.23,8916200
May 15 2012,41.18,41.60,40.77,40.89,38.11,3243500
May 14 2012,40.89,41.47,40.43,41.20,38.40,2233000
May 11 2012,40.91,42.20,40.48,41.42,38.61,4986500
May 10 2012,40.79,40.98,39.95,40.45,37.70,2669500
May 09 2012,39.51,40.95,39.20,40.57,37.81,3188900
May 08 2012,39.87,40.18,38.60,40.08,37.36,3678100
May 07 2012,40.00,40.61,40.00,40.13,37.40,2062100
May 04 2012,40.69,41.08,40.00,40.24,37.51,2681700

