Jan 08 2019,62.61,63.64,61.89,62.87,62.87,5884800
Jan 07 2019,61.87,63.07,61.16,62.26,62.26,6333100
Jan 04 2019,59.92,61.72,59.25,61.65,61.65,6297600
Jan 03 2019,59.71,60.04,58.04,58.77,58.77,6290600
Jan 02 2019,58.17,60.28,57.79,59.64,59.64,6608000
Dec 28 2018,59.46,59.92,57.80,58.24,58.24,4563500
Dec 27 2018,57.02,59.12,56.55,59.10,59.10,5766200
Dec 26 2018,54.63,58.38,54.44,58.35,58.35,6036400
Dec 24 2018,55.31,56.41,54.29,54.32,54.32,4508800
Dec 21 2018,57.21,58.73,56.49,56.74,56.74,14239800
Dec 20 2018,57.88,60.00,57.09,57.42,57.42,11900600
Dec 19 2018,59.19,61.15,58.18,58.63,58.63,15030100
Dec 18 2018,59.05,60.54,58.67,58.96,58.96,12023600
Dec 17 2018,59.51,60.36,58.13,58.84,58.84,9197939
Dec 14 2018,61.56,62.69,59.55,59.87,59.87,8583000
Dec 13 2018,62.20,62.65,61.58,62.12,62.12,6501700
Dec 12 2018,62.27,63.37,62.02,62.04,62.04,5484100
Dec 11 2018,61.45,62.43,60.87,61.34,61.34,5555100
Dec 10 2018,61.02,62.02,59.55,60.98,60.98,8768800
Dec 07 2018,64.13,66.10,61.13,61.56,61.56,9721900
Dec 06 2018,62.88,63.63,61.80,63.55,63.55,7501300
Dec 04 2018,64.75,66.51,63.28,63.34,63.34,7711600
Dec 03 2018,66.00,66.88,63.28,64.66,64.66,9307900
Nov 30 2018,64.78,65.57,64.30,65.16,65.16,6236800
Nov 29 2018,65.04,65.99,64.82,64.90,64.90,5096900
Nov 28 2018,63.60,65.54,62.42,65.28,65.28,6229200
Nov 27 2018,63.84,64.60,63.44,63.74,63.74,5096700
Nov 26 2018,62.81,64.44,62.59,64.18,64.18,5448300
Nov 23 2018,62.53,63.10,61.70,61.73,61.73,2695000
Nov 21 2018,62.26,64.27,62.01,63.73,63.73,6438600
Nov 20 2018,61.59,63.07,60.64,61.89,61.89,7603000
Nov 16 2018,65.72,66.39,64.97,65.44,64.97,6373700
Nov 15 2018,63.59,65.60,63.26,65.36,64.89,6149600
Nov 14 2018,65.28,65.86,63.17,63.84,63.38,6395600
Nov 13 2018,65.50,66.23,63.65,64.17,63.70,8936000
Nov 12 2018,67.68,67.92,65.77,65.90,65.42,4588800
Nov 09 2018,67.17,67.66,66.08,67.18,66.69,6340500
Nov 08 2018,69.62,69.77,67.29,67.70,67.21,7182500
Nov 07 2018,68.98,69.97,68.10,69.82,69.31,7305300
Nov 06 2018,69.75,69.76,67.90,68.37,67.87,6809800
Nov 05 2018,70.51,70.92,68.84,69.76,69.25,4841500
Nov 02 2018,71.79,73.00,69.25,69.49,68.99,5685500
Nov 01 2018,69.80,72.44,68.75,71.08,70.56,8070900
Oct 31 2018,69.89,72.12,69.82,70.45,69.94,9638900
Oct 30 2018,67.45,69.13,66.64,68.80,68.30,6470600
Oct 29 2018,69.85,70.46,66.29,67.23,66.74,6307400
Oct 26 2018,69.06,69.75,67.29,68.86,68.36,7837700
Oct 25 2018,69.52,70.51,69.01,69.96,69.45,8315800
Oct 24 2018,71.88,72.00,67.82,68.06,67.57,12254700
Oct 23 2018,72.50,72.72,68.94,72.09,71.57,8640000
Oct 22 2018,74.00,74.56,72.22,74.13,73.59,5154000
Oct 19 2018,75.78,76.58,73.73,73.92,73.38,13322800
Oct 18 2018,78.44,79.90,78.26,78.82,78.25,4859600
Oct 17 2018,79.61,80.46,78.62,79.15,78.58,5630300
Oct 16 2018,79.00,80.25,78.27,80.07,79.49,5907500
Oct 15 2018,80.00,80.34,77.79,77.79,77.23,7960600
Oct 12 2018,80.15,80.84,78.90,80.08,79.50,8179200
Oct 11 2018,80.65,81.81,78.34,78.73,78.16,9010200
Oct 10 2018,84.83,85.06,80.65,80.65,80.06,10626500
Oct 09 2018,83.96,84.48,82.86,83.76,83.15,5322700
Oct 08 2018,84.00,84.16,81.87,83.86,83.25,9552200
Oct 05 2018,84.82,85.00,83.23,84.51,83.90,7580800
Oct 04 2018,86.05,86.32,84.01,85.27,84.65,6911300
Oct 03 2018,84.32,86.56,84.00,86.39,85.76,8331700
Oct 02 2018,82.90,83.42,81.59,83.28,82.68,7100100
Oct 01 2018,81.61,83.32,81.16,82.43,81.83,6696600
Sep 28 2018,82.45,83.00,79.97,79.97,79.39,39153800
Sep 27 2018,84.78,85.95,82.71,83.04,82.44,8087700
Sep 26 2018,84.71,85.21,82.45,84.53,83.92,7955000
Sep 25 2018,86.67,88.45,84.94,85.05,84.43,7512100
Sep 24 2018,83.94,86.36,83.70,85.79,85.17,6853000
Sep 21 2018,82.30,83.98,81.93,83.37,82.77,8531600
Sep 20 2018,81.00,82.55,79.57,81.93,81.34,6500000
Sep 19 2018,83.27,83.78,80.09,80.54,79.96,6867500
Sep 18 2018,84.24,84.66,83.44,83.97,83.36,4563000
Sep 17 2018,84.43,84.49,83.38,83.82,83.21,3510200
Sep 14 2018,84.04,84.74,83.88,84.34,83.73,3294400
Sep 13 2018,84.30,84.54,82.87,84.09,83.48,4575900
Sep 12 2018,83.63,85.22,83.59,84.20,83.59,5581900
Sep 11 2018,82.25,83.85,81.71,83.52,82.91,3835400
Sep 10 2018,82.70,83.10,82.15,82.43,81.83,4067700
Sep 07 2018,82.80,82.85,81.52,82.51,81.91,3589100
Sep 06 2018,83.78,85.34,82.75,82.80,82.20,4468200
Sep 05 2018,84.06,84.47,82.42,83.94,83.33,5718900
Sep 04 2018,82.75,85.08,82.60,84.28,83.67,6036200
Aug 31 2018,82.79,83.00,81.08,82.29,81.69,6666800
Aug 30 2018,83.94,83.95,82.03,83.12,82.52,4420500
Aug 29 2018,84.15,84.55,82.95,83.72,83.11,3624700
Aug 28 2018,83.71,84.58,83.51,83.91,83.30,3222900
Aug 27 2018,84.05,84.79,83.19,83.68,83.07,4305200
Aug 24 2018,82.12,83.86,81.68,83.82,83.21,6091800
Aug 23 2018,80.28,81.74,79.95,81.62,81.03,3392100
Aug 22 2018,79.10,80.52,79.02,80.21,79.63,3838700
Aug 21 2018,79.03,80.80,78.81,79.01,78.44,5733400
Aug 20 2018,77.37,79.22,77.18,78.76,78.19,3352300
Aug 17 2018,77.27,77.37,76.22,77.11,76.55,3374300
Aug 16 2018,77.53,78.43,76.58,76.69,76.13,4075600
Aug 15 2018,79.02,79.32,76.81,77.18,76.62,6162800
Aug 13 2018,81.13,81.74,80.03,80.09,79.05,2307800
Aug 10 2018,80.34,81.24,80.33,80.93,79.88,2708400
Aug 09 2018,81.85,82.18,80.45,80.75,79.70,3027600
Aug 08 2018,80.74,81.99,80.18,81.69,80.63,3171200
Aug 07 2018,80.40,81.93,80.11,81.27,80.22,4145800
Aug 06 2018,79.40,79.93,78.81,79.84,78.81,3837100
Aug 03 2018,79.72,80.34,78.41,79.09,78.07,3075100
Aug 02 2018,80.28,80.30,79.22,79.73,78.70,3785000
Aug 01 2018,80.25,81.07,79.85,80.76,79.71,4279400
Jul 31 2018,81.62,82.61,80.72,80.83,79.78,4686700
Jul 30 2018,81.66,82.27,81.19,81.50,80.44,4166200
Jul 27 2018,80.62,81.90,79.70,80.99,79.94,5450900
Jul 26 2018,75.89,80.63,75.41,80.16,79.12,11435400
Jul 25 2018,73.86,74.86,73.36,74.72,73.75,5236300
Jul 24 2018,73.43,74.56,73.04,73.74,72.78,4223600
Jul 23 2018,73.06,73.39,72.31,73.00,72.05,3605800
Jul 20 2018,72.65,73.26,72.10,72.52,71.58,4231700
Jul 19 2018,72.89,73.45,72.60,72.86,71.92,3148700
Jul 18 2018,71.47,72.75,70.61,72.56,71.62,5089500
Jul 17 2018,71.38,72.65,70.83,71.70,70.77,3110700
Jul 16 2018,71.05,71.90,70.79,71.42,70.49,3077100
Jul 13 2018,70.87,71.98,70.48,71.74,70.81,4884600
Jul 12 2018,70.53,70.67,69.27,70.51,69.60,3951200
Jul 11 2018,70.96,71.69,69.30,69.96,69.05,4441200
Jul 10 2018,71.89,73.18,71.78,71.87,70.94,3965500
Jul 09 2018,70.44,72.17,70.40,71.82,70.89,5463300
Jul 06 2018,69.21,70.98,69.12,70.20,69.29,4055100
Jul 05 2018,71.41,72.46,68.18,69.60,68.70,8436100
Jul 03 2018,70.55,72.62,70.28,70.82,69.90,6832100
Jul 02 2018,69.69,70.40,69.20,70.27,69.36,5351000
Jun 29 2018,69.91,71.27,69.71,70.16,69.25,5576800
Jun 28 2018,69.47,70.48,69.06,69.49,68.59,4546300
Jun 27 2018,71.02,71.69,69.03,69.20,68.30,5758900
Jun 26 2018,70.07,71.23,70.05,70.54,69.63,4478800
Jun 25 2018,72.83,72.90,69.28,69.97,69.06,7899400
Jun 22 2018,74.03,74.18,72.56,72.62,71.68,11180200
Jun 21 2018,73.46,73.80,72.23,72.48,71.54,4776300
Jun 20 2018,74.50,74.91,73.30,73.82,72.86,3217200
Jun 19 2018,74.01,75.15,73.71,74.52,73.55,3828100
Jun 18 2018,73.64,75.23,73.25,74.79,73.82,4517800
Jun 15 2018,74.71,75.46,73.27,73.56,72.61,8448900
Jun 14 2018,75.61,76.19,75.08,75.19,74.22,4880500
Jun 13 2018,75.61,75.79,74.44,74.88,73.91,4645600
Jun 12 2018,77.89,78.31,75.22,75.46,74.48,7553200
Jun 11 2018,78.94,78.94,76.84,77.77,76.76,5268200
Jun 08 2018,78.84,79.34,78.03,78.99,77.97,4058800
Jun 07 2018,79.52,79.61,78.35,79.15,78.12,4197600
Jun 06 2018,80.05,80.15,77.55,78.76,77.74,6320300
Jun 05 2018,81.90,82.20,79.73,80.33,79.29,4851800
Jun 04 2018,82.30,83.33,81.55,81.93,80.87,6655300
Jun 01 2018,79.78,82.03,79.00,81.92,80.86,6979800
May 31 2018,79.40,82.69,79.03,79.03,78.01,8272100
May 30 2018,78.77,80.47,77.96,79.55,78.52,6100600
May 29 2018,77.01,78.84,76.53,77.61,76.60,6145500
May 25 2018,77.90,77.97,75.93,77.00,76.00,6419000
May 24 2018,78.17,79.26,77.55,79.11,78.09,6090000
May 23 2018,77.77,78.93,77.21,78.87,77.85,4378100
May 22 2018,79.16,80.36,78.25,78.49,77.47,4111900
May 21 2018,79.98,80.11,78.59,78.85,77.83,3866500
May 18 2018,80.58,80.72,79.10,79.53,78.50,4015700
May 17 2018,77.60,80.92,77.24,80.71,79.66,9675600
May 16 2018,77.10,77.27,75.93,76.73,75.74,6890300
May 15 2018,77.85,78.64,76.72,77.29,76.29,5869400
May 11 2018,77.72,77.97,76.99,77.33,75.88,3549200
May 10 2018,77.94,78.25,76.62,77.54,76.09,4532100
May 09 2018,76.17,78.11,75.84,77.11,75.66,4827000
May 08 2018,76.43,76.92,74.28,75.31,73.90,6857100
May 07 2018,77.23,78.97,76.46,76.50,75.07,5856900
May 04 2018,76.90,77.51,76.10,76.94,75.50,5612100
May 03 2018,76.28,77.72,74.52,77.46,76.01,9029100
May 02 2018,73.28,77.63,72.94,75.84,74.42,13325500
May 01 2018,74.28,74.43,70.46,72.90,71.53,20929500
Apr 30 2018,75.47,79.01,74.10,74.91,73.51,28076500
Apr 27 2018,82.56,82.63,81.31,81.43,79.90,3287700
Apr 26 2018,80.70,83.27,79.96,82.93,81.38,4330100
Apr 25 2018,79.19,80.28,78.18,80.23,78.73,3272000
Apr 24 2018,80.32,81.63,79.12,79.78,78.28,4744100
Apr 23 2018,79.98,80.22,78.88,79.85,78.35,2946900
Apr 20 2018,79.40,80.04,79.14,79.76,78.26,2557700
Apr 19 2018,78.80,79.81,78.21,79.40,77.91,3147600
Apr 18 2018,79.07,79.98,78.51,78.78,77.30,4192700
Apr 17 2018,77.79,78.82,76.60,78.55,77.08,3866200
Apr 16 2018,74.98,77.92,74.78,77.52,76.07,4840000
Apr 13 2018,74.46,75.00,73.97,74.59,73.19,2485600
Apr 12 2018,74.30,74.62,73.42,74.25,72.86,2357900
Apr 11 2018,73.71,74.47,73.41,74.02,72.63,3916800
Apr 10 2018,72.94,74.13,72.86,73.70,72.32,3906500
Apr 09 2018,72.47,72.99,71.65,71.67,70.33,3889800
Apr 06 2018,72.71,73.46,71.53,72.45,71.09,3211500
Apr 05 2018,73.24,73.95,72.73,73.41,72.03,4706500
Apr 04 2018,71.59,72.82,70.31,72.57,71.21,4382800
Apr 03 2018,72.70,72.79,71.38,72.60,71.24,3660000
Apr 02 2018,72.95,73.38,70.84,71.80,70.45,3372600
Mar 29 2018,72.23,73.64,72.13,73.11,71.74,2790900
Mar 28 2018,73.13,73.43,71.59,71.82,70.47,4082300
Mar 27 2018,73.88,74.92,72.40,72.88,71.51,3640400
Mar 26 2018,72.10,74.06,72.08,73.68,72.30,4245400
Mar 23 2018,73.40,74.48,71.17,71.28,69.94,5858200
Mar 22 2018,72.37,73.89,72.11,72.97,71.60,3809500
Mar 21 2018,71.81,73.88,71.71,73.21,71.84,4355900
Mar 20 2018,69.70,71.82,69.44,71.46,70.12,4723500
Mar 19 2018,69.40,69.57,68.72,69.21,67.91,2774000
Mar 16 2018,68.51,69.98,68.50,69.68,68.37,6081700
Mar 15 2018,69.56,69.77,67.45,68.63,67.34,4534800
Mar 14 2018,69.65,70.02,69.15,69.36,68.06,3328600
Mar 13 2018,69.38,70.29,68.77,69.24,67.94,3246000
Mar 12 2018,70.24,70.48,69.17,69.27,67.97,3175900
Mar 09 2018,69.73,70.68,69.43,70.22,68.90,4110400
Mar 08 2018,68.12,69.07,67.39,69.03,67.74,4015600
Mar 07 2018,66.96,68.11,66.68,67.68,66.41,3536800
Mar 06 2018,66.62,67.87,66.23,67.39,66.13,3730300
Mar 05 2018,64.88,66.50,64.60,66.16,64.92,3662000
Mar 02 2018,64.38,65.42,64.10,65.19,63.97,2890100
Mar 01 2018,64.27,65.58,64.14,64.79,63.58,4264800
Feb 28 2018,65.96,65.96,64.05,64.06,62.86,5536600
Feb 27 2018,66.16,67.09,65.59,65.60,64.37,4395600
Feb 26 2018,66.92,67.05,66.06,66.29,65.05,3243200
Feb 23 2018,66.88,67.17,65.76,66.81,65.56,2896400
Feb 22 2018,66.53,67.65,66.41,66.46,65.21,4149500
Feb 21 2018,66.29,67.49,66.13,66.27,65.03,4522200
Feb 20 2018,67.45,67.89,65.83,66.25,65.01,3236000
Feb 15 2018,68.16,68.82,66.88,67.80,66.08,4187200
Feb 14 2018,65.46,68.42,65.18,68.16,66.43,4690000
Feb 13 2018,64.67,66.40,64.29,66.08,64.40,3571000
Feb 12 2018,64.48,65.70,64.02,64.77,63.13,3423700
Feb 09 2018,63.45,64.58,61.46,63.84,62.22,4871400
Feb 08 2018,64.91,65.35,62.77,62.79,61.20,4379300
Feb 07 2018,66.96,67.64,64.94,65.09,63.44,5065000
Feb 06 2018,62.93,65.94,62.26,65.69,64.02,4615400
Feb 05 2018,66.08,67.44,63.23,64.58,62.94,5891600
Feb 02 2018,68.33,69.45,66.81,67.41,65.70,5035100
Feb 01 2018,69.77,70.49,67.12,68.69,66.95,6953500
Jan 31 2018,69.24,69.64,68.21,69.27,67.51,6425000
Jan 30 2018,69.05,69.58,67.81,69.13,67.37,4841700
Jan 29 2018,71.51,71.75,69.97,70.15,68.37,4153100
Jan 26 2018,71.29,72.02,71.19,71.74,69.92,3556100
Jan 25 2018,72.08,72.23,71.01,71.08,69.27,2894300
Jan 24 2018,73.37,73.53,71.29,71.59,69.77,3933900
Jan 23 2018,73.31,73.50,72.64,73.12,71.26,2852600
Jan 22 2018,72.04,73.20,71.72,73.16,71.30,4365700
Jan 19 2018,71.66,72.03,71.09,71.89,70.06,3894300
Jan 18 2018,71.78,72.52,71.16,71.49,69.67,3610600
Jan 17 2018,71.11,72.48,70.92,71.98,70.15,3452900
Jan 16 2018,71.60,71.83,70.61,70.78,68.98,4401500
Jan 12 2018,70.47,71.50,70.47,71.42,69.61,2628200
Jan 11 2018,69.72,70.43,69.35,70.25,68.47,2494500
Jan 10 2018,68.79,69.63,68.45,69.51,67.74,2719400
Jan 09 2018,69.39,69.55,68.91,69.00,67.25,2980300
Jan 08 2018,69.07,69.68,69.01,69.39,67.63,3212600
Jan 05 2018,68.87,69.46,68.51,69.34,67.58,3512300
Jan 04 2018,68.66,69.06,68.40,68.68,66.94,3156400
Jan 03 2018,67.46,68.97,67.41,68.61,66.87,4844000
Jan 02 2018,66.11,67.25,65.98,67.18,65.47,3055900
Dec 29 2017,66.47,66.75,65.96,65.98,64.30,2289100
Dec 28 2017,66.43,66.56,66.16,66.40,64.71,3124400
Dec 27 2017,66.72,66.89,66.36,66.42,64.73,2195500
Dec 26 2017,66.55,67.07,66.41,66.84,65.14,2309900
Dec 22 2017,66.70,66.85,66.22,66.36,64.67,3449500
Dec 21 2017,65.70,66.79,65.42,66.33,64.65,5675700
Dec 20 2017,65.06,65.86,64.76,65.66,63.99,5163600
Dec 19 2017,66.03,66.12,64.68,64.75,63.11,4367500
Dec 18 2017,65.87,66.38,65.73,66.01,64.33,3386400
Dec 15 2017,64.95,66.19,64.70,65.75,64.08,10013900
Dec 14 2017,64.16,65.04,64.06,64.66,63.02,4319000
Dec 13 2017,64.30,64.41,63.80,64.15,62.52,2966100
Dec 12 2017,64.82,65.29,64.27,64.49,62.85,2591600
Dec 11 2017,64.46,65.08,64.33,64.46,62.82,2768800
Dec 08 2017,64.19,64.94,63.95,64.75,63.11,3084700
Dec 07 2017,63.10,64.07,63.00,64.00,62.37,3362700
Dec 06 2017,64.32,64.46,63.27,63.46,61.85,2354800
Dec 05 2017,63.42,65.41,63.16,64.54,62.90,4256100
Dec 04 2017,62.92,64.32,62.61,63.30,61.69,4242900
Dec 01 2017,62.82,63.06,61.59,62.84,61.24,5187800
Nov 30 2017,61.69,62.78,61.44,62.63,61.04,4883700
Nov 29 2017,62.01,62.24,60.95,61.40,59.84,4231000
Nov 28 2017,62.29,62.38,61.66,62.22,60.64,2889900
Nov 27 2017,61.95,62.45,61.60,61.88,60.31,6393000
Nov 24 2017,62.16,62.25,61.58,62.03,60.45,1407400
Nov 22 2017,62.35,62.40,61.26,62.01,60.44,2956000
Nov 21 2017,62.19,62.36,61.80,62.29,60.71,2532400
Nov 20 2017,62.11,62.53,61.75,61.94,60.37,2573100
Nov 17 2017,61.85,62.45,61.64,62.27,60.69,3195900
Nov 16 2017,61.51,62.58,61.15,62.01,60.44,3981300
Nov 15 2017,60.45,61.81,60.10,61.50,59.94,4743600
Nov 13 2017,61.79,62.55,61.71,62.20,60.23,2823400
Nov 10 2017,61.98,62.28,61.61,61.72,59.77,3220100
Nov 09 2017,62.62,62.73,60.90,61.66,59.71,5014800
Nov 08 2017,63.29,63.41,62.56,63.22,61.22,4834200
Nov 07 2017,62.58,63.12,62.15,63.11,61.12,3725400
Nov 06 2017,62.34,62.53,62.10,62.35,60.38,3695400
Nov 03 2017,62.26,62.78,61.90,62.20,60.23,3660700
Nov 02 2017,61.06,62.34,60.87,62.17,60.21,5216100
Nov 01 2017,60.24,61.90,60.07,60.89,58.97,5609400
Oct 31 2017,59.78,60.16,58.83,59.74,57.85,5157600
Oct 30 2017,58.50,59.57,58.25,59.06,57.19,3887700
Oct 27 2017,57.68,58.93,57.40,58.47,56.62,4159900
Oct 26 2017,57.52,57.92,55.87,57.27,55.46,4239300
Oct 25 2017,56.96,57.14,55.89,56.44,54.66,4895500
Oct 24 2017,56.54,57.27,56.54,56.99,55.19,3428900
Oct 23 2017,57.48,57.49,56.26,56.34,54.56,3734700
Oct 20 2017,57.30,57.74,57.15,57.49,55.67,3904900
Oct 19 2017,56.42,57.14,56.17,57.10,55.30,3403700
Oct 18 2017,56.52,56.86,56.40,56.75,54.96,2905800
Oct 17 2017,55.74,56.53,55.73,56.51,54.72,3017900
Oct 16 2017,56.42,56.57,55.68,55.72,53.96,5437900
Oct 13 2017,56.89,56.92,56.29,56.37,54.59,2839200
Oct 12 2017,56.00,56.90,55.80,56.55,54.76,3048400
Oct 11 2017,56.31,56.54,56.14,56.22,54.44,4164100
Oct 10 2017,56.72,57.02,56.18,56.25,54.47,3621700
Oct 09 2017,56.13,56.49,56.04,56.14,54.37,3281500
Oct 06 2017,55.80,56.40,55.71,56.02,54.25,3917400
Oct 05 2017,56.48,56.90,56.14,56.25,54.47,2886500
Oct 04 2017,56.16,56.70,55.90,56.31,54.53,2804600
Oct 03 2017,55.53,56.31,55.25,56.14,54.37,3199900
Oct 02 2017,55.94,56.27,55.53,55.89,54.12,2712500
Sep 29 2017,55.46,56.55,55.29,56.08,54.31,3723900
Sep 28 2017,55.26,55.78,55.15,55.47,53.72,3762900
Sep 27 2017,54.61,55.78,54.61,55.24,53.49,3857900
Sep 26 2017,55.36,55.65,55.07,55.38,53.63,4032800
Sep 25 2017,55.00,55.81,54.98,55.53,53.78,4594600
Sep 22 2017,54.24,55.02,54.13,54.73,53.00,3681400
Sep 21 2017,54.43,54.89,54.26,54.37,52.65,4037800
Sep 20 2017,54.38,54.70,54.03,54.43,52.71,4221700
Sep 19 2017,53.75,54.34,53.38,54.20,52.49,4522500
Sep 18 2017,53.06,53.73,52.93,53.58,51.89,4522000
Sep 15 2017,52.36,53.12,52.26,52.96,51.29,9062800
Sep 14 2017,53.27,53.33,52.31,52.34,50.69,5402000
Sep 13 2017,54.00,54.08,52.71,53.21,51.53,4395700
Sep 12 2017,53.95,54.48,53.58,53.77,52.07,3425900
Sep 11 2017,53.48,53.84,52.59,53.75,52.05,4580100
Sep 08 2017,52.66,53.71,52.52,53.42,51.73,4656400
Sep 07 2017,52.63,53.10,52.34,52.63,50.97,3902700
Sep 06 2017,51.64,52.57,51.49,52.37,50.72,6461900
Sep 05 2017,53.58,53.66,50.52,51.79,50.15,8363200
Sep 01 2017,52.55,54.32,52.50,54.28,52.56,3976600
Aug 31 2017,52.55,52.86,52.00,52.45,50.79,4895500
Aug 30 2017,51.53,52.54,51.37,52.33,50.68,4249300
Aug 29 2017,52.17,52.52,51.12,51.43,49.81,5375900
Aug 28 2017,52.33,52.97,52.03,52.52,50.86,5812400
Aug 25 2017,51.47,52.20,51.36,51.72,50.09,3101400
Aug 24 2017,50.26,51.54,50.19,51.13,49.51,4070100
Aug 23 2017,49.43,50.38,49.33,50.17,48.58,4527200
Aug 22 2017,49.71,49.96,49.30,49.67,48.10,3257500
Aug 21 2017,50.07,50.10,49.45,49.45,47.89,3561100
Aug 18 2017,49.62,50.54,49.43,50.11,48.53,3661300
Aug 17 2017,50.72,50.89,49.68,49.70,48.13,4586200
Aug 16 2017,52.00,52.06,50.91,51.06,49.45,3896700
Aug 15 2017,52.25,52.37,51.76,51.89,50.25,3015500
Aug 14 2017,52.08,52.69,52.06,52.31,50.66,2245800
Aug 10 2017,53.04,53.04,52.13,52.21,50.17,3676200
Aug 09 2017,54.43,54.69,52.83,52.99,50.92,4329200
Aug 08 2017,54.90,55.06,54.31,54.44,52.32,2312200
Aug 07 2017,55.59,55.70,54.85,54.90,52.76,3182600
Aug 04 2017,55.98,56.45,55.66,55.79,53.61,3467600
Aug 03 2017,56.05,56.27,55.75,55.89,53.71,2683000
Aug 02 2017,56.15,56.69,56.06,56.20,54.01,2908200
Aug 01 2017,56.11,56.81,55.91,56.53,54.32,2918400
Jul 31 2017,55.16,56.20,55.02,55.99,53.81,2973100
Jul 28 2017,55.92,56.21,54.93,54.98,52.83,3412400
Jul 27 2017,54.27,56.46,53.51,56.15,53.96,5047400
Jul 26 2017,56.39,56.61,55.64,55.66,53.49,4010500
Jul 25 2017,56.14,56.64,55.95,56.02,53.83,4102400
Jul 24 2017,55.57,55.87,55.33,55.56,53.39,2306100
Jul 21 2017,55.34,55.57,54.84,55.34,53.18,2101900
Jul 20 2017,55.76,55.83,54.81,55.40,53.24,3000500
Jul 19 2017,54.90,55.71,54.74,55.55,53.38,3365600
Jul 18 2017,54.62,54.84,54.22,54.83,52.69,2757900
Jul 17 2017,53.86,54.49,53.61,54.31,52.19,4615100
Jul 14 2017,53.81,54.05,53.60,53.81,51.71,2788700
Jul 13 2017,53.68,53.88,53.22,53.84,51.74,2614000
Jul 12 2017,54.74,54.80,53.73,53.76,51.66,2538600
Jul 11 2017,53.92,54.57,53.83,54.20,52.08,3288900
Jul 10 2017,53.95,54.51,53.91,54.08,51.97,3031300
Jul 07 2017,52.87,54.15,52.68,54.07,51.96,3908100
Jul 06 2017,53.14,53.52,52.62,52.85,50.79,3074600
Jul 05 2017,52.83,53.07,52.23,52.90,50.84,4098300
Jul 03 2017,52.63,53.37,52.62,53.10,51.03,1740700
Jun 30 2017,52.14,52.61,51.70,52.33,50.29,2917400
Jun 29 2017,52.89,53.02,51.72,51.81,49.79,4580500
Jun 28 2017,52.12,52.86,51.85,52.62,50.57,3171500
Jun 27 2017,51.40,52.35,51.08,51.85,49.83,3775100
Jun 26 2017,51.64,52.06,51.25,51.33,49.33,4827000
Jun 23 2017,51.19,51.65,50.74,51.50,49.49,6052500
Jun 22 2017,52.12,52.12,51.09,51.17,49.17,4936200
Jun 21 2017,52.93,53.00,51.18,51.73,49.71,5732100
Jun 20 2017,53.66,53.81,52.47,52.85,50.79,4838600
Jun 19 2017,53.81,54.37,53.81,54.29,52.17,3748000
Jun 16 2017,53.31,53.77,53.01,53.77,51.67,6775900
Jun 15 2017,53.10,53.33,52.76,52.99,50.92,4004500
Jun 14 2017,54.87,54.90,53.29,53.35,51.27,5523800
Jun 13 2017,54.48,55.05,54.34,55.03,52.88,3303700
Jun 12 2017,54.71,55.20,53.85,54.47,52.34,6217100
Jun 09 2017,53.55,54.97,53.46,54.71,52.58,9652000
Jun 08 2017,52.97,53.96,52.86,53.43,51.35,4642700
Jun 07 2017,52.84,53.17,52.47,52.97,50.90,3672800
Jun 06 2017,52.58,53.16,52.42,53.09,51.02,3252700
Jun 05 2017,52.57,53.16,52.44,52.80,50.74,3261500
Jun 02 2017,52.86,53.13,52.44,52.70,50.64,4461400
Jun 01 2017,52.43,53.57,52.38,53.13,51.06,8751100
May 31 2017,52.30,52.77,51.63,52.04,50.01,4572300
May 30 2017,52.42,53.19,52.32,52.42,50.37,4004700
May 26 2017,52.42,52.87,52.24,52.82,50.76,3843600
May 25 2017,53.15,53.91,52.43,52.45,50.40,3952000
May 24 2017,52.94,53.27,52.76,53.13,51.06,2917100
May 23 2017,53.00,53.32,52.75,53.08,51.01,2199100
May 22 2017,52.94,53.18,52.69,52.98,50.91,2405400
May 19 2017,52.16,53.11,51.91,52.78,50.72,4718900
May 18 2017,51.66,52.46,51.30,51.94,49.91,4092200
May 17 2017,52.48,52.84,51.79,52.05,50.02,4348000
May 16 2017,52.73,52.73,51.77,52.48,50.43,5047000
May 15 2017,52.97,53.52,52.52,52.99,50.92,4787700
May 11 2017,52.50,53.24,52.27,52.51,50.12,4701600
May 10 2017,51.83,52.67,51.31,52.34,49.95,5965600
May 09 2017,51.50,51.68,50.97,51.46,49.11,3965000
May 08 2017,50.62,51.50,50.41,51.34,49.00,5924100
May 05 2017,49.78,50.73,49.46,50.66,48.35,5806300
May 04 2017,51.11,51.11,49.37,49.56,47.30,5862400
May 03 2017,51.11,51.69,50.88,51.24,48.90,4533400
May 02 2017,51.08,51.62,51.02,51.42,49.08,4864100
May 01 2017,51.15,51.18,50.48,50.86,48.54,3340900
Apr 28 2017,51.32,51.33,50.68,50.94,48.62,3633900
Apr 27 2017,49.47,51.62,49.46,51.02,48.69,6786600
Apr 26 2017,49.74,50.11,49.32,49.60,47.34,4885500
Apr 25 2017,50.27,50.42,49.89,50.03,47.75,3813600
Apr 24 2017,49.36,50.44,49.11,50.19,47.90,5269900
Apr 21 2017,48.51,49.00,48.36,48.56,46.35,4201400
Apr 20 2017,48.28,49.02,48.13,48.54,46.33,3066800
Apr 19 2017,48.80,49.16,47.78,48.19,45.99,5526800
Apr 18 2017,49.60,50.01,48.64,48.94,46.71,3526500
Apr 17 2017,49.28,49.95,49.27,49.90,47.63,3563200
Apr 13 2017,49.86,50.00,49.10,49.24,47.00,3373800
Apr 12 2017,50.58,50.94,49.83,49.94,47.66,2986600
Apr 11 2017,50.19,50.54,49.91,50.43,48.13,4537300
Apr 10 2017,50.32,50.80,50.12,50.14,47.85,3773900
Apr 07 2017,49.75,50.43,49.51,50.02,47.74,3526800
Apr 06 2017,49.67,50.45,49.49,49.84,47.57,4536100
Apr 05 2017,50.66,51.18,49.40,49.44,47.19,4060300
Apr 04 2017,50.22,50.32,49.54,50.30,48.01,2445700
Apr 03 2017,50.68,50.84,49.63,49.94,47.66,2746700
Mar 31 2017,49.89,50.84,49.83,50.54,48.24,4851500
Mar 30 2017,50.60,50.81,50.00,50.14,47.85,5893200
Mar 29 2017,49.02,50.62,48.97,50.55,48.25,3867400
Mar 28 2017,48.93,49.16,48.61,49.03,46.79,4069800
Mar 27 2017,48.38,49.06,48.18,48.83,46.60,3191800
Mar 24 2017,49.51,49.52,48.81,48.87,46.64,3563200
Mar 23 2017,49.55,49.95,49.18,49.30,47.05,2721500
Mar 22 2017,49.11,49.83,48.93,49.57,47.31,4048700
Mar 21 2017,50.48,50.61,49.15,49.26,47.01,5192700
Mar 20 2017,50.66,50.81,50.16,50.50,48.20,5599300
Mar 17 2017,51.47,51.75,50.55,50.79,48.47,5309600
Mar 16 2017,51.65,52.24,51.11,51.18,48.85,5216100
Mar 15 2017,50.48,51.60,50.16,51.56,49.21,6299200
Mar 14 2017,50.42,50.59,49.67,50.01,47.73,5883000
Mar 13 2017,49.87,51.09,49.86,50.99,48.67,5771600
Mar 10 2017,49.58,49.95,48.97,49.87,47.60,4704400
Mar 09 2017,50.02,50.18,48.92,49.28,47.03,4951800
Mar 08 2017,50.15,50.94,50.08,50.22,47.93,5849200
Mar 07 2017,51.14,51.45,50.11,50.15,47.86,3413700
Mar 06 2017,51.04,51.31,50.51,51.15,48.82,6826700
Mar 03 2017,51.18,51.38,50.80,51.27,48.93,3990700
Mar 02 2017,50.90,51.41,50.40,51.04,48.71,4947400
Mar 01 2017,50.00,51.50,49.97,50.99,48.67,5952800
Feb 28 2017,50.50,51.17,49.49,49.60,47.34,5659400
Feb 27 2017,50.02,50.94,49.99,50.76,48.45,5134400
Feb 24 2017,50.00,50.04,49.43,50.03,47.75,3118700
Feb 23 2017,50.39,50.65,49.92,50.35,48.05,2673300
Feb 22 2017,50.10,50.37,49.57,49.81,47.54,3157900
Feb 21 2017,50.48,50.61,49.99,50.38,48.08,3963500
Feb 17 2017,49.67,50.05,49.41,50.02,47.74,3352700
Feb 16 2017,50.99,51.00,49.86,49.96,47.68,2955400
Feb 15 2017,50.79,51.16,50.27,50.64,48.33,4396100
Feb 14 2017,50.03,50.97,49.70,50.96,48.64,4357900
Feb 10 2017,50.37,50.47,49.68,50.14,47.51,2787200
Feb 09 2017,49.65,50.08,49.23,49.93,47.31,4231700
Feb 08 2017,47.57,49.14,47.39,49.12,46.54,4461300
Feb 07 2017,48.13,48.51,47.58,47.93,45.42,3999700
Feb 06 2017,48.19,48.75,47.80,48.37,45.83,7976500
Feb 03 2017,47.82,48.50,47.17,48.16,45.64,3778900
Feb 02 2017,48.44,48.50,47.43,47.90,45.39,4151300
Feb 01 2017,49.68,49.97,47.10,47.71,45.21,7659300
Jan 31 2017,48.54,48.60,46.88,48.05,45.53,5308900
Jan 30 2017,49.12,49.20,48.12,48.36,45.82,5473900
Jan 27 2017,49.59,50.00,48.67,49.08,46.51,5084000
Jan 26 2017,50.09,50.09,49.28,49.44,46.85,4333300
Jan 25 2017,50.29,50.31,49.16,49.67,47.07,7580200
Jan 24 2017,49.12,50.48,48.97,50.09,47.46,7319700
Jan 23 2017,48.56,48.77,48.12,48.72,46.17,8149200
Jan 20 2017,48.80,49.04,48.41,48.76,46.20,5033300
Jan 19 2017,48.94,49.02,47.93,48.37,45.83,4185700
Jan 18 2017,48.34,49.34,48.20,48.90,46.34,3751600
Jan 17 2017,48.74,49.60,48.26,48.73,46.18,5118400
Jan 13 2017,48.91,49.14,47.85,48.38,45.84,5758400
Jan 12 2017,49.61,49.73,48.73,49.25,46.67,3952600
Jan 11 2017,49.40,50.00,49.10,49.66,47.06,6681500
Jan 10 2017,49.50,49.96,48.97,48.97,46.40,5124400
Jan 09 2017,50.05,50.22,49.36,49.46,46.87,8035200
Jan 06 2017,51.11,51.25,50.29,50.37,47.73,4748300
Jan 05 2017,51.50,51.79,50.03,51.05,48.37,9534900
Jan 04 2017,52.95,53.50,51.03,51.24,48.55,10980400
Jan 03 2017,53.70,54.59,52.44,52.93,50.16,13329200
Dec 30 2016,50.44,50.61,50.00,50.35,47.71,3477200
Dec 29 2016,50.36,51.08,50.08,50.45,47.81,2682100
Dec 28 2016,51.07,51.15,50.29,50.33,47.69,3240700
Dec 27 2016,50.81,51.14,50.67,51.12,48.44,3501000
Dec 23 2016,50.14,51.00,49.87,50.78,48.12,3346400
Dec 22 2016,49.33,50.70,49.28,50.34,47.70,6110000
Dec 21 2016,49.20,49.37,48.10,48.99,46.42,8127100
Dec 20 2016,49.60,49.81,49.06,49.38,46.79,3368100
Dec 19 2016,49.69,49.78,49.01,49.44,46.85,4203200
Dec 16 2016,49.15,50.48,49.00,50.11,47.48,6700600
Dec 15 2016,48.39,49.25,48.39,48.88,46.32,5436000
Dec 14 2016,48.74,49.48,48.31,48.42,45.88,5243300
Dec 13 2016,49.32,49.78,48.93,49.24,46.66,4919100
Dec 12 2016,50.43,50.65,48.47,49.09,46.52,5550300
Dec 09 2016,49.95,50.58,49.16,49.44,46.85,6294500
Dec 08 2016,50.10,50.71,49.57,50.06,47.44,5206800
Dec 07 2016,47.85,50.29,47.65,49.65,47.05,9689700
Dec 06 2016,47.89,47.91,47.15,47.23,44.75,5347900
Dec 05 2016,48.27,48.62,47.67,48.01,45.49,4806600
Dec 02 2016,47.65,48.69,47.65,47.80,45.29,4422900
Dec 01 2016,47.49,49.29,47.19,47.74,45.24,8711700
Nov 30 2016,46.26,47.27,44.60,47.02,44.56,11079900
Nov 29 2016,46.59,46.95,45.87,45.98,43.57,7758700
Nov 28 2016,48.52,48.83,46.96,47.05,44.58,5624500
Nov 25 2016,47.48,48.23,47.37,48.20,45.67,1987600
Nov 23 2016,47.50,48.12,47.31,47.71,45.21,4399300
Nov 22 2016,47.45,48.81,47.33,47.87,45.36,13037000
Nov 21 2016,45.40,47.28,44.90,47.17,44.70,20270900
Nov 18 2016,43.20,43.60,42.57,43.31,41.04,4892600
Nov 17 2016,43.85,44.29,43.19,43.36,41.09,3985300
Nov 16 2016,43.60,43.88,43.11,43.49,41.21,4164300
Nov 15 2016,43.69,44.34,42.78,43.83,41.53,8535100
Nov 14 2016,43.61,44.19,43.37,43.59,41.30,6740900
Nov 10 2016,43.55,44.60,43.28,43.82,41.18,5939900
Nov 09 2016,41.52,43.91,41.43,43.57,40.95,8587700
Nov 08 2016,42.53,42.54,41.66,41.82,39.30,4412300
Nov 07 2016,41.98,42.62,41.82,42.60,40.04,7400800
Nov 04 2016,41.00,41.77,40.93,41.23,38.75,3246400
Nov 03 2016,41.21,41.46,40.01,41.18,38.70,5769600
Nov 02 2016,41.89,42.53,40.70,41.00,38.53,7099100
Nov 01 2016,44.28,44.91,41.74,42.34,39.79,12845600
Oct 31 2016,43.21,43.96,43.18,43.59,40.97,8739900
Oct 28 2016,42.56,43.04,41.88,42.82,40.24,8268500
Oct 27 2016,44.05,44.16,41.50,42.81,40.23,13679400
Oct 26 2016,43.32,44.89,43.26,44.26,41.60,6606600
Oct 25 2016,43.83,44.59,43.38,43.69,41.06,6612700
Oct 24 2016,44.14,44.33,43.57,43.78,41.15,5061700
Oct 21 2016,42.66,44.27,42.56,44.09,41.44,4808900
Oct 20 2016,42.41,43.24,42.22,43.05,40.46,3051100
Oct 19 2016,42.92,43.07,42.25,42.65,40.08,7261200
Oct 18 2016,42.23,43.04,42.15,42.73,40.16,3054900
Oct 17 2016,41.64,42.28,41.46,41.85,39.33,4100300
Oct 14 2016,41.94,41.98,41.14,41.65,39.14,4642100
Oct 13 2016,41.27,41.79,40.45,41.56,39.06,4327500
Oct 12 2016,41.81,41.99,40.95,41.66,39.15,3738600
Oct 11 2016,42.50,42.95,41.56,41.96,39.43,5130600
Oct 10 2016,42.48,42.63,42.02,42.47,39.91,3795800
Oct 07 2016,42.36,42.47,41.51,41.77,39.26,4427900
Oct 06 2016,42.61,42.70,41.64,42.36,39.81,5607400
Oct 05 2016,41.84,42.65,41.67,42.27,39.73,4099500
Oct 04 2016,41.11,42.31,41.09,41.38,38.89,4106900
Oct 03 2016,40.77,41.03,40.27,40.96,38.49,5327300
Sep 30 2016,40.11,40.99,39.52,40.59,38.15,7756300
Sep 29 2016,42.42,42.71,39.29,39.74,37.35,13820900
Sep 28 2016,42.20,42.69,41.47,42.64,40.07,5304400
Sep 27 2016,41.18,42.04,40.81,41.85,39.33,4728400
Sep 26 2016,42.49,42.67,41.44,41.48,38.98,6550300
Sep 23 2016,42.29,42.97,41.44,42.28,39.74,7784300
Sep 22 2016,43.60,43.82,42.67,42.69,40.12,5651300
Sep 21 2016,42.92,43.27,42.57,43.21,40.61,4879300
Sep 20 2016,43.86,43.94,42.55,42.55,39.99,5480100
Sep 19 2016,43.96,44.56,43.41,43.73,41.10,6619900
Sep 16 2016,43.09,43.85,42.43,43.62,40.99,7023600
Sep 15 2016,42.04,44.14,42.04,43.74,41.11,6668000
Sep 14 2016,42.46,43.03,41.51,41.87,39.35,5301700
Sep 13 2016,42.58,43.11,42.05,42.50,39.94,4355700
Sep 12 2016,41.73,43.67,41.25,43.34,40.73,6157400
Sep 09 2016,42.94,43.25,42.23,42.24,39.70,4367200
Sep 08 2016,43.29,43.86,42.73,43.45,40.83,4800900
Sep 07 2016,42.99,43.44,42.77,43.09,40.50,4288200
Sep 06 2016,42.56,43.14,42.25,42.97,40.38,4003300
Sep 02 2016,42.37,42.53,41.77,42.32,39.77,3164800
Sep 01 2016,42.55,42.60,41.39,41.91,39.39,3870600
Aug 31 2016,42.54,42.97,41.95,42.51,39.95,3362800
Aug 30 2016,42.29,42.77,41.96,42.68,40.11,2865800
Aug 29 2016,41.85,42.65,41.82,42.29,39.74,2394400
Aug 26 2016,42.02,42.36,41.41,41.85,39.33,2898100
Aug 25 2016,42.06,42.20,41.47,41.90,39.38,3486300
Aug 24 2016,42.11,42.37,41.65,41.97,39.44,4455800
Aug 23 2016,41.54,42.24,41.32,41.93,39.41,4376400
Aug 22 2016,41.72,41.81,40.52,41.10,38.63,5527100
Aug 19 2016,42.15,42.33,41.81,42.01,39.48,3460300
Aug 18 2016,42.28,42.50,41.77,42.49,39.93,4337000
Aug 17 2016,42.19,42.44,41.78,42.21,39.67,4217500
Aug 16 2016,41.16,42.39,41.14,42.13,39.59,4935600
Aug 15 2016,41.72,41.77,40.91,41.21,38.73,4106300
Aug 11 2016,41.08,42.41,40.96,41.90,39.04,4473900
Aug 10 2016,41.17,42.17,40.79,40.99,38.19,5790600
Aug 09 2016,41.92,41.95,40.86,41.03,38.23,3650100
Aug 08 2016,42.24,42.59,41.69,41.93,39.07,5419400
Aug 05 2016,40.80,42.19,40.61,41.91,39.05,5781200
Aug 04 2016,41.19,41.66,40.32,40.63,37.86,7145700
Aug 03 2016,38.37,41.45,38.37,41.22,38.40,10374100
Aug 02 2016,39.31,39.78,38.23,38.79,36.14,6052000
Aug 01 2016,39.13,39.57,38.54,38.80,36.15,8869100
Jul 29 2016,38.01,39.61,37.64,39.39,36.70,8334900
Jul 28 2016,38.22,38.95,37.02,38.17,35.56,6364200
Jul 27 2016,38.66,39.03,37.65,37.83,35.25,7498800
Jul 26 2016,36.80,38.77,36.58,38.61,35.97,5789700
Jul 25 2016,37.43,37.47,36.73,36.90,34.38,5337200
Jul 22 2016,37.26,37.84,36.76,37.82,35.24,4291800
Jul 21 2016,37.89,38.21,37.07,37.13,34.59,3777800
Jul 20 2016,37.30,37.98,36.78,37.80,35.22,3506000
Jul 19 2016,37.00,37.69,36.89,37.53,34.97,4975700
Jul 18 2016,36.58,37.48,35.97,37.04,34.51,6841400
Jul 15 2016,37.64,37.83,36.39,36.55,34.05,10004800
Jul 14 2016,37.25,37.78,36.94,37.39,34.84,7515800
Jul 13 2016,37.50,37.82,36.16,36.98,34.45,6007500
Jul 12 2016,36.73,37.76,36.51,37.54,34.98,5724500
Jul 11 2016,36.42,37.11,36.09,36.44,33.95,5288300
Jul 08 2016,35.92,36.88,35.43,36.40,33.91,5719300
Jul 07 2016,36.76,37.32,35.16,35.48,33.06,9836500
Jul 06 2016,38.56,38.58,35.94,36.50,34.01,10528800
Jul 05 2016,38.81,38.92,37.83,38.78,36.13,7322800
Jul 01 2016,37.66,39.44,37.64,39.27,36.59,7446200
Jun 30 2016,37.16,37.99,36.04,37.96,35.37,8066400
Jun 29 2016,36.06,37.67,35.84,37.26,34.72,9061600
Jun 28 2016,33.90,35.72,33.80,35.70,33.26,9479600
Jun 27 2016,34.83,34.84,32.84,32.93,30.68,8203000
Jun 24 2016,34.89,35.88,34.75,35.33,32.92,11571600
Jun 23 2016,35.87,36.63,35.44,36.62,34.12,5518700
Jun 22 2016,35.20,35.63,34.94,35.26,32.85,4887700
Jun 21 2016,34.61,35.38,34.30,35.20,32.80,5464000
Jun 20 2016,34.00,34.65,33.61,34.59,32.23,6165600
Jun 17 2016,33.54,34.27,33.17,33.50,31.21,7417300
Jun 16 2016,32.94,33.50,32.34,33.39,31.11,5010100
Jun 15 2016,32.38,34.55,32.02,33.20,30.93,8382500
Jun 14 2016,33.91,34.50,32.13,32.81,30.57,9838400
Jun 13 2016,36.06,36.22,33.93,33.96,31.64,8104000
Jun 10 2016,36.32,36.94,36.23,36.40,33.91,5103300
Jun 09 2016,36.35,37.17,35.80,36.95,34.43,6032100
Jun 08 2016,36.99,37.12,36.01,36.88,34.36,7202300
Jun 07 2016,35.46,36.88,35.34,36.65,34.15,5602200
Jun 06 2016,35.68,35.70,34.72,35.29,32.88,4926300
Jun 03 2016,36.65,36.71,35.17,35.46,33.04,5428400
Jun 02 2016,36.48,37.49,36.12,36.68,34.17,6613600
Jun 01 2016,34.83,36.53,34.43,36.44,33.95,7371800
May 31 2016,35.16,35.56,34.39,34.83,32.45,6214000
May 27 2016,34.66,35.13,34.06,35.11,32.71,3097300
May 26 2016,35.90,35.90,34.38,34.55,32.19,3678200
May 25 2016,36.21,36.21,35.23,35.68,33.24,4667800
May 24 2016,35.77,36.19,35.40,35.81,33.36,4533300
May 23 2016,36.41,37.09,35.55,35.57,33.14,3559200
May 20 2016,36.28,36.64,35.50,36.63,34.13,4728700
May 19 2016,36.13,37.12,35.61,36.10,33.63,6881400
May 18 2016,36.02,37.54,36.01,36.74,34.23,4593700
May 17 2016,35.64,36.85,35.53,36.07,33.61,5278600
May 16 2016,35.46,35.67,34.45,35.63,33.20,6189400
May 12 2016,35.90,36.65,34.80,34.99,32.31,4563500
May 11 2016,35.42,36.66,35.06,35.90,33.15,5005300
May 10 2016,35.42,35.67,34.71,35.45,32.73,5364900
May 09 2016,35.69,35.78,34.01,34.95,32.27,6539800
May 06 2016,35.89,36.97,35.78,35.88,33.13,4980300
May 05 2016,36.72,37.06,35.88,36.09,33.32,5097900
May 04 2016,37.83,38.00,35.94,36.22,33.44,5657000
May 03 2016,37.89,38.25,37.29,37.99,35.08,5565000
May 02 2016,39.03,39.23,37.63,38.58,35.62,7610800
Apr 29 2016,40.71,40.99,38.08,39.08,36.08,7856200
Apr 28 2016,40.49,43.26,40.17,40.98,37.84,7923000
Apr 27 2016,41.71,42.25,40.80,41.37,38.20,6778700
Apr 26 2016,41.40,41.69,40.84,41.46,38.28,3854700
Apr 25 2016,41.30,41.55,40.57,41.18,38.02,3947800
Apr 22 2016,40.84,41.92,40.73,41.46,38.28,6155200
Apr 21 2016,39.43,40.88,39.02,40.72,37.60,8873000
Apr 20 2016,38.20,39.50,37.74,39.45,36.42,4593700
Apr 19 2016,38.83,39.01,37.50,38.33,35.39,4934300
Apr 18 2016,37.90,38.49,37.11,38.42,35.47,3651900
Apr 15 2016,39.34,39.59,37.78,37.90,34.99,7522700
Apr 14 2016,39.70,40.18,38.97,39.42,36.40,4247300
Apr 13 2016,39.21,39.91,38.73,39.66,36.62,4598800
Apr 12 2016,38.20,39.25,37.69,38.99,36.00,7366700
Apr 11 2016,38.98,39.13,37.96,37.99,35.08,4808200
Apr 08 2016,37.83,39.34,37.82,38.70,35.73,6048100
Apr 07 2016,36.25,37.56,36.18,37.46,34.59,8238500
Apr 06 2016,36.67,36.71,35.06,36.47,33.67,6807300
Apr 05 2016,36.34,37.01,35.74,36.28,33.50,4397400
Apr 04 2016,36.05,37.23,36.00,36.65,33.84,3225700
Apr 01 2016,36.28,36.62,35.91,36.39,33.60,4312600
Mar 31 2016,36.48,37.34,35.64,37.18,34.33,5148700
Mar 30 2016,37.11,37.17,35.99,36.58,33.77,5087800
Mar 29 2016,36.49,36.69,35.75,36.66,33.85,5727700
Mar 28 2016,37.02,37.25,36.43,36.98,34.14,3849700
Mar 24 2016,36.94,37.35,36.19,36.87,34.04,4945200
Mar 23 2016,38.41,38.50,36.79,37.24,34.38,5294400
Mar 22 2016,38.02,38.88,37.99,38.57,35.61,4780000
Mar 21 2016,38.06,38.60,37.84,38.42,35.47,4143700
Mar 18 2016,37.88,38.57,37.53,38.23,35.30,9248900
Mar 17 2016,38.37,38.59,37.23,37.52,34.64,7820000
Mar 16 2016,36.67,38.59,36.67,38.39,35.45,7734500
Mar 15 2016,36.38,36.89,35.92,36.63,33.82,4699900
Mar 14 2016,37.15,37.68,36.33,37.04,34.20,4473800
Mar 11 2016,36.95,37.92,36.20,37.72,34.83,5110200
Mar 10 2016,36.83,36.95,35.70,36.34,33.55,6047400
Mar 09 2016,35.86,37.42,35.58,37.06,34.22,7656700
Mar 08 2016,37.07,37.24,35.12,35.17,32.47,7230600
Mar 07 2016,37.08,37.44,35.90,36.86,34.03,6840400
Mar 04 2016,37.96,37.96,36.45,37.06,34.22,7528500
Mar 03 2016,36.13,37.46,35.42,37.32,34.46,9900200
Mar 02 2016,34.59,35.08,33.89,34.71,32.05,5810900
Mar 01 2016,34.23,34.85,34.03,34.63,31.97,7681600
Feb 29 2016,34.33,34.95,34.12,34.25,31.62,7611800
Feb 26 2016,34.71,35.46,34.04,34.22,31.60,5919300
Feb 25 2016,33.88,34.44,33.13,34.22,31.60,6283300
Feb 24 2016,31.15,34.09,30.95,33.97,31.36,9142100
Feb 23 2016,33.12,33.48,31.59,31.61,29.19,6632400
Feb 22 2016,31.79,33.45,31.77,33.38,30.82,6627200
Feb 19 2016,30.93,31.60,30.64,31.59,29.17,5887600
Feb 18 2016,33.51,33.56,30.82,31.37,28.96,7977300
Feb 17 2016,32.86,33.18,32.39,32.96,30.43,7617700
Feb 16 2016,32.31,32.73,31.64,32.54,30.04,7469700
Feb 12 2016,30.86,31.95,30.60,31.73,29.30,7304200
Feb 10 2016,31.62,32.67,31.14,31.67,28.94,9776500
Feb 09 2016,30.29,31.83,29.24,31.40,28.69,16345900
Feb 08 2016,31.85,31.85,29.71,30.73,28.08,17273000
Feb 05 2016,34.54,34.65,32.04,32.30,29.51,15529700
Feb 04 2016,36.98,37.34,34.12,34.94,31.93,17585500
Feb 03 2016,39.80,40.07,35.40,37.20,33.99,15690000
Feb 02 2016,41.07,41.38,39.75,40.27,36.80,6799400
Feb 01 2016,41.65,42.20,40.80,41.77,38.17,6672100
Jan 29 2016,40.56,41.79,39.85,41.79,38.18,7007500
Jan 28 2016,41.14,41.48,39.50,40.22,36.75,4811000
Jan 27 2016,41.57,41.86,39.53,39.86,36.42,8433200
Jan 26 2016,41.08,41.58,40.37,41.56,37.97,5009400
Jan 25 2016,42.17,43.23,40.67,40.77,37.25,5836500
Jan 22 2016,40.69,43.98,40.50,42.83,39.13,9569600
Jan 21 2016,40.03,40.75,39.12,39.61,36.19,7611500
Jan 20 2016,40.17,41.14,38.95,40.50,37.01,7634200
Jan 19 2016,42.40,42.97,40.45,41.20,37.65,5665000
Jan 15 2016,41.86,42.75,41.04,41.42,37.85,7876100
Jan 14 2016,42.56,44.19,41.13,43.66,39.89,9076000
Jan 13 2016,46.71,46.77,41.85,42.28,38.63,9902200
Jan 12 2016,46.21,47.08,45.12,46.39,42.39,4931900
Jan 11 2016,46.44,46.97,44.29,45.72,41.78,7380100
Jan 08 2016,48.34,48.55,46.14,46.19,42.20,5026000
Jan 07 2016,47.84,48.86,47.29,47.99,43.85,7563500
Jan 06 2016,49.30,49.79,47.93,48.72,44.52,7328500
Jan 05 2016,51.40,52.22,50.04,50.60,46.23,5485100
Jan 04 2016,51.68,52.83,50.66,51.24,46.82,5497300
Dec 30 2015,51.93,53.18,51.85,52.30,47.79,2757700
Dec 29 2015,52.34,52.51,51.80,52.16,47.66,1927800
Dec 28 2015,52.09,52.25,51.11,51.60,47.15,2297100
Dec 24 2015,52.45,53.08,51.93,52.64,48.10,1372100
Dec 23 2015,52.02,52.73,51.53,52.71,48.16,4457700
Dec 22 2015,51.79,52.45,51.28,51.60,47.15,4277700
Dec 21 2015,50.58,51.42,50.23,51.40,46.97,5264600
Dec 18 2015,51.35,51.64,50.27,50.35,46.01,8334100
Dec 17 2015,49.93,51.90,49.87,51.32,46.89,6733900
Dec 16 2015,49.00,49.98,48.81,49.70,45.41,6943500
Dec 15 2015,48.96,49.74,48.35,49.16,44.92,9240200
Dec 14 2015,49.29,49.42,47.58,47.99,43.85,9431100
Dec 11 2015,51.49,51.78,49.43,49.62,45.34,6665200
Dec 10 2015,52.24,53.23,51.63,52.35,47.83,4221700
Dec 09 2015,52.54,53.05,50.78,51.98,47.50,7146500
Dec 08 2015,52.82,53.53,52.52,52.73,48.18,4990900
Dec 07 2015,54.88,55.55,52.56,53.69,49.06,7250600
Dec 04 2015,54.83,56.31,54.40,55.63,50.83,7325200
Dec 03 2015,58.24,58.52,54.32,54.44,49.74,9487600
Dec 02 2015,59.11,59.99,57.53,58.01,53.00,5086600
Dec 01 2015,58.82,59.54,58.03,59.34,54.22,4660800
Nov 30 2015,58.66,59.29,58.04,58.41,53.37,5534800
Nov 27 2015,57.47,58.92,57.41,58.57,53.52,1718100
Nov 25 2015,57.55,59.33,57.08,58.05,53.04,6586000
Nov 24 2015,56.35,57.66,56.08,57.19,52.26,3290600
Nov 23 2015,54.78,56.48,54.58,56.41,51.54,5128700
Nov 20 2015,55.97,56.37,55.73,55.93,51.10,3573800
Nov 19 2015,55.50,56.04,55.09,55.81,50.99,3560000
Nov 18 2015,54.27,55.76,54.00,55.68,50.88,3395700
Nov 17 2015,53.65,54.74,53.38,54.26,49.58,4277400
Nov 16 2015,53.50,53.92,52.60,53.77,49.13,4258500
Nov 12 2015,54.07,55.10,53.13,54.71,49.69,5816900
Nov 11 2015,55.09,55.87,54.45,54.85,49.82,3078200
Nov 10 2015,54.32,55.03,53.83,54.77,49.75,2645100
Nov 09 2015,55.95,56.48,54.24,54.32,49.34,3187300
Nov 06 2015,55.45,56.04,55.07,55.97,50.84,3043300
Nov 05 2015,55.20,55.92,54.55,55.65,50.55,5881400
Nov 04 2015,54.64,55.40,54.14,54.80,49.77,4497900
Nov 03 2015,52.89,55.37,52.73,54.63,49.62,6035300
Nov 02 2015,51.77,53.37,51.37,52.92,48.07,4317200
Oct 30 2015,51.41,52.77,50.30,51.80,47.05,5376700
Oct 29 2015,48.95,51.38,48.84,51.24,46.54,4934600
Oct 28 2015,49.02,50.11,48.75,49.84,45.27,5051600
Oct 27 2015,48.34,49.03,48.02,48.98,44.49,5123100
Oct 26 2015,48.60,49.92,48.50,48.72,44.25,3702700
Oct 23 2015,47.83,48.97,47.61,48.59,44.13,3314200
Oct 22 2015,47.21,48.05,46.97,47.65,43.28,5531100
Oct 21 2015,47.52,47.89,46.56,46.78,42.49,4863800
Oct 20 2015,48.67,48.86,47.03,47.34,43.00,4948000
Oct 19 2015,50.66,50.87,48.80,49.06,44.56,4341600
Oct 16 2015,50.63,51.20,50.08,51.13,46.44,4642600
Oct 15 2015,48.82,50.16,48.53,50.10,45.50,4517500
Oct 14 2015,48.82,49.20,48.12,48.59,44.13,3635900
Oct 13 2015,49.56,50.11,48.62,48.78,44.31,3816400
Oct 12 2015,49.88,50.10,49.34,49.77,45.20,2779000
Oct 09 2015,51.07,51.25,48.98,49.64,45.09,4880600
Oct 08 2015,50.21,51.31,49.86,51.08,46.39,3570800
Oct 07 2015,50.66,51.13,48.93,50.29,45.68,4950100
Oct 06 2015,50.47,51.07,49.95,50.04,45.45,5707600
Oct 05 2015,48.95,50.67,48.72,50.58,45.94,4987200
Oct 02 2015,46.92,48.44,46.70,48.39,43.95,4639200
Oct 01 2015,46.49,48.00,46.03,47.93,43.53,5413300
Sep 30 2015,46.14,47.05,45.57,46.33,42.08,5949400
Sep 29 2015,45.38,46.60,45.09,45.54,41.36,5439400
Sep 28 2015,46.74,47.69,44.57,45.03,40.90,4127900
Sep 25 2015,46.94,47.75,46.60,47.33,42.99,4736100
Sep 24 2015,46.08,46.98,45.55,46.67,42.39,3582100
Sep 23 2015,46.10,47.20,45.94,46.26,42.02,3288600
Sep 22 2015,45.48,46.64,45.34,45.94,41.73,4515800
Sep 21 2015,46.49,47.45,46.05,46.17,41.93,3244700
Sep 18 2015,45.88,47.44,45.74,46.09,41.86,6096100
Sep 17 2015,46.51,47.84,45.98,46.83,42.53,5194200
Sep 16 2015,47.34,47.46,45.71,46.67,42.39,7669200
Sep 15 2015,46.59,47.39,46.20,47.25,42.92,3690100
Sep 14 2015,47.71,47.74,46.37,46.52,42.25,4081000
Sep 11 2015,47.67,47.92,46.81,47.87,43.48,3643800
Sep 10 2015,47.58,48.61,47.22,48.16,43.74,5334600
Sep 09 2015,48.05,48.96,47.36,47.45,43.10,5932200
Sep 08 2015,46.62,47.82,46.59,47.72,43.34,4154200
Sep 04 2015,46.24,46.95,46.11,46.34,42.09,3597200
Sep 03 2015,47.02,47.97,46.72,46.98,42.67,5438000
Sep 02 2015,46.68,46.87,45.39,46.81,42.52,4970500
Sep 01 2015,46.20,46.91,45.69,46.06,41.84,6551700
Aug 31 2015,47.27,48.09,46.43,47.31,42.97,7702000
Aug 28 2015,46.72,47.77,46.72,47.22,42.89,7196700
Aug 27 2015,46.35,47.22,45.29,46.67,42.39,7755100
Aug 26 2015,45.09,45.60,43.42,45.52,41.34,10292600
Aug 25 2015,47.48,47.73,43.70,43.77,39.76,8947400
Aug 24 2015,44.50,46.42,43.53,45.82,41.62,13158000
Aug 21 2015,51.86,52.08,48.38,48.38,43.94,12564700
Aug 20 2015,54.19,54.81,53.25,53.29,48.40,4835700
Aug 19 2015,55.39,55.56,53.75,54.50,49.50,4168400
Aug 18 2015,55.56,55.89,54.83,55.48,50.39,2965600
Aug 17 2015,55.06,56.30,54.77,55.87,50.75,2646400
Aug 13 2015,57.54,58.27,56.61,56.99,51.46,4881400
Aug 12 2015,55.64,58.07,54.89,57.80,52.20,8110900
Aug 11 2015,52.37,55.92,52.26,55.86,50.44,7845100
Aug 10 2015,52.21,53.57,51.65,53.26,48.10,4898000
Aug 07 2015,51.74,52.42,51.11,51.17,46.21,5200100
Aug 06 2015,51.81,52.34,51.10,52.15,47.09,6241700
Aug 05 2015,52.53,53.20,51.59,51.68,46.67,6923700
Aug 04 2015,53.27,53.55,51.92,52.19,47.13,6719300
Aug 03 2015,54.73,55.19,53.10,53.20,48.04,6816000
Jul 31 2015,54.00,55.14,53.83,54.67,49.37,6042900
Jul 30 2015,53.26,54.63,52.75,53.94,48.71,8237400
Jul 29 2015,54.70,55.94,54.23,55.81,50.40,6782300
Jul 28 2015,54.50,54.93,53.79,54.51,49.23,6126100
Jul 27 2015,55.29,55.64,54.07,54.46,49.18,8150900
Jul 24 2015,56.49,56.79,55.51,56.32,50.86,5449000
Jul 23 2015,57.09,57.49,56.19,56.33,50.87,4170000
Jul 22 2015,57.15,57.99,56.77,57.07,51.54,4207300
Jul 21 2015,57.51,58.15,56.71,57.15,51.61,3330400
Jul 20 2015,58.61,59.05,57.43,57.53,51.95,4103500
Jul 17 2015,58.22,58.61,57.50,58.58,52.90,4507200
Jul 16 2015,57.99,58.59,57.62,58.48,52.81,5930000
Jul 15 2015,58.48,58.89,57.25,57.51,51.93,5316100
Jul 14 2015,58.93,59.51,58.22,58.79,53.09,7000600
Jul 13 2015,59.33,60.38,58.30,58.78,53.08,14320800
Jul 10 2015,53.87,54.66,53.81,54.49,49.21,4473800
Jul 09 2015,54.68,54.71,53.23,53.38,48.20,5963200
Jul 08 2015,55.40,55.53,53.80,53.97,48.74,3632800
Jul 07 2015,54.94,55.90,53.90,55.54,50.16,6941600
Jul 06 2015,53.44,55.32,53.42,54.76,49.45,4622000
Jul 02 2015,53.88,54.74,53.80,54.01,48.77,3549800
Jul 01 2015,52.78,54.36,52.41,53.77,48.56,7556800
Jun 30 2015,51.35,52.87,51.32,52.31,47.24,3946700
Jun 29 2015,51.19,51.92,50.80,50.85,45.92,2832500
Jun 26 2015,51.23,52.27,51.17,51.97,46.93,9232200
Jun 25 2015,51.78,52.03,51.03,51.44,46.45,2812700
Jun 24 2015,52.08,52.60,51.66,51.68,46.67,3531400
Jun 23 2015,51.96,52.49,51.69,52.19,47.13,4048400
Jun 22 2015,52.16,52.21,51.54,51.89,46.86,2555400
Jun 19 2015,51.80,52.78,51.74,51.90,46.87,4295600
Jun 18 2015,51.55,52.51,51.37,51.94,46.90,3742900
Jun 17 2015,51.60,52.45,50.61,51.30,46.33,4327200
Jun 16 2015,50.93,51.40,50.47,51.19,46.23,3049600
Jun 15 2015,50.62,51.20,50.50,51.06,46.11,3648800
Jun 12 2015,51.69,51.69,50.40,51.03,46.08,4201700
Jun 11 2015,51.20,52.45,50.92,52.03,46.99,4141700
Jun 09 2015,50.40,50.62,49.65,49.67,44.85,2486900
Jun 08 2015,50.40,51.08,50.14,50.23,45.36,1516200
Jun 05 2015,50.08,50.75,49.98,50.46,45.57,2907000
Jun 04 2015,50.67,50.99,49.98,50.17,45.30,3022200
Jun 03 2015,51.35,51.60,50.82,51.10,46.15,5167200
Jun 02 2015,51.70,51.89,50.95,51.51,46.52,1918100
Jun 01 2015,51.58,52.45,51.58,51.78,46.76,2346400
May 29 2015,51.49,52.50,51.24,51.73,46.71,2813600
May 28 2015,50.46,51.54,50.18,51.38,46.40,1825400
May 27 2015,50.71,51.10,50.15,50.48,45.59,2344400
May 26 2015,51.35,51.49,49.85,50.22,45.35,3236500
May 22 2015,51.64,52.28,51.44,51.54,46.54,2169000
May 21 2015,52.15,52.42,51.76,51.83,46.81,2105100
May 20 2015,52.38,52.47,51.74,52.17,47.11,1781600
May 19 2015,51.41,52.24,51.41,52.13,47.08,3442600
May 18 2015,51.60,52.24,51.22,52.13,47.08,1280900
May 14 2015,51.35,52.49,51.28,52.35,46.82,1871700
May 13 2015,51.01,51.35,50.72,51.14,45.74,1499800
May 12 2015,51.10,51.10,50.31,50.67,45.31,1814200
May 11 2015,53.01,53.07,50.72,51.14,45.74,2246300
May 08 2015,51.52,52.76,50.85,52.44,46.90,2595600
May 07 2015,50.50,51.74,49.97,51.35,45.92,2377800
May 06 2015,51.40,51.46,49.88,50.51,45.17,2449700
May 05 2015,50.85,51.15,50.58,50.92,45.53,1923900
May 04 2015,51.22,51.60,50.54,50.63,45.28,2045400
May 01 2015,49.49,51.60,49.33,51.33,45.91,2849200
Apr 30 2015,52.10,52.28,48.88,49.28,44.08,5030200
Apr 29 2015,51.69,51.94,50.79,51.26,45.85,2420600
Apr 28 2015,51.32,51.74,51.06,51.26,45.84,1580200
Apr 27 2015,51.90,52.04,51.38,51.47,46.03,2449700
Apr 24 2015,50.65,51.72,50.65,51.58,46.12,2106100
Apr 23 2015,51.10,51.24,50.28,50.85,45.47,1806600
Apr 22 2015,50.29,51.09,50.05,51.06,45.67,2241300
Apr 21 2015,49.68,50.17,49.51,50.01,44.72,3214200
Apr 20 2015,49.66,50.29,49.33,49.67,44.42,2234800
Apr 17 2015,49.81,50.13,49.12,49.36,44.14,2612300
Apr 16 2015,49.00,50.35,48.84,50.00,44.72,3150200
Apr 15 2015,49.26,49.99,48.97,49.01,43.84,5412400
Apr 14 2015,48.92,49.33,48.61,49.02,43.84,3028400
Apr 13 2015,50.16,50.33,48.40,48.60,43.47,3744500
Apr 10 2015,50.04,50.26,49.74,50.21,44.90,1354000
Apr 09 2015,49.33,50.17,49.01,49.93,44.65,2734000
Apr 08 2015,49.72,49.99,49.17,49.32,44.11,2179400
Apr 07 2015,49.49,49.60,48.62,49.12,43.93,2972200
Apr 06 2015,48.81,49.82,48.48,49.27,44.06,2554100
Apr 02 2015,50.81,51.03,48.44,48.54,43.41,4308500
Apr 01 2015,51.38,51.82,50.67,50.88,45.50,2703300
Mar 31 2015,51.06,52.03,50.85,51.19,45.78,2889600
Mar 30 2015,50.21,51.53,50.21,51.45,46.01,2250500
Mar 27 2015,50.71,50.79,49.63,49.83,44.56,2057200
Mar 26 2015,51.87,51.97,50.37,50.44,45.11,2193200
Mar 25 2015,51.40,52.43,51.35,51.54,46.09,3192300
Mar 24 2015,51.04,51.63,50.75,50.85,45.48,1969400
Mar 23 2015,51.33,51.90,51.19,51.21,45.80,2159000
Mar 20 2015,50.26,51.42,50.00,51.13,45.73,3890600
Mar 19 2015,50.08,50.33,49.75,50.03,44.74,1583000
Mar 18 2015,48.75,50.71,48.67,50.51,45.17,2519900
Mar 17 2015,48.51,48.97,48.00,48.87,43.71,1770100
Mar 16 2015,47.83,49.06,47.15,49.03,43.85,2369600
Mar 13 2015,48.26,48.65,47.74,48.10,43.02,2249100
Mar 12 2015,48.94,49.58,47.74,47.83,42.78,2283600
Mar 11 2015,48.18,48.76,47.78,48.44,43.32,2738200
Mar 10 2015,49.36,49.38,48.00,48.06,42.98,3123900
Mar 09 2015,49.54,50.94,49.35,49.88,44.61,2512900
Mar 06 2015,50.51,51.31,49.19,49.24,44.04,2296800
Mar 05 2015,51.18,51.53,50.84,50.88,45.50,1879800
Mar 04 2015,51.00,51.51,50.44,51.01,45.61,2344000
Mar 03 2015,51.31,51.83,50.92,51.38,45.95,3550500
Mar 02 2015,52.04,52.04,50.63,50.89,45.51,4632000
Feb 27 2015,53.56,54.10,52.47,52.50,46.95,2193100
Feb 26 2015,52.35,54.16,52.35,53.52,47.86,3447700
Feb 25 2015,52.69,53.24,51.97,52.33,46.80,2600000
Feb 24 2015,53.33,53.40,52.08,52.59,47.03,2537200
Feb 23 2015,52.76,54.06,52.58,53.17,47.56,2525500
Feb 20 2015,52.83,53.47,52.16,52.78,47.21,3239300
Feb 19 2015,52.08,52.94,51.88,52.83,47.24,2626900
Feb 18 2015,51.67,52.35,51.25,52.31,46.79,2335600
Feb 17 2015,51.63,52.31,50.88,51.91,46.42,3322900
Feb 13 2015,50.88,51.78,50.69,51.74,46.27,2945300
Feb 11 2015,50.60,50.99,50.10,50.46,44.68,2672200
Feb 10 2015,50.24,51.31,49.38,51.09,45.24,4515800
Feb 09 2015,49.33,50.22,49.11,50.08,44.35,4194100
Feb 06 2015,48.67,49.96,48.40,49.44,43.78,4929600
Feb 05 2015,48.47,49.13,48.10,48.65,43.08,3494200
Feb 04 2015,48.01,48.60,47.17,48.10,42.59,4559800
Feb 03 2015,47.04,47.91,46.64,47.91,42.42,4162100
Feb 02 2015,46.42,46.99,45.49,46.97,41.59,3141400
Jan 30 2015,44.51,46.69,44.40,46.29,40.99,4878900
Jan 29 2015,45.15,45.62,44.10,45.01,39.85,2604600
Jan 28 2015,44.50,45.28,43.94,44.65,39.53,4216100
Jan 27 2015,43.74,44.47,43.69,44.34,39.26,2347900
Jan 26 2015,43.58,44.28,43.58,44.10,39.05,3134600
Jan 23 2015,42.08,44.25,41.78,43.58,38.59,4550500
Jan 22 2015,40.85,42.13,40.47,41.99,37.18,3960200
Jan 21 2015,40.24,40.88,40.01,40.47,35.84,3579600
Jan 20 2015,38.73,40.37,38.73,40.21,35.61,3582600
Jan 16 2015,38.61,39.35,38.52,38.78,34.34,4567900
Jan 15 2015,38.81,39.12,37.62,38.42,34.03,4730200
Jan 14 2015,40.01,40.02,37.98,38.81,34.37,7164700
Jan 13 2015,42.47,43.22,40.11,40.43,35.80,6287600
Jan 12 2015,43.72,44.08,42.51,42.71,37.82,4129100
Jan 09 2015,45.44,45.58,44.18,44.24,39.18,2622300
Jan 08 2015,44.99,45.74,44.75,45.51,40.30,3500100
Jan 07 2015,44.82,44.82,43.82,44.47,39.38,3506000
Jan 06 2015,44.56,45.17,43.61,44.10,39.06,2802300
Jan 05 2015,45.42,45.65,43.92,44.54,39.44,5246400
Jan 02 2015,44.78,45.94,44.78,45.82,40.57,2679700
Dec 31 2014,45.48,45.56,45.09,45.13,39.96,1602100
Dec 30 2014,45.25,45.83,45.20,45.32,40.13,4362200
Dec 29 2014,45.06,45.62,44.98,45.53,40.32,4696200
Dec 26 2014,44.42,45.37,44.33,44.86,39.72,3188400
Dec 24 2014,43.97,44.56,43.60,44.31,39.24,2568000
Dec 23 2014,44.06,44.42,43.63,44.19,39.13,3625400
Dec 22 2014,43.23,43.80,42.81,43.65,38.65,5983400
Dec 19 2014,42.33,43.66,42.06,43.60,38.61,8382800
Dec 18 2014,43.08,43.19,40.79,42.01,37.20,6876400
Dec 17 2014,40.88,42.72,40.61,42.37,37.51,7400800
Dec 16 2014,40.38,42.08,40.00,41.10,36.39,6132200
Dec 15 2014,41.74,42.10,40.58,40.69,36.03,7761000
Dec 12 2014,40.24,42.58,40.24,41.60,36.84,7719400
Dec 11 2014,42.63,43.37,41.85,41.94,37.14,8591000
Dec 10 2014,43.74,44.24,41.83,42.53,37.66,10562600
Dec 09 2014,43.84,44.44,43.06,44.38,39.30,14885200
Dec 08 2014,45.65,46.15,44.13,44.36,39.28,7801600
Dec 05 2014,48.18,48.58,45.99,46.08,40.80,9278000
Dec 04 2014,48.50,48.55,47.24,48.33,42.80,5024800
Dec 03 2014,47.09,48.56,47.09,48.01,42.51,6801000
Dec 02 2014,45.36,47.56,45.25,47.07,41.68,9013200
Dec 01 2014,44.70,45.60,44.63,45.40,40.20,6449400
Nov 28 2014,46.63,46.63,44.83,45.04,39.89,7651600
Nov 26 2014,47.66,48.26,47.53,47.83,42.36,3290400
Nov 25 2014,48.29,48.45,47.56,47.62,42.17,5583000
Nov 24 2014,48.34,48.69,47.95,48.06,42.56,4756400
Nov 21 2014,48.22,48.97,47.99,48.46,42.91,8871000
Nov 20 2014,46.88,47.79,46.81,47.58,42.13,6156200
Nov 19 2014,47.00,47.38,46.54,46.90,41.53,8838600
Nov 18 2014,46.46,47.32,46.17,46.94,41.57,8154400
Nov 17 2014,45.94,46.83,45.85,46.26,40.96,9015600
Nov 13 2014,47.17,47.39,46.18,46.78,40.97,6880200
Nov 12 2014,47.24,47.79,47.07,47.51,41.61,5957400
Nov 11 2014,47.00,47.67,46.58,47.31,41.44,5707400
Nov 10 2014,47.25,47.59,46.74,47.05,41.21,6704000
Nov 07 2014,46.64,47.04,46.17,47.04,41.20,7025400
Nov 06 2014,45.59,46.61,45.56,46.56,40.79,7233400
Nov 05 2014,45.49,45.94,44.81,45.35,39.73,6508400
Nov 04 2014,45.76,46.42,45.08,45.31,39.69,8183400
Nov 03 2014,45.69,46.26,45.56,45.81,40.13,10483800
Oct 31 2014,45.19,45.69,44.36,45.45,39.81,7236600
Oct 30 2014,44.76,46.01,44.22,45.33,39.70,14001400
Oct 29 2014,44.94,45.12,43.08,43.71,38.28,7878000
Oct 28 2014,43.32,44.74,42.82,44.56,39.03,6601600
Oct 27 2014,42.51,43.28,41.81,43.21,37.85,6976800
Oct 24 2014,42.40,43.01,41.74,42.90,37.57,3485400
Oct 23 2014,42.42,42.92,42.14,42.26,37.02,4831600
Oct 22 2014,42.53,43.09,41.75,41.78,36.60,4257000
Oct 21 2014,40.35,42.63,40.35,42.47,37.20,7357800
Oct 20 2014,39.60,40.71,39.60,40.32,35.32,5336600
Oct 17 2014,39.49,40.26,39.01,39.63,34.71,6795400
Oct 16 2014,37.49,39.94,37.32,39.22,34.36,10641200
Oct 15 2014,38.72,39.60,37.64,38.13,33.40,9307800
Oct 14 2014,40.08,40.44,38.71,39.22,34.35,10668800
Oct 13 2014,40.76,41.68,39.83,39.91,34.96,6491200
Oct 10 2014,41.06,42.08,40.15,40.79,35.73,6955000
Oct 09 2014,42.02,42.46,40.71,40.90,35.82,5595600
Oct 08 2014,40.58,42.18,40.17,42.13,36.90,7957000
Oct 07 2014,40.35,41.37,40.35,40.41,35.40,7017600
Oct 06 2014,40.45,40.85,39.58,40.44,35.42,5227600
Oct 03 2014,40.60,40.61,39.95,40.41,35.40,10040600
Oct 02 2014,41.22,41.50,40.12,40.47,35.45,8016600
Oct 01 2014,42.47,42.52,41.15,41.22,36.11,5749600
Sep 30 2014,42.24,42.64,41.96,42.33,37.08,5853600
Sep 29 2014,42.19,42.72,41.89,42.19,36.96,5058200
Sep 26 2014,42.10,42.80,42.05,42.51,37.23,4074400
Sep 25 2014,42.17,42.31,41.73,42.14,36.91,5772400
Sep 24 2014,42.20,42.42,41.48,42.24,37.00,7517400
Sep 23 2014,43.05,43.76,42.31,42.35,37.10,9688800
Sep 22 2014,44.13,44.32,43.00,43.04,37.70,5316800
Sep 19 2014,43.85,44.43,43.78,44.32,38.82,7755200
Sep 18 2014,44.17,44.45,43.26,43.67,38.25,5808400
Sep 17 2014,44.32,44.35,43.28,44.10,38.62,7038400
Sep 16 2014,44.04,44.92,43.98,44.09,38.62,5515600
Sep 15 2014,43.33,44.36,42.86,44.26,38.77,8076400
Sep 12 2014,44.42,44.50,43.24,43.43,38.04,8177200
Sep 11 2014,44.97,45.44,44.25,44.45,38.93,9593600
Sep 10 2014,45.85,45.90,44.39,45.22,39.60,9845800
Sep 09 2014,46.01,46.25,45.49,45.86,40.17,5835800
Sep 08 2014,45.71,46.44,45.52,46.19,40.46,4197400
Sep 05 2014,45.41,45.81,45.08,45.81,40.13,4692600
Sep 04 2014,45.17,45.81,44.91,45.49,39.84,6374400
Sep 03 2014,44.99,45.33,44.73,45.21,39.60,5477600
Sep 02 2014,45.38,45.63,44.20,44.76,39.20,5939200
Aug 29 2014,45.24,45.60,45.09,45.51,39.86,3281200
Aug 28 2014,44.90,45.47,44.90,45.39,39.76,2681800
Aug 27 2014,45.35,45.37,44.85,45.10,39.50,4036400
Aug 26 2014,45.31,45.40,44.63,45.22,39.60,3747800
Aug 25 2014,45.30,45.56,45.13,45.29,39.67,3758600
Aug 22 2014,45.06,45.35,44.67,45.22,39.60,4416400
Aug 21 2014,45.70,45.70,44.96,45.03,39.44,4766000
Aug 20 2014,45.65,45.97,45.38,45.65,39.99,3996000
Aug 19 2014,45.04,45.88,45.01,45.80,40.12,4185800
Aug 18 2014,44.31,45.08,44.31,45.04,39.46,5004400
Aug 14 2014,43.88,44.65,43.78,44.46,38.50,4561600
Aug 13 2014,43.51,43.88,42.84,43.72,37.86,4500000
Aug 12 2014,43.50,43.74,43.03,43.28,37.49,3156600
Aug 11 2014,43.97,44.17,43.44,43.54,37.71,3574400
Aug 08 2014,43.42,43.85,43.10,43.75,37.89,3274400
Aug 07 2014,43.55,43.78,42.83,43.25,37.46,4041200
Aug 06 2014,42.33,43.66,42.33,43.38,37.57,7819200
Aug 05 2014,41.77,42.90,41.64,42.51,36.82,7867000
Aug 04 2014,41.75,42.44,41.40,42.24,36.58,6394000
Aug 01 2014,41.85,43.04,41.42,41.78,36.19,13103200
Jul 31 2014,40.68,42.49,40.64,41.74,36.15,15821400
Jul 30 2014,39.79,40.06,39.23,39.49,34.20,6335200
Jul 29 2014,39.26,40.24,39.18,39.81,34.48,8096600
Jul 28 2014,39.42,39.67,38.82,38.90,33.69,5551600
Jul 25 2014,38.75,39.33,38.58,39.29,34.03,6114600
Jul 24 2014,38.41,39.12,38.38,38.72,33.53,5539800
Jul 23 2014,38.15,38.66,37.94,38.31,33.18,4275000
Jul 22 2014,38.19,38.50,37.84,37.90,32.82,5201600
Jul 21 2014,38.53,38.58,37.92,37.97,32.88,5123200
Jul 18 2014,38.66,38.83,38.39,38.46,33.31,5385800
Jul 17 2014,39.01,39.28,38.33,38.38,33.24,5251400
Jul 16 2014,39.62,39.83,39.00,39.22,33.96,5106600
Jul 15 2014,38.73,39.82,38.63,39.51,34.22,6494600
Jul 14 2014,39.61,39.65,38.88,39.04,33.81,4876800
Jul 11 2014,39.36,39.78,38.97,39.43,34.15,5679600
Jul 10 2014,38.64,38.94,38.36,38.71,33.52,6558600
Jul 09 2014,39.04,39.31,38.59,39.04,33.82,5026800
Jul 08 2014,39.79,39.83,38.90,38.92,33.70,6528800
Jul 07 2014,40.22,40.50,39.54,39.74,34.41,5309400
Jul 03 2014,40.01,40.50,39.76,40.45,35.03,4323400
Jul 02 2014,39.13,40.17,39.10,39.94,34.59,6280200
Jul 01 2014,39.13,39.49,38.94,39.31,34.04,5785400
Jun 30 2014,39.67,39.76,38.97,39.03,33.81,7769600
Jun 27 2014,40.51,40.63,39.58,39.70,34.38,14643600
Jun 26 2014,40.33,40.82,40.04,40.47,35.05,9658200
Jun 25 2014,40.38,41.05,38.98,40.49,35.06,27575000
Jun 24 2014,44.53,44.69,43.15,43.22,37.44,6239800
Jun 23 2014,44.90,45.08,44.38,44.49,38.53,3866200
Jun 20 2014,44.99,45.10,44.49,44.81,38.80,7134000
Jun 19 2014,44.49,44.88,44.38,44.81,38.81,5882600
Jun 18 2014,43.32,44.44,42.89,44.32,38.38,6750000
Jun 17 2014,42.87,43.33,42.42,43.29,37.49,7714600
Jun 16 2014,43.19,43.35,42.87,42.94,37.19,3916200
Jun 13 2014,43.40,43.58,43.08,43.21,37.42,4127400
Jun 12 2014,43.06,43.42,42.42,43.33,37.52,8324400
Jun 11 2014,42.55,42.95,42.51,42.85,37.11,4279000
Jun 10 2014,43.75,43.78,42.58,42.85,37.11,8261200
Jun 09 2014,43.74,44.31,43.49,43.75,37.89,4777200
Jun 06 2014,44.19,44.19,43.42,43.85,37.97,4150400
Jun 05 2014,44.06,44.38,43.60,43.95,38.06,8724600
Jun 04 2014,44.00,44.49,43.63,43.92,38.04,5623800
Jun 03 2014,44.88,44.90,44.00,44.04,38.15,4737400
Jun 02 2014,44.94,45.01,44.33,44.86,38.85,3391800
May 30 2014,44.76,45.00,44.38,44.69,38.71,4274200
May 29 2014,44.22,44.99,43.51,44.90,38.89,5173200
May 28 2014,43.69,44.58,43.49,43.69,37.83,7548400
May 27 2014,43.60,43.87,43.28,43.47,37.65,5095000
May 23 2014,43.44,43.79,43.10,43.57,37.74,4626000
May 22 2014,43.78,44.92,43.38,43.46,37.64,7462200
May 21 2014,44.40,44.65,43.35,43.85,37.97,5646400
May 20 2014,44.31,45.16,44.17,44.31,38.38,4671600
May 19 2014,44.15,44.79,44.05,44.44,38.49,4882200
May 15 2014,45.60,45.61,44.56,44.95,38.56,5937400
May 14 2014,45.83,46.50,44.97,45.91,39.39,5395400
May 13 2014,46.24,46.78,43.02,45.88,39.36,5439600
May 12 2014,45.99,46.58,45.79,46.01,39.47,4840800
May 09 2014,46.59,46.59,45.35,45.65,39.16,4853400
May 08 2014,47.60,48.06,46.16,46.40,39.80,6225000
May 07 2014,48.24,48.40,47.33,47.60,40.84,5786000
May 06 2014,47.79,48.85,47.67,48.35,41.48,7757400
May 05 2014,47.67,48.37,47.22,47.90,41.10,6481600
May 02 2014,47.81,48.50,47.21,47.88,41.07,5491600
May 01 2014,44.50,48.64,44.37,47.72,40.94,11076200
Apr 30 2014,46.65,47.14,46.40,46.47,39.87,9770800
Apr 29 2014,46.86,47.29,46.53,46.69,40.06,4785400
Apr 28 2014,45.54,47.08,45.07,46.46,39.86,7105600
Apr 25 2014,45.24,45.83,45.22,45.37,38.92,4442400
Apr 24 2014,45.51,45.78,44.93,45.37,38.92,4380400
Apr 23 2014,45.19,45.74,45.15,45.42,38.97,4273800
Apr 22 2014,44.76,45.63,43.90,45.19,38.77,6409800
Apr 21 2014,44.44,45.27,44.30,45.07,38.67,3252200
Apr 17 2014,44.27,45.21,44.23,44.96,38.57,5593800
Apr 16 2014,43.58,44.47,43.22,44.39,38.08,6155400
Apr 15 2014,42.40,43.33,42.31,43.29,37.14,7725000
Apr 14 2014,41.97,42.42,41.65,42.28,36.28,5615200
Apr 11 2014,42.17,42.61,41.33,41.65,35.73,7891400
Apr 10 2014,42.48,43.37,41.97,42.26,36.26,6598400
Apr 09 2014,41.95,43.19,41.65,42.56,36.51,6291400
Apr 08 2014,42.60,42.74,41.40,41.95,35.99,7488200
Apr 07 2014,43.40,43.56,42.08,42.54,36.50,5032000
Apr 04 2014,43.94,44.19,43.24,43.55,37.36,5920600
Apr 03 2014,43.78,43.88,43.54,43.58,37.39,5124400
Apr 02 2014,44.33,44.33,43.38,43.58,37.39,7907800
Apr 01 2014,43.58,44.80,43.53,44.77,38.41,8849800
Mar 31 2014,44.00,44.22,43.40,43.52,37.34,5580000
Mar 28 2014,43.88,44.19,43.56,43.83,37.61,4366200
Mar 27 2014,44.38,44.47,43.37,43.65,37.44,6870400
Mar 26 2014,45.42,45.79,44.51,44.55,38.22,5223400
Mar 25 2014,45.01,45.87,44.99,45.32,38.88,5048400
Mar 24 2014,45.49,45.92,44.53,44.81,38.44,7325000
Mar 21 2014,46.33,46.79,45.16,45.35,38.90,9785400
Mar 20 2014,45.75,46.28,45.37,45.96,39.43,5188400
Mar 19 2014,46.94,47.00,45.63,45.83,39.31,5648400
Mar 18 2014,46.79,47.33,46.38,47.07,40.38,6144000
Mar 17 2014,47.14,47.44,46.65,46.78,40.14,7592200
Mar 14 2014,46.26,47.34,46.21,46.99,40.31,6533400
Mar 13 2014,47.19,47.26,46.06,46.28,39.70,8558800
Mar 12 2014,45.59,47.34,45.56,47.25,40.54,10844000
Mar 11 2014,45.62,45.87,44.89,45.65,39.16,7221600
Mar 10 2014,45.00,45.96,44.93,45.54,39.07,8210000
Mar 07 2014,45.00,45.30,44.60,45.00,38.61,8229800
Mar 06 2014,43.26,45.00,43.26,44.74,38.38,9341000
Mar 05 2014,42.10,43.38,42.05,43.09,36.97,6024200
Mar 04 2014,42.05,42.46,41.45,42.35,36.33,7198400
Mar 03 2014,41.88,42.74,41.44,41.69,35.76,6215200
Feb 28 2014,41.99,42.58,41.76,42.00,36.03,6485800
Feb 27 2014,44.00,44.00,41.68,42.08,36.10,14367600
Feb 26 2014,44.87,45.46,43.78,44.02,37.77,6570400
Feb 25 2014,44.06,45.54,43.86,44.94,38.56,9419000
Feb 24 2014,44.01,44.77,44.01,44.06,37.80,5835800
Feb 21 2014,43.96,44.24,43.58,43.65,37.45,4939600
Feb 20 2014,43.69,44.37,43.19,43.97,37.73,5420800
Feb 19 2014,43.74,44.54,43.41,43.51,37.33,6390000
Feb 18 2014,43.99,44.57,43.51,43.85,37.62,5360000
Feb 14 2014,42.78,44.33,42.44,43.85,37.62,5999600
Feb 12 2014,42.29,42.81,41.93,42.10,35.76,5166200
Feb 11 2014,41.25,42.45,41.17,42.23,35.87,7002800
Feb 10 2014,42.23,42.25,41.01,41.26,35.05,6327000
Feb 07 2014,41.88,42.76,41.78,42.24,35.88,5116800
Feb 06 2014,41.17,41.74,40.83,41.67,35.39,5257800
Feb 05 2014,41.30,41.47,40.34,41.15,34.96,10008800
Feb 04 2014,42.31,42.33,40.60,41.63,35.36,10087200
Feb 03 2014,43.54,43.55,41.79,42.17,35.82,9162400
Jan 31 2014,43.37,44.38,43.10,43.53,36.97,8399200
Jan 30 2014,43.93,44.47,42.89,43.75,37.17,6661800
Jan 29 2014,42.19,44.10,41.01,43.26,36.75,15525800
Jan 28 2014,41.67,41.76,41.00,41.58,35.33,5305600
Jan 27 2014,41.49,41.99,40.69,41.75,35.47,8472600
Jan 24 2014,42.17,42.25,41.03,41.49,35.25,5447800
Jan 23 2014,43.13,43.43,41.88,42.72,36.29,8390800
Jan 22 2014,43.38,43.46,42.24,42.79,36.35,5239000
Jan 21 2014,43.14,43.76,42.91,43.17,36.67,5157400
Jan 17 2014,42.75,43.33,42.51,42.64,36.22,7060200
Jan 16 2014,43.13,43.40,42.34,42.85,36.40,7891600
Jan 15 2014,44.79,44.81,42.49,43.33,36.80,11636600
Jan 14 2014,44.69,45.22,44.20,44.55,37.84,6102000
Jan 13 2014,45.49,45.78,43.83,44.08,37.45,6903000
Jan 10 2014,45.50,45.93,44.62,45.49,38.64,5297800
Jan 09 2014,44.51,45.93,44.35,45.52,38.67,10654000
Jan 08 2014,44.62,44.62,43.56,44.34,37.67,8400400
Jan 07 2014,44.37,44.72,43.26,44.50,37.80,7553600
Jan 06 2014,44.28,45.01,44.06,44.35,37.68,4191600
Jan 03 2014,44.90,45.13,43.89,44.13,37.49,4357400
Jan 02 2014,45.74,45.91,44.42,44.74,38.01,6062800
Dec 31 2013,44.59,45.97,44.56,45.87,38.96,6417400
Dec 30 2013,44.54,44.74,43.74,44.25,37.59,3245200
Dec 27 2013,44.94,44.94,43.88,44.56,37.86,3128800
Dec 26 2013,44.57,44.90,44.47,44.77,38.03,2618400
Dec 24 2013,44.36,44.69,44.03,44.67,37.95,1793400
Dec 23 2013,44.10,44.97,43.92,44.38,37.70,4906600
Dec 20 2013,42.75,44.03,42.72,43.63,37.06,11507400
Dec 19 2013,43.57,43.90,42.76,42.85,36.41,6993000
Dec 18 2013,43.24,44.13,42.72,43.71,37.13,7972000
Dec 17 2013,43.17,43.49,42.69,43.04,36.57,5612200
Dec 16 2013,42.72,43.67,42.72,43.17,36.68,9189200
Dec 13 2013,42.90,43.01,41.76,42.60,36.19,7480600
Dec 12 2013,43.06,43.42,42.22,42.85,36.40,6871000
Dec 11 2013,43.60,43.74,42.58,42.99,36.52,6899400
Dec 10 2013,42.67,44.03,41.62,43.76,37.17,10819000
Dec 09 2013,43.88,44.40,42.71,42.78,36.34,12114400
Dec 06 2013,42.35,44.43,42.33,43.60,37.04,12492600
Dec 05 2013,42.24,42.70,41.41,41.92,35.62,10253600
Dec 04 2013,42.04,42.92,41.12,41.63,35.36,14658200
Dec 03 2013,43.46,44.15,43.19,43.49,36.95,9649200
Dec 02 2013,41.92,44.12,41.71,43.71,37.13,12023200
Nov 29 2013,42.32,42.32,41.31,41.37,35.14,3893800
Nov 27 2013,40.78,42.83,40.78,42.17,35.82,11929200
Nov 26 2013,41.10,41.66,40.76,40.78,34.64,9426600
Nov 25 2013,40.28,41.05,39.87,40.89,34.74,9178400
Nov 22 2013,39.65,40.22,39.64,40.13,34.09,6741200
Nov 21 2013,38.61,39.49,38.41,39.39,33.46,5360400
Nov 20 2013,39.51,39.58,38.42,38.70,32.88,5748000
Nov 19 2013,38.74,39.88,38.37,39.42,33.48,10812800
Nov 18 2013,39.37,39.63,38.60,38.72,32.89,6683200
Nov 14 2013,37.69,39.70,37.69,39.43,33.14,13853000
Nov 13 2013,36.88,37.58,36.62,37.55,31.56,5727200
Nov 12 2013,36.15,37.21,36.03,37.01,31.10,6765200
Nov 11 2013,35.83,36.13,35.40,36.10,30.34,3816200
Nov 08 2013,35.20,35.94,34.90,35.83,30.11,5051400
Nov 07 2013,35.03,35.54,34.69,35.22,29.60,8184800
Nov 06 2013,35.60,35.98,35.06,35.20,29.58,5263000
Nov 05 2013,35.60,35.74,35.22,35.36,29.72,5071600
Nov 04 2013,35.49,35.88,35.09,35.85,30.13,4843800
Nov 01 2013,35.92,36.03,35.08,35.43,29.78,7031600
Oct 31 2013,36.18,37.50,35.79,35.83,30.11,9671400
Oct 30 2013,35.49,36.29,35.01,36.26,30.47,7796200
Oct 29 2013,35.63,36.23,35.29,35.41,29.76,3768000
Oct 28 2013,35.19,36.29,35.15,35.60,29.92,5972400
Oct 25 2013,34.71,35.13,34.21,34.94,29.37,6272800
Oct 24 2013,36.00,36.00,34.51,34.60,29.08,10597800
Oct 23 2013,36.15,37.58,35.99,36.04,30.29,10102400
Oct 22 2013,35.69,36.60,35.69,36.25,30.47,7307200
Oct 21 2013,35.49,35.78,35.22,35.47,29.81,4219200
Oct 18 2013,35.34,35.37,34.94,35.37,29.73,5053200
Oct 17 2013,34.38,35.19,34.26,35.09,29.49,6378600
Oct 16 2013,34.68,34.68,34.10,34.47,28.97,6075200
Oct 15 2013,33.85,34.56,33.76,34.22,28.76,9239200
Oct 14 2013,33.26,33.69,32.94,33.60,28.23,4481800
Oct 11 2013,32.65,33.94,32.51,33.63,28.26,8977200
Oct 10 2013,31.69,32.96,31.50,32.65,27.44,8428400
Oct 09 2013,31.26,31.26,30.66,31.05,26.10,7422000
Oct 08 2013,31.94,31.99,31.25,31.25,26.26,6700600
Oct 07 2013,32.43,32.56,31.58,31.96,26.86,5025400
Oct 04 2013,32.42,32.87,32.09,32.62,27.41,5138200
Oct 03 2013,32.50,32.81,32.30,32.62,27.41,5098200
Oct 02 2013,31.98,32.97,31.98,32.67,27.46,8029400
Oct 01 2013,32.08,32.38,31.69,32.15,27.02,6648800
Sep 30 2013,31.88,32.28,31.52,32.16,27.03,9147800
Sep 27 2013,32.25,32.81,32.15,32.47,27.29,7105400
Sep 26 2013,32.22,32.47,31.83,32.07,26.95,6170800
Sep 25 2013,32.27,32.68,31.81,32.24,27.09,8645600
Sep 24 2013,31.50,32.35,31.25,32.15,27.02,9041000
Sep 23 2013,32.22,32.29,31.47,31.50,26.47,7327800
Sep 20 2013,32.71,32.90,32.19,32.26,27.11,10416000
Sep 19 2013,33.40,33.78,32.57,32.71,27.49,9784000
Sep 18 2013,33.12,33.31,32.68,33.13,27.84,8218000
Sep 17 2013,33.44,33.74,32.78,33.10,27.82,6658000
Sep 16 2013,34.17,34.28,33.45,33.47,28.13,4376600
Sep 13 2013,33.66,34.29,33.56,33.94,28.53,5797400
Sep 12 2013,33.81,33.90,33.31,33.47,28.13,5362200
Sep 11 2013,34.09,34.19,33.33,33.85,28.45,7546800
Sep 10 2013,34.74,34.78,33.96,34.05,28.62,8854000
Sep 09 2013,35.43,35.50,34.67,34.81,29.25,7774800
Sep 06 2013,36.13,36.36,35.24,35.42,29.77,6013600
Sep 05 2013,36.88,37.17,36.03,36.05,30.30,4892000
Sep 04 2013,36.56,36.99,36.35,36.83,30.95,3637200
Sep 03 2013,36.81,37.28,36.58,36.72,30.86,4477400
Aug 30 2013,36.97,37.33,36.10,36.26,30.47,4815600
Aug 29 2013,36.91,37.38,36.60,36.81,30.94,3831400
Aug 28 2013,36.66,37.28,36.54,37.02,31.11,4333400
Aug 27 2013,36.94,37.24,36.35,36.55,30.72,6429000
Aug 26 2013,37.63,38.06,37.35,37.40,31.44,5875000
Aug 23 2013,37.53,38.29,37.34,37.53,31.54,7861400
Aug 22 2013,36.14,37.87,35.98,37.43,31.46,7022800
Aug 21 2013,35.38,36.49,35.12,35.92,30.19,5060600
Aug 20 2013,34.53,35.83,34.27,35.49,29.83,6649400
Aug 19 2013,34.77,35.46,34.51,34.53,29.02,6281000
Aug 15 2013,36.63,36.64,35.29,35.33,29.34,8015000
Aug 14 2013,37.38,37.74,36.83,36.85,30.59,6719800
Aug 13 2013,36.69,37.53,36.51,37.47,31.11,4176600
Aug 12 2013,36.47,36.87,36.22,36.53,30.33,4768800
Aug 09 2013,36.37,36.71,36.25,36.62,30.41,4739400
Aug 08 2013,35.94,36.95,35.88,36.24,30.10,5427200
Aug 07 2013,35.55,36.15,35.40,35.86,29.78,5623200
Aug 06 2013,35.85,36.60,35.25,35.56,29.53,7383600
Aug 05 2013,35.88,35.97,35.42,35.85,29.76,3975000
Aug 02 2013,36.94,37.08,35.78,35.97,29.86,7223200
Aug 01 2013,36.93,38.01,36.93,37.54,31.18,6829000
Jul 31 2013,36.53,37.38,36.19,36.67,30.45,5845400
Jul 30 2013,36.25,36.79,36.12,36.51,30.31,5062800
Jul 29 2013,35.99,36.24,35.67,36.12,29.99,3745000
Jul 26 2013,35.99,36.38,35.69,35.96,29.86,3327200
Jul 25 2013,35.04,36.08,34.90,36.03,29.91,5070800
Jul 24 2013,35.92,35.94,34.94,35.19,29.22,5161800
Jul 23 2013,35.03,36.18,34.97,35.88,29.80,5396400
Jul 22 2013,34.83,35.12,34.50,34.92,29.00,4830600
Jul 19 2013,34.43,34.83,33.94,34.80,28.90,6666600
Jul 18 2013,34.99,35.05,34.00,34.15,28.35,8348600
Jul 17 2013,34.96,35.42,34.87,34.88,28.96,4450000
Jul 16 2013,35.74,36.22,34.53,34.97,29.03,10226600
Jul 15 2013,36.60,36.96,36.17,36.55,30.35,5185400
Jul 12 2013,35.21,37.10,35.10,36.62,30.41,8986800
Jul 11 2013,34.75,35.84,34.39,35.76,29.69,7577400
Jul 10 2013,35.21,35.22,33.97,34.15,28.36,7129200
Jul 09 2013,34.97,35.19,34.69,35.06,29.11,4819200
Jul 08 2013,34.60,35.24,34.60,34.72,28.83,6802800
Jul 05 2013,34.46,35.33,33.80,34.49,28.64,6161400
Jul 03 2013,34.56,35.42,33.79,35.37,29.37,5514600
Jul 02 2013,35.29,35.44,34.17,34.65,28.77,8500800
Jul 01 2013,35.42,36.33,35.03,35.19,29.22,5556000
Jun 28 2013,35.42,35.56,35.15,35.53,29.50,15077600
Jun 27 2013,36.56,36.85,35.35,35.53,29.50,7349600
Jun 26 2013,36.42,36.93,36.07,36.22,30.07,6059600
Jun 25 2013,35.77,36.22,35.72,36.04,29.93,7364400
Jun 24 2013,35.96,35.98,34.65,35.19,29.22,7746400
Jun 21 2013,37.24,37.25,35.36,36.40,30.23,11563400
Jun 20 2013,38.59,38.60,36.43,36.90,30.64,10555200
Jun 19 2013,39.63,40.22,39.15,39.15,32.51,4919600
Jun 18 2013,39.37,39.90,39.23,39.46,32.77,7257000
Jun 17 2013,40.05,40.25,39.35,39.50,32.80,4654800
Jun 14 2013,40.05,40.51,39.75,39.81,33.05,3119200
Jun 13 2013,39.56,40.51,39.51,40.40,33.54,4457200
Jun 12 2013,40.40,40.47,39.51,39.64,32.92,5115800
Jun 11 2013,40.46,40.89,39.92,39.93,33.16,4609600
Jun 10 2013,41.81,42.08,41.13,41.21,34.21,4506600
Jun 07 2013,41.42,41.88,40.99,41.81,34.72,4276400
Jun 06 2013,39.95,41.38,39.83,41.38,34.36,5383000
Jun 05 2013,40.21,41.04,39.78,39.97,33.19,5643800
Jun 04 2013,40.78,41.26,39.92,40.31,33.48,4819200
Jun 03 2013,41.31,41.51,40.08,41.01,34.05,4824000
May 31 2013,41.65,42.22,41.25,41.25,34.25,5167800
May 30 2013,41.81,42.03,41.26,41.77,34.68,4177800
May 29 2013,41.55,42.06,41.13,41.85,34.75,2994600
May 28 2013,41.74,42.22,41.40,41.88,34.77,4441800
May 24 2013,40.95,41.06,40.35,41.03,34.07,3205600
May 23 2013,40.44,41.53,40.06,41.18,34.19,4425800
May 22 2013,41.47,41.98,40.47,41.22,34.23,7024000
May 21 2013,42.27,42.27,40.94,41.44,34.41,6177200
May 20 2013,41.33,43.00,41.27,42.30,35.12,7579600
May 17 2013,39.56,41.53,39.56,41.34,34.33,8992800
May 16 2013,39.52,40.38,39.15,39.26,32.60,6027800
May 15 2013,38.94,40.15,38.94,39.69,32.96,5736600
May 14 2013,38.21,38.98,38.08,38.92,32.32,5706000
May 10 2013,38.88,38.88,38.11,38.69,31.83,7920000
May 09 2013,39.22,39.49,38.58,39.24,32.28,5669200
May 08 2013,40.63,40.68,39.13,39.31,32.34,7932200
May 07 2013,40.44,40.96,40.09,40.72,33.50,6623400
May 06 2013,38.99,40.39,38.86,40.17,33.05,5726600
May 03 2013,38.24,39.34,38.24,39.05,32.13,8823400
May 02 2013,36.80,38.31,36.78,37.90,31.18,9519600
May 01 2013,38.80,38.81,36.73,36.74,30.22,15908400
Apr 30 2013,39.97,40.81,38.42,39.18,32.24,13876000
Apr 29 2013,40.85,41.67,40.81,41.21,33.90,5419200
Apr 26 2013,40.80,40.85,40.21,40.67,33.47,4257200
Apr 25 2013,41.60,42.15,40.69,40.81,33.58,5399600
Apr 24 2013,41.03,41.76,40.97,41.31,33.99,5325800
Apr 23 2013,40.06,40.99,40.03,40.78,33.55,5274400
Apr 22 2013,39.43,40.42,38.98,39.99,32.91,5784000
Apr 19 2013,38.71,39.38,38.39,39.38,32.40,6213200
Apr 18 2013,38.28,38.99,37.65,38.49,31.67,7909000
Apr 17 2013,38.87,39.17,37.60,38.31,31.52,7759200
Apr 16 2013,39.20,39.69,38.84,39.44,32.45,7204400
Apr 15 2013,39.60,40.10,38.57,38.76,31.89,10907200
Apr 12 2013,40.49,40.71,39.20,40.15,33.03,9943400
Apr 11 2013,42.15,42.28,40.38,41.03,33.76,10707400
Apr 10 2013,42.58,42.78,42.00,42.17,34.70,5100400
Apr 09 2013,41.83,42.68,41.33,42.40,34.88,5196200
Apr 08 2013,41.44,41.74,40.97,41.68,34.29,4992400
Apr 05 2013,40.53,41.42,39.75,41.19,33.89,6352400
Apr 04 2013,40.58,41.95,40.38,41.31,33.99,8338400
Apr 03 2013,42.74,42.74,39.25,40.69,33.48,18626000
Apr 02 2013,45.19,45.27,42.38,42.74,35.16,8668800
Apr 01 2013,44.78,45.01,44.15,44.92,36.95,4970800
Mar 28 2013,44.83,45.22,44.65,44.80,36.86,5275600
Mar 27 2013,45.26,45.44,44.70,44.83,36.89,5737000
Mar 26 2013,45.35,45.78,45.10,45.47,37.41,5243800
Mar 25 2013,45.88,46.37,44.85,45.10,37.10,5703000
Mar 22 2013,44.73,45.94,44.60,45.46,37.40,5065400
Mar 21 2013,45.26,45.62,44.52,44.53,36.64,7649800
Mar 20 2013,44.73,45.99,44.54,45.56,37.49,6160600
Mar 19 2013,44.33,44.74,43.67,44.15,36.33,6269800
Mar 18 2013,43.45,44.87,43.15,44.37,36.51,5540800
Mar 15 2013,43.90,44.31,43.65,43.97,36.17,9869800
Mar 14 2013,43.63,43.93,43.04,43.85,36.08,7341000
Mar 13 2013,44.26,44.37,43.09,43.42,35.72,9499600
Mar 12 2013,43.87,44.93,43.64,44.49,36.61,5936600
Mar 11 2013,44.24,44.29,43.50,43.94,36.16,7916400
Mar 08 2013,44.52,44.70,43.81,44.51,36.62,7495200
Mar 07 2013,44.30,44.51,43.64,44.14,36.32,7400400
Mar 06 2013,44.63,44.84,44.13,44.27,36.42,5949400
Mar 05 2013,45.04,45.24,43.85,44.38,36.51,12037600
Mar 04 2013,42.40,44.97,42.35,44.90,36.94,11788200
Mar 01 2013,41.17,42.51,41.17,42.51,34.97,6742000
Feb 28 2013,41.32,41.93,41.28,41.44,34.09,4813400
Feb 27 2013,40.19,41.63,40.09,41.37,34.04,5973000
Feb 26 2013,39.69,40.33,39.17,40.28,33.14,5782400
Feb 25 2013,40.87,41.47,39.62,39.64,32.61,5922200
Feb 22 2013,40.65,40.79,39.98,40.76,33.54,5221800
Feb 21 2013,39.94,40.60,38.83,40.29,33.15,10590000
Feb 20 2013,42.03,42.31,40.03,40.12,33.00,9563000
Feb 19 2013,41.51,42.13,41.28,42.10,34.64,8598200
Feb 15 2013,41.40,41.59,40.76,41.28,33.96,5678200
Feb 13 2013,40.38,40.95,40.23,40.83,33.31,4563000
Feb 12 2013,40.89,41.00,40.12,40.44,33.00,6500600
Feb 11 2013,40.85,41.25,40.54,40.85,33.32,7026400
Feb 08 2013,39.78,41.04,39.78,40.72,33.22,8353800
Feb 07 2013,38.98,39.56,38.71,39.51,32.23,8834400
Feb 06 2013,38.26,39.19,38.26,38.90,31.73,6355400
Feb 05 2013,38.67,38.70,38.08,38.34,31.28,8406200
Feb 04 2013,37.83,38.61,37.72,38.40,31.33,7424000
Feb 01 2013,37.53,38.21,37.28,38.10,31.09,7498000
Jan 31 2013,36.35,37.51,36.19,37.10,30.27,8097200
Jan 30 2013,36.55,36.70,35.44,36.44,29.73,10041400
Jan 29 2013,34.99,36.21,34.93,35.99,29.36,11114600
Jan 28 2013,34.28,34.59,33.31,34.33,28.00,5798400
Jan 25 2013,34.44,34.50,34.04,34.33,28.01,4657000
Jan 24 2013,33.78,34.54,33.78,34.33,28.00,5068200
Jan 23 2013,33.62,34.04,33.26,33.79,27.57,7568200
Jan 22 2013,32.63,33.82,32.57,33.56,27.38,6046400
Jan 18 2013,32.84,32.96,31.95,32.60,26.60,7196800
Jan 17 2013,32.60,33.04,32.52,32.69,26.67,7048800
Jan 16 2013,32.00,32.69,31.98,32.37,26.41,5761200
Jan 15 2013,31.16,32.22,31.10,32.13,26.21,5688600
Jan 14 2013,31.10,31.32,30.95,31.31,25.54,4476400
Jan 11 2013,31.35,31.49,30.85,31.00,25.29,6742600
Jan 10 2013,31.44,31.50,31.02,31.40,25.61,6480800
Jan 09 2013,31.03,31.33,30.88,31.21,25.46,7302200
Jan 08 2013,30.23,30.86,30.14,30.77,25.11,9818800
Jan 07 2013,31.04,31.04,30.02,30.13,24.58,11086800
Jan 04 2013,31.20,31.57,30.50,31.27,25.52,6589200
Jan 03 2013,31.95,32.00,30.98,31.11,25.38,7296400
Jan 02 2013,32.08,32.10,31.41,32.01,26.11,6321400
Dec 31 2012,30.49,31.50,30.44,31.50,25.70,4202800
Dec 28 2012,30.76,30.88,30.51,30.56,24.93,3272400
Dec 27 2012,30.85,31.08,30.39,31.01,25.30,3663200
Dec 26 2012,31.32,31.32,30.69,30.83,25.15,2978800
Dec 24 2012,30.92,31.50,30.89,31.18,25.44,2139000
Dec 21 2012,30.67,31.25,30.58,31.07,25.35,8528800
Dec 20 2012,31.21,31.32,30.98,31.13,25.40,5211200
Dec 19 2012,31.50,31.72,31.08,31.11,25.38,8451000
Dec 18 2012,31.57,31.69,31.38,31.50,25.70,4907400
Dec 17 2012,31.47,31.68,31.22,31.48,25.68,5535800
Dec 14 2012,30.85,31.50,30.85,31.42,25.63,6894600
Dec 13 2012,30.75,31.02,30.50,30.89,25.20,6203400
Dec 12 2012,30.91,31.11,30.32,30.76,25.09,7966400
Dec 11 2012,31.06,31.38,30.58,30.71,25.05,8740000
Dec 10 2012,30.25,31.25,30.24,31.00,25.29,8624200
Dec 07 2012,29.93,30.37,29.68,30.35,24.76,8382000
Dec 06 2012,28.97,29.83,28.88,29.70,24.23,8582200
Dec 05 2012,29.70,29.93,28.75,29.06,23.70,6379800
Dec 04 2012,29.68,29.94,29.54,29.58,24.13,4738200
Dec 03 2012,29.90,29.95,29.45,29.77,24.29,5783400
Nov 30 2012,29.61,29.88,29.43,29.77,24.29,5146600
Nov 29 2012,29.72,29.95,29.56,29.73,24.25,5291800
Nov 28 2012,28.98,29.78,28.84,29.63,24.17,5923800
Nov 27 2012,29.67,29.68,29.25,29.30,23.90,5961400
Nov 26 2012,29.38,29.55,29.17,29.53,24.09,4679400
Nov 23 2012,29.11,29.50,29.07,29.49,24.06,2007600
Nov 21 2012,28.74,29.00,28.57,28.92,23.59,4167000
Nov 20 2012,28.28,28.90,28.17,28.50,23.25,6521600
Nov 19 2012,27.43,28.34,27.42,28.28,23.08,6946800
Nov 15 2012,26.64,27.19,26.52,27.03,21.77,6306200
Nov 14 2012,27.15,27.23,26.49,26.57,21.39,5887200
Nov 13 2012,26.82,27.47,26.63,26.95,21.70,4391800
Nov 12 2012,26.75,27.37,26.75,26.94,21.70,5293400
Nov 09 2012,26.79,26.93,26.33,26.56,21.39,6529400
Nov 08 2012,27.72,28.06,27.11,27.16,21.87,5078800
Nov 07 2012,28.02,28.39,27.43,27.73,22.33,5502400
Nov 06 2012,27.70,28.59,27.48,28.49,22.94,8509200
Nov 05 2012,26.53,27.65,26.52,27.38,22.05,6718800
Nov 02 2012,27.28,27.28,26.18,26.52,21.36,6790200
Nov 01 2012,27.44,27.59,26.29,27.01,21.76,7261800
Oct 31 2012,27.83,27.90,27.00,27.47,22.12,5480800
Oct 26 2012,27.27,27.86,27.19,27.81,22.39,4881800
Oct 25 2012,26.99,27.25,26.68,26.98,21.73,2833600
Oct 24 2012,26.78,27.27,26.67,26.85,21.62,3486200
Oct 23 2012,26.75,26.86,26.30,26.63,21.44,5155400
Oct 22 2012,27.59,27.75,26.85,27.26,21.95,4712800
Oct 19 2012,27.58,27.83,27.23,27.47,22.12,4888000
Oct 18 2012,27.81,28.00,27.33,27.40,22.06,5600400
Oct 17 2012,27.67,28.05,27.53,27.88,22.45,4023800
Oct 16 2012,27.41,27.74,27.25,27.52,22.17,3856800
Oct 15 2012,27.12,27.42,26.79,27.19,21.90,4308600
Oct 12 2012,27.33,27.48,26.36,27.15,21.86,8333200
Oct 11 2012,28.25,28.33,27.32,27.33,22.01,7215000
Oct 10 2012,28.38,28.83,27.39,27.65,22.27,10620600
Oct 09 2012,29.27,29.50,28.56,28.57,23.00,8248000
Oct 08 2012,28.61,30.02,28.24,28.96,23.32,18623800
Oct 05 2012,28.00,28.46,27.37,27.43,22.09,6537800
Oct 04 2012,27.39,27.89,27.33,27.80,22.38,5612800
Oct 03 2012,27.70,27.70,27.23,27.26,21.95,4393800
Oct 02 2012,27.72,27.90,27.58,27.69,22.30,4060200
Oct 01 2012,27.44,27.94,27.13,27.67,22.28,5216600
Sep 28 2012,27.18,27.33,26.91,27.30,21.98,4748400
Sep 27 2012,26.49,27.26,26.38,27.26,21.96,4347400
Sep 26 2012,26.76,27.00,26.00,26.50,21.34,6965400
Sep 25 2012,26.91,27.25,26.81,26.83,21.60,7181200
Sep 24 2012,26.76,26.99,26.60,26.73,21.52,3611600
Sep 21 2012,26.82,27.06,26.70,26.86,21.63,6562000
Sep 20 2012,26.47,26.81,26.18,26.68,21.49,5248200
Sep 19 2012,26.00,26.75,25.99,26.60,21.43,7473400
Sep 18 2012,26.04,26.44,25.36,26.03,20.97,13020800
Sep 17 2012,27.58,27.58,26.46,26.82,21.60,7284200
Sep 14 2012,27.45,28.11,27.38,27.81,22.39,6450600
Sep 13 2012,26.81,27.41,26.42,27.33,22.01,5895400
Sep 12 2012,26.83,27.15,26.73,26.74,21.53,6444200
Sep 11 2012,26.25,26.75,26.23,26.67,21.48,5511200
Sep 10 2012,25.95,26.31,25.95,26.18,21.08,3613600
Sep 07 2012,25.58,25.99,25.51,25.94,20.89,3713400
Sep 06 2012,25.36,25.81,25.25,25.46,20.50,5433000
Sep 05 2012,25.38,25.42,25.10,25.16,20.26,5202600
Sep 04 2012,25.87,25.88,25.14,25.40,20.45,5189200
Aug 31 2012,25.51,25.97,25.42,25.88,20.84,7878200
Aug 30 2012,24.72,25.50,24.58,25.41,20.46,5627000
Aug 29 2012,24.95,25.11,24.82,24.86,20.02,3183400
Aug 28 2012,24.76,25.25,24.73,24.92,20.06,5283000
Aug 27 2012,24.50,25.25,24.48,24.80,19.97,5755600
Aug 24 2012,24.42,24.47,24.02,24.38,19.63,3465000
Aug 23 2012,24.55,24.63,24.27,24.52,19.75,2757200
Aug 22 2012,24.47,24.68,24.07,24.63,19.83,3986200
Aug 21 2012,24.85,25.09,24.38,24.46,19.70,5700200
Aug 20 2012,24.67,24.94,24.52,24.77,19.95,5108800
Aug 17 2012,24.88,25.08,24.51,24.63,19.83,6760000
Aug 16 2012,24.83,25.02,24.60,24.85,20.02,6093200
Aug 15 2012,24.58,24.92,24.33,24.86,20.02,5189400
Aug 14 2012,24.80,24.80,24.36,24.57,19.78,4362800
Aug 10 2012,24.16,24.81,23.98,24.78,19.67,5729600
Aug 09 2012,24.75,24.75,24.37,24.40,19.37,5698200
Aug 08 2012,24.98,25.00,24.36,24.74,19.64,5830400
Aug 07 2012,24.85,25.40,24.75,25.22,20.02,6975800
Aug 06 2012,24.78,24.83,24.43,24.67,19.59,4207600
Aug 03 2012,24.46,24.83,24.15,24.69,19.61,7230800
Aug 02 2012,23.13,24.09,23.12,24.00,19.05,9223600
Aug 01 2012,23.81,23.91,22.18,23.40,18.58,18801000
Jul 31 2012,23.70,24.44,23.39,23.65,18.78,9495400
Jul 30 2012,23.42,23.97,23.10,23.74,18.84,5355600
Jul 27 2012,22.89,23.55,22.89,23.52,18.67,5084800
Jul 26 2012,22.66,23.08,22.54,22.91,18.19,5176400
Jul 25 2012,22.36,22.42,22.07,22.25,17.67,4708200
Jul 24 2012,22.83,22.92,21.81,22.22,17.64,7523800
Jul 23 2012,22.42,23.05,22.30,22.93,18.21,4756200
Jul 20 2012,22.68,22.86,22.53,22.78,18.09,3373200
Jul 19 2012,23.48,23.74,22.67,22.75,18.07,7953800
Jul 18 2012,22.63,23.58,22.63,23.42,18.59,6735800
Jul 17 2012,22.51,22.82,22.27,22.73,18.04,6909600
Jul 16 2012,22.38,22.48,22.13,22.42,17.80,5437600
Jul 13 2012,21.84,22.51,21.72,22.48,17.84,8647200
Jul 12 2012,21.65,21.88,21.30,21.72,17.24,9387000
Jul 11 2012,22.06,22.49,21.79,22.19,17.62,7089200
Jul 10 2012,22.33,22.49,21.91,22.00,17.46,5399800
Jul 09 2012,22.27,22.27,21.99,22.19,17.62,5588400
Jul 06 2012,21.85,22.27,21.67,22.25,17.67,4713000
Jul 05 2012,22.50,22.55,22.06,22.10,17.55,8391200
Jul 03 2012,23.18,23.18,22.50,22.68,18.01,7438000
Jul 02 2012,22.80,23.26,22.44,23.03,18.29,7390600
Jun 29 2012,22.45,22.67,22.01,22.46,17.83,10990000
Jun 28 2012,21.13,22.13,21.02,22.09,17.54,8631800
Jun 27 2012,21.38,21.42,20.97,21.26,16.88,5665600
Jun 26 2012,20.67,21.41,20.66,21.27,16.89,7313200
Jun 25 2012,20.74,20.74,20.17,20.67,16.41,5611200
Jun 22 2012,20.85,20.96,20.44,20.90,16.59,13357400
Jun 21 2012,21.45,21.49,20.57,20.67,16.41,8412800
Jun 20 2012,20.84,21.42,20.71,21.40,16.99,13889400
Jun 19 2012,20.09,20.60,19.88,20.43,16.22,7763600
Jun 18 2012,19.94,20.01,19.53,19.92,15.82,7128800
Jun 15 2012,19.49,20.09,19.49,20.08,15.94,8010400
Jun 14 2012,19.43,19.82,19.34,19.70,15.64,3945000
Jun 13 2012,19.40,19.48,19.15,19.38,15.39,5741000
Jun 12 2012,18.94,19.66,18.93,19.53,15.51,8485400
Jun 11 2012,18.96,19.18,18.67,18.94,15.04,6475000
Jun 08 2012,18.47,18.70,18.31,18.68,14.83,4541400
Jun 07 2012,18.55,19.02,18.40,18.62,14.78,7936800
Jun 06 2012,17.81,18.53,17.76,18.16,14.42,5932000
Jun 05 2012,17.14,17.67,17.13,17.60,13.97,5363600
Jun 04 2012,17.61,17.74,16.83,17.14,13.61,6215600
Jun 01 2012,17.68,17.86,17.52,17.62,13.99,5773800
May 31 2012,18.35,18.36,17.64,18.03,14.32,7846000
May 30 2012,18.42,18.48,18.15,18.29,14.52,5839000
May 29 2012,18.57,18.69,18.42,18.61,14.78,6731200
May 25 2012,17.82,18.52,17.82,18.44,14.64,6079000
May 24 2012,17.81,17.90,17.60,17.90,14.21,5162200
May 23 2012,17.57,17.74,17.20,17.71,14.06,5765600
May 22 2012,18.05,18.26,17.58,17.69,14.05,5883600
May 21 2012,17.48,18.05,17.43,17.98,14.28,4373200
May 18 2012,17.52,17.80,17.22,17.46,13.86,10113000
May 17 2012,17.64,17.89,17.43,17.43,13.84,6667800
May 16 2012,17.74,18.10,17.43,17.64,14.00,7299800
May 15 2012,17.92,18.09,17.59,17.65,14.01,7119800
May 14 2012,18.25,18.38,17.85,17.91,14.22,8644800
May 10 2012,19.08,19.50,19.00,19.10,14.96,6077600
May 09 2012,19.00,19.31,18.97,19.10,14.96,7387800
May 08 2012,19.80,19.80,19.10,19.26,15.09,7880800
May 07 2012,19.72,19.98,19.64,19.83,15.53,7366600
May 04 2012,20.05,20.17,19.67,19.87,15.56,7031600
May 03 2012,20.74,20.75,20.07,20.18,15.81,6800000
May 02 2012,20.57,20.93,20.48,20.75,16.25,5194600
May 01 2012,21.36,21.43,20.52,20.60,16.14,9434200
Apr 30 2012,20.73,21.00,20.66,20.81,16.30,6763600
Apr 27 2012,20.51,20.83,20.50,20.65,16.17,5680200
Apr 26 2012,20.00,20.39,19.97,20.33,15.92,3327400
Apr 25 2012,20.28,20.39,19.85,20.06,15.71,3938400
Apr 24 2012,20.04,20.20,19.94,20.13,15.77,3121800
Apr 23 2012,19.60,20.09,19.58,20.00,15.67,4998800
Apr 20 2012,19.92,20.10,19.83,19.95,15.63,5271400
Apr 19 2012,19.99,20.23,19.79,19.87,15.56,4941600
Apr 18 2012,19.90,20.00,19.72,19.93,15.61,6830800
Apr 17 2012,20.11,20.42,20.00,20.00,15.66,7423000
Apr 16 2012,20.39,20.58,19.99,20.00,15.67,11498000
Apr 13 2012,20.85,21.08,20.74,20.81,16.30,5088600
Apr 12 2012,20.71,21.31,20.61,20.88,16.35,12313400
Apr 11 2012,21.15,21.16,20.67,20.75,16.26,6066800
Apr 10 2012,21.17,21.32,20.89,20.92,16.38,7827800
Apr 09 2012,20.81,21.39,20.81,21.23,16.63,5659000
Apr 05 2012,21.14,21.47,20.90,21.07,16.50,5284800
Apr 04 2012,21.06,21.33,20.88,21.30,16.68,7821400
Apr 03 2012,21.74,21.78,21.00,21.20,16.61,12358200
Apr 02 2012,21.69,21.84,21.50,21.72,17.01,9149800
Mar 30 2012,21.76,22.00,21.64,21.68,16.98,7078400
Mar 29 2012,21.58,21.74,21.45,21.62,16.93,5025000
Mar 28 2012,21.88,21.96,21.57,21.78,17.06,7307800
Mar 27 2012,22.65,22.69,21.99,22.00,17.23,6284800
Mar 26 2012,22.38,22.67,22.22,22.60,17.71,8456000
Mar 23 2012,21.63,22.18,21.60,22.00,17.23,4814800
Mar 22 2012,21.58,21.85,21.46,21.68,16.99,6900000
Mar 21 2012,21.89,22.01,21.63,21.84,17.11,5243400
Mar 20 2012,22.17,22.17,21.83,21.90,17.15,4488800
Mar 19 2012,22.06,22.48,22.05,22.27,17.45,3862800
Mar 16 2012,22.12,22.20,21.81,22.09,17.31,7662200
Mar 15 2012,22.02,22.21,21.75,21.95,17.19,5544400
Mar 14 2012,22.06,22.18,21.84,21.95,17.20,5444800
Mar 13 2012,21.95,22.16,21.82,22.02,17.25,8265600
Mar 12 2012,21.88,21.94,21.52,21.89,17.15,6024400
Mar 09 2012,21.83,22.00,21.57,21.95,17.19,5795400
Mar 08 2012,21.55,21.92,21.27,21.82,17.09,11870200
Mar 07 2012,20.91,21.63,20.91,21.27,16.66,5973600
Mar 06 2012,21.13,21.36,20.90,21.00,16.44,5533200
Mar 05 2012,21.14,21.44,20.85,21.38,16.74,4690800
Mar 02 2012,21.26,21.56,20.99,21.09,16.52,5396600
Mar 01 2012,20.78,21.41,20.78,21.36,16.73,10728800
Feb 29 2012,20.85,21.22,20.72,20.77,16.27,10255600
Feb 28 2012,21.27,21.30,20.66,20.83,16.32,15318400
Feb 27 2012,21.31,21.57,21.09,21.31,16.69,9289800
Feb 24 2012,21.93,22.00,21.40,21.43,16.79,5858400
Feb 23 2012,21.70,22.17,21.65,21.84,17.11,5967200
Feb 22 2012,21.94,22.21,21.74,21.76,17.04,7642400
Feb 21 2012,21.74,22.02,21.64,21.91,17.16,6473600
Feb 17 2012,22.15,22.25,21.63,21.72,17.01,7105000
Feb 16 2012,21.81,22.25,21.78,22.05,17.27,6863600
Feb 15 2012,22.20,22.50,21.73,21.85,17.11,8360600
Feb 14 2012,21.55,22.33,21.53,22.01,17.24,1749600
Feb 10 2012,22.18,22.39,21.90,22.04,17.06,7004800
Feb 09 2012,22.38,22.62,21.92,22.42,17.36,7108000
Feb 08 2012,22.08,22.71,22.06,22.48,17.40,15936400
Feb 07 2012,22.15,22.50,21.60,21.96,17.00,11722200
Feb 06 2012,22.10,22.52,21.88,22.21,17.20,10961600
Feb 03 2012,21.56,22.14,21.50,21.99,17.03,10732600
Feb 02 2012,20.73,21.50,20.50,21.28,16.48,7455400
Feb 01 2012,20.85,21.74,20.33,20.94,16.21,22295000
Jan 31 2012,19.38,19.38,18.64,19.11,14.80,10394400
Jan 30 2012,18.49,18.82,18.45,18.74,14.51,3700400
Jan 27 2012,18.70,19.03,18.60,18.76,14.53,6156600
Jan 26 2012,19.49,19.50,18.67,18.75,14.52,6187600
Jan 25 2012,19.38,19.42,18.97,19.38,15.01,10327400
Jan 24 2012,18.74,19.52,18.56,19.52,15.11,7422000
Jan 23 2012,18.58,19.00,18.50,18.93,14.66,5406600
Jan 20 2012,18.63,18.89,18.38,18.58,14.39,9676800
Jan 19 2012,17.83,18.05,17.54,17.92,13.88,6292800
Jan 18 2012,16.72,17.92,16.60,17.73,13.73,7981200
Jan 17 2012,16.72,16.98,16.47,16.77,12.98,4440600
Jan 13 2012,16.25,16.65,16.17,16.51,12.79,6199600
Jan 12 2012,16.48,16.67,16.25,16.32,12.64,5585800
Jan 11 2012,15.78,16.54,15.53,16.44,12.73,11263400
Jan 10 2012,15.76,15.94,15.48,15.91,12.32,6008800
Jan 09 2012,15.81,15.85,15.12,15.48,11.99,9679000
Jan 06 2012,15.98,16.01,15.56,15.83,12.26,7554600
Jan 05 2012,16.53,16.57,15.50,15.96,12.36,12392000
Jan 04 2012,16.65,16.94,16.60,16.88,13.07,5791400
Jan 03 2012,17.27,17.48,16.68,16.70,12.93,5043200
Dec 30 2011,16.67,16.75,16.50,16.65,12.89,2165600
Dec 29 2011,16.67,16.68,16.43,16.64,12.88,2127000
Dec 28 2011,16.80,16.92,16.37,16.57,12.83,3285000
Dec 27 2011,16.77,16.99,16.69,16.83,13.03,1539800
Dec 23 2011,16.66,16.79,16.60,16.76,12.98,1841000
Dec 22 2011,16.47,16.70,16.33,16.66,12.90,3693000
Dec 21 2011,16.02,16.42,16.00,16.33,12.65,4308800
Dec 20 2011,16.33,16.48,15.90,16.10,12.47,6291000
Dec 19 2011,16.00,16.41,15.86,15.97,12.37,6274600
Dec 16 2011,16.42,16.63,15.90,15.98,12.37,8456800
Dec 15 2011,16.50,16.64,16.17,16.26,12.59,3495800
Dec 14 2011,16.83,16.92,16.01,16.34,12.65,7003800
Dec 13 2011,17.06,17.44,16.73,16.98,13.14,7383400
Dec 12 2011,17.21,17.30,16.95,17.30,13.39,10916400
Dec 09 2011,17.01,17.45,16.90,17.44,13.50,6378600
Dec 08 2011,17.17,17.28,16.75,17.01,13.17,9874800
Dec 07 2011,17.23,17.30,16.91,17.25,13.36,8031400
Dec 06 2011,17.28,17.39,17.00,17.32,13.41,5930600
Dec 05 2011,17.01,17.73,16.93,17.20,13.32,9112200
Dec 02 2011,17.21,17.39,16.57,16.66,12.90,7471200
Dec 01 2011,16.96,17.17,16.68,16.98,13.14,5997200
Nov 30 2011,17.06,17.26,16.23,16.69,12.93,12317400
Nov 29 2011,16.75,16.81,16.39,16.58,12.84,7627400
Nov 28 2011,16.81,17.09,16.33,16.64,12.88,7631000
Nov 25 2011,16.32,16.36,16.09,16.14,12.49,2732200
Nov 23 2011,16.49,16.72,16.25,16.42,12.71,8240200
Nov 22 2011,16.55,16.77,16.11,16.76,12.98,6095600
Nov 21 2011,16.17,16.66,15.65,16.42,12.71,6564600
Nov 18 2011,15.93,16.48,15.81,16.41,12.71,6335800
Nov 17 2011,16.36,16.67,15.62,15.81,12.24,15642000
Nov 16 2011,17.37,17.53,16.10,16.32,12.64,24769400
Nov 15 2011,18.25,18.66,18.12,18.49,14.32,5613800
Nov 14 2011,18.82,18.82,17.68,18.35,14.21,8146400
Nov 10 2011,18.84,18.94,18.00,18.85,14.40,6920800
Nov 09 2011,18.51,19.50,18.27,18.51,14.14,6974000
Nov 08 2011,19.51,19.72,18.86,19.06,14.56,5019200
Nov 07 2011,19.07,19.52,19.07,19.46,14.87,4111000
Nov 04 2011,19.10,19.36,18.75,19.31,14.75,5657600
Nov 03 2011,19.50,19.77,19.05,19.33,14.77,7802600
Nov 02 2011,18.45,19.22,18.38,19.17,14.64,9171400
Nov 01 2011,17.75,19.06,17.15,18.00,13.75,13188600
Oct 31 2011,18.50,18.50,17.71,17.95,13.71,6581200
Oct 28 2011,18.59,18.81,18.13,18.66,14.26,7260000
Oct 27 2011,17.64,18.86,17.64,18.67,14.26,7724200
Oct 26 2011,16.91,17.48,16.60,17.36,13.27,7477000
Oct 25 2011,17.33,17.33,15.70,16.49,12.59,18550600
Oct 24 2011,18.77,19.24,17.77,17.92,13.70,6574200
Oct 21 2011,18.45,18.84,18.25,18.67,14.27,6436200
Oct 20 2011,17.80,18.33,17.65,18.25,13.94,4675400
Oct 19 2011,18.09,18.53,17.73,17.80,13.60,6033800
Oct 18 2011,17.38,18.27,17.08,18.09,13.82,4533600
Oct 17 2011,18.02,18.24,17.42,17.47,13.35,4717600
Oct 14 2011,17.22,18.10,17.17,18.07,13.81,6739600
Oct 13 2011,16.67,16.94,16.42,16.89,12.90,6341200
Oct 12 2011,16.71,17.07,16.64,16.78,12.82,7544200
Oct 11 2011,16.34,16.81,16.22,16.58,12.66,6615000
Oct 10 2011,16.14,16.74,16.04,16.49,12.59,5005200
Oct 07 2011,16.86,16.99,15.63,15.80,12.07,8532800
Oct 06 2011,15.76,16.67,15.55,16.65,12.72,7978400
Oct 05 2011,14.53,15.89,14.27,15.74,12.03,10463800
Oct 04 2011,13.40,14.40,13.34,14.38,10.99,10200000
Oct 03 2011,13.45,13.90,13.31,13.57,10.37,8648200
Sep 30 2011,13.69,13.97,13.41,13.53,10.34,9626800
Sep 29 2011,14.84,14.93,13.18,13.92,10.64,10516800
Sep 28 2011,14.98,15.32,14.46,14.49,11.07,8844400
Sep 27 2011,15.41,15.91,14.85,14.91,11.40,9412400
Sep 26 2011,14.95,15.18,14.75,15.05,11.50,7971000
Sep 23 2011,14.59,15.16,14.53,14.77,11.28,6768000
Sep 22 2011,15.58,15.70,14.42,14.73,11.26,11073600
Sep 21 2011,16.67,17.23,16.17,16.20,12.38,4013000
Sep 20 2011,16.78,17.11,16.75,16.84,12.87,3859200
Sep 19 2011,17.09,17.28,16.55,16.77,12.82,5096200
Sep 16 2011,17.76,17.83,17.43,17.55,13.41,7195400
Sep 15 2011,17.94,18.48,17.61,17.71,13.53,6081400
Sep 14 2011,17.62,17.66,17.23,17.51,13.38,7640600
Sep 13 2011,18.20,18.32,17.22,17.67,13.50,7147000
Sep 12 2011,17.67,18.44,17.44,18.33,14.00,3919200
Sep 09 2011,18.31,18.89,17.97,18.17,13.89,5889000
Sep 08 2011,18.08,19.08,17.78,18.86,14.41,4086600
Sep 07 2011,17.79,18.47,17.63,18.15,13.86,5212200
Sep 06 2011,17.11,17.70,16.65,17.50,13.37,5723400
Sep 02 2011,17.92,18.50,17.56,17.71,13.53,3594200
Sep 01 2011,18.72,19.11,18.45,18.50,14.14,4515400
Aug 31 2011,18.25,18.73,18.25,18.53,14.16,5731000
Aug 30 2011,17.94,18.19,17.38,18.01,13.76,4385200
Aug 29 2011,17.64,18.18,17.52,18.00,13.75,4175000
Aug 26 2011,17.20,18.38,17.03,17.43,13.32,5880400
Aug 25 2011,18.09,18.45,16.96,17.19,13.13,6376000
Aug 24 2011,17.20,18.01,16.85,17.92,13.69,6723400
Aug 23 2011,16.32,17.35,16.02,17.13,13.08,10360000
Aug 22 2011,17.91,18.00,16.17,16.28,12.44,10774000
Aug 19 2011,17.89,18.33,17.32,17.50,13.37,9878600
Aug 18 2011,19.06,19.25,17.70,18.31,13.99,7501400
Aug 17 2011,19.82,19.98,19.41,19.55,14.94,5627600
Aug 16 2011,19.18,19.72,19.06,19.43,14.84,6532400
Aug 15 2011,18.94,19.83,18.94,19.55,14.94,5365400
Aug 11 2011,17.95,19.30,17.72,18.67,14.11,8756400
Aug 10 2011,17.77,18.42,17.06,17.56,13.27,9682600
Aug 09 2011,16.53,18.20,16.21,18.05,13.64,12054200
Aug 08 2011,17.62,18.00,14.74,16.17,12.22,16543000
Aug 05 2011,19.45,19.61,16.72,18.66,14.10,12348600
Aug 04 2011,20.35,20.35,18.61,19.21,14.52,15377800
Aug 03 2011,21.64,22.70,19.51,20.72,15.66,13413800
Aug 02 2011,22.26,22.45,21.13,21.17,16.00,10995600
Aug 01 2011,22.52,22.69,22.00,22.49,17.00,11518400
Jul 29 2011,21.17,22.31,20.99,21.90,16.55,10709600
Jul 28 2011,21.22,21.47,21.09,21.39,16.17,6654600
Jul 27 2011,21.51,21.65,20.99,21.03,15.90,6998400
Jul 26 2011,20.69,21.86,20.64,21.52,16.27,11324200
Jul 25 2011,20.63,21.06,20.33,20.68,15.63,8898600
Jul 22 2011,20.14,20.41,19.95,20.28,15.33,6645600
Jul 21 2011,19.76,20.12,19.56,20.05,15.15,7249200
Jul 20 2011,19.90,19.97,19.70,19.76,14.94,5449000
Jul 19 2011,19.63,19.97,19.57,19.87,15.02,6423000
Jul 18 2011,19.36,19.80,18.88,19.56,14.78,8311600
Jul 15 2011,19.50,19.74,19.05,19.58,14.80,9938400
Jul 14 2011,19.99,20.01,19.10,19.32,14.60,11528400
Jul 13 2011,20.26,20.62,19.62,19.98,15.10,11642800
Jul 12 2011,19.93,20.50,19.72,20.24,15.30,8011200
Jul 11 2011,20.40,20.40,19.75,20.05,15.15,9495200
Jul 08 2011,20.40,21.30,20.26,20.70,15.65,16417000
Jul 07 2011,21.09,21.63,20.85,20.89,15.79,16707600
Jul 06 2011,20.80,21.13,20.50,20.94,15.83,10983000
Jul 05 2011,21.10,21.50,20.83,21.10,15.95,11823000
Jul 01 2011,20.60,23.72,20.50,21.10,15.95,8334200
Jun 30 2011,20.33,21.00,20.09,20.70,15.65,3025600
Jun 29 2011,19.50,20.49,19.35,20.03,15.14,3695200
Jun 28 2011,19.17,20.00,18.85,19.35,14.63,4151800
Jun 27 2011,18.34,18.98,18.30,18.83,14.23,895200

