Jan 08 2019,25.31,25.54,25.09,25.41,25.41,2809300
Jan 07 2019,24.62,25.17,24.37,25.00,25.00,2609600
Jan 04 2019,23.71,24.48,23.67,24.45,24.45,3385700
Jan 03 2019,23.50,23.70,23.11,23.36,23.36,3247800
Jan 02 2019,22.87,23.87,22.83,23.53,23.53,3462100
Dec 28 2018,23.32,23.58,23.07,23.13,23.13,947529
Dec 27 2018,23.23,23.39,22.64,23.19,23.19,4810700
Dec 26 2018,22.25,23.57,22.04,23.53,23.53,3889000
Dec 24 2018,22.77,22.94,22.10,22.11,22.11,1750900
Dec 21 2018,23.62,24.09,22.85,22.99,22.99,5327800
Dec 20 2018,24.13,24.35,23.43,23.62,23.62,7620800
Dec 19 2018,24.70,25.53,24.07,24.30,24.30,4735900
Dec 18 2018,25.40,25.72,24.58,24.72,24.72,3269800
Dec 17 2018,25.72,25.90,25.14,25.30,25.30,2345803
Dec 14 2018,25.72,26.24,25.53,25.72,25.72,3440100
Dec 13 2018,26.16,26.73,25.34,25.94,25.94,5160400
Dec 12 2018,26.31,26.64,26.03,26.07,26.07,2435400
Dec 11 2018,26.12,26.55,25.94,26.05,26.05,2128700
Dec 10 2018,26.48,26.63,25.67,25.99,25.99,2460700
Dec 07 2018,27.11,27.22,26.12,26.43,26.43,2932300
Dec 06 2018,26.61,27.20,26.48,27.20,27.20,4114300
Dec 04 2018,27.91,28.10,26.99,27.08,27.08,5822300
Dec 03 2018,27.34,28.50,27.34,28.19,28.19,6910700
Nov 30 2018,27.25,27.32,26.84,27.17,27.17,3138000
Nov 29 2018,27.10,27.86,26.55,27.15,27.15,8265100
Nov 28 2018,25.78,26.12,25.34,26.10,26.10,3009300
Nov 27 2018,25.41,25.73,25.27,25.68,25.68,2806500
Nov 26 2018,25.34,25.48,25.00,25.46,25.46,4042900
Nov 23 2018,25.07,25.33,24.95,25.10,25.10,733500
Nov 21 2018,25.11,25.31,24.68,25.18,25.18,3590900
Nov 20 2018,25.85,25.85,25.53,25.60,25.25,3048200
Nov 16 2018,25.83,25.95,25.51,25.72,25.37,3180200
Nov 15 2018,25.91,25.99,25.54,25.79,25.44,3147500
Nov 14 2018,26.71,26.80,25.76,25.95,25.60,4698500
Nov 13 2018,26.34,26.89,26.34,26.54,26.18,2878400
Nov 12 2018,26.41,26.57,26.17,26.44,26.08,1824900
Nov 09 2018,26.48,26.68,26.24,26.46,26.10,2627000
Nov 08 2018,26.53,26.77,26.34,26.54,26.18,5317300
Nov 07 2018,27.09,27.12,26.45,26.56,26.20,4343200
Nov 06 2018,26.71,27.06,26.65,26.85,26.48,3863000
Nov 05 2018,26.35,26.81,26.21,26.76,26.39,2499700
Nov 02 2018,26.83,27.00,26.19,26.30,25.94,5192800
Nov 01 2018,26.21,26.85,26.06,26.76,26.39,4258200
Oct 31 2018,25.83,26.40,25.66,25.98,25.62,6149000
Oct 30 2018,24.93,26.04,24.80,25.47,25.12,7586100
Oct 29 2018,24.85,25.85,24.61,24.86,24.52,7410500
Oct 26 2018,24.85,24.96,24.02,24.60,24.26,6052300
Oct 25 2018,25.62,25.82,24.23,24.99,24.65,9938300
Oct 24 2018,26.50,26.66,25.00,25.57,25.22,8129000
Oct 23 2018,26.56,26.93,26.43,26.53,26.17,5304900
Oct 22 2018,27.03,27.15,26.75,26.97,26.60,3463800
Oct 19 2018,27.02,27.50,26.79,26.95,26.58,2299900
Oct 18 2018,27.05,27.17,26.77,26.96,26.59,2286100
Oct 17 2018,27.03,27.28,26.97,27.05,26.68,2763400
Oct 16 2018,26.23,27.19,26.16,27.14,26.77,2186700
Oct 15 2018,26.10,26.66,26.03,26.26,25.90,3375800
Oct 12 2018,26.11,26.28,25.73,26.15,25.79,4223400
Oct 11 2018,26.13,26.43,25.66,25.75,25.40,4109200
Oct 10 2018,26.83,27.15,26.26,26.31,25.95,3108700
Oct 09 2018,26.75,27.33,26.75,26.89,26.52,3259300
Oct 08 2018,26.80,27.11,26.75,26.89,26.52,3164200
Oct 05 2018,27.14,27.31,26.74,26.96,26.59,3343700
Oct 04 2018,27.17,27.50,26.91,27.09,26.72,2499400
Oct 03 2018,27.60,27.73,27.17,27.31,26.94,2741300
Oct 02 2018,27.53,27.72,27.19,27.53,27.15,2985900
Oct 01 2018,27.66,28.00,27.58,27.70,27.32,3498100
Sep 28 2018,27.91,28.04,27.52,27.66,27.28,3809900
Sep 27 2018,27.78,28.08,27.48,27.96,27.58,7036100
Sep 26 2018,27.71,28.43,27.55,27.96,27.58,9395600
Sep 25 2018,27.18,27.49,26.95,27.20,26.83,5533300
Sep 24 2018,27.12,27.26,26.67,27.15,26.78,2699800
Sep 21 2018,27.22,27.37,27.05,27.24,26.87,8086800
Sep 20 2018,27.62,27.70,27.18,27.21,26.84,3269600
Sep 19 2018,27.54,27.79,27.39,27.56,27.18,2575900
Sep 18 2018,27.17,27.76,27.15,27.43,27.05,3504700
Sep 17 2018,27.28,27.66,27.19,27.22,26.85,4552400
Sep 14 2018,26.66,27.42,26.63,27.35,26.98,2515500
Sep 13 2018,26.86,27.08,26.40,26.54,26.18,2917500
Sep 12 2018,27.30,27.75,26.69,26.72,26.35,9451500
Sep 11 2018,26.56,26.58,26.13,26.38,26.02,2280700
Sep 10 2018,26.41,26.73,26.37,26.57,26.21,3679200
Sep 07 2018,25.73,26.25,25.70,26.18,25.82,2814400
Sep 06 2018,26.39,26.47,25.85,25.97,25.61,2956900
Sep 05 2018,25.82,26.46,25.77,26.37,26.01,4634700
Sep 04 2018,25.68,26.08,25.63,26.06,25.70,4366700
Aug 31 2018,25.93,26.13,25.66,26.00,25.64,4797600
Aug 30 2018,26.59,26.62,26.01,26.11,25.75,3614000
Aug 29 2018,26.71,26.88,26.23,26.63,26.27,7069400
Aug 28 2018,26.73,26.77,26.47,26.72,26.35,3502600
Aug 27 2018,26.56,26.70,26.38,26.60,26.24,3424000
Aug 24 2018,26.47,26.60,26.16,26.47,26.11,5140000
Aug 23 2018,26.70,27.32,26.29,26.71,26.34,5563000
Aug 22 2018,26.06,26.06,25.69,25.96,25.61,5292000
Aug 21 2018,26.11,26.26,25.73,26.03,25.67,4171000
Aug 17 2018,26.56,26.68,26.15,26.15,25.45,5719000
Aug 16 2018,26.23,26.75,26.08,26.61,25.89,8977400
Aug 15 2018,25.40,26.21,25.10,26.15,25.45,10932000
Aug 14 2018,25.22,26.35,25.08,26.05,25.35,19950600
Aug 13 2018,25.42,25.67,23.80,24.62,23.96,30026600
Aug 10 2018,22.10,22.12,21.54,21.97,21.38,6657000
Aug 09 2018,21.76,22.29,21.69,22.15,21.55,8619100
Aug 08 2018,21.85,22.01,21.64,21.75,21.17,9515400
Aug 07 2018,22.31,22.32,21.51,21.77,21.18,13306800
Aug 06 2018,21.90,22.41,21.82,22.27,21.67,6248900
Aug 03 2018,22.72,22.81,21.92,21.99,21.40,6791000
Aug 02 2018,23.22,23.31,22.30,22.57,21.96,6145700
Aug 01 2018,23.35,24.04,23.23,23.45,22.82,10457200
Jul 31 2018,23.21,23.58,22.94,23.56,22.93,8504800
Jul 30 2018,22.54,23.04,22.19,23.03,22.41,7847000
Jul 27 2018,22.08,22.60,21.26,22.36,21.76,13037900
Jul 26 2018,22.57,23.12,20.53,22.11,21.52,38170800
Jul 25 2018,29.58,29.89,29.26,29.57,28.77,2882700
Jul 24 2018,29.65,29.79,29.33,29.51,28.72,3002400
Jul 23 2018,29.86,29.97,29.47,29.50,28.71,5458100
Jul 20 2018,30.44,30.45,29.85,29.87,29.07,3774000
Jul 19 2018,30.67,30.71,30.51,30.56,29.74,2330800
Jul 18 2018,30.67,30.84,30.45,30.76,29.93,2382600
Jul 17 2018,30.94,30.99,30.30,30.65,29.83,2347800
Jul 16 2018,31.05,31.21,30.82,31.17,30.33,2300600
Jul 13 2018,31.19,31.36,30.99,31.08,30.24,1846100
Jul 12 2018,31.27,31.36,30.97,31.14,30.30,2233300
Jul 11 2018,31.45,31.56,31.12,31.21,30.37,2426400
Jul 10 2018,31.86,31.99,31.34,31.55,30.70,1992300
Jul 09 2018,31.29,32.07,31.23,31.88,31.02,2566900
Jul 06 2018,30.87,31.33,30.69,31.21,30.37,1250200
Jul 05 2018,30.74,30.89,30.49,30.75,29.92,1911500
Jul 03 2018,30.71,30.81,30.46,30.54,29.72,1526000
Jul 02 2018,29.86,30.61,29.72,30.59,29.77,5281500
Jun 29 2018,30.78,31.22,30.73,30.93,30.10,2422200
Jun 28 2018,30.21,30.75,30.05,30.70,29.87,2078600
Jun 27 2018,30.23,30.51,30.14,30.16,29.35,1808200
Jun 26 2018,30.90,30.90,30.11,30.31,29.49,2748200
Jun 25 2018,30.99,31.30,30.75,30.97,30.14,3765600
Jun 22 2018,31.10,31.59,30.82,31.12,30.28,8964200
Jun 21 2018,30.87,31.09,30.76,30.90,30.07,4874100
Jun 20 2018,30.65,30.80,30.29,30.74,29.91,3217100
Jun 19 2018,30.76,30.96,30.52,30.65,29.83,3507500
Jun 18 2018,31.23,31.28,30.89,30.97,30.14,2754200
Jun 15 2018,31.23,31.44,30.84,31.39,30.55,4170100
Jun 14 2018,31.52,31.74,31.36,31.53,30.68,4382700
Jun 13 2018,31.54,31.68,31.36,31.53,30.68,2663300
Jun 12 2018,31.40,31.51,31.17,31.46,30.61,1615000
Jun 11 2018,31.25,31.41,31.15,31.31,30.47,1809700
Jun 08 2018,30.73,31.30,30.73,31.24,30.40,2627200
Jun 07 2018,30.77,31.01,30.58,30.95,30.12,3408200
Jun 06 2018,30.07,30.76,29.91,30.76,29.93,4812800
Jun 05 2018,29.70,30.17,29.67,30.00,29.19,4839200
Jun 01 2018,30.23,30.26,29.77,29.83,28.69,2086600
May 31 2018,29.99,30.23,29.89,30.17,29.02,4894200
May 30 2018,29.95,30.31,29.85,30.09,28.94,2194100
May 29 2018,29.80,30.11,29.51,29.74,28.60,3128200
May 25 2018,30.38,30.48,29.98,30.00,28.85,2666900
May 24 2018,30.50,30.74,30.07,30.48,29.31,3709000
May 23 2018,31.01,31.12,30.40,30.45,29.29,2812500
May 22 2018,31.31,31.54,31.06,31.16,29.97,2390600
May 21 2018,31.22,31.26,30.99,31.10,29.91,3046400
May 18 2018,31.33,31.46,31.01,31.09,29.90,3352300
May 17 2018,31.16,31.72,31.16,31.25,30.05,3776300
May 16 2018,30.74,31.31,30.68,31.25,30.05,4428500
May 15 2018,30.32,30.75,30.31,30.74,29.56,4418300
May 14 2018,30.32,30.56,30.13,30.52,29.35,3472600
May 11 2018,30.33,30.45,30.12,30.17,29.02,2949800
May 10 2018,30.30,30.38,30.17,30.30,29.14,2258900
May 09 2018,29.96,30.31,29.96,30.21,29.05,8396900
May 08 2018,29.99,30.20,29.81,29.88,28.74,3970500
May 07 2018,30.19,30.25,29.93,30.10,28.95,5457300
May 04 2018,30.19,30.56,30.04,30.19,29.04,2880800
May 03 2018,30.10,30.37,29.65,30.14,28.99,4315000
May 02 2018,30.68,31.57,30.19,30.21,29.05,6736500
May 01 2018,31.32,31.45,30.64,30.74,29.56,6785100
Apr 30 2018,32.14,32.25,31.44,31.45,30.25,3313800
Apr 27 2018,31.77,32.51,31.70,32.05,30.82,5797900
Apr 26 2018,33.43,34.00,31.70,31.91,30.69,8416000
Apr 25 2018,33.50,34.37,33.23,34.35,33.04,3413700
Apr 24 2018,33.78,33.90,33.31,33.50,32.22,3796800
Apr 23 2018,33.19,33.72,33.06,33.55,32.27,3987900
Apr 20 2018,34.65,34.67,32.99,33.04,31.78,5317700
Apr 19 2018,34.41,34.86,34.36,34.70,33.37,2581900
Apr 18 2018,34.21,34.60,34.06,34.41,33.09,1877600
Apr 17 2018,33.88,34.25,33.69,34.14,32.83,2302500
Apr 16 2018,32.84,33.68,32.43,33.65,32.36,3820300
Apr 13 2018,32.67,32.68,32.16,32.34,31.10,3254200
Apr 12 2018,32.44,32.62,32.38,32.49,31.25,2009500
Apr 11 2018,32.25,32.65,32.14,32.35,31.11,3077100
Apr 10 2018,32.25,32.67,31.95,32.50,31.26,2588200
Apr 09 2018,31.85,32.22,31.54,31.96,30.74,2727900
Apr 06 2018,31.84,32.19,31.36,31.58,30.37,1724900
Apr 05 2018,31.62,32.41,31.43,32.21,30.98,3247000
Apr 04 2018,30.69,31.44,30.69,31.35,30.15,4958200
Apr 03 2018,30.92,31.10,30.64,31.09,29.90,2749800
Apr 02 2018,31.72,31.98,30.65,30.83,29.65,3088400
Mar 29 2018,32.31,32.67,31.75,31.79,30.57,4834200
Mar 28 2018,32.24,32.51,32.08,32.27,31.04,2530000
Mar 27 2018,32.20,32.49,31.63,32.09,30.86,6276400
Mar 26 2018,31.87,32.08,31.49,32.03,30.80,2816000
Mar 23 2018,31.88,32.05,31.47,31.51,30.30,3951900
Mar 22 2018,32.14,32.44,31.81,31.82,30.60,1797200
Mar 21 2018,32.42,32.85,32.26,32.44,31.20,1845900
Mar 19 2018,33.44,33.56,32.48,32.68,31.10,2167800
Mar 16 2018,33.53,33.79,33.40,33.50,31.88,3529900
Mar 15 2018,33.64,33.75,33.42,33.47,31.85,1551900
Mar 14 2018,33.69,33.92,33.43,33.54,31.92,1834200
Mar 13 2018,33.92,33.92,33.44,33.50,31.88,3088300
Mar 12 2018,33.52,34.12,33.49,33.92,32.28,2540300
Mar 09 2018,33.07,33.41,32.96,33.41,31.79,2163400
Mar 08 2018,32.83,33.16,32.70,32.79,31.20,2021300
Mar 07 2018,32.95,33.13,32.45,32.70,31.12,2790700
Mar 06 2018,32.97,33.40,32.93,33.28,31.67,2463800
Mar 02 2018,32.11,32.72,31.90,32.68,30.78,2423100
Mar 01 2018,32.56,32.86,31.97,32.30,30.42,3147400
Feb 28 2018,33.23,33.42,32.61,32.63,30.74,3923400
Feb 27 2018,33.96,34.04,33.12,33.16,31.23,4379200
Feb 26 2018,33.33,33.80,33.13,33.79,31.83,3233000
Feb 23 2018,32.32,33.26,32.11,33.26,31.33,3525600
Feb 22 2018,32.70,32.90,31.99,32.01,30.15,3144800
Feb 21 2018,32.96,33.29,32.52,32.52,30.63,2128000
Feb 20 2018,33.50,33.64,33.02,33.11,31.19,3825900
Feb 16 2018,33.58,34.26,33.55,33.68,31.72,4972900
Feb 15 2018,33.13,33.61,32.85,33.60,31.65,4893800
Feb 14 2018,32.90,33.16,32.33,32.98,31.06,5377000
Feb 13 2018,33.52,33.58,32.95,33.06,31.14,5294000
Feb 12 2018,34.05,34.24,32.95,33.60,31.65,9335100
Feb 09 2018,34.24,35.11,33.50,33.70,31.74,12169000
Feb 08 2018,36.72,36.90,33.90,33.90,31.93,11833000
Feb 07 2018,36.79,37.93,36.75,37.56,35.38,6865200
Feb 06 2018,35.66,37.14,35.25,36.86,34.72,5640600
Feb 05 2018,37.22,37.58,36.07,36.08,33.98,4476800
Feb 02 2018,38.41,38.51,37.22,37.49,35.31,4037200
Feb 01 2018,37.21,39.25,37.02,38.51,36.27,6983600
Jan 31 2018,36.72,37.56,36.48,37.41,35.24,3989100
Jan 30 2018,36.91,37.18,36.45,36.52,34.40,3195600
Jan 29 2018,37.03,37.28,36.82,37.03,34.88,2386800
Jan 26 2018,37.27,37.49,37.10,37.19,35.03,2500000
Jan 25 2018,37.70,37.73,37.16,37.20,35.04,2249000
Jan 24 2018,37.37,37.89,37.11,37.53,35.35,3493200
Jan 23 2018,37.07,37.27,36.80,37.08,34.93,2692900
Jan 22 2018,36.70,37.13,36.69,37.10,34.95,3262600
Jan 19 2018,36.68,36.78,36.41,36.71,34.58,3172800
Jan 18 2018,36.37,37.09,36.37,36.56,34.44,2848400
Jan 17 2018,37.29,37.29,36.03,36.29,34.18,4072400
Jan 16 2018,37.61,37.71,37.07,37.10,34.95,3042000
Jan 12 2018,36.39,37.58,36.39,37.46,35.28,2777500
Jan 11 2018,36.41,36.65,36.20,36.30,34.19,3879600
Jan 10 2018,36.30,36.40,36.06,36.26,34.15,3309000
Jan 09 2018,36.07,36.43,36.04,36.33,34.22,4840500
Jan 08 2018,36.81,37.00,36.03,36.16,34.06,7051700
Jan 05 2018,35.97,36.10,35.70,36.00,33.91,4482800
Jan 04 2018,36.15,36.15,35.68,35.79,33.71,3540900
Jan 03 2018,36.62,36.85,35.97,35.99,33.90,2879400
Jan 02 2018,36.40,36.82,35.95,36.66,34.53,3913100
Dec 29 2017,36.10,36.61,35.98,36.40,34.29,3043900
Dec 28 2017,35.82,36.03,35.55,36.00,33.91,2577000
Dec 27 2017,36.31,36.31,35.81,35.86,33.78,2073100
Dec 26 2017,36.64,36.88,36.13,36.21,34.11,1897600
Dec 22 2017,36.47,36.76,36.31,36.54,34.42,1333300
Dec 21 2017,36.31,36.65,36.10,36.45,34.33,3359200
Dec 20 2017,37.59,37.65,36.04,36.22,34.12,5470700
Dec 19 2017,37.52,37.58,37.26,37.50,35.32,2515800
Dec 18 2017,37.55,37.78,37.27,37.53,35.35,3613100
Dec 15 2017,36.80,37.85,36.73,37.22,35.06,11274800
Dec 14 2017,36.30,36.95,36.24,36.60,34.47,5274000
Dec 13 2017,37.83,37.98,36.77,36.95,34.80,2948400
Dec 12 2017,37.93,38.22,37.64,37.93,35.73,2494100
Dec 11 2017,37.98,38.09,37.72,37.89,35.69,2784900
Dec 08 2017,38.05,38.15,37.79,37.95,35.75,5133000
Dec 07 2017,37.95,38.30,37.74,38.11,35.90,3580300
Dec 06 2017,37.83,38.01,37.53,37.96,35.76,2867900
Dec 05 2017,37.63,37.91,37.21,37.83,35.63,3742400
Dec 04 2017,36.76,38.35,36.72,37.61,35.43,4391500
Dec 01 2017,36.75,37.01,35.61,36.23,34.13,3127000
Nov 30 2017,36.55,37.05,36.39,36.72,34.59,4099300
Nov 29 2017,37.00,37.31,36.29,36.32,34.21,4559700
Nov 28 2017,36.73,37.47,36.41,37.45,35.28,3128700
Nov 27 2017,36.54,36.66,36.19,36.58,34.46,2166600
Nov 24 2017,36.67,36.70,36.23,36.51,34.39,585600
Nov 22 2017,36.08,36.94,36.08,36.59,34.47,1933500
Nov 21 2017,36.20,36.56,35.97,36.00,33.91,2367600
Nov 20 2017,36.08,36.18,35.65,35.85,33.77,2620700
Nov 16 2017,36.18,36.37,35.63,35.67,33.28,3890200
Nov 15 2017,35.81,36.13,35.32,36.07,33.66,2929400
Nov 14 2017,35.96,36.12,35.41,35.97,33.56,4418300
Nov 13 2017,36.29,36.70,36.08,36.17,33.75,3509800
Nov 10 2017,36.76,37.05,36.13,36.62,34.17,3805700
Nov 09 2017,35.76,37.43,34.22,37.10,34.62,8636100
Nov 08 2017,37.87,38.35,37.49,37.54,35.03,5172400
Nov 07 2017,37.42,38.04,37.39,38.00,35.46,4020800
Nov 06 2017,36.75,37.48,36.69,37.38,34.88,2600000
Nov 03 2017,36.80,36.91,36.44,36.84,34.38,2203500
Nov 02 2017,36.19,36.85,35.84,36.81,34.35,4880800
Nov 01 2017,37.18,37.23,36.07,36.16,33.74,3434500
Oct 31 2017,38.49,38.49,36.97,37.07,34.59,3073500
Oct 30 2017,38.50,38.50,37.55,37.66,35.14,5160100
Oct 27 2017,39.40,39.64,38.47,38.57,35.99,5278100
Oct 26 2017,38.85,39.53,38.71,39.27,36.64,4866400
Oct 25 2017,37.07,39.58,37.00,38.56,35.98,9094000
Oct 24 2017,41.32,41.38,40.58,41.13,38.38,3676300
Oct 23 2017,41.75,41.99,41.34,41.38,38.61,2473800
Oct 20 2017,41.37,42.16,41.35,41.76,38.97,3359300
Oct 19 2017,41.50,41.78,41.27,41.31,38.55,2466200
Oct 18 2017,40.03,41.87,40.03,41.69,38.90,4779200
Oct 17 2017,39.58,40.03,39.48,40.00,37.32,1898400
Oct 16 2017,39.63,39.76,39.39,39.62,36.97,1299900
Oct 13 2017,40.07,40.15,39.67,39.70,37.04,1952200
Oct 12 2017,39.58,39.95,39.43,39.87,37.20,2708700
Oct 11 2017,40.35,40.50,39.60,39.72,37.06,2956800
Oct 10 2017,40.62,40.89,40.13,40.18,37.49,2129400
Oct 09 2017,41.15,41.21,40.33,40.39,37.69,1289200
Oct 06 2017,40.95,41.16,40.85,41.15,38.40,1463500
Oct 05 2017,41.41,41.48,41.00,41.02,38.28,2646200
Oct 04 2017,41.41,41.61,41.17,41.50,38.72,1617700
Oct 03 2017,41.52,41.53,40.73,41.33,38.57,2940000
Oct 02 2017,41.45,41.91,41.26,41.45,38.68,1792300
Sep 29 2017,41.42,41.61,41.19,41.45,38.68,2103300
Sep 28 2017,40.89,41.38,40.86,41.27,38.51,1628800
Sep 27 2017,41.01,41.27,40.76,40.99,38.25,2252400
Sep 26 2017,41.05,41.47,40.86,41.11,38.36,1122100
Sep 25 2017,40.92,41.38,40.91,41.13,38.38,1622100
Sep 22 2017,40.51,41.10,40.49,40.89,38.16,1549400
Sep 21 2017,40.36,40.70,40.29,40.52,37.81,1870700
Sep 20 2017,40.13,40.76,40.06,40.42,37.72,1338300
Sep 19 2017,40.21,40.55,40.03,40.17,37.48,2259400
Sep 18 2017,39.93,40.28,39.72,40.25,37.56,1538800
Sep 15 2017,39.26,39.96,39.09,39.85,37.18,4193300
Sep 14 2017,38.97,39.39,38.49,39.37,36.74,2789700
Sep 13 2017,39.44,39.60,38.85,39.05,36.44,1724400
Sep 12 2017,39.07,39.65,39.02,39.50,36.86,1036400
Sep 11 2017,38.75,39.04,38.50,39.00,36.39,1426900
Sep 08 2017,38.36,38.59,38.07,38.48,35.91,1720600
Sep 07 2017,38.69,39.08,38.52,38.55,35.97,1871900
Sep 06 2017,38.98,39.24,38.88,38.98,36.37,1064000
Sep 05 2017,39.45,39.70,38.75,38.81,36.21,1440200
Sep 01 2017,38.92,39.52,38.81,39.51,36.87,2346400
Aug 31 2017,38.91,39.23,38.78,38.85,36.25,3247500
Aug 30 2017,39.09,39.14,38.43,38.89,36.29,3337800
Aug 29 2017,39.19,39.27,38.94,39.07,36.46,2226200
Aug 28 2017,39.59,39.59,39.13,39.36,36.73,1555100
Aug 25 2017,39.39,39.64,39.32,39.49,36.85,1521400
Aug 24 2017,39.08,39.40,39.00,39.27,36.64,2262400
Aug 23 2017,39.30,39.45,38.64,39.06,36.45,3578700
Aug 22 2017,39.11,39.75,39.11,39.70,37.04,2052800
Aug 18 2017,39.90,40.02,39.45,39.66,36.69,1885500
Aug 17 2017,40.59,40.59,39.94,40.01,37.01,3177200
Aug 16 2017,40.94,41.07,40.32,40.47,37.44,2384000
Aug 15 2017,40.79,41.07,40.61,40.94,37.87,1270500
Aug 14 2017,40.94,41.21,40.79,40.90,37.83,2114300
Aug 11 2017,41.12,41.33,40.74,40.79,37.73,1581900
Aug 10 2017,42.31,42.49,41.15,41.17,38.08,2368500
Aug 09 2017,41.86,42.39,41.80,42.38,39.20,2200200
Aug 08 2017,43.08,43.14,41.83,41.94,38.80,2849500
Aug 07 2017,42.50,43.15,41.83,43.08,39.85,2803100
Aug 04 2017,43.13,43.30,42.30,42.37,39.19,2932300
Aug 03 2017,43.27,43.43,42.89,42.99,39.77,2138400
Aug 02 2017,42.91,43.27,42.66,43.25,40.01,3514200
Aug 01 2017,43.22,43.61,42.89,42.96,39.74,4836000
Jul 31 2017,41.99,43.31,41.91,43.01,39.79,5984700
Jul 28 2017,41.28,41.97,40.89,41.80,38.67,5656200
Jul 27 2017,39.39,41.28,39.34,41.21,38.12,6365200
Jul 26 2017,38.80,40.21,38.71,39.89,36.90,5207100
Jul 25 2017,39.88,39.88,38.54,38.62,35.73,4120300
Jul 24 2017,39.39,39.96,39.10,39.83,36.85,3005900
Jul 21 2017,38.87,39.49,38.83,39.42,36.47,1787500
Jul 20 2017,38.52,39.12,38.36,38.91,35.99,2480800
Jul 19 2017,38.95,39.04,38.58,38.59,35.70,3040800
Jul 18 2017,39.07,39.19,38.74,38.99,36.07,2285900
Jul 17 2017,38.59,39.17,38.54,39.01,36.09,2146300
Jul 14 2017,38.29,38.92,38.18,38.65,35.75,1606600
Jul 13 2017,37.85,38.34,37.74,38.27,35.40,2253400
Jul 12 2017,37.49,37.92,37.38,37.87,35.03,2848900
Jul 11 2017,37.45,37.73,36.98,37.16,34.38,1975300
Jul 10 2017,37.50,37.65,37.27,37.50,34.69,1831900
Jul 07 2017,37.60,37.67,37.13,37.50,34.69,2099200
Jul 06 2017,37.85,37.93,37.44,37.49,34.68,2283700
Jul 05 2017,38.37,38.60,37.90,37.97,35.12,2343900
Jul 03 2017,38.68,38.90,38.36,38.45,35.57,1174000
Jun 30 2017,38.73,38.82,38.47,38.66,35.76,1701500
Jun 29 2017,38.98,39.04,38.31,38.57,35.68,1597900
Jun 28 2017,39.21,39.45,38.79,38.98,36.06,1989800
Jun 27 2017,38.64,39.07,38.47,38.94,36.02,3563700
Jun 26 2017,37.63,38.98,37.33,38.76,35.86,4652300
Jun 23 2017,37.15,37.49,37.00,37.46,34.65,7114200
Jun 22 2017,37.25,37.45,36.96,37.14,34.36,2478800
Jun 21 2017,38.25,38.33,37.11,37.23,34.44,3876300
Jun 20 2017,38.50,38.55,38.14,38.15,35.29,1087100
Jun 19 2017,38.51,38.90,38.45,38.77,35.86,1586600
Jun 16 2017,38.34,38.50,38.09,38.35,35.48,2923700
Jun 15 2017,38.39,38.55,38.12,38.45,35.57,1870700
Jun 14 2017,39.05,39.19,38.49,38.66,35.76,1917700
Jun 13 2017,38.34,38.95,38.19,38.84,35.93,2895500
Jun 12 2017,37.61,38.34,37.51,38.23,35.37,4245600
Jun 09 2017,37.21,37.71,37.07,37.67,34.85,3694200
Jun 08 2017,37.86,37.86,36.99,37.22,34.43,6570000
Jun 07 2017,38.70,38.74,37.83,37.86,35.02,4068400
Jun 06 2017,38.45,38.89,38.27,38.71,35.81,3571100
Jun 05 2017,38.80,39.25,38.46,38.53,35.64,5151800
Jun 02 2017,39.00,39.17,38.63,39.05,36.12,2324100
Jun 01 2017,38.48,39.44,38.34,38.98,36.06,3419800
May 31 2017,38.71,39.08,38.20,38.48,35.60,3421900
May 26 2017,38.24,38.60,37.95,38.54,35.34,3596900
May 25 2017,38.90,38.95,38.01,38.40,35.21,2655400
May 24 2017,39.17,39.21,38.57,38.81,35.59,3083700
May 23 2017,39.58,39.64,39.11,39.11,35.86,1684100
May 22 2017,39.52,39.84,39.44,39.61,36.32,1272200
May 19 2017,39.09,39.71,38.96,39.56,36.28,2482000
May 18 2017,40.29,40.37,39.02,39.04,35.80,4658200
May 17 2017,40.53,40.53,39.76,40.21,36.87,2704600
May 16 2017,41.20,41.20,40.36,40.53,37.17,3681800
May 15 2017,40.53,41.19,40.46,41.12,37.71,3041600
May 12 2017,40.72,40.72,40.08,40.40,37.05,2977000
May 11 2017,40.14,40.70,39.84,40.66,37.28,3079000
May 10 2017,40.70,40.86,40.10,40.22,36.88,2125400
May 09 2017,40.45,41.02,40.33,40.79,37.40,1887800
May 08 2017,40.27,40.66,39.98,40.48,37.12,2448400
May 05 2017,40.06,40.31,39.91,40.20,36.86,2219000
May 04 2017,40.23,40.25,39.87,39.89,36.58,3048700
May 03 2017,40.28,40.34,40.00,40.19,36.85,3386900
May 02 2017,40.64,40.75,40.02,40.24,36.90,3852200
May 01 2017,41.14,41.33,40.53,40.53,37.17,3620700
Apr 28 2017,40.27,41.45,40.06,41.13,37.72,6440700
Apr 27 2017,39.36,40.25,39.25,40.20,36.86,4950300
Apr 26 2017,39.55,40.04,39.30,39.41,36.14,5239400
Apr 25 2017,40.09,40.22,38.31,39.98,36.66,9370800
Apr 24 2017,41.59,41.94,41.29,41.59,38.14,3475100
Apr 21 2017,41.10,41.30,40.87,41.00,37.60,3482700
Apr 20 2017,41.76,41.93,41.12,41.13,37.72,3346000
Apr 19 2017,41.36,42.00,41.29,41.76,38.29,2896200
Apr 18 2017,41.01,41.23,40.92,41.22,37.80,2400200
Apr 17 2017,41.16,41.43,41.01,41.24,37.82,1933700
Apr 13 2017,41.01,41.14,40.73,41.03,37.62,2465600
Apr 12 2017,41.14,41.32,40.55,41.00,37.60,3761300
Apr 11 2017,41.39,41.46,40.88,41.37,37.94,2162800
Apr 10 2017,41.70,41.86,41.45,41.48,38.04,1347900
Apr 07 2017,41.74,41.95,41.62,41.68,38.22,1841900
Apr 06 2017,41.81,42.16,41.57,42.00,38.51,1624800
Apr 05 2017,41.86,42.25,41.75,41.84,38.37,1506500
Apr 04 2017,41.93,42.01,41.46,41.72,38.26,2670500
Apr 03 2017,41.31,42.00,41.21,41.87,38.39,4181600
Mar 31 2017,41.10,41.43,41.00,41.31,37.88,2366300
Mar 30 2017,40.99,41.19,40.73,41.08,37.67,2568600
Mar 29 2017,41.25,41.46,40.96,41.12,37.71,2594700
Mar 28 2017,41.00,41.40,40.72,41.34,37.91,2768400
Mar 27 2017,40.99,41.30,40.64,41.03,37.62,2068500
Mar 24 2017,41.35,41.57,41.11,41.28,37.85,1997400
Mar 23 2017,41.25,41.50,41.14,41.26,37.83,2882300
Mar 22 2017,41.82,41.82,41.22,41.29,37.86,2187000
Mar 21 2017,42.82,42.86,41.57,41.65,38.19,3342300
Mar 20 2017,42.71,42.82,42.19,42.66,39.12,3102200
Mar 17 2017,44.16,44.16,42.61,42.64,39.10,4843500
Mar 16 2017,42.05,44.24,42.05,44.02,40.37,2471900
Mar 15 2017,43.74,44.17,43.61,44.06,40.40,2496200
Mar 14 2017,43.23,43.66,43.12,43.64,40.02,1776600
Mar 13 2017,43.84,43.87,43.34,43.44,39.83,1728600
Mar 10 2017,44.50,44.55,43.42,43.70,40.07,2588300
Mar 09 2017,44.38,44.51,44.17,44.32,40.64,1776300
Mar 08 2017,44.48,44.69,44.34,44.39,40.70,1432600
Mar 07 2017,44.34,44.63,44.26,44.50,40.81,1437200
Mar 06 2017,44.49,44.68,44.26,44.40,40.71,947800
Mar 03 2017,45.01,45.08,44.61,44.77,41.05,1272400
Mar 02 2017,45.04,45.26,44.71,45.10,41.36,1952000
Mar 01 2017,44.48,45.30,44.29,45.07,41.33,3682400
Feb 28 2017,44.41,45.17,44.16,44.36,40.68,3421700
Feb 24 2017,45.12,45.21,44.84,45.16,41.12,1777500
Feb 23 2017,45.02,45.59,44.91,45.21,41.17,2223000
Feb 22 2017,45.52,45.63,44.83,44.88,40.87,1806300
Feb 21 2017,44.95,45.73,44.67,45.50,41.43,2854100
Feb 17 2017,44.57,45.11,44.57,45.08,41.05,2867800
Feb 16 2017,44.82,44.95,44.52,44.85,40.84,2334400
Feb 15 2017,44.56,45.05,44.45,44.81,40.81,2785600
Feb 14 2017,44.91,45.06,44.70,44.77,40.77,3477800
Feb 13 2017,44.51,45.16,44.45,44.98,40.96,5224200
Feb 10 2017,43.27,44.61,43.26,44.31,40.35,5052800
Feb 09 2017,42.06,43.51,41.50,43.18,39.32,3809300
Feb 08 2017,41.72,42.26,41.37,42.06,38.30,2949400
Feb 07 2017,42.00,42.12,41.79,41.86,38.12,2317500
Feb 06 2017,42.46,42.61,41.95,41.99,38.24,2168500
Feb 03 2017,41.84,42.56,41.82,42.46,38.67,2369700
Feb 02 2017,41.17,41.81,40.88,41.65,37.93,2613200
Feb 01 2017,40.93,41.34,40.67,41.32,37.63,2968500
Jan 31 2017,41.15,41.18,40.68,40.91,37.25,3227700
Jan 30 2017,40.89,41.12,40.28,41.07,37.40,3263700
Jan 27 2017,40.82,41.02,40.57,40.89,37.24,2000100
Jan 26 2017,41.01,41.30,40.62,40.71,37.07,2537800
Jan 25 2017,40.97,41.48,40.81,41.00,37.34,8174300
Jan 24 2017,40.68,40.88,40.50,40.70,37.06,3551500
Jan 23 2017,40.88,40.96,40.43,40.54,36.92,4065900
Jan 20 2017,41.47,41.79,40.88,40.95,37.29,3236700
Jan 19 2017,41.85,42.04,41.39,41.45,37.75,3475900
Jan 18 2017,42.25,42.71,41.89,41.89,38.15,1829800
Jan 17 2017,42.06,42.68,42.06,42.37,38.58,1662200
Jan 13 2017,42.10,42.62,42.10,42.36,38.57,1811500
Jan 12 2017,41.42,42.06,40.96,42.01,38.26,6284400
Jan 11 2017,41.93,41.95,41.30,41.59,37.87,3224600
Jan 10 2017,41.94,42.13,41.48,41.75,38.02,3943000
Jan 09 2017,42.61,42.70,42.33,42.36,38.57,2035300
Jan 06 2017,42.33,42.90,42.29,42.51,38.71,2421000
Jan 05 2017,42.48,42.73,42.38,42.52,38.72,1567300
Jan 04 2017,42.28,42.68,42.07,42.50,38.70,1566400
Jan 03 2017,42.20,42.69,41.99,42.27,38.49,1610800
Dec 30 2016,42.27,42.34,41.80,41.95,38.20,1307600
Dec 29 2016,42.38,42.40,41.93,42.10,38.34,1218600
Dec 28 2016,42.69,42.83,41.92,42.24,38.46,1459200
Dec 27 2016,42.90,43.11,42.51,42.70,38.88,775500
Dec 23 2016,42.80,43.01,42.54,42.75,38.93,1138000
Dec 22 2016,43.56,43.56,42.47,42.77,38.95,3353300
Dec 21 2016,43.25,43.47,42.91,43.26,39.39,2338800
Dec 20 2016,43.28,43.53,43.04,43.29,39.42,1947600
Dec 19 2016,43.15,43.39,42.83,43.29,39.42,2812800
Dec 16 2016,42.83,43.18,42.67,43.14,39.28,5124000
Dec 15 2016,43.15,43.29,42.65,42.70,38.88,2573700
Dec 14 2016,43.32,43.78,42.38,43.12,39.27,3850800
Dec 13 2016,42.34,42.56,41.97,42.04,38.28,3137200
Dec 12 2016,42.70,42.99,42.06,42.17,38.40,2188500
Dec 09 2016,41.82,42.97,41.50,42.72,38.90,3558500
Dec 08 2016,41.19,42.36,41.00,41.99,38.24,5932700
Dec 07 2016,42.38,43.51,42.33,43.40,39.52,3589000
Dec 06 2016,42.29,42.57,41.99,42.40,38.61,3815100
Dec 05 2016,42.42,43.17,42.31,42.41,38.62,4725500
Dec 02 2016,42.30,42.53,42.01,42.07,38.31,2336500
Dec 01 2016,43.20,43.28,41.85,42.11,38.35,2641700
Nov 30 2016,43.40,43.56,43.10,43.10,39.25,3326500
Nov 29 2016,43.50,43.61,43.27,43.40,39.52,1717200
Nov 28 2016,43.40,43.74,43.25,43.42,39.54,2113100
Nov 25 2016,43.33,43.93,43.05,43.40,39.52,1175600
Nov 23 2016,42.96,43.23,42.70,43.11,39.26,1727500
Nov 22 2016,42.74,43.00,42.33,42.91,39.07,3104100
Nov 21 2016,42.60,43.01,42.33,42.59,38.78,2110600
Nov 18 2016,43.27,43.50,42.25,42.64,38.83,7806100
Nov 16 2016,44.51,45.32,44.23,44.63,40.35,3287300
Nov 15 2016,43.07,43.58,42.74,43.58,39.40,3810500
Nov 14 2016,43.99,44.16,43.01,43.07,38.94,4795000
Nov 11 2016,44.74,45.19,43.83,44.09,39.86,2717400
Nov 10 2016,45.15,45.66,44.82,44.87,40.57,2191600
Nov 09 2016,44.03,45.19,43.63,45.13,40.81,2231200
Nov 08 2016,44.83,45.03,44.55,44.65,40.37,1633600
Nov 07 2016,44.27,44.67,44.01,44.65,40.37,1944400
Nov 04 2016,43.91,44.00,43.49,43.50,39.33,2549800
Nov 03 2016,44.68,45.02,43.69,43.80,39.60,3299500
Nov 02 2016,45.18,46.23,44.67,44.68,40.40,3846300
Nov 01 2016,45.26,45.39,44.75,45.30,40.96,2580200
Oct 31 2016,44.66,45.36,44.63,45.02,40.71,2634200
Oct 28 2016,45.95,46.09,44.30,44.66,40.38,4726200
Oct 27 2016,45.99,46.20,45.63,45.95,41.55,3422600
Oct 26 2016,45.77,47.51,45.69,45.78,41.39,8012000
Oct 25 2016,46.89,48.96,45.52,45.65,41.28,21052100
Oct 24 2016,54.69,54.99,54.65,54.93,49.67,2959200
Oct 21 2016,53.73,54.64,53.48,54.60,49.37,1964800
Oct 20 2016,53.85,54.06,53.53,54.05,48.87,2766800
Oct 19 2016,54.11,54.34,53.78,54.32,49.11,2150100
Oct 18 2016,53.69,54.28,53.50,53.89,48.73,2467200
Oct 17 2016,53.41,53.70,53.32,53.47,48.35,1634900
Oct 14 2016,52.80,53.70,52.74,53.53,48.40,2776800
Oct 13 2016,51.96,52.64,51.53,52.55,47.51,2471600
Oct 12 2016,51.75,52.16,51.64,52.05,47.06,2320400
Oct 11 2016,52.37,52.48,51.48,51.75,46.79,1421600
Oct 10 2016,52.53,52.70,52.50,52.53,47.50,977700
Oct 07 2016,52.71,52.79,52.26,52.36,47.34,1271500
Oct 06 2016,53.20,53.20,52.50,52.56,47.52,1938800
Oct 05 2016,53.53,53.70,53.16,53.19,48.09,1264800
Oct 04 2016,53.55,53.78,53.41,53.46,48.34,1271400
Oct 03 2016,53.43,53.75,53.25,53.65,48.51,2116300
Sep 30 2016,53.68,53.96,53.38,53.57,48.44,2778000
Sep 29 2016,53.60,54.19,53.46,53.47,48.35,1803000
Sep 28 2016,53.49,53.68,53.27,53.65,48.51,1172300
Sep 27 2016,53.16,53.59,53.05,53.49,48.36,1427500
Sep 26 2016,53.15,53.25,52.85,53.15,48.06,1827400
Sep 23 2016,53.04,53.43,52.86,53.33,48.22,2264300
Sep 22 2016,52.61,52.93,52.49,52.72,47.67,1700000
Sep 21 2016,52.66,52.84,51.82,52.33,47.32,1821200
Sep 20 2016,52.68,52.96,52.39,52.41,47.39,1442000
Sep 19 2016,52.45,52.76,52.07,52.31,47.30,1358400
Sep 16 2016,52.22,52.35,51.86,52.18,47.18,5685100
Sep 15 2016,51.68,52.71,51.38,52.52,47.49,2358300
Sep 14 2016,51.90,52.05,51.69,51.87,46.90,1618500
Sep 13 2016,52.33,52.49,51.78,51.91,46.94,2121700
Sep 12 2016,51.90,52.82,51.83,52.71,47.66,2603300
Sep 09 2016,52.28,52.52,51.97,52.00,47.02,3255700
Sep 08 2016,52.96,53.13,52.09,52.36,47.34,3493300
Sep 07 2016,52.95,53.43,52.69,53.37,48.26,1324200
Sep 06 2016,52.83,53.06,52.69,53.04,47.96,1432800
Sep 02 2016,52.95,53.15,52.51,52.67,47.62,1562300
Sep 01 2016,53.13,53.48,52.59,52.69,47.64,1960400
Aug 31 2016,52.95,53.30,52.64,53.28,48.17,1942700
Aug 30 2016,52.73,53.14,52.42,53.09,48.00,1741900
Aug 29 2016,52.52,52.86,52.30,52.67,47.62,907400
Aug 26 2016,52.76,53.10,52.31,52.49,47.46,1316700
Aug 25 2016,52.52,53.00,52.00,52.60,47.56,2188600
Aug 24 2016,52.92,52.97,52.38,52.48,47.45,1446500
Aug 23 2016,53.21,53.35,52.88,52.89,47.82,1900300
Aug 19 2016,52.95,53.17,52.75,53.15,47.78,1025400
Aug 18 2016,53.03,53.19,52.88,53.15,47.78,972100
Aug 17 2016,52.86,53.15,52.68,53.05,47.69,2201600
Aug 16 2016,52.95,52.95,52.67,52.76,47.43,958600
Aug 15 2016,52.96,53.00,52.83,52.93,47.58,844700
Aug 12 2016,52.76,53.07,52.75,52.96,47.61,1039800
Aug 11 2016,53.06,53.21,52.67,52.76,47.43,1057400
Aug 10 2016,52.80,52.90,52.45,52.87,47.53,1080800
Aug 09 2016,52.96,53.20,52.66,52.68,47.36,1802600
Aug 08 2016,53.00,53.25,52.58,52.91,47.56,1782200
Aug 05 2016,53.16,53.24,52.74,52.91,47.56,1943500
Aug 04 2016,53.28,53.46,52.88,52.96,47.61,1706000
Aug 03 2016,53.17,53.44,53.07,53.35,47.96,1549600
Aug 02 2016,53.57,53.65,53.04,53.20,47.82,1387600
Aug 01 2016,53.77,53.96,53.25,53.49,48.08,1858400
Jul 29 2016,54.09,54.32,53.86,53.86,48.42,2193000
Jul 28 2016,53.96,54.54,53.60,54.15,48.68,1956100
Jul 27 2016,54.19,54.33,53.42,54.05,48.59,2217500
Jul 26 2016,54.22,54.79,53.31,54.19,48.71,4024100
Jul 25 2016,55.86,55.94,55.14,55.22,49.64,2944800
Jul 22 2016,55.34,55.86,55.11,55.81,50.17,2052200
Jul 21 2016,55.09,55.62,54.86,55.42,49.82,2798600
Jul 20 2016,54.44,55.13,54.26,55.09,49.52,2240800
Jul 19 2016,53.87,54.48,53.78,54.38,48.88,1302700
Jul 18 2016,54.40,54.40,54.02,54.03,48.57,1705100
Jul 15 2016,54.17,54.40,53.96,54.18,48.70,2906000
Jul 14 2016,54.04,54.25,53.78,54.03,48.57,2093400
Jul 13 2016,53.94,54.12,53.69,53.77,48.34,1673300
Jul 12 2016,53.89,54.21,53.72,53.92,48.47,1432200
Jul 11 2016,52.98,53.50,52.98,53.39,47.99,1354700
Jul 08 2016,52.80,53.03,52.64,52.87,47.53,1656200
Jul 07 2016,52.10,52.50,52.00,52.25,46.97,1929800
Jul 06 2016,51.59,52.28,51.10,52.18,46.91,3141700
Jul 05 2016,52.03,52.05,51.37,51.66,46.44,1888000
Jul 01 2016,51.97,52.42,51.71,52.13,46.86,2293400
Jun 30 2016,51.96,52.10,51.20,51.97,46.72,4529600
Jun 29 2016,51.50,52.00,51.34,51.94,46.69,3311500
Jun 28 2016,50.58,51.03,50.12,51.03,45.87,2589200
Jun 27 2016,50.47,50.60,49.76,50.17,45.10,2679100
Jun 24 2016,52.04,52.24,51.05,51.10,45.94,3786900
Jun 23 2016,54.11,54.14,53.48,53.69,48.26,1664800
Jun 22 2016,53.51,53.85,53.42,53.47,48.07,1127400
Jun 21 2016,53.61,53.89,53.28,53.53,48.12,1478200
Jun 20 2016,53.94,54.21,53.57,53.60,48.18,1388000
Jun 17 2016,53.71,53.81,53.27,53.41,48.01,2022900
Jun 16 2016,53.71,54.14,53.58,53.89,48.44,2508100
Jun 15 2016,54.60,54.62,54.08,54.13,48.66,1097800
Jun 14 2016,53.82,54.40,53.77,54.35,48.86,1540000
Jun 13 2016,54.36,54.62,53.88,53.90,48.45,1240000
Jun 10 2016,54.45,54.76,54.09,54.41,48.91,1109600
Jun 09 2016,54.45,55.06,54.39,54.98,49.42,1098200
Jun 08 2016,53.98,54.76,53.73,54.69,49.16,1577500
Jun 07 2016,54.46,54.48,53.87,53.90,48.45,1852100
Jun 06 2016,53.83,54.43,53.72,54.30,48.81,2192000
Jun 03 2016,53.63,53.80,53.40,53.70,48.27,1180800
Jun 02 2016,53.49,53.75,53.17,53.72,48.29,917000
Jun 01 2016,53.30,53.69,52.94,53.59,48.17,1198200
May 31 2016,53.53,53.55,53.02,53.39,47.99,1748000
May 26 2016,52.93,53.45,52.75,53.36,47.69,915200
May 25 2016,53.07,53.21,52.78,52.95,47.32,1275000
May 24 2016,52.54,53.16,52.26,53.01,47.38,1202200
May 23 2016,52.15,52.40,51.88,52.22,46.67,894800
May 20 2016,51.95,52.55,51.67,52.20,46.65,1342000
May 19 2016,51.77,51.93,51.07,51.59,46.11,1183200
May 18 2016,51.81,52.41,51.64,51.97,46.45,1132300
May 17 2016,52.25,52.60,51.85,51.99,46.47,1586200
May 16 2016,52.08,52.65,51.77,52.34,46.78,1364900
May 13 2016,52.23,52.55,52.00,52.06,46.53,1046800
May 12 2016,52.17,52.46,51.97,52.30,46.74,1002800
May 11 2016,52.39,52.57,51.95,52.04,46.51,1266800
May 10 2016,51.85,52.44,51.64,52.39,46.82,1417800
May 09 2016,51.28,51.83,51.20,51.70,46.21,1691000
May 06 2016,50.93,51.29,50.66,51.28,45.83,1544200
May 05 2016,51.38,51.56,50.89,50.98,45.56,2712500
May 04 2016,51.24,51.68,51.06,51.33,45.88,2433700
May 03 2016,52.02,52.17,51.29,51.56,46.08,2218300
May 02 2016,52.14,53.01,52.01,52.51,46.93,3084100
Apr 29 2016,51.76,52.24,51.63,52.14,46.60,3366600
Apr 28 2016,51.30,52.12,51.24,51.78,46.28,2335700
Apr 27 2016,51.68,52.06,51.15,51.56,46.08,2326300
Apr 26 2016,51.80,52.18,51.65,51.98,46.46,1614900
Apr 25 2016,51.91,51.96,51.47,51.63,46.14,1386400
Apr 22 2016,51.80,52.09,51.51,51.92,46.40,1603700
Apr 21 2016,52.70,52.86,51.82,51.86,46.35,2293000
Apr 20 2016,54.48,54.59,51.76,52.86,47.24,4090900
Apr 19 2016,53.33,54.05,53.33,53.96,48.23,2309300
Apr 18 2016,52.64,53.32,52.64,53.26,47.60,1460100
Apr 15 2016,52.87,53.18,52.54,52.70,47.10,2571700
Apr 14 2016,53.30,53.42,52.88,52.96,47.33,1452800
Apr 13 2016,53.28,53.31,52.67,53.19,47.54,1835400
Apr 12 2016,52.57,53.04,52.39,52.90,47.28,1534400
Apr 11 2016,52.65,52.86,52.50,52.66,47.06,1388800
Apr 08 2016,52.70,52.79,52.25,52.51,46.93,1270300
Apr 07 2016,52.49,52.90,52.13,52.29,46.73,1572800
Apr 06 2016,52.38,52.75,52.25,52.62,47.03,1931900
Apr 05 2016,52.77,52.77,51.97,52.33,46.77,3057100
Apr 04 2016,53.33,53.52,52.49,53.01,47.38,1868500
Apr 01 2016,52.49,53.53,52.40,53.45,47.77,2269500
Mar 31 2016,52.67,53.08,52.57,52.66,47.06,1794900
Mar 30 2016,52.53,52.84,52.32,52.80,47.19,1672200
Mar 29 2016,52.05,52.44,51.97,52.38,46.81,1874600
Mar 28 2016,52.04,52.42,51.76,52.22,46.67,1313500
Mar 24 2016,51.62,52.03,51.57,52.00,46.47,1043900
Mar 23 2016,51.78,52.17,51.37,51.93,46.41,1517400
Mar 22 2016,51.98,52.20,51.65,51.80,46.30,1621600
Mar 21 2016,52.34,52.34,51.77,52.01,46.48,1521500
Mar 18 2016,53.03,53.05,52.13,52.27,46.72,3171800
Mar 17 2016,51.67,53.03,51.67,52.84,47.23,4298900
Mar 16 2016,51.18,52.00,51.07,51.79,46.29,1323200
Mar 15 2016,50.86,51.23,50.50,51.06,45.63,1412700
Mar 14 2016,50.75,51.21,50.50,51.03,45.61,1103700
Mar 11 2016,50.73,51.03,50.31,50.67,45.29,2045200
Mar 10 2016,50.66,50.92,50.16,50.39,45.04,2099500
Mar 09 2016,50.80,51.00,50.45,50.64,45.26,2950300
Mar 08 2016,51.56,51.70,50.94,51.12,45.69,2554400
Mar 07 2016,51.42,52.07,51.37,51.86,46.35,1986000
Mar 04 2016,51.19,51.84,50.99,51.73,46.23,1374400
Mar 03 2016,50.80,51.43,50.61,51.23,45.79,1957600
Mar 02 2016,50.34,50.92,50.28,50.78,45.38,1903800
Mar 01 2016,50.29,50.87,50.02,50.60,45.22,3130100
Feb 26 2016,49.69,49.92,49.24,49.75,44.22,2266100
Feb 25 2016,49.45,49.95,49.35,49.66,44.14,1659300
Feb 24 2016,48.38,49.46,47.80,49.45,43.95,2723800
Feb 23 2016,49.24,49.24,48.30,48.72,43.30,2300800
Feb 22 2016,48.63,49.47,48.52,49.45,43.95,2353600
Feb 19 2016,47.53,48.11,47.43,48.09,42.74,1984200
Feb 18 2016,48.50,48.51,47.82,47.85,42.53,1926000
Feb 17 2016,48.22,48.55,47.96,48.41,43.03,2622500
Feb 16 2016,48.07,48.20,47.06,47.99,42.65,2753700
Feb 12 2016,47.33,48.00,46.99,47.29,42.03,3597900
Feb 11 2016,45.50,47.65,45.20,47.33,42.07,6772900
Feb 10 2016,45.40,46.47,45.28,45.42,40.37,4534400
Feb 09 2016,44.17,45.43,44.15,45.13,40.11,3670000
Feb 08 2016,45.14,45.28,43.91,44.72,39.75,3373800
Feb 05 2016,46.49,46.66,45.40,45.63,40.55,2410300
Feb 04 2016,46.68,47.07,46.45,46.70,41.51,2558200
Feb 03 2016,47.36,47.50,46.06,46.70,41.51,2595800
Feb 02 2016,47.56,47.97,46.99,47.21,41.96,3895300
Feb 01 2016,47.77,48.30,47.18,48.03,42.69,3909800
Jan 29 2016,47.28,48.20,47.02,48.16,42.80,3554900
Jan 28 2016,46.41,47.26,46.17,46.86,41.65,3259500
Jan 27 2016,45.65,46.65,45.47,45.91,40.80,3198700
Jan 26 2016,44.80,45.70,44.73,45.57,40.50,2514500
Jan 25 2016,45.36,46.57,44.64,44.73,39.75,1712800
Jan 22 2016,44.65,45.34,44.31,45.31,40.27,3454800
Jan 21 2016,43.97,44.40,43.42,43.89,39.01,3562800
Jan 20 2016,44.41,44.78,42.90,43.94,39.05,3789000
Jan 19 2016,45.14,45.50,44.61,45.02,40.01,2436000
Jan 15 2016,44.27,45.39,44.16,44.69,39.72,3204200
Jan 14 2016,44.75,45.99,44.31,45.70,40.62,3528600
Jan 13 2016,45.43,45.68,44.58,44.62,39.66,2417800
Jan 12 2016,45.27,45.62,44.74,45.29,40.25,1956000
Jan 11 2016,44.51,45.27,44.45,44.99,39.99,3379400
Jan 08 2016,45.49,45.63,44.28,44.33,39.40,6200400
Jan 07 2016,45.28,45.88,45.03,45.14,40.12,6471700
Jan 06 2016,46.00,46.39,45.82,46.13,41.00,1936700
Jan 05 2016,45.68,46.57,45.57,46.40,41.24,2402300
Jan 04 2016,45.77,45.93,45.17,45.67,40.59,2854500
Dec 30 2015,47.30,47.45,47.01,47.04,41.81,1038800
Dec 29 2015,47.25,47.45,47.06,47.34,42.07,1355700
Dec 28 2015,46.28,47.03,46.28,46.96,41.74,1400800
Dec 24 2015,46.42,46.70,46.26,46.47,41.30,543500
Dec 23 2015,46.62,46.88,46.34,46.59,41.41,1830300
Dec 22 2015,46.56,46.65,45.94,46.26,41.11,1576200
Dec 21 2015,46.10,46.28,45.63,46.18,41.04,1580500
Dec 18 2015,46.16,46.16,45.64,45.64,40.56,2982900
Dec 17 2015,47.01,47.16,46.22,46.25,41.11,3510900
Dec 16 2015,46.29,47.01,46.12,46.98,41.75,1901000
Dec 15 2015,45.17,46.20,45.05,46.08,40.95,2229600
Dec 14 2015,45.44,45.48,44.24,44.78,39.80,3133200
Dec 11 2015,45.54,46.78,45.19,45.46,40.40,4850100
Dec 10 2015,45.00,46.05,44.83,45.70,40.62,2112800
Dec 09 2015,45.54,46.19,44.89,45.09,40.07,3354200
Dec 08 2015,46.19,46.39,45.44,45.61,40.54,2599700
Dec 07 2015,46.66,46.91,46.15,46.68,41.49,1722700
Dec 04 2015,45.80,46.97,45.63,46.89,41.67,2639400
Dec 03 2015,47.08,47.08,45.40,45.67,40.59,2598500
Dec 02 2015,47.50,47.50,46.46,46.64,41.45,1933100
Dec 01 2015,46.93,47.49,46.66,47.46,42.18,1609200
Nov 30 2015,47.12,47.28,46.63,46.68,41.49,1594300
Nov 27 2015,46.61,47.12,46.33,47.10,41.86,489600
Nov 25 2015,46.67,47.04,46.64,46.76,41.56,2353800
Nov 24 2015,46.92,47.17,46.49,46.93,41.71,2048500
Nov 23 2015,47.71,47.73,47.22,47.26,42.00,1313200
Nov 20 2015,47.96,47.96,47.37,47.71,42.40,1044900
Nov 18 2015,47.08,47.99,46.71,47.88,42.30,2097500
Nov 17 2015,46.80,47.00,46.51,46.64,41.21,1717300
Nov 16 2015,46.32,46.85,46.05,46.83,41.38,2107100
Nov 13 2015,47.12,47.34,46.35,46.45,41.04,989600
Nov 12 2015,47.05,47.63,47.05,47.18,41.69,957700
Nov 11 2015,47.71,47.80,47.34,47.52,41.99,1085400
Nov 10 2015,47.66,48.00,47.31,47.49,41.96,1269900
Nov 09 2015,47.73,48.05,47.64,47.87,42.30,1136700
Nov 06 2015,47.74,48.39,47.52,48.05,42.45,1860700
Nov 05 2015,47.49,47.85,47.11,47.84,42.27,1445800
Nov 04 2015,47.75,47.93,47.40,47.59,42.05,1563000
Nov 03 2015,47.67,47.85,47.41,47.80,42.23,1508600
Nov 02 2015,47.29,47.92,46.79,47.72,42.16,2535500
Oct 30 2015,47.78,48.23,47.31,47.51,41.98,2010600
Oct 29 2015,48.03,48.45,47.72,47.95,42.37,1519800
Oct 28 2015,47.95,48.60,47.65,48.35,42.72,1529800
Oct 27 2015,48.01,48.11,47.41,47.77,42.21,969500
Oct 26 2015,48.16,48.61,47.86,48.38,42.75,1665200
Oct 23 2015,47.75,48.45,47.53,48.27,42.65,1679300
Oct 22 2015,46.24,47.94,46.21,47.42,41.90,3523600
Oct 21 2015,47.38,47.38,44.97,45.85,40.51,4080300
Oct 20 2015,48.11,48.78,48.11,48.53,42.88,3748400
Oct 19 2015,47.72,48.18,47.68,48.18,42.57,2021400
Oct 16 2015,47.81,48.09,47.61,47.74,42.18,1679500
Oct 15 2015,46.93,47.77,46.92,47.72,42.16,1778800
Oct 14 2015,46.99,47.51,46.75,46.82,41.37,1669700
Oct 13 2015,46.69,47.14,46.53,46.94,41.47,1250900
Oct 12 2015,46.45,47.14,46.43,46.99,41.52,1228600
Oct 09 2015,46.60,46.80,46.42,46.50,41.08,2396100
Oct 08 2015,46.56,46.81,46.27,46.62,41.19,2871000
Oct 07 2015,46.82,47.21,46.43,46.67,41.24,2586800
Oct 06 2015,46.19,46.54,46.15,46.30,40.91,1494200
Oct 05 2015,45.98,46.48,45.93,46.33,40.93,2199000
Oct 02 2015,44.21,45.77,44.13,45.74,40.41,3257700
Oct 01 2015,44.41,45.39,44.27,44.90,39.67,3906500
Sep 30 2015,44.17,45.58,43.85,44.47,39.29,6005200
Sep 29 2015,45.46,45.72,44.72,45.24,39.97,2734000
Sep 28 2015,46.34,46.74,45.26,45.53,40.23,3002300
Sep 25 2015,47.37,47.46,46.30,46.75,41.31,3232400
Sep 24 2015,46.79,47.22,46.74,47.17,41.68,2664400
Sep 23 2015,47.08,47.41,46.92,47.25,41.75,1426500
Sep 22 2015,47.00,47.44,46.83,47.11,41.62,2038100
Sep 21 2015,46.84,47.67,46.46,47.55,42.01,1635100
Sep 18 2015,46.65,47.61,46.45,46.74,41.30,3285500
Sep 17 2015,47.18,47.86,46.90,47.18,41.69,1543500
Sep 16 2015,46.77,47.41,46.71,47.24,41.74,1969200
Sep 15 2015,45.92,46.74,45.87,46.55,41.13,1057100
Sep 14 2015,45.80,46.05,45.33,45.69,40.37,994400
Sep 11 2015,45.97,46.06,45.38,45.88,40.54,1450200
Sep 10 2015,46.28,46.61,45.93,46.13,40.76,1423400
Sep 09 2015,46.91,46.94,46.15,46.23,40.85,1689700
Sep 08 2015,45.79,46.40,45.54,46.25,40.86,1698600
Sep 04 2015,44.61,45.43,44.50,44.96,39.72,1871000
Sep 03 2015,45.47,46.37,45.24,45.51,40.21,1958700
Sep 02 2015,44.33,45.38,44.20,45.37,40.09,3423700
Sep 01 2015,44.20,45.06,43.30,43.57,38.50,3529600
Aug 31 2015,45.01,45.58,44.65,45.23,39.96,1451900
Aug 28 2015,45.18,45.43,44.90,45.26,39.99,1312800
Aug 27 2015,44.66,45.70,44.42,45.35,40.07,2403500
Aug 26 2015,44.13,44.28,42.80,44.23,39.08,3114900
Aug 25 2015,44.91,44.91,42.76,42.80,37.82,4793800
Aug 21 2015,46.90,47.22,45.88,45.92,40.31,3012400
Aug 20 2015,47.75,48.05,47.30,47.43,41.64,2676600
Aug 19 2015,48.07,48.54,47.77,48.22,42.33,1329300
Aug 18 2015,48.35,48.38,48.00,48.35,42.45,1375700
Aug 17 2015,48.34,48.42,48.08,48.36,42.45,995300
Aug 14 2015,48.12,48.62,48.03,48.51,42.59,956000
Aug 13 2015,47.45,48.33,47.30,48.11,42.23,1987400
Aug 12 2015,47.32,47.87,47.07,47.83,41.99,1853500
Aug 11 2015,47.54,47.91,47.41,47.87,42.02,1593200
Aug 10 2015,47.14,48.25,47.14,48.00,42.14,3488200
Aug 07 2015,46.34,46.70,46.19,46.45,40.78,3058900
Aug 06 2015,47.85,47.94,46.10,46.55,40.87,4707800
Aug 05 2015,47.99,48.14,47.58,48.05,42.18,2720600
Aug 04 2015,48.08,48.11,47.73,47.95,42.09,1786200
Aug 03 2015,48.30,48.41,47.64,47.95,42.09,3246200
Jul 31 2015,49.28,49.37,48.38,48.46,42.54,2683300
Jul 30 2015,48.02,49.28,47.83,49.06,43.07,5419500
Jul 29 2015,47.38,48.52,47.38,48.32,42.42,3309700
Jul 28 2015,46.15,47.39,45.78,47.18,41.42,3306000
Jul 27 2015,44.79,45.15,44.41,44.80,39.33,2635400
Jul 24 2015,45.37,45.52,45.08,45.17,39.65,1553400
Jul 23 2015,45.25,45.36,44.97,45.32,39.79,1255700
Jul 22 2015,45.26,45.66,45.17,45.31,39.78,1062100
Jul 21 2015,45.60,45.65,45.19,45.33,39.79,991500
Jul 20 2015,45.40,45.77,45.40,45.63,40.06,1632100
Jul 17 2015,45.95,45.95,45.43,45.52,39.96,1683800
Jul 16 2015,45.74,45.95,45.56,45.81,40.22,1024800
Jul 15 2015,45.57,45.66,45.36,45.56,40.00,1304500
Jul 14 2015,45.96,45.96,45.58,45.60,40.03,1475900
Jul 13 2015,45.70,45.88,45.48,45.79,40.20,1504000
Jul 10 2015,45.00,45.36,44.85,45.27,39.74,1636500
Jul 09 2015,44.69,44.79,44.46,44.46,39.03,1928600
Jul 08 2015,44.65,44.80,43.95,44.16,38.77,1835500
Jul 07 2015,44.88,44.98,44.31,44.96,39.47,1722400
Jul 06 2015,44.62,45.13,44.61,44.80,39.33,1308000
Jul 02 2015,45.30,45.39,44.67,44.99,39.50,1575100
Jul 01 2015,45.41,45.71,44.94,45.12,39.61,1842800
Jun 30 2015,45.07,45.13,44.61,44.77,39.30,2081200
Jun 29 2015,45.83,46.00,44.69,44.73,39.27,2339700
Jun 26 2015,45.73,46.85,45.60,46.22,40.58,8506400
Jun 25 2015,45.65,45.83,45.52,45.57,40.00,1777100
Jun 24 2015,45.81,46.04,45.46,45.61,40.04,2204900
Jun 23 2015,45.85,46.05,45.59,45.72,40.14,1648000
Jun 22 2015,45.76,46.17,45.61,45.90,40.29,2349700
Jun 19 2015,45.47,45.71,45.27,45.54,39.98,3387600
Jun 18 2015,45.14,45.80,45.03,45.62,40.05,2951000
Jun 17 2015,44.94,45.27,44.77,45.02,39.52,1659000
Jun 16 2015,44.79,44.98,44.48,44.82,39.35,1880900
Jun 15 2015,44.59,44.86,44.46,44.76,39.29,2076100
Jun 12 2015,44.90,45.08,44.81,44.94,39.45,1051700
Jun 11 2015,45.00,45.13,44.87,45.06,39.56,3091200
Jun 10 2015,44.62,45.30,44.56,45.22,39.70,978400
Jun 09 2015,44.30,44.69,44.26,44.51,39.07,1380400
Jun 08 2015,44.67,44.73,44.29,44.30,38.89,1340000
Jun 05 2015,44.85,44.95,44.45,44.76,39.29,1236000
Jun 04 2015,45.08,45.49,44.85,44.92,39.43,1955000
Jun 03 2015,44.76,45.55,44.67,45.35,39.81,1882500
Jun 02 2015,44.31,44.76,44.30,44.72,39.26,1687700
May 29 2015,45.13,45.26,44.71,44.99,39.25,2073500
May 28 2015,45.34,45.50,44.84,45.10,39.35,1295300
May 27 2015,45.33,45.53,45.06,45.48,39.68,1236800
May 26 2015,45.80,45.90,45.17,45.32,39.54,1910300
May 22 2015,45.71,45.99,45.68,45.84,39.99,1061000
May 21 2015,45.61,45.96,45.61,45.74,39.90,2316300
May 20 2015,45.67,45.99,45.51,45.78,39.94,1863900
May 19 2015,45.87,46.11,45.52,45.67,39.84,2410500
May 18 2015,45.51,45.97,45.42,45.92,40.06,1611700
May 15 2015,45.06,45.61,45.01,45.57,39.76,3245400
May 14 2015,44.75,45.12,44.69,45.04,39.29,2299000
May 13 2015,44.48,44.64,44.33,44.34,38.68,2797300
May 12 2015,44.67,44.78,44.32,44.45,38.78,1780600
May 11 2015,45.17,45.35,44.88,44.91,39.18,2890900
May 08 2015,45.45,45.98,44.90,45.24,39.47,11604300
May 07 2015,44.82,45.26,44.58,44.99,39.25,3014400
May 06 2015,45.13,45.39,44.54,44.74,39.03,3445600
May 05 2015,45.57,45.95,45.06,45.10,39.35,6216500
May 04 2015,45.15,46.07,45.15,45.77,39.93,4554600
May 01 2015,45.01,45.46,44.63,44.84,39.12,2548500
Apr 30 2015,45.38,45.71,44.87,44.94,39.21,3039300
Apr 29 2015,45.58,45.67,45.21,45.42,39.62,1328000
Apr 28 2015,45.45,45.80,45.33,45.69,39.86,2580600
Apr 27 2015,46.06,46.33,45.47,45.52,39.71,3486400
Apr 24 2015,45.38,46.07,45.36,45.95,40.09,11275900
Apr 23 2015,46.15,46.64,46.03,46.31,40.40,4127500
Apr 22 2015,44.84,46.12,44.63,46.10,40.22,6603900
Apr 21 2015,45.14,46.18,45.14,45.83,39.98,3830900
Apr 20 2015,44.34,45.20,44.34,45.05,39.30,2052200
Apr 17 2015,44.64,44.75,44.16,44.21,38.57,1801400
Apr 16 2015,45.28,45.30,44.88,44.93,39.20,1866100
Apr 15 2015,46.02,46.16,45.29,45.42,39.62,2842200
Apr 14 2015,45.30,46.06,45.29,46.00,40.13,2576900
Apr 13 2015,45.05,45.92,45.05,45.50,39.69,2060400
Apr 10 2015,45.82,46.14,45.71,46.01,40.14,1028800
Apr 09 2015,45.67,46.09,45.48,45.82,39.97,2421600
Apr 08 2015,45.65,45.92,45.35,45.61,39.79,2059900
Apr 07 2015,45.84,46.15,45.63,45.68,39.85,2119100
Apr 06 2015,45.26,46.06,45.11,45.91,40.05,1950100
Apr 02 2015,44.96,45.65,44.76,45.53,39.72,2053100
Apr 01 2015,44.50,45.10,44.11,44.96,39.22,2921700
Mar 31 2015,44.70,44.98,44.42,44.57,38.88,2995100
Mar 30 2015,43.50,44.98,43.50,44.79,39.07,3639400
Mar 27 2015,43.00,43.50,42.92,43.33,37.80,1768300
Mar 26 2015,42.92,43.32,42.86,43.03,37.54,2026500
Mar 25 2015,43.40,44.19,43.07,43.07,37.57,3814400
Mar 24 2015,43.57,43.68,43.25,43.27,37.75,1857400
Mar 23 2015,43.98,44.03,43.65,43.65,38.08,1858300
Mar 20 2015,43.64,44.02,43.55,43.88,38.28,4083600
Mar 19 2015,43.55,43.83,43.27,43.40,37.86,1626700
Mar 18 2015,43.14,43.78,42.85,43.64,38.07,2280700
Mar 17 2015,42.97,43.28,42.75,43.10,37.60,1753500
Mar 16 2015,42.88,43.49,42.78,43.22,37.70,2003300
Mar 13 2015,43.16,43.27,42.36,42.59,37.16,4510100
Mar 12 2015,42.76,43.21,42.23,43.17,37.66,7243900
Mar 11 2015,43.12,43.27,42.60,42.67,37.23,2046900
Mar 10 2015,43.81,43.94,43.10,43.19,37.68,2087900
Mar 09 2015,44.04,44.44,44.04,44.15,38.52,1472500
Mar 06 2015,44.56,44.92,43.86,44.10,38.47,1877100
Mar 05 2015,44.83,44.97,44.59,44.79,39.07,2267900
Mar 04 2015,44.56,45.07,44.48,44.67,38.97,4791000
Mar 03 2015,44.59,45.17,44.39,44.83,39.11,2168600
Feb 27 2015,45.71,45.86,45.05,45.21,39.22,2685900
Feb 26 2015,46.46,46.71,45.75,45.79,39.72,2351300
Feb 25 2015,46.20,46.58,46.01,46.48,40.32,2037200
Feb 24 2015,45.63,46.26,45.60,46.14,40.03,1831600
Feb 23 2015,45.31,46.08,45.29,45.63,39.59,1860600
Feb 20 2015,45.60,45.62,44.97,45.28,39.28,1906000
Feb 19 2015,45.65,45.69,45.22,45.55,39.52,1384400
Feb 18 2015,45.09,45.71,44.81,45.69,39.64,2070300
Feb 17 2015,45.50,45.50,44.76,45.13,39.15,2017700
Feb 13 2015,43.53,45.85,43.45,45.59,39.55,4698700
Feb 12 2015,43.21,44.25,43.16,43.57,37.80,3931700
Feb 11 2015,43.80,43.89,43.32,43.71,37.92,2010300
Feb 10 2015,43.68,43.99,43.59,43.87,38.06,1628400
Feb 09 2015,43.12,43.74,43.08,43.43,37.68,1593600
Feb 06 2015,43.81,44.04,43.26,43.48,37.72,2257600
Feb 05 2015,43.97,44.17,43.70,43.98,38.15,1863500
Feb 04 2015,43.87,44.16,43.43,43.75,37.96,3014500
Feb 03 2015,43.80,44.46,43.76,44.15,38.30,3414300
Feb 02 2015,43.59,43.81,42.93,43.72,37.93,2645800
Jan 30 2015,44.03,44.34,43.50,43.56,37.79,3574800
Jan 29 2015,43.75,44.56,43.70,44.34,38.47,3002600
Jan 28 2015,44.38,44.43,43.71,43.80,38.00,1978900
Jan 27 2015,44.26,44.66,44.07,44.17,38.32,1555700
Jan 26 2015,44.71,44.81,44.46,44.70,38.78,1751500
Jan 23 2015,44.89,45.25,44.70,44.86,38.92,2100500
Jan 22 2015,44.16,45.25,43.86,45.13,39.15,3678500
Jan 21 2015,43.12,43.97,42.99,43.86,38.05,3564400
Jan 20 2015,43.05,43.41,42.72,43.31,37.57,2116100
Jan 16 2015,42.05,42.75,41.92,42.70,37.04,3234900
Jan 15 2015,42.91,43.11,42.19,42.20,36.61,5863700
Jan 14 2015,42.52,42.83,42.29,42.80,37.13,1566700
Jan 13 2015,43.12,43.61,42.49,42.99,37.30,1740800
Jan 12 2015,42.74,42.99,42.25,42.80,37.13,1610100
Jan 09 2015,43.38,43.47,42.65,42.72,37.06,1930800
Jan 08 2015,43.05,43.63,43.00,43.27,37.54,2344800
Jan 07 2015,42.92,43.02,42.39,42.79,37.12,3319000
Jan 06 2015,42.50,43.22,42.31,42.65,37.00,3367600
Jan 05 2015,44.47,44.58,43.48,43.59,37.82,2155800
Jan 02 2015,45.04,45.11,44.46,44.82,38.88,1435300
Dec 31 2014,45.26,45.47,44.70,44.73,38.81,1877600
Dec 30 2014,45.27,45.52,45.02,45.29,39.29,2158100
Dec 29 2014,45.55,45.79,45.44,45.49,39.46,2754600
Dec 26 2014,45.45,45.89,45.45,45.73,39.67,3170300
Dec 24 2014,45.19,45.56,45.19,45.40,39.39,868400
Dec 23 2014,44.75,45.72,44.64,45.19,39.20,2342100
Dec 22 2014,44.17,44.70,44.14,44.61,38.70,2667100
Dec 19 2014,44.54,44.93,44.00,44.27,38.41,8554900
Dec 18 2014,44.52,44.62,44.13,44.52,38.62,5078800
Dec 17 2014,43.73,44.02,43.44,43.80,38.00,4521700
Dec 16 2014,43.48,43.89,43.27,43.49,37.73,4987200
Dec 15 2014,43.67,43.95,43.14,43.41,37.66,5024600
Dec 12 2014,43.19,43.74,42.75,43.35,37.61,6334200
Dec 11 2014,42.73,43.25,42.51,43.06,37.36,8502400
Dec 10 2014,45.18,45.57,43.72,43.77,37.97,4411500
Dec 09 2014,43.75,45.44,43.61,45.17,39.19,6019400
Dec 08 2014,43.49,44.05,43.17,43.74,37.95,4182200
Dec 05 2014,42.73,43.81,42.73,43.53,37.76,3450600
Dec 04 2014,43.44,43.53,42.72,42.81,37.14,2629600
Dec 03 2014,42.69,43.82,42.16,43.76,37.96,4520000
Dec 02 2014,42.16,42.26,41.33,41.74,36.21,3493100
Dec 01 2014,41.72,42.37,41.60,42.26,36.66,4390000
Nov 28 2014,41.71,41.95,41.42,41.77,36.24,2706600
Nov 26 2014,41.21,41.74,41.08,41.71,36.19,3000100
Nov 25 2014,41.19,41.34,40.95,41.16,35.71,5028300
Nov 24 2014,41.31,41.36,40.81,41.16,35.71,3493700
Nov 21 2014,41.41,41.81,41.08,41.16,35.71,2668700
Nov 19 2014,41.77,42.03,41.61,41.68,35.94,2424200
Nov 18 2014,41.41,41.95,41.41,41.81,36.05,2227000
Nov 17 2014,41.58,41.71,41.33,41.55,35.83,2745800
Nov 14 2014,42.27,42.46,41.48,41.63,35.90,2794100
Nov 13 2014,43.21,43.21,42.28,42.40,36.56,2069700
Nov 12 2014,42.97,43.34,42.75,43.07,37.14,2467400
Nov 11 2014,42.98,43.09,42.54,42.99,37.07,1291900
Nov 10 2014,43.25,43.38,42.89,43.02,37.10,1693600
Nov 07 2014,43.32,43.73,43.15,43.34,37.37,1949800
Nov 06 2014,42.34,43.50,42.19,43.34,37.37,3709900
Nov 05 2014,42.06,42.55,41.93,42.28,36.46,2615600
Nov 04 2014,42.10,42.10,41.23,41.84,36.08,2283700
Nov 03 2014,42.60,42.79,42.10,42.19,36.38,1802900
Oct 31 2014,41.90,42.77,41.75,42.49,36.64,4794900
Oct 30 2014,40.88,41.55,40.88,41.40,35.70,7365600
Oct 29 2014,41.94,42.19,41.64,41.92,36.15,3438700
Oct 28 2014,42.36,42.42,41.80,42.05,36.26,2432700
Oct 27 2014,42.24,42.76,41.98,42.18,36.37,2818100
Oct 24 2014,41.98,42.89,41.87,42.30,36.47,3825200
Oct 23 2014,40.56,42.74,40.56,41.82,36.06,5180100
Oct 22 2014,43.20,43.34,42.64,42.70,36.82,3033300
Oct 21 2014,42.42,43.74,42.34,43.17,37.23,3328300
Oct 20 2014,41.85,42.25,41.71,42.15,36.35,1844200
Oct 17 2014,42.01,42.55,41.76,42.03,36.24,1892400
Oct 16 2014,41.12,41.96,40.92,41.59,35.86,2043500
Oct 15 2014,41.39,42.28,40.82,41.82,36.06,3529800
Oct 14 2014,43.01,43.10,42.03,42.12,36.32,4010300
Oct 13 2014,41.98,42.15,41.34,41.85,36.09,4261500
Oct 10 2014,41.66,42.69,41.59,41.70,35.96,4788900
Oct 09 2014,42.99,43.00,40.79,41.29,35.60,6326100
Oct 08 2014,41.88,43.04,41.43,43.01,37.09,3288600
Oct 07 2014,42.53,42.59,41.73,41.75,36.00,3506000
Oct 06 2014,43.54,43.63,42.89,42.92,37.01,2509500
Oct 03 2014,43.95,44.02,43.45,43.46,37.48,2872000
Oct 02 2014,43.78,44.10,43.44,43.72,37.70,2643100
Oct 01 2014,44.33,44.38,43.73,43.83,37.79,1886200
Sep 30 2014,44.70,44.92,44.19,44.33,38.23,1872500
Sep 29 2014,44.22,44.73,44.10,44.70,38.54,1209400
Sep 26 2014,43.99,44.69,43.91,44.64,38.49,1210800
Sep 25 2014,44.37,44.55,43.89,43.89,37.85,2939700
Sep 24 2014,44.36,44.72,44.14,44.43,38.31,2208900
Sep 23 2014,44.77,45.23,44.48,44.50,38.37,2187400
Sep 22 2014,44.99,45.04,44.23,44.75,38.59,2786400
Sep 19 2014,45.11,45.46,44.65,45.11,38.90,4380300
Sep 18 2014,44.55,44.91,43.94,44.49,38.36,2973600
Sep 17 2014,44.87,45.06,44.29,44.51,38.38,1886200
Sep 16 2014,44.51,44.83,44.20,44.72,38.56,2074300
Sep 15 2014,45.15,45.18,44.39,44.40,38.29,1920900
Sep 12 2014,45.65,45.73,44.91,45.05,38.85,1429000
Sep 11 2014,45.63,46.16,45.47,45.64,39.35,1679300
Sep 10 2014,46.19,46.19,45.57,45.77,39.47,910400
Sep 09 2014,46.68,46.68,46.00,46.07,39.73,937900
Sep 08 2014,46.65,46.87,46.47,46.67,40.24,833800
Sep 05 2014,46.24,46.86,45.98,46.71,40.28,1360500
Sep 04 2014,46.54,46.99,46.02,46.13,39.78,1830900
Sep 03 2014,46.88,47.06,46.15,46.43,40.04,1339200
Sep 02 2014,46.99,47.17,46.55,46.74,40.30,1232500
Aug 29 2014,46.86,47.02,46.58,46.99,40.52,960300
Aug 28 2014,46.69,46.96,46.54,46.72,40.29,935800
Aug 27 2014,46.84,47.10,46.64,46.76,40.32,1087500
Aug 26 2014,47.24,47.31,46.85,46.89,40.43,1291100
Aug 22 2014,48.09,48.24,47.38,47.44,40.69,1378000
Aug 21 2014,48.78,48.78,48.24,48.27,41.40,803300
Aug 20 2014,48.19,48.94,47.99,48.87,41.92,1112700
Aug 19 2014,48.18,48.50,48.05,48.11,41.27,712900
Aug 18 2014,47.69,48.20,47.61,48.13,41.28,1433100
Aug 15 2014,48.00,48.17,47.31,47.54,40.78,1322700
Aug 14 2014,47.71,47.98,47.61,47.85,41.04,1205500
Aug 13 2014,47.57,47.77,47.30,47.60,40.83,1016500
Aug 12 2014,47.44,47.72,47.09,47.34,40.61,805500
Aug 11 2014,47.31,47.52,47.08,47.40,40.66,1083800
Aug 08 2014,46.46,47.31,46.40,47.20,40.49,1149000
Aug 07 2014,46.57,46.78,46.23,46.34,39.75,1239800
Aug 06 2014,46.69,46.76,46.37,46.46,39.85,1534000
Aug 05 2014,46.72,47.26,46.50,46.99,40.31,2073900
Aug 04 2014,46.44,46.90,46.26,46.89,40.22,1652100
Aug 01 2014,46.27,46.61,45.97,46.37,39.77,2095300
Jul 31 2014,46.95,47.12,45.84,46.11,39.55,2104300
Jul 30 2014,47.23,47.53,47.00,47.38,40.64,2387900
Jul 29 2014,48.73,48.73,46.24,47.23,40.51,4405000
Jul 28 2014,47.79,48.81,47.51,48.77,41.83,2879800
Jul 25 2014,48.27,48.48,47.84,48.21,41.35,1021600
Jul 24 2014,48.44,48.69,48.34,48.39,41.51,1125800
Jul 23 2014,48.13,48.59,47.91,48.33,41.45,1464000
Jul 22 2014,48.25,48.40,48.00,48.06,41.22,998900
Jul 21 2014,48.03,48.10,47.63,47.91,41.09,833300
Jul 18 2014,47.86,48.15,47.61,48.03,41.20,1151100
Jul 17 2014,48.33,48.60,47.72,47.77,40.97,1223800
Jul 16 2014,48.70,48.89,48.36,48.50,41.60,1024500
Jul 15 2014,48.54,48.81,48.12,48.53,41.63,1208500
Jul 14 2014,48.99,48.99,48.53,48.67,41.75,890100
Jul 11 2014,48.49,48.70,48.21,48.63,41.71,777400
Jul 10 2014,48.29,48.56,48.13,48.46,41.57,958100
Jul 09 2014,48.85,48.93,48.64,48.87,41.92,1074200
Jul 08 2014,49.26,49.28,48.60,48.73,41.80,1167400
Jul 07 2014,49.33,49.54,49.23,49.35,42.33,2039600
Jul 03 2014,49.32,49.61,49.32,49.51,42.47,935200
Jul 02 2014,48.26,49.38,47.98,49.24,42.23,1548900
Jul 01 2014,48.64,49.44,48.49,49.17,42.17,2284400
Jun 30 2014,48.46,48.61,48.15,48.41,41.52,1858400
Jun 27 2014,48.21,48.67,48.21,48.42,41.53,4487700
Jun 26 2014,48.18,48.43,47.80,48.28,41.41,1238600
Jun 25 2014,48.15,48.59,48.10,48.23,41.37,1070900
Jun 24 2014,48.03,48.55,48.00,48.30,41.43,2042600
Jun 23 2014,48.17,48.46,47.37,48.30,41.43,1669300
Jun 20 2014,47.70,48.24,47.70,48.20,41.34,3747800
Jun 19 2014,47.27,47.71,47.21,47.52,40.76,2035400
Jun 18 2014,46.97,47.37,46.83,47.33,40.60,1867300
Jun 17 2014,46.34,47.26,46.32,46.92,40.25,2595400
Jun 16 2014,46.40,46.56,46.22,46.36,39.76,1666700
Jun 13 2014,46.89,46.93,46.30,46.39,39.79,1584300
Jun 12 2014,47.15,47.32,46.59,46.73,40.08,1586200
Jun 11 2014,47.23,47.34,47.08,47.20,40.49,1523100
Jun 10 2014,47.51,47.57,47.14,47.34,40.61,1560900
Jun 09 2014,47.68,47.94,47.51,47.59,40.82,1926000
Jun 06 2014,47.57,48.04,47.50,47.68,40.90,1749000
Jun 05 2014,47.29,47.49,47.22,47.40,40.66,1778100
Jun 04 2014,47.14,47.29,47.09,47.23,40.51,2470400
Jun 03 2014,47.40,47.49,46.94,47.05,40.36,8294400
May 30 2014,47.92,48.37,47.57,48.26,41.18,2105600
May 29 2014,47.71,48.13,47.70,48.10,41.04,961200
May 28 2014,48.13,48.38,47.68,47.69,40.69,871000
May 27 2014,47.82,48.14,47.72,48.03,40.98,1157900
May 23 2014,47.78,47.96,47.58,47.58,40.60,1572600
May 22 2014,47.54,47.89,47.32,47.78,40.77,1156600
May 21 2014,47.08,47.50,47.01,47.47,40.50,745300
May 20 2014,47.26,47.32,46.82,47.02,40.12,1300900
May 19 2014,46.65,47.39,46.53,47.28,40.34,1501200
May 16 2014,46.33,46.68,45.88,46.66,39.81,1024900
May 15 2014,47.17,47.25,45.86,46.44,39.63,1708800
May 14 2014,47.54,48.06,47.20,47.34,40.39,2276700
May 13 2014,47.11,47.53,47.02,47.36,40.41,1347900
May 12 2014,47.00,47.39,46.90,47.22,40.29,1290600
May 09 2014,46.76,47.27,46.71,46.85,39.98,1496400
May 08 2014,47.01,47.35,46.60,46.78,39.92,910700
May 07 2014,47.26,47.37,46.66,47.13,40.21,3528900
May 06 2014,46.99,47.38,46.86,47.10,40.19,1006200
May 05 2014,46.81,47.15,46.54,47.11,40.20,857400
May 02 2014,47.19,47.32,46.96,46.99,40.09,1246300
May 01 2014,47.01,47.50,46.86,47.18,40.26,2181200
Apr 30 2014,47.04,47.15,46.81,46.95,40.06,2423800
Apr 29 2014,46.60,47.48,46.52,46.99,40.09,3479700
Apr 28 2014,46.15,46.82,45.68,46.59,39.75,2341000
Apr 25 2014,46.25,46.25,45.78,45.99,39.24,1404300
Apr 24 2014,45.25,46.15,45.00,46.06,39.30,3080500
Apr 23 2014,45.09,45.38,44.92,45.14,38.52,1198400
Apr 22 2014,44.79,45.27,44.68,45.10,38.48,1268100
Apr 21 2014,44.76,44.81,44.37,44.79,38.22,795800
Apr 17 2014,44.08,44.89,44.04,44.83,38.25,1108100
Apr 16 2014,43.80,44.26,43.53,44.17,37.69,900300
Apr 15 2014,43.33,43.60,42.88,43.57,37.18,1265300
Apr 14 2014,43.08,43.52,42.78,43.26,36.91,979900
Apr 11 2014,42.80,43.24,42.54,42.68,36.42,1553100
Apr 10 2014,44.14,44.22,43.33,43.40,37.03,1427800
Apr 09 2014,43.49,44.14,43.27,44.12,37.65,1076300
Apr 08 2014,43.25,43.60,43.01,43.28,36.93,2042200
Apr 07 2014,44.27,44.35,43.10,43.20,36.86,2496600
Apr 04 2014,45.53,45.53,44.19,44.49,37.96,2092400
Apr 03 2014,45.30,45.57,45.00,45.31,38.66,1071300
Apr 02 2014,45.16,45.54,45.00,45.45,38.78,1375400
Apr 01 2014,44.63,45.21,44.63,45.19,38.56,1586300
Mar 31 2014,44.36,44.67,44.21,44.63,38.08,1296000
Mar 28 2014,44.53,44.54,44.03,44.26,37.77,949300
Mar 27 2014,43.89,44.48,43.89,44.12,37.65,1885600
Mar 26 2014,44.17,44.50,43.88,43.91,37.47,1271100
Mar 25 2014,44.55,44.57,44.09,44.15,37.67,2447400
Mar 24 2014,44.27,44.57,43.98,44.34,37.83,2474700
Mar 21 2014,44.17,44.17,43.75,44.08,37.61,4755800
Mar 20 2014,44.29,44.43,43.74,43.82,37.39,1720800
Mar 19 2014,44.50,44.69,43.87,44.24,37.75,2032600
Mar 18 2014,43.97,44.84,43.92,44.58,38.04,1698800
Mar 17 2014,44.01,44.29,43.84,43.92,37.48,2045500
Mar 14 2014,44.12,44.32,43.71,43.86,37.42,1861300
Mar 13 2014,45.32,45.37,43.82,44.14,37.66,2955100
Mar 12 2014,45.88,45.91,44.91,45.09,38.47,2254100
Mar 11 2014,46.25,46.39,45.81,46.19,39.41,2410700
Mar 10 2014,46.43,46.58,45.89,46.25,39.46,2022500
Mar 07 2014,46.13,46.63,45.78,46.28,39.49,3957200
Mar 06 2014,46.68,46.78,45.85,45.88,39.15,3705100
Mar 05 2014,46.23,46.91,46.15,46.25,39.46,14125400
Mar 04 2014,46.97,47.33,46.80,46.96,40.07,1315900
Feb 28 2014,46.94,47.45,46.81,47.34,40.22,1814900
Feb 27 2014,46.43,46.93,46.39,46.82,39.78,1254300
Feb 26 2014,46.41,46.72,46.11,46.40,39.42,1997500
Feb 25 2014,46.79,46.98,46.02,46.13,39.19,1746200
Feb 24 2014,46.54,47.01,46.42,46.71,39.68,1571700
Feb 21 2014,46.38,46.65,46.10,46.31,39.34,1211400
Feb 20 2014,46.43,46.60,46.05,46.40,39.42,1241800
Feb 19 2014,46.51,47.00,46.31,46.38,39.40,1884000
Feb 18 2014,45.59,46.61,45.52,46.56,39.56,3270700
Feb 14 2014,45.22,45.60,45.05,45.43,38.60,1669200
Feb 13 2014,44.82,45.35,43.92,45.27,38.46,2791000
Feb 12 2014,45.11,45.70,45.09,45.64,38.78,2373500
Feb 11 2014,45.02,45.35,44.37,45.00,38.23,2843900
Feb 10 2014,44.59,45.14,43.71,45.13,38.34,3298600
Feb 07 2014,43.66,44.30,43.48,44.18,37.53,1607200
Feb 06 2014,42.74,43.54,42.72,43.49,36.95,2083500
Feb 05 2014,41.82,42.69,41.72,42.48,36.09,2651300
Feb 04 2014,41.57,42.18,40.96,42.11,35.78,2987600
Feb 03 2014,42.17,42.26,40.88,41.04,34.87,2935300
Jan 31 2014,42.20,42.61,42.09,42.29,35.93,2811000
Jan 30 2014,42.42,43.12,42.38,42.95,36.49,1726700
Jan 29 2014,42.19,42.34,41.92,42.19,35.84,2427000
Jan 28 2014,42.90,43.43,42.36,42.49,36.10,2528100
Jan 27 2014,43.24,43.31,42.09,42.76,36.33,3425100
Jan 24 2014,44.56,44.59,43.24,43.24,36.74,1907000
Jan 23 2014,44.96,45.19,44.83,45.01,38.24,2035000
Jan 22 2014,45.19,45.38,45.02,45.33,38.51,1572100
Jan 21 2014,44.67,45.04,44.56,45.02,38.25,2166500
Jan 17 2014,44.10,44.47,43.57,44.42,37.74,3823900
Jan 16 2014,44.85,45.19,44.05,44.11,37.48,3023500
Jan 15 2014,44.38,44.45,43.93,44.27,37.61,1719200
Jan 14 2014,43.89,44.41,43.76,44.37,37.70,1692800
Jan 13 2014,44.09,44.27,43.66,43.68,37.11,2237400
Jan 10 2014,44.57,44.59,43.95,44.11,37.48,3554200
Jan 09 2014,45.03,45.03,44.08,44.31,37.65,2565000
Jan 08 2014,45.03,45.06,44.66,44.87,38.12,2827400
Jan 07 2014,45.30,45.35,45.00,45.03,38.26,1622700
Jan 06 2014,45.59,45.60,45.07,45.25,38.44,1477500
Jan 03 2014,45.22,45.52,45.22,45.35,38.53,1150400
Jan 02 2014,45.80,45.90,44.88,45.08,38.30,1904100
Dec 31 2013,45.70,46.20,45.65,45.89,38.99,1297900
Dec 30 2013,45.79,45.90,45.60,45.68,38.81,3024100
Dec 27 2013,46.04,46.04,45.59,45.70,38.83,925900
Dec 26 2013,45.82,46.06,45.76,45.93,39.02,999800
Dec 24 2013,45.50,45.74,45.50,45.64,38.78,541700
Dec 23 2013,45.95,46.02,45.45,45.55,38.70,2543000
Dec 20 2013,45.15,45.38,45.10,45.35,38.53,4201900
Dec 19 2013,45.09,45.48,44.98,45.13,38.34,4704600
Dec 18 2013,45.45,45.65,44.68,45.14,38.35,3877500
Dec 17 2013,45.58,45.65,45.06,45.15,38.36,2353200
Dec 16 2013,44.98,45.81,44.98,45.62,38.76,3435000
Dec 13 2013,43.35,45.84,43.29,45.62,38.76,5582000
Dec 12 2013,43.14,43.35,42.69,42.96,36.50,1818100
Dec 11 2013,43.70,44.01,43.27,43.30,36.79,2364800
Dec 10 2013,43.46,43.77,43.30,43.43,36.90,1969600
Dec 09 2013,43.69,43.83,43.49,43.65,37.08,1893900
Dec 06 2013,43.22,43.69,43.07,43.55,37.00,2396800
Dec 05 2013,42.83,42.91,42.52,42.70,36.28,1467600
Dec 04 2013,42.46,42.92,42.42,42.85,36.41,2331800
Dec 03 2013,42.71,42.82,42.38,42.68,36.26,2360200
Dec 02 2013,42.98,43.45,42.60,42.76,36.33,5410100
Nov 29 2013,43.23,43.33,42.96,43.16,36.67,1394000
Nov 27 2013,42.36,42.97,42.13,42.93,36.47,1892800
Nov 26 2013,42.13,42.56,42.00,42.51,36.12,3536200
Nov 25 2013,41.49,42.30,41.49,41.97,35.66,5074100
Nov 22 2013,39.94,41.65,39.65,41.12,34.94,17867200
Nov 21 2013,40.34,40.44,39.76,40.21,34.16,1244300
Nov 19 2013,40.42,40.92,40.41,40.70,34.41,1439300
Nov 18 2013,40.26,40.72,40.25,40.37,34.13,1106400
Nov 15 2013,39.98,40.34,39.77,40.34,34.10,1113300
Nov 14 2013,40.09,40.35,39.91,39.96,33.78,1846500
Nov 13 2013,39.68,40.23,39.60,40.19,33.98,2147600
Nov 12 2013,39.67,40.08,39.49,40.00,33.82,1472800
Nov 11 2013,39.80,40.10,39.52,39.66,33.53,1047700
Nov 08 2013,39.07,39.78,39.04,39.77,33.62,1044700
Nov 07 2013,39.64,39.86,38.99,39.11,33.06,1321500
Nov 06 2013,40.32,40.32,39.40,39.70,33.56,1709900
Nov 05 2013,39.55,39.78,39.46,39.48,33.38,1312300
Nov 04 2013,39.96,40.05,39.70,39.82,33.66,1134500
Nov 01 2013,39.79,40.06,39.59,39.94,33.77,1502900
Oct 31 2013,38.99,39.66,38.99,39.44,33.34,1433600
Oct 30 2013,39.30,39.75,38.98,39.09,33.05,935500
Oct 29 2013,39.24,39.51,39.07,39.50,33.39,1380500
Oct 28 2013,39.24,39.48,38.59,38.94,32.92,1484400
Oct 25 2013,38.93,39.26,38.83,39.04,33.00,1705700
Oct 24 2013,38.25,39.14,38.11,38.98,32.95,2775700
Oct 23 2013,38.24,38.50,36.95,38.29,32.37,3653900
Oct 22 2013,38.58,39.10,38.55,38.83,32.83,2554100
Oct 21 2013,38.44,38.73,38.44,38.68,32.70,1630400
Oct 18 2013,38.07,38.48,37.96,38.44,32.50,1537200
Oct 17 2013,37.12,38.01,37.01,37.91,32.05,1870600
Oct 16 2013,37.05,37.25,36.94,37.16,31.41,1444900
Oct 15 2013,37.40,37.40,36.85,36.85,31.15,1752600
Oct 14 2013,37.05,37.17,36.92,37.16,31.41,2888000
Oct 11 2013,37.28,37.33,37.02,37.24,31.48,1627700
Oct 10 2013,36.29,37.37,36.21,37.31,31.54,2133000
Oct 09 2013,36.05,36.24,35.95,36.11,30.53,1363600
Oct 08 2013,36.23,36.35,35.88,35.90,30.35,1511800
Oct 07 2013,36.24,36.43,35.86,36.21,30.61,1323000
Oct 04 2013,36.25,36.45,36.15,36.40,30.77,1458900
Oct 03 2013,36.50,36.50,36.25,36.32,30.70,1067700
Oct 02 2013,37.00,37.00,36.57,36.62,30.96,1721800
Oct 01 2013,37.12,37.22,36.46,37.13,31.39,1772600
Sep 30 2013,36.36,36.65,35.96,36.45,30.81,1943000
Sep 27 2013,36.47,36.47,36.14,36.32,30.70,1410900
Sep 26 2013,36.62,36.65,36.33,36.52,30.87,1495100
Sep 25 2013,36.65,36.88,36.52,36.56,30.91,1303200
Sep 24 2013,36.42,36.89,36.42,36.57,30.92,1917100
Sep 23 2013,36.34,36.61,36.17,36.38,30.76,2956800
Sep 20 2013,36.89,37.04,35.87,35.87,30.32,3867700
Sep 19 2013,36.78,37.30,36.66,37.18,31.43,3389000
Sep 18 2013,36.37,37.04,36.26,36.94,31.23,1438900
Sep 17 2013,35.67,36.50,35.63,36.39,30.76,1372400
Sep 16 2013,35.98,36.04,35.45,35.60,30.10,2154700
Sep 13 2013,35.60,35.75,35.44,35.56,30.06,1438300
Sep 12 2013,35.46,35.93,35.43,35.65,30.14,1755700
Sep 11 2013,35.31,35.51,35.30,35.45,29.97,1508700
Sep 10 2013,35.13,35.49,35.08,35.40,29.93,1744800
Sep 09 2013,35.03,35.24,34.99,35.08,29.66,1765400
Sep 06 2013,35.00,35.40,34.70,35.00,29.59,2583300
Sep 05 2013,34.54,34.94,34.54,34.83,29.45,1387700
Sep 04 2013,34.64,34.76,34.38,34.54,29.20,1891700
Sep 03 2013,34.81,34.97,34.51,34.67,29.31,1527200
Aug 30 2013,34.52,34.65,34.36,34.50,29.17,1650500
Aug 29 2013,34.10,34.63,33.97,34.53,29.19,1857300
Aug 28 2013,33.68,34.33,33.68,34.18,28.90,2026300
Aug 27 2013,33.99,34.19,33.67,33.76,28.54,1954500
Aug 26 2013,33.85,34.78,33.79,34.31,29.01,2888000
Aug 22 2013,33.68,33.97,33.42,33.89,28.48,1233700
Aug 21 2013,33.55,33.82,33.28,33.57,28.21,1869300
Aug 20 2013,33.01,34.27,33.01,33.66,28.29,2655600
Aug 19 2013,32.60,32.98,32.40,32.55,27.36,2024600
Aug 16 2013,32.57,33.02,32.47,32.73,27.51,1583100
Aug 15 2013,32.68,32.95,32.57,32.66,27.45,1414600
Aug 14 2013,33.15,33.33,32.55,32.87,27.62,2547000
Aug 13 2013,33.53,33.63,33.28,33.40,28.07,1708900
Aug 12 2013,33.01,33.52,32.89,33.42,28.09,1404300
Aug 09 2013,33.21,33.44,32.86,33.09,27.81,1428100
Aug 08 2013,33.26,33.55,32.81,32.85,27.61,1680100
Aug 07 2013,33.56,33.75,33.13,33.16,27.87,1880700
Aug 06 2013,33.70,33.82,33.52,33.69,28.31,1385600
Aug 05 2013,33.77,33.95,33.63,33.81,28.41,2121900
Aug 02 2013,33.41,33.84,33.34,33.74,28.36,3006500
Aug 01 2013,33.74,33.92,33.43,33.58,28.22,3084800
Jul 31 2013,33.66,33.88,33.40,33.42,28.09,1774500
Jul 30 2013,33.41,34.53,33.14,33.56,28.20,3904600
Jul 29 2013,33.06,33.48,33.05,33.35,28.03,1881800
Jul 26 2013,33.25,33.28,32.98,33.23,27.93,1205300
Jul 25 2013,33.11,33.39,33.11,33.25,27.94,1572300
Jul 24 2013,33.45,33.75,33.26,33.31,27.99,1684600
Jul 23 2013,33.40,33.51,33.18,33.30,27.99,2045300
Jul 22 2013,33.37,33.49,33.09,33.40,28.07,1187500
Jul 19 2013,33.31,33.42,32.89,33.20,27.90,2319300
Jul 18 2013,33.05,33.66,32.76,33.42,28.09,2728000
Jul 17 2013,33.88,34.14,32.63,32.97,27.71,5133100
Jul 16 2013,34.41,34.52,33.50,33.84,28.44,3803800
Jul 15 2013,34.47,34.76,34.44,34.44,28.94,2637200
Jul 12 2013,34.17,34.53,34.10,34.47,28.97,3444900
Jul 11 2013,33.77,34.27,33.69,34.26,28.79,3542400
Jul 10 2013,34.13,34.22,33.25,33.53,28.18,4989700
Jul 09 2013,35.14,35.26,34.19,34.23,28.77,3987200
Jul 08 2013,34.98,35.70,34.91,35.10,29.50,49549100
Jul 05 2013,34.04,34.80,33.90,34.70,29.16,4606200
Jul 03 2013,33.85,34.05,33.76,33.94,28.52,2291500
Jul 02 2013,34.62,34.75,33.88,33.97,28.55,9950000
Jul 01 2013,33.64,33.68,33.07,33.28,27.97,3545000
Jun 28 2013,34.17,34.26,33.55,33.59,28.23,7860200
Jun 27 2013,33.98,34.26,33.85,34.10,28.66,1243900
Jun 26 2013,34.01,34.03,33.13,33.79,28.40,2841200
Jun 25 2013,34.03,34.16,33.58,33.81,28.41,1413100
Jun 24 2013,33.75,34.01,33.24,33.92,28.51,1635400
Jun 21 2013,34.44,34.62,33.90,34.01,28.58,2490300
Jun 20 2013,34.72,34.88,34.30,34.44,28.94,2095900
Jun 19 2013,34.99,35.77,34.89,35.05,29.46,3461800
Jun 18 2013,34.67,35.24,34.60,35.08,29.48,1319600
Jun 17 2013,34.50,34.80,34.29,34.60,29.08,1679400
Jun 14 2013,34.29,34.48,34.20,34.33,28.85,1765300
Jun 13 2013,33.98,34.41,33.79,34.34,28.86,1287700
Jun 12 2013,34.02,34.13,33.87,33.92,28.51,1457400
Jun 11 2013,33.72,34.02,33.60,33.93,28.52,1249600
Jun 10 2013,34.30,34.31,33.97,33.98,28.56,1035500
Jun 07 2013,33.60,34.33,33.42,34.25,28.78,1267000
Jun 06 2013,33.33,33.62,33.16,33.62,28.26,1825800
Jun 05 2013,33.70,33.77,33.29,33.41,28.08,1499200
Jun 04 2013,33.94,34.05,33.60,33.65,28.28,1372000
Jun 03 2013,33.83,34.04,33.62,34.01,28.58,1941200
May 30 2013,33.92,34.11,33.71,33.89,28.35,1318500
May 29 2013,34.87,34.87,33.88,33.90,28.36,3620100
May 28 2013,35.01,35.28,34.69,34.93,29.22,1872900
May 24 2013,34.46,35.01,34.17,35.01,29.28,2600400
May 23 2013,34.44,34.54,34.01,34.48,28.84,1291300
May 22 2013,34.71,35.05,34.46,34.55,28.90,1842200
May 21 2013,35.26,35.34,34.78,34.86,29.16,2523400
May 20 2013,35.28,35.47,35.02,35.43,29.64,2558000
May 17 2013,35.00,35.49,34.84,35.28,29.51,2779400
May 16 2013,35.10,35.12,34.79,35.00,29.28,3417000
May 15 2013,34.92,35.10,34.75,34.99,29.27,6436500
May 14 2013,34.66,35.13,34.60,34.65,28.98,23288600
May 13 2013,35.56,36.25,35.00,35.01,29.28,4516500
May 10 2013,36.86,37.09,36.83,36.91,30.87,1287500
May 09 2013,36.49,36.88,36.44,36.80,30.78,1094000
May 08 2013,36.31,36.54,36.22,36.54,30.56,1697400
May 07 2013,36.07,36.41,35.97,36.27,30.34,1055800
May 06 2013,36.05,36.31,35.81,36.02,30.13,2092000
May 03 2013,35.44,35.76,35.44,35.64,29.81,875300
May 02 2013,35.47,35.52,35.11,35.33,29.55,2011300
May 01 2013,34.63,35.74,34.06,35.32,29.54,2144800
Apr 30 2013,34.20,34.71,34.03,34.62,28.96,2494600
Apr 29 2013,34.47,34.64,33.92,34.23,28.63,2384100
Apr 26 2013,34.75,34.99,34.41,34.74,29.06,1389700
Apr 25 2013,35.50,36.74,34.47,34.63,28.97,3047600
Apr 24 2013,34.37,34.59,33.37,34.37,28.75,1744200
Apr 23 2013,34.52,34.58,33.95,34.42,28.79,1132900
Apr 22 2013,34.90,34.92,34.27,34.43,28.80,1711600
Apr 19 2013,35.00,35.00,34.47,34.95,29.23,1072000
Apr 18 2013,35.00,35.00,34.60,34.72,29.04,1336200
Apr 17 2013,35.02,35.06,34.66,34.95,29.23,1229000
Apr 16 2013,34.95,35.12,34.86,35.07,29.33,559700
Apr 15 2013,35.25,35.45,34.62,34.68,29.01,844500
Apr 12 2013,35.81,35.84,35.34,35.49,29.69,643100
Apr 11 2013,35.58,35.94,35.41,35.84,29.98,1264000
Apr 10 2013,35.02,35.56,34.94,35.50,29.69,758600
Apr 09 2013,34.91,35.05,34.79,34.91,29.20,782400
Apr 08 2013,34.54,34.93,34.54,34.85,29.15,742500
Apr 05 2013,34.59,34.85,34.50,34.61,28.95,906000
Apr 04 2013,35.09,35.15,34.84,34.95,29.23,433600
Apr 03 2013,35.23,35.45,34.71,35.03,29.30,1186200
Apr 02 2013,35.55,35.55,35.17,35.35,29.57,1119300
Apr 01 2013,35.52,35.70,35.05,35.38,29.59,1207200
Mar 28 2013,35.13,35.84,35.07,35.82,29.96,1402000
Mar 27 2013,34.76,35.18,34.64,35.16,29.41,704200
Mar 26 2013,34.77,34.99,34.70,34.97,29.25,588900
Mar 25 2013,34.75,34.87,34.32,34.57,28.92,613100
Mar 22 2013,34.61,34.64,34.21,34.63,28.97,671000
Mar 21 2013,34.56,34.64,34.21,34.45,28.82,771200
Mar 20 2013,34.61,34.70,34.42,34.66,28.99,716500
Mar 19 2013,34.85,35.00,34.21,34.49,28.85,788500
Mar 18 2013,34.42,34.61,34.15,34.60,28.94,763400
Mar 15 2013,34.83,34.83,34.18,34.66,28.99,1883600
Mar 14 2013,34.81,34.83,34.48,34.63,28.97,845100
Mar 13 2013,34.79,34.79,34.47,34.73,29.05,713800
Mar 12 2013,34.96,34.99,34.26,34.69,29.02,1209600
Mar 11 2013,34.84,34.84,34.50,34.83,29.13,752100
Mar 08 2013,34.48,35.18,34.06,34.89,29.18,2683100
Mar 07 2013,34.55,34.62,34.19,34.30,28.69,1281300
Mar 06 2013,34.44,34.61,34.35,34.61,28.95,1183100
Mar 05 2013,34.10,34.32,33.90,34.18,28.59,1091200
Mar 04 2013,33.68,33.92,33.41,33.91,28.36,1213200
Feb 28 2013,33.70,33.85,33.27,33.69,28.05,2188800
Feb 27 2013,32.91,33.77,32.86,33.77,28.11,3240100
Feb 26 2013,32.37,33.08,32.21,32.97,27.45,1877300
Feb 25 2013,32.43,32.95,32.32,32.43,27.00,1980700
Feb 22 2013,32.00,32.28,31.69,32.26,26.86,1637100
Feb 21 2013,32.28,32.28,31.55,31.87,26.53,2729500
Feb 20 2013,32.72,32.94,32.19,32.25,26.85,2111100
Feb 19 2013,32.50,33.23,32.49,32.69,27.22,4306900
Feb 15 2013,32.56,32.75,32.16,32.40,26.97,19895500
Feb 14 2013,31.40,33.12,31.38,32.55,27.10,3211000
Feb 13 2013,33.20,33.86,33.01,33.72,28.07,1500200
Feb 12 2013,32.86,33.98,32.80,33.26,27.69,3831200
Feb 11 2013,32.75,32.87,32.11,32.67,27.20,2666600
Feb 08 2013,32.86,32.91,32.49,32.81,27.32,1568900
Feb 07 2013,32.24,32.86,32.24,32.71,27.23,1853700
Feb 06 2013,32.11,32.32,32.04,32.30,26.89,1343700
Feb 05 2013,32.06,32.44,31.87,32.31,26.90,986200
Feb 04 2013,32.39,32.39,31.86,31.97,26.62,2807300
Feb 01 2013,32.75,32.86,32.50,32.54,27.09,1224900
Jan 31 2013,32.37,32.71,32.37,32.51,27.07,867900
Jan 30 2013,32.56,32.69,32.49,32.54,27.09,1349500
Jan 29 2013,32.39,32.57,32.27,32.51,27.07,1491200
Jan 28 2013,32.14,32.66,32.12,32.54,27.09,1079200
Jan 25 2013,32.13,32.29,31.90,32.14,26.76,862100
Jan 24 2013,31.67,32.27,31.67,32.18,26.79,993700
Jan 23 2013,31.26,31.80,31.00,31.70,26.39,715000
Jan 22 2013,31.56,31.60,31.30,31.50,26.22,717000
Jan 18 2013,31.36,31.70,31.08,31.63,26.33,569700
Jan 17 2013,31.18,31.39,31.12,31.28,26.04,367100
Jan 16 2013,31.19,31.32,31.08,31.10,25.89,375200
Jan 15 2013,31.10,31.32,31.05,31.32,26.08,595000
Jan 14 2013,31.10,31.18,30.96,31.14,25.93,422500
Jan 11 2013,30.97,31.19,30.79,31.16,25.94,755200
Jan 10 2013,31.19,31.19,30.80,30.90,25.73,792900
Jan 09 2013,31.17,31.36,30.96,31.02,25.83,610200
Jan 08 2013,31.44,31.54,30.90,31.19,25.97,1152200
Jan 07 2013,30.96,31.91,30.96,31.55,26.27,942600
Jan 04 2013,30.83,31.21,30.69,31.19,25.97,513600
Jan 03 2013,30.90,31.15,30.83,30.84,25.68,632100
Jan 02 2013,31.00,31.20,30.80,30.99,25.80,1081400
Dec 31 2012,30.35,30.64,30.14,30.59,25.47,819900
Dec 28 2012,30.17,30.37,30.14,30.26,25.19,469200
Dec 27 2012,30.43,30.49,30.18,30.31,25.23,633700
Dec 26 2012,30.37,30.43,30.16,30.36,25.28,2265500
Dec 24 2012,30.46,30.48,30.31,30.40,25.31,224400
Dec 21 2012,30.67,30.70,30.22,30.59,25.47,777300
Dec 20 2012,30.53,30.85,30.35,30.80,25.64,2002700
Dec 19 2012,30.84,31.00,30.42,30.54,25.43,1199900
Dec 18 2012,30.00,30.96,29.85,30.92,25.74,8109800
Dec 17 2012,29.76,29.76,29.40,29.62,24.66,1288500
Dec 14 2012,29.28,29.80,29.24,29.65,24.68,1934800
Dec 13 2012,29.24,29.57,29.07,29.40,24.48,1631000
Dec 12 2012,29.38,29.57,29.27,29.28,24.38,1531100
Dec 11 2012,29.27,29.50,29.27,29.41,24.48,937700
Dec 10 2012,27.64,29.38,27.57,29.25,24.35,1237700
Dec 07 2012,28.77,29.36,28.77,29.24,24.34,1221000
Dec 06 2012,28.50,29.04,28.50,28.90,24.06,1489300
Dec 05 2012,28.48,28.73,28.25,28.48,23.71,642000
Dec 04 2012,28.19,28.49,28.19,28.48,23.71,758200
Dec 03 2012,28.36,28.54,28.12,28.26,23.53,528100
Nov 30 2012,28.41,28.47,28.09,28.32,23.58,792600
Nov 29 2012,28.29,28.59,28.12,28.48,23.71,631800
Nov 28 2012,27.90,28.21,27.73,28.17,23.45,761900
Nov 27 2012,28.18,28.41,27.90,28.06,23.36,1269800
Nov 26 2012,28.27,28.54,28.16,28.26,23.53,840800
Nov 23 2012,28.15,28.40,27.89,28.26,23.53,377300
Nov 21 2012,27.61,28.18,27.40,28.05,23.35,2140200
Nov 20 2012,27.71,27.85,27.32,27.56,22.94,1733700
Nov 19 2012,27.91,27.93,27.30,27.68,23.04,1281100
Nov 16 2012,27.81,27.98,27.51,27.64,23.01,791500
Nov 15 2012,28.17,28.37,27.56,27.66,23.03,1009700
Nov 14 2012,28.71,28.87,28.00,28.17,23.45,1129400
Nov 13 2012,28.81,29.00,28.53,28.58,23.79,659600
Nov 12 2012,28.91,29.11,28.76,28.91,24.07,618500
Nov 09 2012,29.08,29.08,28.70,28.79,23.97,1004600
Nov 08 2012,29.30,29.45,29.03,29.03,24.17,791900
Nov 07 2012,29.48,29.60,29.17,29.36,24.44,790100
Nov 06 2012,29.55,29.66,29.20,29.61,24.65,872900
Nov 05 2012,29.64,29.75,29.25,29.44,24.51,827300
Nov 02 2012,29.72,30.00,29.66,29.77,24.78,1379000
Nov 01 2012,29.00,29.58,28.94,29.58,24.63,1292900
Oct 31 2012,28.75,29.00,28.75,28.92,24.08,998700
Oct 26 2012,28.52,28.96,28.39,28.92,24.08,1406000
Oct 25 2012,28.50,28.73,28.44,28.47,23.70,1078500
Oct 24 2012,29.14,29.17,28.25,28.35,23.60,1146800
Oct 23 2012,29.67,29.67,28.70,29.02,24.16,1716400
Oct 22 2012,29.24,30.40,28.64,29.65,24.68,6004400
Oct 19 2012,31.32,31.49,31.19,31.45,26.18,1470100
Oct 18 2012,31.86,31.87,31.27,31.30,26.06,2147600
Oct 17 2012,31.00,32.07,31.00,31.80,26.47,3339000
Oct 16 2012,30.85,31.73,30.81,31.60,26.31,2385100
Oct 15 2012,30.65,30.98,30.49,30.95,25.77,626100
Oct 12 2012,30.72,30.81,30.36,30.77,25.62,683000
Oct 11 2012,30.55,30.84,30.47,30.67,25.53,1003300
Oct 10 2012,30.34,30.48,30.22,30.44,25.34,597300
Oct 09 2012,30.64,30.74,30.23,30.27,25.20,438700
Oct 08 2012,30.73,30.84,30.45,30.62,25.49,637400
Oct 05 2012,30.29,31.18,30.29,30.79,25.63,1610000
Oct 04 2012,30.35,30.51,30.32,30.45,25.35,807200
Oct 03 2012,30.22,30.39,30.06,30.32,25.24,471200
Oct 02 2012,29.85,30.25,29.84,30.22,25.16,578600
Oct 01 2012,30.00,30.23,29.61,29.73,24.75,1138000
Sep 28 2012,29.59,30.20,29.50,29.98,24.96,806000
Sep 27 2012,29.43,29.74,29.30,29.73,24.75,666500
Sep 26 2012,29.50,29.59,29.23,29.43,24.50,1099200
Sep 25 2012,30.00,30.04,29.48,29.53,24.58,912600
Sep 24 2012,30.29,30.48,29.94,29.98,24.96,910100
Sep 21 2012,30.31,30.50,30.09,30.47,25.37,1706400
Sep 20 2012,29.94,30.30,29.87,30.24,25.18,788600
Sep 19 2012,30.18,30.31,29.84,30.17,25.12,661500
Sep 18 2012,29.57,30.28,29.50,30.01,24.98,1824800
Sep 17 2012,29.41,29.87,29.40,29.72,24.74,1418800
Sep 14 2012,29.48,29.67,29.44,29.50,24.56,1369600
Sep 13 2012,29.62,29.81,29.39,29.51,24.57,1743500
Sep 12 2012,28.50,29.61,28.46,29.60,24.64,2155000
Sep 11 2012,28.41,28.67,28.39,28.43,23.67,2285300
Sep 10 2012,28.38,28.53,28.33,28.33,23.59,536100
Sep 07 2012,28.61,28.80,28.42,28.50,23.73,901300
Sep 06 2012,28.64,29.04,28.38,28.62,23.83,973400
Sep 05 2012,28.36,28.67,28.36,28.58,23.79,480400
Sep 04 2012,28.10,29.00,27.94,28.41,23.65,924400
Aug 31 2012,28.20,28.27,28.01,28.04,23.34,661100
Aug 30 2012,28.00,28.30,27.94,28.15,23.44,467000
Aug 29 2012,28.00,28.26,27.81,28.07,23.37,980400
Aug 28 2012,28.25,28.44,28.16,28.19,23.47,321900
Aug 27 2012,28.24,28.49,28.22,28.31,23.57,424100
Aug 24 2012,27.98,28.46,27.95,28.26,23.53,393000
Aug 23 2012,28.38,28.38,27.96,28.01,23.32,667500
Aug 22 2012,28.31,28.55,28.20,28.38,23.63,535800
Aug 21 2012,28.67,28.75,28.40,28.48,23.71,624800
Aug 20 2012,28.70,28.78,28.43,28.67,23.87,383100
Aug 17 2012,28.69,28.81,28.64,28.78,23.96,451000
Aug 16 2012,28.56,28.78,28.52,28.77,23.95,491600
Aug 15 2012,28.39,28.76,28.36,28.60,23.81,780500
Aug 14 2012,28.84,28.86,28.33,28.47,23.70,868300
Aug 13 2012,28.88,29.08,28.75,28.85,24.02,814800
Aug 10 2012,29.01,29.20,28.81,28.98,24.13,565400
Aug 09 2012,28.66,29.12,28.47,29.01,24.15,1046800
Aug 08 2012,28.61,28.75,28.47,28.63,23.84,752200
Aug 07 2012,29.07,29.08,28.57,28.71,23.90,689200
Aug 06 2012,29.24,29.30,28.94,29.02,24.16,1066300
Aug 03 2012,29.10,29.43,28.92,29.19,24.30,593700
Aug 02 2012,28.29,29.11,28.29,28.88,24.04,960400
Aug 01 2012,28.64,28.86,28.37,28.53,23.75,971100
Jul 31 2012,28.30,28.53,27.96,28.50,23.73,1208500
Jul 30 2012,27.99,28.43,27.95,28.37,23.62,1386300
Jul 27 2012,28.00,28.10,27.88,28.05,23.35,1993300
Jul 26 2012,27.75,28.06,27.52,27.98,23.29,2151200
Jul 25 2012,25.25,27.73,25.25,27.53,22.92,3148000
Jul 24 2012,25.71,25.81,25.02,25.03,20.84,824200
Jul 23 2012,25.53,25.74,25.08,25.66,21.36,568900
Jul 20 2012,25.93,26.02,25.71,25.76,21.45,538500
Jul 19 2012,26.00,26.12,25.78,25.99,21.64,610800
Jul 18 2012,25.98,26.23,25.88,25.97,21.62,999900
Jul 17 2012,26.17,26.32,25.91,26.05,21.69,1064900
Jul 16 2012,26.34,26.34,25.98,26.17,21.79,297200
Jul 13 2012,26.22,26.50,26.10,26.32,21.91,680300
Jul 12 2012,26.22,26.23,25.87,26.09,21.72,1085700
Jul 11 2012,26.33,26.51,26.20,26.26,21.86,456200
Jul 10 2012,26.81,26.86,26.30,26.35,21.94,795900
Jul 09 2012,26.50,26.78,26.40,26.77,22.29,762600
Jul 06 2012,26.47,26.72,26.47,26.64,22.18,693500
Jul 05 2012,26.52,26.80,26.48,26.56,22.11,631400
Jul 03 2012,26.49,26.69,26.42,26.57,22.12,319400
Jul 02 2012,26.27,26.47,25.96,26.45,22.02,1058600
Jun 29 2012,26.00,26.31,25.94,26.22,21.83,1004600
Jun 28 2012,25.89,26.12,25.44,25.63,21.34,913100
Jun 27 2012,26.04,26.19,25.14,25.96,21.61,3037200
Jun 26 2012,26.48,26.51,25.79,25.91,21.57,2478700
Jun 25 2012,26.47,26.62,26.08,26.48,22.05,773700
Jun 22 2012,27.53,27.57,26.91,26.96,22.45,3144200
Jun 21 2012,27.86,27.90,27.41,27.49,22.89,567400
Jun 20 2012,27.64,27.99,27.46,27.77,23.12,1182400
Jun 19 2012,27.06,27.62,27.06,27.59,22.97,1093800
Jun 18 2012,26.80,27.22,26.50,26.98,22.46,969900
Jun 15 2012,27.36,27.48,26.38,26.81,22.32,2876500
Jun 14 2012,27.54,27.72,27.25,27.37,22.79,1913100
Jun 13 2012,26.69,27.76,26.68,27.37,22.79,3032000
Jun 12 2012,27.50,27.84,27.46,27.78,23.13,763200
Jun 11 2012,27.29,27.68,27.08,27.43,22.84,1500300
Jun 08 2012,27.37,27.37,26.77,27.01,22.49,1424700
Jun 07 2012,27.64,27.74,27.29,27.34,22.76,890600
Jun 06 2012,27.43,27.62,27.39,27.52,22.91,765500
Jun 05 2012,27.24,27.48,27.24,27.32,22.74,964400
Jun 04 2012,27.34,27.56,26.97,27.35,22.77,910900
Jun 01 2012,27.42,27.52,26.84,27.35,22.77,2336300
May 31 2012,27.63,27.79,27.21,27.74,23.09,1727600
May 30 2012,27.97,27.97,27.50,27.67,23.04,1132400
May 29 2012,27.81,28.12,27.70,28.09,23.39,959100
May 25 2012,27.63,27.86,27.58,27.74,23.09,386000
May 24 2012,27.48,27.89,27.38,27.69,23.05,517900
May 23 2012,27.51,27.71,27.18,27.36,22.78,969000
May 22 2012,27.83,28.14,27.67,27.82,23.16,1075400
May 21 2012,27.65,27.90,27.49,27.77,23.12,917800
May 18 2012,27.21,27.93,27.18,27.50,22.89,1056000
May 17 2012,28.29,28.44,27.07,27.18,22.63,1313800
May 16 2012,28.06,28.62,28.02,28.18,23.46,1545100
May 15 2012,28.09,28.13,27.63,28.06,23.36,2144200
May 14 2012,28.41,28.49,28.00,28.04,23.34,965800
May 11 2012,28.61,29.00,28.41,28.57,23.79,1036200
May 10 2012,29.07,29.29,28.66,28.68,23.88,1910200
May 09 2012,29.00,29.06,28.73,28.94,24.09,1011000
May 08 2012,29.00,29.25,28.50,29.22,24.33,1232000
May 07 2012,29.63,29.70,28.95,29.07,24.20,1274700
May 04 2012,29.24,30.35,29.24,29.60,24.64,2039800
May 03 2012,29.12,29.37,28.95,29.26,24.36,711000
May 02 2012,29.10,29.27,28.94,29.13,24.25,726500
May 01 2012,29.19,29.87,29.08,29.12,24.24,959400
Apr 30 2012,29.26,29.41,28.70,29.22,24.33,906000
Apr 27 2012,29.65,29.85,29.34,29.37,24.45,685700
Apr 26 2012,29.23,29.93,29.05,29.57,24.62,1283500
Apr 25 2012,29.68,30.27,28.85,29.17,24.29,2159800
Apr 24 2012,28.97,29.32,28.74,29.27,24.37,1963600
Apr 23 2012,28.84,29.11,28.81,28.92,24.08,1261800
Apr 20 2012,28.88,29.65,28.85,29.24,24.34,1635200
Apr 19 2012,28.77,28.95,28.61,28.71,23.90,1946500
Apr 18 2012,29.04,29.09,28.09,28.91,24.07,2708300
Apr 17 2012,29.15,29.44,29.07,29.13,24.25,594900
Apr 16 2012,29.24,29.37,28.84,28.96,24.11,1005600
Apr 13 2012,29.27,29.42,28.90,29.19,24.30,994300
Apr 12 2012,29.16,29.68,29.15,29.43,24.50,580100
Apr 11 2012,29.38,29.64,29.07,29.18,24.29,1324600
Apr 10 2012,29.65,29.88,29.11,29.18,24.29,1429300
Apr 09 2012,29.41,29.66,29.11,29.63,24.67,780900
Apr 05 2012,29.90,29.95,29.40,29.76,24.78,892200
Apr 04 2012,30.10,30.12,29.57,30.00,24.98,1421500
Apr 03 2012,30.06,30.29,29.89,30.29,25.22,1731800
Apr 02 2012,30.07,30.25,29.96,30.17,25.12,1089900
Mar 30 2012,29.75,30.22,29.59,30.14,25.09,2244000
Mar 29 2012,29.65,29.75,29.27,29.55,24.60,1556200
Mar 28 2012,30.20,30.29,29.51,29.82,24.83,2386700
Mar 27 2012,30.32,30.51,29.79,30.30,25.23,3004300
Mar 26 2012,30.51,30.62,30.29,30.42,25.33,798500
Mar 23 2012,30.06,30.45,29.70,30.43,25.33,2164600
Mar 22 2012,30.36,30.50,30.09,30.10,25.06,1731000
Mar 21 2012,30.55,30.82,30.06,30.50,25.39,23929000
Mar 20 2012,30.07,31.10,29.95,30.63,25.50,1933000
Mar 19 2012,29.25,30.50,29.14,30.27,25.20,1462300
Mar 16 2012,30.14,30.45,30.05,30.40,25.31,367200
Mar 15 2012,29.77,30.20,29.71,30.15,25.10,700500
Mar 14 2012,29.82,29.99,29.54,29.81,24.82,777100
Mar 13 2012,29.56,29.82,29.48,29.78,24.79,620300
Mar 12 2012,29.49,29.60,29.33,29.53,24.58,320100
Mar 09 2012,29.73,29.75,29.45,29.49,24.55,294800
Mar 08 2012,29.50,29.75,29.33,29.65,24.68,821500
Mar 07 2012,29.17,29.57,29.06,29.19,24.30,734800
Mar 06 2012,29.25,29.42,28.86,29.19,24.30,529800
Mar 05 2012,29.50,29.67,29.33,29.52,24.58,891800
Mar 02 2012,29.45,29.58,29.17,29.50,24.56,811700
Mar 01 2012,29.53,29.56,29.41,29.54,24.59,816400
Feb 29 2012,29.39,29.57,29.10,29.49,24.55,1229700
Feb 28 2012,28.88,29.42,28.56,29.28,24.38,1103300
Feb 27 2012,27.68,28.91,27.62,28.81,23.99,1555600
Feb 24 2012,27.86,27.92,27.09,27.90,23.23,671300
Feb 23 2012,27.78,28.00,27.65,27.94,23.26,523300
Feb 22 2012,28.04,28.28,27.41,27.83,23.17,1081300
Feb 21 2012,28.30,28.55,27.95,28.02,23.33,620100
Feb 17 2012,28.45,28.52,28.16,28.28,23.54,365100
Feb 16 2012,27.96,28.49,27.52,28.44,23.68,785400
Feb 15 2012,27.50,28.37,27.48,27.82,23.16,1412400
Feb 14 2012,27.15,27.57,26.57,27.31,22.74,3718000
Feb 13 2012,28.52,28.68,27.33,27.44,22.84,1931500
Feb 10 2012,28.26,28.62,28.05,28.47,23.70,902800
Feb 09 2012,28.60,28.66,28.12,28.39,23.64,475700
Feb 08 2012,28.20,28.67,28.18,28.48,23.71,1490500
Feb 07 2012,28.55,28.73,27.95,28.09,23.39,1260100
Feb 06 2012,29.24,29.95,28.00,28.85,24.02,1428200
Feb 03 2012,29.00,30.27,29.00,30.22,25.16,733400
Feb 02 2012,29.17,29.35,28.58,28.74,23.93,587600
Feb 01 2012,29.00,29.37,28.88,28.98,24.13,1959700
Jan 31 2012,29.11,29.35,28.71,28.98,24.13,588700
Jan 30 2012,28.94,29.18,28.85,29.01,24.15,493000
Jan 27 2012,28.89,29.41,28.84,29.18,24.29,548300
Jan 26 2012,28.66,29.48,28.62,29.06,24.19,498200
Jan 25 2012,28.70,28.86,28.42,28.62,23.83,304400
Jan 24 2012,28.86,28.97,28.40,28.67,23.87,303300
Jan 23 2012,28.14,29.04,28.12,28.98,24.13,327800
Jan 20 2012,28.52,28.66,27.74,28.09,23.39,452400
Jan 19 2012,29.35,29.65,28.66,28.70,23.89,402100
Jan 18 2012,29.33,29.47,29.18,29.36,24.44,239100
Jan 17 2012,28.75,29.80,28.67,29.33,24.42,771800
Jan 13 2012,29.11,29.17,28.40,28.50,23.73,723500
Jan 12 2012,29.60,29.75,29.22,29.26,24.36,372400
Jan 11 2012,29.44,29.74,29.44,29.58,24.63,355400
Jan 10 2012,29.80,30.04,29.48,29.60,24.64,518900
Jan 09 2012,29.40,29.44,28.95,29.24,24.34,285800
Jan 06 2012,29.26,29.60,28.96,29.32,24.41,404800
Jan 05 2012,28.75,29.49,28.75,29.35,24.43,361500
Jan 04 2012,28.76,29.63,28.58,29.29,24.38,500600
Jan 03 2012,29.99,30.50,29.66,29.93,24.92,824500
Dec 30 2011,29.70,29.99,29.58,29.69,24.72,262100
Dec 29 2011,29.52,30.06,29.40,29.65,24.68,393400
Dec 28 2011,29.70,29.87,29.38,29.54,24.59,282800
Dec 27 2011,29.69,29.80,29.07,29.74,24.76,260000
Dec 23 2011,29.81,30.11,29.51,29.87,24.87,250900
Dec 22 2011,29.75,29.94,29.04,29.82,24.83,536300
Dec 21 2011,29.35,29.97,29.20,29.78,24.79,667900
Dec 20 2011,28.73,29.49,28.56,29.47,24.53,669800
Dec 19 2011,27.98,28.71,27.09,28.35,23.60,799100
Dec 16 2011,27.90,28.39,27.55,27.80,23.14,2231500
Dec 15 2011,28.05,28.07,27.47,27.86,23.19,1484700
Dec 14 2011,28.22,28.46,27.66,27.89,23.22,569600
Dec 13 2011,28.84,29.03,28.38,28.50,23.73,455700
Dec 12 2011,28.39,28.84,28.12,28.72,23.91,237600
Dec 09 2011,28.15,28.79,27.74,28.71,23.90,996300
Dec 08 2011,28.66,28.94,27.96,28.10,23.39,288300
Dec 07 2011,28.71,28.95,28.35,28.85,24.02,397900
Dec 06 2011,29.70,29.80,28.82,28.88,24.04,494600
Dec 05 2011,30.05,30.45,29.56,29.70,24.73,430500
Dec 02 2011,29.53,29.98,29.20,29.86,24.86,466600
Dec 01 2011,28.91,29.65,28.91,29.37,24.45,364600
Nov 30 2011,29.45,29.45,28.69,29.05,24.19,1304000
Nov 29 2011,29.06,29.17,28.27,28.65,23.85,445800
Nov 28 2011,29.10,29.32,28.90,29.02,24.16,395800
Nov 25 2011,28.39,28.76,28.06,28.51,23.74,139400
Nov 23 2011,29.08,29.08,28.24,28.46,23.69,228500
Nov 22 2011,28.69,29.55,28.54,29.22,24.33,375400
Nov 21 2011,28.26,28.94,28.14,28.68,23.88,503100
Nov 18 2011,28.94,29.00,28.55,28.56,23.78,269900
Nov 17 2011,30.07,30.11,28.81,28.88,24.04,384600
Nov 16 2011,30.70,30.70,29.90,30.09,25.05,511700
Nov 15 2011,30.92,31.45,30.46,30.99,25.80,935100
Nov 14 2011,30.15,30.96,29.86,30.93,25.75,543100
Nov 11 2011,30.17,30.37,29.92,30.31,25.23,245700
Nov 10 2011,29.76,30.02,29.61,30.01,24.98,460200
Nov 09 2011,29.73,30.00,29.39,29.48,24.54,454100
Nov 08 2011,30.19,30.44,29.80,30.25,25.18,546700
Nov 07 2011,29.42,30.46,29.32,30.05,25.02,416400
Nov 04 2011,28.69,29.50,28.55,29.47,24.53,385800
Nov 03 2011,28.83,29.03,28.51,28.93,24.09,146700
Nov 02 2011,28.79,29.15,28.41,28.70,23.89,331200
Nov 01 2011,28.61,28.90,28.37,28.74,23.93,459000
Oct 31 2011,29.11,29.74,28.46,29.35,24.43,1023300
Oct 28 2011,29.07,30.26,28.97,29.45,24.52,2017000
Oct 27 2011,28.78,30.34,28.00,29.88,24.88,1039400
Oct 26 2011,28.38,28.56,27.25,27.39,22.80,447800
Oct 25 2011,28.68,28.92,28.06,28.18,23.46,618500
Oct 24 2011,28.99,29.12,28.68,28.78,23.96,276500
Oct 21 2011,28.93,29.25,28.83,28.98,24.13,699600
Oct 20 2011,28.08,28.82,27.39,28.81,23.99,518900
Oct 19 2011,28.11,28.47,27.86,28.18,23.46,769000
Oct 18 2011,27.91,28.69,27.15,28.30,23.56,467200
Oct 17 2011,28.02,28.22,27.63,28.04,23.34,278500
Oct 14 2011,28.30,28.44,27.90,28.22,23.49,497700
Oct 13 2011,27.56,28.08,27.45,27.95,23.27,594000
Oct 12 2011,27.29,27.84,27.13,27.70,23.06,616200
Oct 11 2011,27.35,27.48,26.90,27.08,22.55,652000
Oct 10 2011,27.62,27.78,27.03,27.50,22.89,704100
Oct 07 2011,27.72,27.74,27.04,27.29,22.72,333800
Oct 06 2011,26.60,27.70,26.26,27.38,22.79,1575400
Oct 05 2011,26.21,26.93,26.05,26.53,22.09,1000300
Oct 04 2011,24.86,25.51,24.38,25.12,20.91,660200
Oct 03 2011,25.97,26.53,24.99,25.05,20.86,745200
Sep 30 2011,26.43,26.89,25.95,26.08,21.71,539600
Sep 29 2011,27.73,28.01,26.32,26.75,22.27,923900
Sep 28 2011,27.50,28.31,27.26,27.35,22.77,1368500
Sep 27 2011,27.05,27.81,26.91,27.40,22.81,1738600
Sep 26 2011,26.47,26.98,25.83,26.76,22.28,1182000
Sep 23 2011,25.25,26.69,24.67,26.62,22.16,1210800
Sep 22 2011,27.86,27.88,25.70,26.12,21.75,1613800
Sep 21 2011,27.67,28.72,27.50,28.59,23.80,1314000
Sep 20 2011,28.28,28.34,27.48,27.67,23.04,1251900
Sep 19 2011,27.98,28.59,27.55,28.26,23.53,605600
Sep 16 2011,27.88,28.34,27.62,28.28,23.54,359200
Sep 15 2011,27.39,27.88,27.12,27.72,23.08,641100
Sep 14 2011,27.76,27.76,27.03,27.06,22.53,889700
Sep 13 2011,27.88,27.88,27.44,27.61,22.99,566200
Sep 12 2011,28.01,28.27,27.48,27.80,23.14,323300
Sep 09 2011,28.97,29.15,27.87,28.33,23.59,450800
Sep 08 2011,28.84,29.28,28.84,29.13,24.25,401100
Sep 07 2011,29.16,29.50,28.83,29.07,24.20,849800
Sep 06 2011,28.76,29.13,28.37,28.83,24.00,575500
Sep 02 2011,29.04,29.55,28.89,29.51,24.57,532000
Sep 01 2011,29.63,29.89,29.34,29.39,24.47,294700
Aug 31 2011,29.52,29.87,29.34,29.66,24.69,583800
Aug 30 2011,29.37,29.68,28.92,29.43,24.50,465300
Aug 29 2011,28.57,29.68,28.23,29.55,24.60,462700
Aug 26 2011,27.40,28.85,27.05,28.29,23.55,772400
Aug 25 2011,27.76,27.85,27.23,27.52,22.91,670100
Aug 24 2011,27.18,28.23,27.17,27.75,23.10,857000
Aug 23 2011,27.84,27.87,26.71,27.44,22.84,847500
Aug 22 2011,26.92,27.85,26.80,27.68,23.04,1520900
Aug 19 2011,26.96,27.57,26.51,26.56,22.11,1435200
Aug 18 2011,28.08,28.08,26.73,27.41,22.82,1153000
Aug 17 2011,27.92,28.79,27.92,28.51,23.74,547400
Aug 16 2011,27.71,28.20,27.55,27.87,23.20,517500
Aug 15 2011,27.18,28.01,27.11,27.88,23.21,808000
Aug 12 2011,27.49,27.79,26.96,27.05,22.52,289600
Aug 11 2011,26.70,27.64,26.42,27.43,22.84,944900
Aug 10 2011,26.59,27.41,26.37,26.47,22.04,1437800
Aug 09 2011,26.36,27.06,25.79,27.05,22.52,1107200
Aug 08 2011,26.75,27.44,26.06,26.12,21.75,1136300
Aug 05 2011,28.33,28.53,26.74,27.65,23.02,1560600
Aug 04 2011,28.66,28.99,28.11,28.12,23.41,909100
Aug 03 2011,28.92,29.15,28.41,29.11,24.24,608000
Aug 02 2011,29.67,30.00,28.94,29.00,24.14,436400
Aug 01 2011,30.22,30.48,29.70,29.89,24.88,502600
Jul 29 2011,30.03,30.14,29.68,29.96,24.94,1750000
Jul 28 2011,30.76,31.83,30.32,30.39,25.30,824400
Jul 27 2011,30.06,30.65,29.89,30.39,25.30,1087900
Jul 26 2011,30.40,30.57,30.16,30.29,25.22,432600
Jul 25 2011,30.58,31.09,30.24,30.38,25.29,719400
Jul 22 2011,30.62,31.35,30.46,30.94,25.76,754100
Jul 21 2011,30.50,30.74,30.33,30.51,25.40,1398100
Jul 20 2011,30.81,31.00,30.10,30.22,25.16,441800
Jul 19 2011,30.63,31.34,30.63,30.84,25.68,287000
Jul 18 2011,30.99,31.12,30.14,30.53,25.42,347400
Jul 15 2011,30.68,31.48,30.68,31.04,25.84,517000
Jul 14 2011,30.10,30.44,29.61,30.30,25.23,504500
Jul 13 2011,30.31,31.12,29.97,30.10,25.06,197800
Jul 12 2011,29.84,30.36,29.75,30.05,25.02,289700
Jul 11 2011,30.32,30.51,30.00,30.08,25.04,106500
Jul 08 2011,30.93,31.01,30.31,30.62,25.49,150200
Jul 07 2011,30.84,31.80,30.72,31.36,26.11,210400
Jul 06 2011,30.91,31.20,30.41,30.69,25.55,307200
Jul 05 2011,30.74,30.95,30.20,30.90,25.73,190400
Jul 01 2011,31.11,31.29,30.17,30.84,25.68,628000
Jun 30 2011,30.63,31.68,30.43,31.16,25.94,779500
Jun 29 2011,29.97,30.72,29.73,30.50,25.39,629500
Jun 28 2011,29.70,30.08,29.13,29.93,24.92,435400
Jun 27 2011,29.92,30.15,29.34,29.40,24.48,285800
Jun 24 2011,30.67,30.78,29.66,29.97,24.95,1285600
Jun 23 2011,29.78,30.93,29.53,30.75,25.60,927900
Jun 22 2011,30.38,30.50,29.94,30.01,24.98,345900
Jun 21 2011,29.50,30.74,29.32,30.55,25.43,291000
Jun 20 2011,30.16,30.25,29.39,29.54,24.59,515400
Jun 17 2011,29.27,31.17,29.27,30.28,25.21,1302500
Jun 16 2011,29.71,29.90,28.59,29.13,24.25,1063300
Jun 15 2011,30.36,31.16,29.72,29.74,24.76,848200
Jun 14 2011,30.82,31.20,30.57,30.61,25.48,242200
Jun 13 2011,30.54,31.27,30.48,30.64,25.51,508900
Jun 10 2011,31.43,31.43,30.29,30.56,25.44,280900
Jun 09 2011,31.55,31.55,31.13,31.49,26.22,153200
Jun 08 2011,31.64,31.85,31.38,31.44,26.17,397200
Jun 07 2011,31.18,32.06,31.15,31.77,26.45,782900
Jun 06 2011,31.64,31.79,31.07,31.15,25.93,281200
Jun 03 2011,31.65,31.96,31.14,31.62,26.32,360400
Jun 02 2011,30.90,32.11,30.85,32.00,26.64,597600
Jun 01 2011,31.59,31.69,30.70,30.83,25.67,618100
May 31 2011,31.78,33.00,31.25,31.49,26.22,4236000
May 27 2011,31.31,31.83,31.09,31.36,26.11,1110200
May 26 2011,30.77,31.20,30.54,31.02,25.83,669100
May 25 2011,30.61,31.86,30.33,30.74,25.59,1114400
May 24 2011,31.74,31.75,30.13,30.61,25.48,1721400
May 23 2011,31.69,32.03,31.21,31.45,26.18,732900
May 20 2011,31.73,32.07,31.50,31.94,26.59,599400
May 19 2011,31.90,32.15,31.35,31.70,26.39,643200
May 18 2011,31.13,32.33,30.73,32.03,26.67,1327400
May 17 2011,30.89,32.62,30.89,32.06,26.69,1846300
May 16 2011,30.49,31.47,30.20,30.90,25.73,694400
May 13 2011,30.37,30.72,29.91,30.60,25.48,383700
May 12 2011,30.08,30.52,29.35,30.27,25.20,657000
May 11 2011,30.41,30.50,30.04,30.19,25.13,701900
May 10 2011,30.43,30.85,30.09,30.22,25.16,328500
May 09 2011,29.90,30.78,29.78,30.29,25.22,742200
May 06 2011,29.94,30.13,29.60,29.83,24.83,198500
May 05 2011,28.77,29.83,28.75,29.77,24.78,415600
May 04 2011,29.50,29.58,28.58,28.85,24.02,599000
May 03 2011,29.85,29.95,29.26,29.35,24.43,470700
May 02 2011,29.89,30.15,29.74,29.83,24.83,437800
Apr 29 2011,29.38,30.10,29.27,29.89,24.88,1065600
Apr 28 2011,28.77,31.50,28.65,29.32,24.41,2091200
Apr 27 2011,28.57,29.11,28.52,28.72,23.91,848500
Apr 26 2011,28.60,28.74,28.09,28.47,23.70,491200
Apr 25 2011,28.87,29.06,27.81,28.60,23.81,1074200
Apr 21 2011,27.48,29.23,27.48,28.75,23.94,1009500
Apr 20 2011,27.92,28.00,27.14,27.28,22.71,1493500
Apr 19 2011,27.30,28.19,27.27,27.60,22.98,371200
Apr 18 2011,27.70,27.88,27.22,27.30,22.73,311500
Apr 15 2011,27.63,28.03,27.54,28.02,23.33,246800
Apr 14 2011,27.97,28.05,27.48,27.66,23.03,161600
Apr 13 2011,28.18,28.42,27.93,28.07,23.37,1031600
Apr 12 2011,27.48,28.26,27.32,28.08,23.38,1260300
Apr 11 2011,27.00,27.97,26.88,27.65,23.02,483700
Apr 08 2011,27.77,27.77,26.91,27.03,22.50,446100
Apr 07 2011,27.39,27.61,26.94,27.48,22.88,242400
Apr 06 2011,27.49,27.53,27.06,27.50,22.89,653900
Apr 05 2011,27.64,27.64,27.17,27.41,22.82,273400
Apr 04 2011,27.28,28.00,27.28,27.75,23.10,945500
Apr 01 2011,27.40,27.66,27.01,27.29,22.72,609800
Mar 31 2011,27.84,27.95,27.15,27.31,22.74,5847400
Mar 30 2011,28.01,28.15,27.62,27.82,23.16,912000
Mar 29 2011,27.52,27.94,27.31,27.94,23.26,410800
Mar 28 2011,27.58,28.02,27.34,27.49,22.89,605300
Mar 25 2011,27.21,28.15,27.21,27.62,22.99,475200
Mar 24 2011,26.85,27.14,26.43,27.06,22.53,225200
Mar 23 2011,27.01,27.38,26.63,26.78,22.30,812000
Mar 22 2011,26.91,27.47,26.82,27.15,22.60,720600
Mar 21 2011,26.65,27.06,26.44,27.00,22.48,377600
Mar 18 2011,26.20,26.66,26.20,26.64,22.18,663900
Mar 17 2011,26.43,26.49,26.04,26.09,21.72,363600
Mar 16 2011,26.32,26.38,25.71,26.03,21.67,1261100
Mar 15 2011,25.90,26.58,25.81,26.34,21.93,859600
Mar 14 2011,25.79,26.76,25.77,26.46,22.03,786600
Mar 11 2011,25.81,26.48,25.81,26.00,21.65,706900
Mar 10 2011,26.47,26.94,25.87,26.02,21.66,1128300
Mar 09 2011,27.00,27.18,26.68,26.97,22.45,470800
Mar 08 2011,27.00,27.49,26.90,27.10,22.56,921300
Mar 07 2011,27.27,27.84,26.85,27.00,22.48,1476600
Mar 04 2011,26.52,27.04,26.32,26.55,22.10,719100
Mar 03 2011,26.84,26.94,26.07,26.74,22.26,2173600
Mar 02 2011,27.05,27.25,26.74,26.92,22.41,419700
Mar 01 2011,26.00,27.50,25.92,27.13,22.59,1033500
Feb 28 2011,26.11,26.74,25.96,26.59,22.14,872400
Feb 25 2011,26.04,26.16,25.78,25.99,21.64,556100
Feb 24 2011,26.46,26.52,25.94,25.95,21.60,496900
Feb 23 2011,26.15,26.72,25.97,26.66,22.20,1125400
Feb 22 2011,27.15,27.49,26.21,26.42,22.00,1109400
Feb 18 2011,27.08,27.84,26.90,27.69,23.05,1360800
Feb 17 2011,25.88,27.21,25.88,27.01,22.49,1733100
Feb 16 2011,25.31,26.00,25.31,26.00,21.65,853400
Feb 15 2011,25.32,25.42,25.06,25.38,21.13,887500
Feb 14 2011,25.47,25.47,25.11,25.37,21.12,1122500
Feb 11 2011,26.02,26.02,25.11,25.22,21.00,2107900
Feb 10 2011,25.50,25.64,25.00,25.40,21.15,1149600
Feb 09 2011,25.97,26.20,25.53,25.58,21.30,873200
Feb 08 2011,25.70,26.06,25.65,26.03,21.67,3632000
Feb 07 2011,26.05,26.20,25.64,25.79,21.47,1204800
Feb 04 2011,26.05,27.10,25.75,26.08,21.71,720200
Feb 03 2011,25.76,26.08,25.75,25.95,21.60,668300
Feb 02 2011,25.98,26.33,25.74,25.95,21.60,1173100
Feb 01 2011,26.45,26.63,25.50,25.75,21.44,2155300
Jan 31 2011,24.98,26.50,24.75,26.07,21.70,2505300
Jan 28 2011,25.40,25.40,25.00,25.00,20.81,2611900

