Jan 08 2019,12.29,12.41,12.18,12.32,12.32,847800
Jan 07 2019,11.97,12.31,11.88,12.20,12.20,975800
Jan 04 2019,11.61,11.97,11.61,11.96,11.96,316700
Jan 03 2019,11.56,11.65,11.36,11.46,11.46,679500
Jan 02 2019,11.41,11.65,11.32,11.61,11.61,341400
Dec 28 2018,11.42,11.60,11.31,11.46,11.46,446400
Dec 27 2018,11.19,11.38,10.96,11.38,11.38,880600
Dec 26 2018,11.10,11.36,10.85,11.36,11.36,782500
Dec 24 2018,11.19,11.38,11.06,11.06,11.06,431400
Dec 21 2018,11.57,11.87,11.25,11.25,11.25,1735100
Dec 20 2018,12.01,12.01,11.48,11.57,11.57,672500
Dec 19 2018,12.19,12.43,11.99,12.01,12.01,694000
Dec 18 2018,12.34,12.55,12.06,12.16,12.16,427700
Dec 17 2018,12.47,12.55,12.19,12.27,12.27,732800
Dec 14 2018,12.65,12.72,12.42,12.46,12.46,459500
Dec 13 2018,12.99,13.18,12.74,12.81,12.81,394400
Dec 12 2018,12.84,13.15,12.80,12.97,12.97,380300
Dec 11 2018,12.95,13.11,12.60,12.66,12.66,716900
Dec 10 2018,12.69,12.84,12.43,12.79,12.79,679700
Dec 07 2018,12.87,13.03,12.64,12.71,12.71,343300
Dec 06 2018,13.14,13.14,12.69,12.86,12.86,798200
Dec 04 2018,13.65,13.77,13.24,13.27,13.27,441500
Dec 03 2018,13.49,13.80,13.49,13.69,13.69,348300
Nov 30 2018,13.57,13.66,13.37,13.40,13.40,482000
Nov 29 2018,13.50,13.73,13.50,13.60,13.60,285900
Nov 28 2018,13.22,13.52,13.15,13.52,13.52,596600
Nov 27 2018,13.40,13.55,13.18,13.27,13.27,477200
Nov 26 2018,13.09,13.44,13.07,13.42,13.42,512000
Nov 23 2018,12.92,13.09,12.86,12.96,12.96,186800
Nov 21 2018,12.96,13.19,12.92,12.99,12.99,552200
Nov 20 2018,13.50,13.62,12.92,12.95,12.95,508700
Nov 19 2018,13.87,13.87,13.59,13.65,13.65,549100
Nov 16 2018,13.79,14.02,13.79,13.88,13.88,384200
Nov 15 2018,13.95,13.95,13.70,13.85,13.85,623000
Nov 14 2018,14.02,14.10,13.89,14.06,14.06,401700
Nov 13 2018,13.95,14.10,13.86,13.91,13.91,571600
Nov 12 2018,14.40,14.45,13.88,13.89,13.89,609000
Nov 09 2018,14.27,14.54,14.27,14.40,14.40,887600
Nov 08 2018,14.14,14.34,13.67,14.31,14.31,766700
Nov 07 2018,13.50,13.66,13.43,13.60,13.60,535500
Nov 06 2018,13.40,13.52,13.30,13.47,13.47,395200
Nov 05 2018,13.36,13.49,13.25,13.36,13.36,978000
Nov 02 2018,13.33,13.43,13.19,13.36,13.36,473400
Nov 01 2018,13.35,13.41,13.18,13.31,13.31,853300
Oct 31 2018,13.05,13.52,13.05,13.34,13.34,590200
Oct 30 2018,12.78,13.04,12.72,13.03,13.03,559100
Oct 29 2018,12.98,13.14,12.58,12.69,12.69,514000
Oct 26 2018,12.92,13.02,12.74,12.84,12.84,1011800
Oct 25 2018,13.00,13.21,12.94,13.03,13.03,893900
Oct 24 2018,13.18,13.39,13.00,13.02,13.02,727300
Oct 23 2018,13.16,13.38,13.07,13.23,13.23,1278700
Oct 22 2018,13.39,13.46,13.32,13.40,13.40,718900
Oct 19 2018,13.45,13.67,13.35,13.38,13.38,1629100
Oct 18 2018,13.52,13.60,13.36,13.42,13.42,609200
Oct 17 2018,13.39,13.60,13.33,13.51,13.51,674000
Oct 16 2018,13.41,13.48,13.29,13.45,13.45,424400
Oct 15 2018,13.13,13.43,12.91,13.29,13.29,453600
Oct 12 2018,13.14,13.24,13.06,13.20,13.20,670800
Oct 11 2018,13.12,13.20,12.96,13.02,13.02,750300
Oct 10 2018,13.65,13.73,13.15,13.16,13.16,776700
Oct 09 2018,13.90,13.90,13.59,13.73,13.73,793300
Oct 08 2018,13.65,13.65,13.46,13.63,13.63,424000
Oct 05 2018,13.76,13.81,13.60,13.64,13.64,931900
Oct 04 2018,13.69,13.73,13.53,13.66,13.66,1181100
Oct 03 2018,13.45,13.81,13.37,13.73,13.73,1399100
Oct 02 2018,13.51,13.54,13.38,13.39,13.39,1099900
Oct 01 2018,13.64,13.74,13.41,13.53,13.53,908900
Sep 28 2018,13.35,13.69,13.25,13.60,13.60,523500
Sep 27 2018,13.35,13.58,13.25,13.35,13.35,774100
Sep 26 2018,13.40,13.45,13.20,13.40,13.40,530600
Sep 25 2018,13.30,13.43,13.25,13.35,13.35,504500
Sep 24 2018,13.05,13.30,13.05,13.25,13.25,493300
Sep 21 2018,13.10,13.25,12.95,13.20,13.20,1770300
Sep 20 2018,13.00,13.10,12.85,13.10,13.10,412000
Sep 19 2018,12.85,13.13,12.85,12.95,12.95,552300
Sep 18 2018,12.85,13.00,12.70,12.90,12.90,504900
Sep 17 2018,13.10,13.10,12.70,12.75,12.75,283200
Sep 14 2018,13.00,13.03,12.75,12.85,12.85,586500
Sep 13 2018,12.90,13.10,12.90,13.05,13.05,408400
Sep 12 2018,13.05,13.13,12.80,12.90,12.90,579000
Sep 11 2018,13.15,13.23,12.95,13.05,12.95,636600
Sep 07 2018,12.96,13.25,12.95,13.10,13.00,334300
Sep 06 2018,13.35,13.55,13.05,13.15,13.05,975400
Sep 05 2018,13.45,13.50,13.25,13.40,13.30,659300
Sep 04 2018,13.65,13.75,13.35,13.40,13.30,437700
Aug 31 2018,13.60,13.75,13.45,13.60,13.50,444300
Aug 30 2018,13.80,13.95,13.65,13.70,13.60,615700
Aug 29 2018,13.80,14.00,13.75,13.85,13.74,519400
Aug 28 2018,13.80,13.85,13.65,13.75,13.64,479500
Aug 27 2018,13.90,14.00,13.60,13.80,13.69,884700
Aug 24 2018,13.95,14.05,13.75,13.85,13.74,948900
Aug 23 2018,14.10,14.15,13.75,13.85,13.74,613400
Aug 22 2018,14.10,14.20,14.00,14.20,14.09,469900
Aug 21 2018,14.15,14.15,13.90,14.05,13.94,1638100
Aug 20 2018,14.05,14.15,13.75,14.05,13.94,910900
Aug 17 2018,14.35,14.45,14.10,14.45,14.34,1321000
Aug 16 2018,14.30,14.40,14.15,14.30,14.19,817100
Aug 15 2018,14.15,14.20,13.95,14.10,13.99,1667800
Aug 14 2018,14.15,14.30,13.90,14.15,14.04,1609400
Aug 13 2018,13.60,14.05,13.60,13.95,13.84,1560200
Aug 10 2018,15.20,15.20,13.20,13.45,13.35,939800
Aug 09 2018,15.35,15.63,15.25,15.40,15.28,386200
Aug 08 2018,15.35,15.40,15.18,15.30,15.18,262700
Aug 07 2018,15.35,15.45,15.23,15.30,15.18,176100
Aug 06 2018,15.25,15.45,15.23,15.35,15.23,226700
Aug 03 2018,15.15,15.30,15.10,15.30,15.18,123300
Aug 02 2018,15.10,15.25,15.10,15.20,15.08,158400
Aug 01 2018,15.20,15.30,15.10,15.25,15.13,312300
Jul 31 2018,15.15,15.35,15.10,15.30,15.18,173800
Jul 30 2018,15.15,15.25,15.00,15.15,15.03,233200
Jul 27 2018,15.30,15.38,15.00,15.10,14.98,212800
Jul 26 2018,15.40,15.48,15.25,15.25,15.13,202900
Jul 25 2018,15.25,15.40,15.20,15.40,15.28,226500
Jul 24 2018,15.55,15.55,15.20,15.25,15.13,145300
Jul 23 2018,15.55,15.73,15.40,15.50,15.38,365000
Jul 20 2018,15.55,15.70,15.45,15.50,15.38,200200
Jul 19 2018,15.55,15.83,15.50,15.60,15.48,394500
Jul 18 2018,15.45,15.85,15.45,15.65,15.53,523700
Jul 17 2018,15.60,15.63,15.48,15.55,15.43,338000
Jul 16 2018,15.75,15.80,15.60,15.65,15.53,159600
Jul 13 2018,15.75,15.85,15.75,15.80,15.68,113500
Jul 12 2018,15.90,15.90,15.65,15.75,15.63,156100
Jul 11 2018,15.90,16.15,15.75,15.80,15.68,258100
Jul 10 2018,15.70,16.10,15.70,16.05,15.93,260700
Jul 09 2018,15.75,15.78,15.60,15.70,15.58,209400
Jul 06 2018,15.45,15.70,15.45,15.60,15.48,169500
Jul 05 2018,15.55,15.60,15.35,15.50,15.38,477800
Jul 03 2018,15.60,15.70,15.55,15.55,15.43,226100
Jul 02 2018,15.70,15.80,15.40,15.45,15.33,469900
Jun 29 2018,15.75,15.95,15.75,15.85,15.73,379700
Jun 28 2018,15.80,15.85,15.65,15.80,15.68,285700
Jun 27 2018,15.75,16.00,15.70,15.75,15.63,346000
Jun 26 2018,15.75,15.85,15.60,15.70,15.58,370500
Jun 25 2018,16.00,16.10,15.70,15.75,15.63,313000
Jun 22 2018,16.15,16.15,16.00,16.05,15.93,541000
Jun 21 2018,16.10,16.20,15.90,16.00,15.88,716100
Jun 20 2018,16.15,16.30,16.10,16.15,16.03,820100
Jun 19 2018,16.10,16.20,16.05,16.10,15.98,643500
Jun 18 2018,16.10,16.30,16.05,16.30,16.18,400500
Jun 15 2018,16.00,16.45,15.95,16.25,16.13,1883800
Jun 14 2018,16.20,16.25,16.00,16.15,16.03,803200
Jun 13 2018,16.35,16.68,16.05,16.10,15.98,903100
Jun 12 2018,16.25,16.45,16.25,16.40,16.27,213800
Jun 11 2018,16.00,16.33,16.00,16.20,16.08,265000
Jun 08 2018,16.10,16.30,16.05,16.15,16.03,449100
Jun 07 2018,16.10,16.20,16.00,16.10,15.98,286800
Jun 06 2018,16.00,16.20,15.95,16.10,15.98,291100
Jun 05 2018,15.65,16.05,15.65,16.05,15.93,239500
Jun 04 2018,15.75,15.78,15.60,15.65,15.53,251200
Jun 01 2018,15.50,15.75,15.50,15.60,15.48,307600
May 31 2018,15.85,15.90,15.40,15.45,15.33,430400
May 30 2018,15.75,15.95,15.68,15.88,15.76,289900
May 29 2018,16.00,16.10,15.50,15.55,15.43,573600
May 25 2018,15.95,16.10,15.95,16.05,15.93,159500
May 24 2018,16.10,16.10,15.85,16.00,15.88,731400
May 23 2018,16.10,16.10,15.85,16.00,15.88,506700
May 22 2018,16.20,16.30,16.00,16.05,15.93,1311500
May 21 2018,16.10,16.27,16.10,16.20,16.08,677200
May 18 2018,16.15,16.20,16.00,16.10,15.98,1104800
May 17 2018,16.25,16.35,16.10,16.20,16.08,981600
May 16 2018,16.20,16.40,16.13,16.25,16.13,594600
May 15 2018,16.25,16.33,15.95,16.25,16.13,585000
May 14 2018,15.75,16.35,15.75,16.25,16.13,1630000
May 11 2018,16.75,16.75,15.35,15.50,15.38,962900
May 10 2018,16.75,16.80,16.58,16.68,16.55,1045900
May 09 2018,16.75,16.75,16.50,16.65,16.52,911200
May 08 2018,16.65,16.75,16.50,16.60,16.47,315000
May 07 2018,16.35,16.65,16.35,16.60,16.47,364800
May 04 2018,16.15,16.40,16.10,16.35,16.22,277200
May 03 2018,15.95,16.25,15.80,16.20,16.08,679300
May 02 2018,16.15,16.23,15.85,15.85,15.73,300700
May 01 2018,16.20,16.20,16.00,16.20,16.08,380900
Apr 30 2018,16.35,16.43,16.15,16.25,16.13,401600
Apr 27 2018,16.20,16.25,16.08,16.25,16.13,140700
Apr 26 2018,16.15,16.30,16.13,16.20,16.08,182100
Apr 25 2018,16.15,16.25,15.98,16.15,16.03,355200
Apr 24 2018,16.45,16.50,16.05,16.15,16.03,389600
Apr 23 2018,16.30,16.45,16.25,16.35,16.22,375600
Apr 20 2018,16.40,16.40,16.25,16.35,16.22,308300
Apr 19 2018,16.25,16.43,16.25,16.40,16.27,179900
Apr 18 2018,16.35,16.40,16.20,16.25,16.13,200600
Apr 17 2018,16.25,16.35,16.10,16.25,16.13,251400
Apr 16 2018,16.10,16.25,15.95,16.20,16.08,234200
Apr 13 2018,16.10,16.15,15.90,15.90,15.78,189500
Apr 12 2018,16.05,16.18,15.90,16.10,15.98,153100
Apr 11 2018,16.05,16.15,15.93,16.00,15.88,323100
Apr 10 2018,16.00,16.38,15.95,16.20,16.08,408500
Apr 09 2018,15.85,16.15,15.70,15.85,15.73,317100
Apr 06 2018,15.95,16.00,15.60,15.80,15.68,316000
Apr 05 2018,15.95,16.15,15.85,16.00,15.88,374600
Apr 04 2018,15.80,16.05,15.65,16.00,15.88,305000
Apr 03 2018,15.70,16.00,15.55,16.00,15.88,515500
Apr 02 2018,16.10,16.10,15.50,15.65,15.53,489500
Mar 29 2018,15.80,16.25,15.80,16.10,15.98,506300
Mar 28 2018,15.95,16.02,15.75,15.80,15.68,390700
Mar 27 2018,16.10,16.25,15.90,15.95,15.83,363000
Mar 26 2018,16.15,16.20,15.70,16.10,15.98,985800
Mar 23 2018,16.70,16.75,15.95,16.00,15.88,1687900
Mar 22 2018,16.85,16.95,16.65,16.70,16.57,1320500
Mar 21 2018,16.80,16.95,16.75,16.90,16.77,1154900
Mar 20 2018,16.75,16.80,16.63,16.75,16.62,330900
Mar 19 2018,16.95,17.10,16.70,16.75,16.62,1239700
Mar 16 2018,16.85,17.02,16.80,17.00,16.87,740500
Mar 15 2018,16.75,16.80,16.65,16.75,16.62,302600
Mar 14 2018,16.75,16.80,16.55,16.65,16.52,320700
Mar 13 2018,16.90,16.95,16.55,16.65,16.52,177300
Mar 09 2018,16.55,16.80,16.45,16.80,16.57,412400
Mar 08 2018,16.60,16.65,16.35,16.40,16.18,468200
Mar 07 2018,16.50,16.60,16.35,16.50,16.28,232300
Mar 06 2018,16.40,16.65,16.33,16.60,16.38,281700
Mar 05 2018,16.10,16.45,16.05,16.40,16.18,286800
Mar 02 2018,15.95,16.15,15.90,16.15,15.93,545800
Mar 01 2018,16.30,16.45,16.02,16.10,15.88,440700
Feb 28 2018,16.75,16.75,16.40,16.40,16.18,344600
Feb 27 2018,16.85,16.95,16.63,16.70,16.47,260300
Feb 26 2018,16.80,16.98,16.75,16.90,16.67,281700
Feb 23 2018,16.60,16.80,16.43,16.75,16.52,165700
Feb 22 2018,16.30,16.65,16.30,16.50,16.28,528100
Feb 21 2018,16.15,16.45,16.15,16.15,15.93,561900
Feb 20 2018,16.45,16.45,16.05,16.10,15.88,450800
Feb 16 2018,16.55,16.70,16.40,16.45,16.23,613700
Feb 15 2018,16.70,16.85,16.50,16.60,16.38,427900
Feb 14 2018,16.50,16.75,16.40,16.70,16.47,369400
Feb 13 2018,16.15,16.63,16.10,16.55,16.33,664900
Feb 12 2018,16.10,16.50,16.00,16.15,15.93,1410800
Feb 09 2018,16.00,16.50,15.60,16.00,15.78,1151500
Feb 08 2018,16.15,16.35,15.80,15.85,15.64,616600
Feb 07 2018,16.35,16.55,16.15,16.30,16.08,519800
Feb 06 2018,15.80,16.52,15.50,16.50,16.28,730400
Feb 05 2018,16.75,16.90,16.10,16.10,15.88,386600
Feb 02 2018,17.10,17.10,16.65,16.75,16.52,308300
Feb 01 2018,17.30,17.35,17.00,17.15,16.92,607200
Jan 31 2018,17.20,17.45,17.00,17.45,17.21,411700
Jan 30 2018,17.30,17.48,17.20,17.30,17.07,311400
Jan 29 2018,17.45,17.55,17.33,17.35,17.11,148600
Jan 26 2018,17.40,17.50,17.23,17.50,17.26,158500
Jan 25 2018,17.40,17.45,17.00,17.30,17.07,232900
Jan 24 2018,17.35,17.55,17.27,17.40,17.16,420700
Jan 23 2018,17.45,17.50,17.30,17.35,17.11,383900
Jan 22 2018,17.55,17.55,17.30,17.55,17.31,268600
Jan 19 2018,17.50,17.60,17.30,17.55,17.31,389700
Jan 18 2018,17.55,17.60,17.35,17.40,17.16,257500
Jan 17 2018,17.40,17.70,17.35,17.55,17.31,448500
Jan 16 2018,17.60,17.60,17.30,17.30,17.07,288100
Jan 12 2018,17.45,17.55,17.30,17.55,17.31,272000
Jan 11 2018,17.20,17.60,17.20,17.50,17.26,593000
Jan 10 2018,17.20,17.25,17.10,17.15,16.92,308900
Jan 09 2018,17.25,17.35,17.15,17.25,17.02,433500
Jan 08 2018,17.15,17.25,17.00,17.20,16.97,378900
Jan 05 2018,17.20,17.40,16.90,17.20,16.97,473100
Jan 04 2018,16.90,17.08,16.80,16.93,16.70,877800
Jan 03 2018,16.80,16.90,16.75,16.90,16.67,402500
Jan 02 2018,16.65,16.85,16.60,16.80,16.57,463900
Dec 29 2017,16.70,16.77,16.55,16.60,16.38,422000
Dec 28 2017,16.70,16.70,16.50,16.65,16.42,296600
Dec 27 2017,16.65,16.75,16.52,16.65,16.42,304000
Dec 26 2017,16.75,16.80,16.60,16.60,16.38,153000
Dec 22 2017,16.70,16.80,16.65,16.80,16.57,517300
Dec 21 2017,16.65,16.83,16.45,16.65,16.42,372400
Dec 20 2017,16.75,16.75,16.55,16.60,16.38,391900
Dec 19 2017,16.65,16.80,16.50,16.65,16.42,640800
Dec 18 2017,16.50,16.70,16.40,16.60,16.38,458800
Dec 15 2017,16.50,16.50,16.30,16.35,16.13,1444800
Dec 14 2017,16.45,16.65,16.40,16.45,16.23,854100
Dec 13 2017,16.55,16.65,16.40,16.50,16.28,839900
Dec 12 2017,17.00,17.00,16.45,16.55,16.33,563600
Dec 11 2017,16.90,17.00,16.75,16.90,16.67,3117300
Dec 08 2017,16.60,16.80,16.55,16.80,16.57,717500
Dec 07 2017,16.60,16.60,16.45,16.55,16.33,266500
Dec 06 2017,16.60,16.68,16.40,16.55,16.33,478400
Dec 05 2017,16.80,16.83,16.38,16.55,16.33,901500
Dec 04 2017,16.45,17.05,16.35,16.75,16.52,1106500
Dec 01 2017,16.50,16.50,16.05,16.45,16.23,764900
Nov 30 2017,16.30,16.60,16.25,16.40,16.18,912100
Nov 29 2017,16.20,16.58,16.20,16.45,16.23,966000
Nov 28 2017,15.85,16.35,15.85,16.35,16.13,795400
Nov 27 2017,16.00,16.00,15.85,15.95,15.73,666800
Nov 24 2017,15.95,16.00,15.78,15.90,15.68,197400
Nov 22 2017,16.00,16.00,15.85,15.90,15.68,1876400
Nov 21 2017,15.95,16.05,15.88,15.95,15.73,2830100
Nov 20 2017,16.15,16.15,15.88,15.95,15.73,1028600
Nov 17 2017,15.95,16.27,15.90,16.20,15.98,1217800
Nov 16 2017,15.60,16.05,15.50,16.00,15.78,384200
Nov 15 2017,15.60,15.60,15.43,15.55,15.34,339500
Nov 14 2017,15.50,15.80,15.35,15.55,15.34,396100
Nov 13 2017,15.50,15.75,15.30,15.60,15.39,491000
Nov 10 2017,15.15,16.20,14.90,15.55,15.34,935900
Nov 09 2017,14.40,14.85,14.35,14.75,14.55,525500
Nov 08 2017,14.40,14.50,14.30,14.45,14.25,371600
Nov 07 2017,14.50,14.80,14.38,14.40,14.20,372400
Nov 06 2017,14.15,14.60,14.15,14.55,14.35,347000
Nov 03 2017,14.05,14.20,14.00,14.20,14.01,299800
Nov 02 2017,14.00,14.15,13.85,14.05,13.86,475800
Nov 01 2017,14.00,14.20,13.90,14.05,13.86,447300
Oct 31 2017,14.10,14.10,13.90,13.90,13.71,266800
Oct 30 2017,13.95,14.15,13.90,14.15,13.96,245800
Oct 27 2017,14.00,14.05,13.80,13.95,13.76,545600
Oct 26 2017,14.00,14.15,13.93,14.00,13.81,474700
Oct 25 2017,13.95,14.05,13.80,14.00,13.81,439500
Oct 24 2017,13.95,14.05,13.90,13.95,13.76,544100
Oct 23 2017,14.05,14.10,13.95,14.00,13.81,286400
Oct 20 2017,14.05,14.10,13.95,14.10,13.91,457100
Oct 19 2017,14.00,14.00,13.85,13.90,13.71,202100
Oct 18 2017,13.95,14.10,13.90,14.10,13.91,568600
Oct 17 2017,14.00,14.00,13.85,13.95,13.76,157000
Oct 16 2017,14.00,14.10,13.90,14.05,13.86,268300
Oct 13 2017,13.95,14.08,13.80,14.05,13.86,204200
Oct 12 2017,13.70,13.90,13.70,13.85,13.66,208300
Oct 11 2017,13.80,13.80,13.65,13.75,13.56,291200
Oct 10 2017,13.65,13.85,13.60,13.85,13.66,806500
Oct 09 2017,13.65,13.65,13.50,13.55,13.37,136600
Oct 06 2017,13.65,13.73,13.55,13.65,13.47,285300
Oct 05 2017,13.70,13.80,13.63,13.70,13.51,492400
Oct 04 2017,13.70,13.80,13.60,13.70,13.51,287200
Oct 03 2017,13.70,13.80,13.55,13.70,13.51,281800
Oct 02 2017,13.65,13.75,13.55,13.70,13.51,357400
Sep 29 2017,13.60,13.65,13.50,13.65,13.47,360200
Sep 28 2017,13.50,13.80,13.40,13.65,13.47,1023300
Sep 27 2017,13.35,13.65,13.35,13.55,13.37,441500
Sep 26 2017,13.60,13.60,13.35,13.40,13.22,719500
Sep 25 2017,13.45,13.60,13.35,13.60,13.42,328300
Sep 22 2017,13.40,13.50,13.33,13.40,13.22,179200
Sep 21 2017,13.50,13.58,13.35,13.45,13.27,540200
Sep 20 2017,13.50,13.60,13.45,13.60,13.42,642100
Sep 19 2017,13.45,13.50,13.30,13.50,13.32,598500
Sep 18 2017,13.50,13.55,13.35,13.45,13.27,431300
Sep 15 2017,13.25,13.55,13.25,13.45,13.27,1298200
Sep 14 2017,13.30,13.45,13.20,13.35,13.17,868000
Sep 13 2017,13.60,13.60,13.10,13.30,13.12,651100
Sep 12 2017,13.55,13.65,13.43,13.50,13.32,1061700
Sep 08 2017,13.80,13.90,13.40,13.40,13.12,628100
Sep 07 2017,13.70,13.90,13.70,13.80,13.51,453200
Sep 06 2017,13.60,13.80,13.55,13.65,13.37,502900
Sep 05 2017,13.75,13.80,13.50,13.55,13.27,673600
Sep 01 2017,13.70,13.85,13.70,13.80,13.51,596700
Aug 31 2017,13.60,13.75,13.60,13.70,13.42,398000
Aug 30 2017,13.65,13.75,13.50,13.60,13.32,618500
Aug 29 2017,13.65,13.75,13.60,13.70,13.42,279700
Aug 28 2017,13.80,13.85,13.65,13.80,13.51,297100
Aug 25 2017,13.65,13.85,13.55,13.75,13.46,222100
Aug 24 2017,13.60,13.60,13.45,13.60,13.32,271600
Aug 23 2017,13.70,13.73,13.50,13.50,13.22,448200
Aug 22 2017,13.75,13.85,13.70,13.80,13.51,245600
Aug 21 2017,13.70,13.80,13.60,13.75,13.46,472900
Aug 18 2017,13.60,13.85,13.48,13.75,13.46,727900
Aug 17 2017,13.65,13.88,13.60,13.65,13.37,368400
Aug 16 2017,13.75,13.85,13.60,13.65,13.37,563900
Aug 15 2017,13.90,13.90,13.65,13.70,13.42,256500
Aug 14 2017,13.95,14.00,13.70,13.80,13.51,366700
Aug 11 2017,14.25,14.40,13.78,13.80,13.51,312200
Aug 10 2017,14.55,14.55,13.95,14.00,13.71,683200
Aug 09 2017,14.60,14.65,14.40,14.55,14.25,243100
Aug 08 2017,14.75,14.75,14.50,14.60,14.30,289700
Aug 07 2017,14.55,14.85,14.55,14.80,14.49,186200
Aug 04 2017,14.65,14.70,14.50,14.60,14.30,374200
Aug 03 2017,14.75,14.80,14.45,14.65,14.35,244300
Aug 02 2017,14.80,14.80,14.60,14.75,14.44,592900
Aug 01 2017,14.80,14.90,14.70,14.85,14.54,417700
Jul 31 2017,14.80,14.85,14.65,14.70,14.39,219200
Jul 28 2017,14.65,14.90,14.65,14.80,14.49,281100
Jul 27 2017,14.65,14.80,14.65,14.70,14.39,407900
Jul 26 2017,14.65,14.75,14.60,14.60,14.30,312000
Jul 25 2017,14.55,14.60,14.25,14.55,14.25,376600
Jul 24 2017,14.40,14.50,14.35,14.45,14.15,349800
Jul 21 2017,14.25,14.55,14.25,14.45,14.15,507900
Jul 20 2017,14.40,14.55,14.30,14.35,14.05,228200
Jul 19 2017,14.10,14.43,14.10,14.35,14.05,208300
Jul 18 2017,14.05,14.13,13.95,14.05,13.76,197400
Jul 17 2017,14.00,14.25,13.95,14.10,13.81,394500
Jul 14 2017,13.70,14.05,13.68,14.00,13.71,482700
Jul 13 2017,13.60,13.75,13.60,13.70,13.42,249100
Jul 12 2017,13.80,13.85,13.60,13.60,13.32,300700
Jul 11 2017,13.65,13.78,13.50,13.75,13.46,312800
Jul 10 2017,13.70,13.85,13.53,13.55,13.27,288000
Jul 07 2017,13.70,13.85,13.60,13.75,13.46,482300
Jul 06 2017,14.10,14.10,13.65,13.65,13.37,365100
Jul 05 2017,14.30,14.30,14.10,14.15,13.86,273700
Jul 03 2017,14.30,14.35,14.10,14.30,14.00,226200
Jun 30 2017,14.10,14.20,14.00,14.15,13.86,216300
Jun 29 2017,14.30,14.40,13.83,14.05,13.76,507000
Jun 28 2017,14.15,14.40,14.15,14.30,14.00,372500
Jun 27 2017,14.10,14.25,14.00,14.10,13.81,375100
Jun 26 2017,14.05,14.15,13.95,14.10,13.81,197900
Jun 23 2017,13.90,14.10,13.80,14.05,13.76,537000
Jun 22 2017,13.95,14.05,13.75,13.95,13.66,196000
Jun 21 2017,14.00,14.10,13.93,13.95,13.66,327000
Jun 20 2017,14.25,14.25,13.95,14.00,13.71,412100
Jun 19 2017,14.15,14.30,14.15,14.25,13.95,191000
Jun 16 2017,14.10,14.25,14.00,14.15,13.86,815100
Jun 15 2017,14.00,14.08,13.90,14.05,13.76,255600
Jun 14 2017,14.05,14.10,13.90,14.00,13.71,960300
Jun 13 2017,14.05,14.13,13.93,13.95,13.66,201500
Jun 12 2017,14.05,14.25,14.00,14.05,13.76,254400
Jun 09 2017,13.95,14.10,13.83,14.10,13.81,291400
Jun 08 2017,13.75,13.95,13.55,13.95,13.66,413200
Jun 07 2017,14.00,14.00,13.75,13.80,13.51,1307600
Jun 06 2017,13.85,13.95,13.70,13.90,13.61,1304400
Jun 05 2017,13.95,14.05,13.80,13.80,13.51,1358900
Jun 02 2017,13.95,14.05,13.80,13.95,13.66,1191500
Jun 01 2017,13.70,14.00,13.70,14.00,13.71,420400
May 31 2017,13.70,13.75,13.48,13.70,13.42,329500
May 30 2017,13.80,13.80,13.55,13.65,13.37,244700
May 26 2017,13.60,13.80,13.60,13.80,13.51,314500
May 25 2017,13.65,13.70,13.55,13.60,13.32,187800
May 24 2017,13.55,13.65,13.50,13.65,13.37,229400
May 23 2017,13.55,13.68,13.40,13.50,13.22,305200
May 22 2017,13.20,13.55,13.20,13.55,13.27,214100
May 19 2017,13.05,13.23,13.00,13.20,12.93,230600
May 18 2017,13.10,13.18,12.97,13.05,12.78,548000
May 17 2017,13.20,13.25,13.02,13.05,12.78,482900
May 16 2017,13.25,13.35,13.20,13.30,13.02,332700
May 15 2017,13.05,13.33,13.05,13.30,13.02,299500
May 12 2017,13.00,13.10,12.95,13.05,12.78,394600
May 11 2017,13.05,13.15,12.88,13.00,12.73,554300
May 10 2017,12.95,13.60,12.65,13.05,12.78,683300
May 09 2017,13.15,13.40,13.10,13.40,13.12,786600
May 08 2017,12.95,13.10,12.95,13.10,12.83,369100
May 05 2017,12.80,13.00,12.80,13.00,12.73,193400
May 04 2017,12.90,12.90,12.75,12.85,12.58,347900
May 03 2017,12.85,12.95,12.75,12.85,12.58,371100
May 02 2017,13.00,13.05,12.90,12.90,12.63,316300
May 01 2017,13.05,13.10,12.92,13.00,12.73,234500
Apr 28 2017,13.25,13.25,12.90,13.00,12.73,894200
Apr 27 2017,13.30,13.38,13.20,13.20,12.93,524100
Apr 26 2017,13.40,13.50,13.25,13.25,12.97,712400
Apr 25 2017,13.40,13.50,13.35,13.45,13.17,199900
Apr 24 2017,13.40,13.45,13.30,13.35,13.07,1093400
Apr 21 2017,13.30,13.40,13.13,13.30,13.02,453400
Apr 20 2017,12.85,13.45,12.85,13.35,13.07,457800
Apr 19 2017,12.75,12.95,12.75,12.85,12.58,249800
Apr 18 2017,12.85,12.85,12.60,12.70,12.44,413400
Apr 17 2017,12.80,12.90,12.70,12.85,12.58,279700
Apr 13 2017,12.85,12.95,12.70,12.70,12.44,319500
Apr 12 2017,12.90,13.00,12.83,12.95,12.68,416400
Apr 11 2017,12.85,12.95,12.80,12.85,12.58,381600
Apr 10 2017,12.90,13.05,12.85,12.90,12.63,300900
Apr 07 2017,12.90,12.95,12.85,12.90,12.63,159200
Apr 06 2017,13.00,13.09,12.85,12.95,12.68,396000
Apr 05 2017,13.15,13.20,12.93,13.05,12.78,455100
Apr 04 2017,13.25,13.35,13.10,13.15,12.88,569500
Apr 03 2017,13.55,13.55,13.20,13.25,12.97,446300
Mar 31 2017,13.70,13.70,13.33,13.50,13.22,511300
Mar 30 2017,13.50,13.80,13.40,13.70,13.42,2143100
Mar 29 2017,13.25,13.50,13.20,13.45,13.17,790300
Mar 28 2017,12.95,13.30,12.95,13.25,12.97,548700
Mar 27 2017,12.90,13.05,12.85,12.95,12.68,553400
Mar 24 2017,13.00,13.08,12.88,12.95,12.68,512900
Mar 23 2017,12.95,13.03,12.85,12.95,12.68,804000
Mar 22 2017,12.95,12.95,12.75,12.95,12.68,593200
Mar 21 2017,13.00,13.05,12.80,12.85,12.58,610900
Mar 20 2017,13.00,13.00,12.83,12.90,12.63,210700
Mar 17 2017,12.95,13.05,12.85,12.95,12.68,559100
Mar 16 2017,12.80,12.98,12.80,12.90,12.63,274500
Mar 15 2017,12.75,12.95,12.60,12.90,12.63,386500
Mar 14 2017,12.55,12.70,12.50,12.70,12.44,294900
Mar 13 2017,12.70,12.75,12.53,12.55,12.29,441400
Mar 09 2017,12.90,12.90,12.66,12.80,12.44,406100
Mar 08 2017,12.90,13.05,12.78,12.80,12.44,458400
Mar 07 2017,13.20,13.40,12.90,13.00,12.63,498900
Mar 06 2017,13.15,13.30,13.10,13.25,12.87,328800
Mar 03 2017,13.25,13.25,13.10,13.25,12.87,417300
Mar 02 2017,13.40,13.45,13.15,13.25,12.87,455800
Mar 01 2017,13.30,13.50,13.25,13.40,13.02,353800
Feb 28 2017,13.35,13.40,13.10,13.20,12.82,515800
Feb 27 2017,13.40,13.50,13.30,13.40,13.02,596700
Feb 24 2017,13.50,13.50,13.23,13.40,13.02,277300
Feb 23 2017,13.65,13.65,13.38,13.50,13.12,441700
Feb 22 2017,13.65,13.65,13.40,13.60,13.21,421900
Feb 21 2017,13.50,13.80,13.40,13.65,13.26,850300
Feb 17 2017,13.40,13.55,13.20,13.50,13.12,634200
Feb 16 2017,13.45,13.50,13.28,13.40,13.02,557100
Feb 15 2017,13.20,13.53,13.20,13.45,13.07,1495500
Feb 14 2017,13.40,13.50,13.25,13.35,12.97,561300
Feb 13 2017,13.70,13.80,13.35,13.35,12.97,658600
Feb 10 2017,12.50,13.75,12.50,13.60,13.21,749200
Feb 09 2017,12.40,12.75,12.40,12.75,12.39,494600
Feb 08 2017,12.55,12.55,12.35,12.45,12.10,283600
Feb 07 2017,12.55,12.60,12.40,12.55,12.19,386500
Feb 06 2017,12.60,12.70,12.55,12.55,12.19,185800
Feb 03 2017,12.60,12.65,12.50,12.60,12.24,280000
Feb 02 2017,12.70,12.70,12.50,12.60,12.24,414100
Feb 01 2017,12.65,12.75,12.50,12.70,12.34,379500
Jan 31 2017,12.70,12.70,12.40,12.65,12.29,457700
Jan 30 2017,12.70,12.70,12.45,12.70,12.34,445300
Jan 27 2017,12.55,12.70,12.50,12.65,12.29,613300
Jan 26 2017,12.75,12.80,12.50,12.55,12.19,424200
Jan 25 2017,12.60,12.80,12.55,12.70,12.34,792000
Jan 24 2017,12.35,12.63,12.30,12.60,12.24,359000
Jan 23 2017,12.35,12.45,12.30,12.40,12.05,471000
Jan 20 2017,12.45,12.55,12.35,12.35,12.00,644200
Jan 19 2017,12.55,12.60,12.40,12.45,12.10,439800
Jan 18 2017,12.70,12.70,12.40,12.55,12.19,867600
Jan 17 2017,12.40,12.73,12.30,12.70,12.34,529800
Jan 13 2017,12.45,12.58,12.40,12.45,12.10,381700
Jan 12 2017,12.50,12.60,12.30,12.45,12.10,1157000
Jan 11 2017,12.45,12.55,12.33,12.55,12.19,800000
Jan 10 2017,12.35,12.50,12.28,12.50,12.14,638900
Jan 09 2017,12.25,12.45,12.25,12.40,12.05,471000
Jan 06 2017,12.25,12.40,12.10,12.25,11.90,367900
Jan 05 2017,12.20,12.35,12.18,12.25,11.90,812100
Jan 04 2017,12.05,12.30,12.05,12.25,11.90,736600
Jan 03 2017,11.95,12.25,11.90,12.05,11.71,912900
Dec 30 2016,12.15,12.15,11.75,11.80,11.46,550900
Dec 29 2016,12.00,12.10,11.85,12.05,11.71,685800
Dec 28 2016,12.25,12.30,12.00,12.05,11.71,376300
Dec 27 2016,12.10,12.25,12.10,12.25,11.90,298500
Dec 23 2016,12.10,12.15,12.00,12.05,11.71,182200
Dec 22 2016,12.05,12.15,11.95,12.05,11.71,363400
Dec 21 2016,12.00,12.13,11.85,12.05,11.71,712700
Dec 20 2016,12.15,12.20,11.90,11.95,11.61,966200
Dec 19 2016,12.00,12.15,11.95,12.15,11.80,478700
Dec 16 2016,12.10,12.20,11.85,12.00,11.66,1498600
Dec 15 2016,12.25,12.40,11.98,12.05,11.71,744700
Dec 14 2016,12.25,12.43,12.15,12.20,11.85,892100
Dec 13 2016,12.35,12.55,12.15,12.25,11.90,2570800
Dec 12 2016,12.30,12.45,12.30,12.30,11.95,1064600
Dec 09 2016,12.20,12.50,12.20,12.40,12.05,686600
Dec 08 2016,12.15,12.35,12.10,12.20,11.85,1207100
Dec 07 2016,12.05,12.25,12.00,12.15,11.80,1564300
Dec 06 2016,12.05,12.15,11.95,12.05,11.71,1248200
Dec 05 2016,12.05,12.15,11.95,12.05,11.71,716000
Dec 02 2016,12.05,12.15,12.00,12.05,11.71,1113100
Dec 01 2016,11.95,12.15,11.85,12.00,11.66,539600
Nov 30 2016,11.90,12.03,11.78,11.95,11.61,497000
Nov 29 2016,12.05,12.15,11.75,11.90,11.56,677400
Nov 28 2016,12.15,12.33,12.05,12.10,11.76,1033100
Nov 25 2016,12.20,12.33,12.10,12.10,11.76,374000
Nov 23 2016,12.05,12.15,11.95,12.10,11.76,536500
Nov 22 2016,12.00,12.15,11.90,12.00,11.66,781800
Nov 21 2016,12.20,12.25,12.00,12.05,11.71,742100
Nov 18 2016,12.30,12.40,12.15,12.20,11.85,474500
Nov 17 2016,12.35,12.50,12.25,12.35,12.00,462300
Nov 16 2016,12.25,12.45,12.05,12.35,12.00,847900
Nov 15 2016,12.45,12.60,12.30,12.35,12.00,671600
Nov 14 2016,12.35,12.70,12.25,12.50,12.14,1271100
Nov 11 2016,12.20,12.45,12.15,12.35,12.00,1225600
Nov 10 2016,12.35,12.55,12.05,12.35,12.00,1141300
Nov 09 2016,12.00,12.55,11.85,12.35,12.00,749500
Nov 08 2016,11.50,12.20,11.25,12.10,11.76,1284400
Nov 07 2016,12.30,12.60,12.20,12.50,12.14,626800
Nov 04 2016,12.25,12.40,12.10,12.15,11.80,1182400
Nov 03 2016,12.10,12.40,12.05,12.15,11.80,1115400
Nov 02 2016,12.40,12.45,12.05,12.10,11.76,966000
Nov 01 2016,12.50,12.70,12.20,12.40,12.05,969800
Oct 31 2016,12.50,12.70,12.40,12.40,12.05,1360000
Oct 28 2016,12.60,12.80,12.45,12.50,12.14,781900
Oct 27 2016,13.00,13.00,12.43,12.60,12.24,1382600
Oct 26 2016,12.90,13.25,12.90,13.15,12.78,747600
Oct 25 2016,13.30,13.70,12.90,13.00,12.63,773000
Oct 24 2016,13.75,13.85,13.20,13.20,12.82,2206900
Oct 21 2016,13.60,13.85,13.55,13.70,13.31,690600
Oct 20 2016,14.25,14.25,13.50,13.80,13.41,782900
Oct 19 2016,14.00,14.10,13.80,14.00,13.60,673400
Oct 18 2016,14.00,14.05,13.65,13.90,13.50,710800
Oct 17 2016,13.75,13.80,13.63,13.80,13.41,417400
Oct 14 2016,14.30,14.30,13.65,13.75,13.36,595100
Oct 13 2016,13.70,13.95,13.58,13.85,13.46,643900
Oct 12 2016,13.95,14.05,13.75,13.75,13.36,905600
Oct 11 2016,14.30,14.30,13.85,14.00,13.60,866100
Oct 10 2016,14.50,14.75,14.15,14.25,13.84,1420500
Oct 07 2016,15.09,15.10,14.45,14.52,14.11,1357100
Oct 06 2016,15.06,15.18,14.73,15.08,14.65,5427000
Oct 05 2016,14.67,15.22,14.63,15.17,14.74,4856800
Oct 04 2016,14.88,14.99,14.66,14.69,14.27,5543600
Oct 03 2016,14.13,15.01,14.13,14.93,14.51,5017500
Sep 30 2016,14.19,14.37,14.17,14.22,13.82,2207100
Sep 29 2016,14.25,14.40,14.06,14.13,13.73,1920800
Sep 28 2016,14.29,14.40,14.20,14.27,13.86,1699700
Sep 27 2016,14.19,14.32,14.14,14.32,13.91,547400
Sep 26 2016,14.34,14.38,14.14,14.19,13.79,824500
Sep 23 2016,14.53,14.64,14.47,14.47,14.06,387900
Sep 22 2016,14.38,14.56,14.32,14.53,14.12,988000
Sep 21 2016,14.14,14.33,14.06,14.28,13.87,993900
Sep 20 2016,14.12,14.15,14.00,14.07,13.67,1713700
Sep 19 2016,14.00,14.12,13.94,14.00,13.60,1563000
Sep 16 2016,14.07,14.17,13.97,14.00,13.60,3552800
Sep 15 2016,14.36,14.37,14.12,14.17,13.77,4902400
Sep 14 2016,14.34,14.36,14.16,14.34,13.93,5965800
Sep 13 2016,14.30,14.37,14.14,14.25,13.84,7771400
Sep 12 2016,13.49,14.51,13.49,14.50,14.09,3833400
Sep 08 2016,14.00,14.41,14.00,14.17,13.67,1498600
Sep 07 2016,14.05,14.12,13.99,14.09,13.59,1203700
Sep 06 2016,14.31,14.65,13.96,14.04,13.54,1495100
Sep 02 2016,14.38,14.40,14.13,14.25,13.74,1642600
Sep 01 2016,14.50,14.50,14.17,14.31,13.80,1407600
Aug 31 2016,14.34,14.44,14.18,14.43,13.92,960500
Aug 30 2016,14.34,14.41,14.23,14.35,13.84,495100
Aug 29 2016,14.40,14.47,14.31,14.38,13.87,746600
Aug 26 2016,14.31,14.46,14.18,14.34,13.83,845800
Aug 25 2016,14.15,14.30,14.08,14.23,13.72,1125000
Aug 24 2016,14.21,14.30,14.20,14.21,13.71,1208100
Aug 23 2016,14.30,14.35,14.18,14.22,13.72,586600
Aug 22 2016,14.14,14.23,13.98,14.23,13.72,1015500
Aug 19 2016,14.10,14.16,14.03,14.11,13.61,755400
Aug 18 2016,14.20,14.29,14.09,14.15,13.65,1221100
Aug 17 2016,14.15,14.23,14.13,14.18,13.68,1042700
Aug 16 2016,14.09,14.23,14.06,14.16,13.66,776700
Aug 15 2016,14.15,14.23,14.11,14.17,13.67,535200
Aug 12 2016,13.92,14.05,13.92,14.04,13.54,637600
Aug 11 2016,13.78,14.00,13.61,13.89,13.40,998000
Aug 10 2016,13.76,13.80,13.54,13.73,13.24,1017000
Aug 09 2016,13.28,13.88,13.12,13.77,13.28,1109500
Aug 08 2016,13.30,13.37,13.20,13.24,12.77,506500
Aug 05 2016,13.33,13.49,13.23,13.28,12.81,652400
Aug 04 2016,13.08,13.23,13.08,13.20,12.73,568100
Aug 03 2016,13.09,13.21,13.05,13.11,12.64,470900
Aug 02 2016,13.27,13.27,13.03,13.14,12.67,564900
Aug 01 2016,13.43,13.49,13.25,13.31,12.84,706000
Jul 29 2016,13.17,13.48,13.16,13.44,12.96,1040000
Jul 28 2016,13.16,13.22,13.07,13.16,12.69,556200
Jul 27 2016,13.23,13.31,13.04,13.16,12.69,1200400
Jul 26 2016,13.09,13.30,13.09,13.24,12.77,1020700
Jul 25 2016,13.05,13.13,12.94,13.06,12.60,605600
Jul 22 2016,12.95,13.09,12.95,13.03,12.57,994500
Jul 21 2016,13.03,13.06,12.85,12.90,12.44,944500
Jul 20 2016,13.02,13.11,12.92,13.03,12.57,1103200
Jul 19 2016,12.93,13.01,12.81,12.98,12.52,910800
Jul 18 2016,12.83,13.04,12.77,12.93,12.47,584000
Jul 15 2016,12.90,12.90,12.45,12.80,12.35,858900
Jul 14 2016,12.89,13.00,12.69,12.83,12.37,542600
Jul 13 2016,12.68,12.75,12.59,12.74,12.29,625800
Jul 12 2016,12.45,12.63,12.36,12.60,12.15,943000
Jul 11 2016,12.07,12.29,12.07,12.25,11.82,591400
Jul 08 2016,11.94,12.14,11.92,12.04,11.61,1173800
Jul 07 2016,11.69,11.91,11.69,11.78,11.36,984600
Jul 06 2016,11.64,11.70,11.50,11.68,11.27,1272600
Jul 05 2016,11.72,11.79,11.52,11.65,11.24,1485500
Jul 01 2016,11.70,11.92,11.64,11.77,11.35,478100
Jun 30 2016,11.56,11.72,11.52,11.67,11.26,706200
Jun 29 2016,11.15,11.52,10.94,11.52,11.11,1199700
Jun 28 2016,11.01,11.12,10.93,11.02,10.63,1418600
Jun 27 2016,11.33,11.36,10.90,10.94,10.55,1090100
Jun 24 2016,11.70,11.70,11.46,11.50,11.09,1339500
Jun 23 2016,12.20,12.40,12.11,12.20,11.77,690800
Jun 22 2016,11.86,12.15,11.84,12.06,11.63,1051000
Jun 21 2016,11.78,11.89,11.62,11.86,11.44,722700
Jun 20 2016,11.78,11.89,11.70,11.77,11.35,446000
Jun 17 2016,11.73,11.74,11.56,11.62,11.21,839200
Jun 16 2016,11.96,11.96,11.64,11.72,11.30,793500
Jun 15 2016,11.80,12.19,11.80,11.99,11.56,736700
Jun 14 2016,11.87,11.95,11.63,11.78,11.36,721800
Jun 13 2016,11.79,12.07,11.79,11.90,11.48,620900
Jun 10 2016,12.00,12.05,11.70,11.84,11.42,1033300
Jun 09 2016,12.19,12.21,12.02,12.13,11.70,1179800
Jun 08 2016,12.22,12.32,12.16,12.23,11.80,824700
Jun 07 2016,12.52,12.52,12.18,12.23,11.80,894800
Jun 06 2016,12.35,12.56,12.35,12.52,12.08,540300
Jun 03 2016,12.40,12.45,12.14,12.33,11.89,693300
Jun 02 2016,12.38,12.45,12.29,12.45,12.01,1412800
Jun 01 2016,12.30,12.43,12.21,12.39,11.95,1682300
May 31 2016,12.30,12.35,12.20,12.34,11.90,1223800
May 27 2016,12.24,12.33,12.19,12.30,11.86,749100
May 26 2016,12.40,12.46,12.23,12.24,11.81,681100
May 25 2016,12.25,12.47,12.25,12.41,11.97,544400
May 24 2016,12.18,12.24,12.11,12.22,11.79,748000
May 23 2016,12.27,12.38,12.10,12.12,11.69,639300
May 20 2016,12.00,12.32,11.83,12.25,11.82,956800
May 19 2016,11.95,12.03,11.90,11.94,11.52,1106500
May 18 2016,12.03,12.10,11.77,12.00,11.57,1634600
May 17 2016,12.12,12.33,12.08,12.09,11.66,666300
May 16 2016,12.10,12.21,12.05,12.18,11.75,769300
May 13 2016,12.31,12.42,12.04,12.05,11.62,802800
May 12 2016,12.66,12.68,12.31,12.35,11.91,764000
May 11 2016,12.67,12.74,12.52,12.63,12.18,999500
May 10 2016,12.79,12.80,12.62,12.77,12.32,535100
May 09 2016,13.10,13.14,12.57,12.72,12.27,726100
May 06 2016,12.73,13.18,12.41,13.16,12.69,1411100
May 05 2016,12.77,12.77,12.62,12.73,12.28,449400
May 04 2016,12.75,12.83,12.64,12.69,12.24,777900
May 03 2016,13.05,13.11,12.77,12.83,12.37,661100
May 02 2016,12.98,13.25,12.94,13.18,12.71,660900
Apr 29 2016,13.03,13.09,12.76,12.96,12.50,732900
Apr 28 2016,13.09,13.31,13.01,13.07,12.61,666200
Apr 27 2016,13.26,13.39,13.09,13.19,12.72,747900
Apr 26 2016,13.08,13.33,13.02,13.27,12.80,594500
Apr 25 2016,13.28,13.30,13.02,13.08,12.62,666000
Apr 22 2016,13.19,13.37,13.19,13.30,12.83,879200
Apr 21 2016,12.99,13.35,12.99,13.21,12.74,848900
Apr 20 2016,12.98,13.12,12.96,12.97,12.51,531900
Apr 19 2016,12.92,13.12,12.82,12.98,12.52,473000
Apr 18 2016,13.03,13.09,12.88,12.92,12.46,855600
Apr 15 2016,13.17,13.19,13.00,13.10,12.63,534900
Apr 14 2016,13.15,13.32,13.15,13.18,12.71,795800
Apr 13 2016,12.97,13.10,12.93,13.09,12.63,617500
Apr 12 2016,12.76,12.98,12.75,12.91,12.45,474400
Apr 11 2016,12.78,12.90,12.72,12.72,12.27,469200
Apr 08 2016,13.09,13.09,12.73,12.77,12.32,1552300
Apr 07 2016,13.19,13.25,12.89,12.99,12.53,1100700
Apr 06 2016,13.08,13.28,12.95,13.25,12.78,986500
Apr 05 2016,13.06,13.19,13.01,13.05,12.59,560900
Apr 04 2016,13.51,13.51,13.21,13.21,12.74,915700
Apr 01 2016,13.14,13.55,13.00,13.53,13.05,577000
Mar 31 2016,13.26,13.37,13.19,13.25,12.78,557700
Mar 30 2016,13.46,13.49,13.13,13.25,12.78,1201900
Mar 29 2016,13.32,13.45,13.18,13.40,12.92,463500
Mar 28 2016,13.11,13.39,13.04,13.36,12.89,864900
Mar 24 2016,12.91,13.06,12.82,13.05,12.59,662600
Mar 23 2016,13.18,13.30,13.01,13.02,12.56,1791500
Mar 22 2016,12.92,13.22,12.92,13.20,12.73,979000
Mar 21 2016,12.90,13.05,12.83,13.01,12.55,515400
Mar 18 2016,13.16,13.28,12.88,12.91,12.45,1202200
Mar 17 2016,12.79,13.28,12.79,13.10,12.63,901000
Mar 16 2016,12.27,12.80,12.22,12.78,12.33,3958400
Mar 15 2016,12.05,12.32,11.96,12.29,11.85,1308100
Mar 14 2016,12.35,12.39,12.04,12.15,11.72,815900
Mar 11 2016,11.86,12.40,11.70,12.40,11.96,750500
Mar 10 2016,11.86,11.91,11.55,11.73,11.31,792400
Mar 09 2016,11.66,12.02,11.63,11.84,11.42,1154400
Mar 08 2016,11.91,11.95,11.57,11.59,11.18,843700
Mar 07 2016,11.58,11.99,11.58,11.95,11.53,623600
Mar 03 2016,11.57,11.60,11.42,11.58,11.07,787300
Mar 02 2016,11.36,11.58,11.35,11.57,11.06,650200
Mar 01 2016,11.49,11.53,11.30,11.40,10.90,920400
Feb 29 2016,11.58,11.63,11.41,11.41,10.91,837100
Feb 26 2016,11.57,11.66,11.46,11.58,11.07,496900
Feb 25 2016,11.57,11.59,11.30,11.49,10.99,904900
Feb 24 2016,11.44,11.57,11.38,11.55,11.05,689300
Feb 23 2016,11.68,11.84,11.60,11.62,11.11,1435700
Feb 22 2016,11.74,11.82,11.64,11.75,11.24,600200
Feb 19 2016,11.45,11.68,11.33,11.59,11.08,1933800
Feb 18 2016,11.64,11.64,11.43,11.45,10.95,965100
Feb 17 2016,11.68,11.84,11.51,11.60,11.09,1171600
Feb 16 2016,11.46,11.66,11.31,11.54,11.04,1238800
Feb 12 2016,11.04,11.29,11.03,11.27,10.78,2223700
Feb 11 2016,11.12,11.12,10.74,10.89,10.41,1162000
Feb 10 2016,11.12,11.41,11.11,11.13,10.64,1427000
Feb 09 2016,11.08,11.29,10.96,11.09,10.61,1922700
Feb 08 2016,11.73,11.81,10.96,11.26,10.77,2870500
Feb 05 2016,12.36,12.36,11.51,11.92,11.40,5496100
Feb 04 2016,12.66,12.99,12.66,12.78,12.22,2193500
Feb 03 2016,12.70,12.85,12.35,12.69,12.14,1637200
Feb 02 2016,12.98,12.98,12.50,12.57,12.02,898600
Feb 01 2016,13.19,13.33,12.88,13.12,12.55,850300
Jan 29 2016,13.25,13.39,13.19,13.35,12.77,716700
Jan 28 2016,13.22,13.30,12.90,13.18,12.60,596400
Jan 27 2016,13.10,13.33,12.99,13.06,12.49,666200
Jan 26 2016,12.91,13.18,12.78,13.16,12.58,773800
Jan 25 2016,12.97,13.05,12.78,12.83,12.27,818900
Jan 22 2016,12.96,13.07,12.87,13.04,12.47,1106100
Jan 21 2016,12.51,12.91,12.39,12.72,12.16,653200
Jan 20 2016,12.55,12.63,12.13,12.48,11.93,1552900
Jan 19 2016,12.97,12.97,12.49,12.73,12.17,1064800
Jan 15 2016,12.69,13.04,12.61,12.81,12.25,1583000
Jan 14 2016,12.58,13.17,12.54,13.09,12.52,1158600
Jan 13 2016,12.88,12.95,12.46,12.53,11.98,901100
Jan 12 2016,12.79,12.90,12.64,12.83,12.27,832700
Jan 11 2016,13.07,13.10,12.50,12.66,12.11,1731500
Jan 08 2016,13.12,13.15,12.90,13.01,12.44,1434600
Jan 07 2016,12.96,13.13,12.90,13.01,12.44,1825500
Jan 06 2016,12.90,13.32,12.82,13.23,12.65,1916000
Jan 05 2016,13.66,13.71,13.06,13.11,12.54,2102000
Jan 04 2016,13.71,13.73,13.55,13.67,13.07,1400000
Dec 30 2015,14.22,14.37,14.06,14.10,13.48,580800
Dec 29 2015,14.14,14.34,14.14,14.29,13.67,644200
Dec 28 2015,14.14,14.45,13.88,14.06,13.45,489300
Dec 24 2015,14.26,14.45,14.22,14.23,13.61,455400
Dec 23 2015,13.98,14.31,13.94,14.25,13.63,1544300
Dec 22 2015,13.89,13.94,13.71,13.85,13.24,1008100
Dec 21 2015,13.71,13.85,13.56,13.83,13.23,1550200
Dec 18 2015,13.68,13.79,13.55,13.62,13.02,2137800
Dec 17 2015,14.10,14.16,13.75,13.75,13.15,972300
Dec 16 2015,13.89,14.17,13.83,14.08,13.46,1000700
Dec 15 2015,13.77,14.00,13.68,13.81,13.21,875600
Dec 14 2015,13.72,13.75,13.48,13.64,13.04,1187800
Dec 11 2015,13.87,13.95,13.60,13.66,13.06,609100
Dec 10 2015,13.78,14.22,13.78,14.11,13.49,870000
Dec 09 2015,13.71,14.07,13.69,13.82,13.22,1177200
Dec 08 2015,13.99,14.03,13.76,13.79,13.19,685000
Dec 07 2015,14.26,14.31,14.10,14.17,13.55,863000
Dec 04 2015,14.08,14.33,13.96,14.31,13.68,827200
Dec 03 2015,14.61,14.69,13.83,14.04,13.43,1904100
Dec 02 2015,14.77,14.80,14.55,14.61,13.97,731000
Dec 01 2015,14.56,14.80,14.51,14.78,14.13,624600
Nov 30 2015,14.39,14.52,14.29,14.46,13.83,1065800
Nov 27 2015,14.61,14.66,14.32,14.37,13.74,286000
Nov 25 2015,14.62,14.63,14.48,14.60,13.96,547000
Nov 24 2015,14.40,14.61,14.37,14.60,13.96,704700
Nov 23 2015,14.42,14.63,14.26,14.46,13.83,574400
Nov 20 2015,14.33,14.47,14.24,14.42,13.79,911800
Nov 19 2015,14.36,14.40,14.16,14.26,13.64,1111200
Nov 18 2015,14.30,14.37,14.19,14.36,13.73,678200
Nov 17 2015,14.24,14.43,14.00,14.23,13.61,677000
Nov 16 2015,13.97,14.28,13.88,14.26,13.64,952200
Nov 13 2015,14.27,14.27,13.93,13.96,13.35,1416900
Nov 12 2015,14.45,14.73,14.25,14.28,13.66,1294000
Nov 11 2015,14.68,14.75,14.48,14.59,13.95,1126900
Nov 10 2015,14.63,14.72,14.50,14.64,14.00,840200
Nov 09 2015,15.06,15.06,14.51,14.68,14.04,1784100
Nov 06 2015,15.42,15.60,14.80,15.14,14.48,1701700
Nov 05 2015,15.57,15.62,15.35,15.39,14.72,1161100
Nov 04 2015,15.63,15.67,15.39,15.61,14.93,1336700
Nov 03 2015,15.62,15.72,15.43,15.57,14.89,893400
Nov 02 2015,15.47,15.74,15.25,15.69,15.00,1062400
Oct 30 2015,15.21,15.51,15.02,15.48,14.80,1418000
Oct 29 2015,14.98,15.24,14.64,15.17,14.51,989100
Oct 28 2015,14.83,15.03,14.64,15.02,14.36,1489900
Oct 27 2015,14.76,14.81,14.55,14.73,14.09,1296000
Oct 26 2015,15.15,15.20,14.61,14.85,14.20,833300
Oct 23 2015,14.91,15.16,14.82,15.15,14.49,1095200
Oct 22 2015,14.53,14.87,14.42,14.84,14.19,987100
Oct 21 2015,14.82,14.85,14.41,14.42,13.79,827600
Oct 20 2015,14.75,14.82,14.64,14.79,14.14,814500
Oct 19 2015,14.57,14.77,14.53,14.76,14.11,928900
Oct 16 2015,14.51,14.70,14.18,14.67,14.03,664900
Oct 15 2015,14.22,14.46,14.09,14.45,13.82,1025300
Oct 14 2015,14.06,14.25,13.97,14.19,13.57,834100
Oct 13 2015,14.05,14.21,13.97,14.03,13.42,509300
Oct 12 2015,14.09,14.20,14.00,14.09,13.47,728700
Oct 09 2015,14.09,14.16,13.90,14.11,13.49,1009300
Oct 08 2015,13.66,14.10,13.66,14.10,13.48,1436000
Oct 07 2015,13.57,13.83,13.53,13.69,13.09,1622700
Oct 06 2015,13.44,13.65,13.38,13.55,12.96,1666600
Oct 05 2015,13.26,13.52,13.22,13.48,12.89,1144600
Oct 02 2015,12.25,13.14,12.24,13.14,12.57,1408300
Oct 01 2015,12.85,13.07,12.65,12.87,12.31,1287900
Sep 30 2015,12.62,12.83,12.42,12.82,12.26,1144200
Sep 29 2015,12.47,12.61,12.33,12.42,11.88,1078500
Sep 28 2015,13.00,13.00,12.43,12.44,11.90,1776300
Sep 25 2015,13.00,13.00,12.79,12.86,12.30,1250800
Sep 24 2015,12.71,12.96,12.71,12.88,12.32,1146300
Sep 23 2015,12.90,12.94,12.73,12.83,12.27,1316600
Sep 22 2015,12.73,13.01,12.69,12.91,12.35,3045300
Sep 21 2015,12.88,13.22,12.86,12.90,12.34,2148300
Sep 18 2015,13.26,13.26,12.79,12.83,12.27,18700500
Sep 17 2015,12.96,13.47,12.86,13.15,12.58,3200800
Sep 16 2015,12.99,13.06,12.85,13.00,12.43,1358600
Sep 15 2015,12.93,13.05,12.81,12.98,12.41,936700
Sep 14 2015,13.06,13.07,12.83,12.90,12.34,1234200
Sep 10 2015,13.29,13.38,13.11,13.15,12.48,1327300
Sep 09 2015,13.56,13.66,13.30,13.33,12.65,1315100
Sep 08 2015,13.34,13.51,13.26,13.46,12.77,1508200
Sep 04 2015,13.38,13.46,13.05,13.09,12.42,1215000
Sep 03 2015,13.33,13.74,13.25,13.58,12.89,1266300
Sep 02 2015,13.46,13.75,13.19,13.33,12.65,2068100
Sep 01 2015,13.58,13.60,13.21,13.31,12.63,2551200
Aug 31 2015,13.93,13.94,13.67,13.83,13.12,1245000
Aug 28 2015,13.75,14.10,13.75,14.02,13.31,1300400
Aug 27 2015,13.58,13.87,13.48,13.81,13.11,1585500
Aug 26 2015,13.48,13.59,13.03,13.43,12.75,2289100
Aug 25 2015,13.48,13.68,13.10,13.17,12.50,4156100
Aug 24 2015,13.10,13.25,12.62,13.04,12.38,3264900
Aug 21 2015,14.10,14.25,13.85,13.87,13.16,2112700
Aug 20 2015,14.75,14.78,14.15,14.17,13.45,1032000
Aug 19 2015,14.98,15.03,14.74,14.89,14.13,895400
Aug 18 2015,15.00,15.09,14.92,14.98,14.22,1000300
Aug 17 2015,14.88,15.09,14.88,15.06,14.29,1247800
Aug 14 2015,14.85,15.01,14.82,14.91,14.15,1317600
Aug 13 2015,14.44,15.62,14.44,14.89,14.13,1712500
Aug 12 2015,13.59,13.98,13.49,13.85,13.14,1230000
Aug 11 2015,13.94,14.00,13.64,13.74,13.04,1136400
Aug 10 2015,13.88,14.06,13.78,14.02,13.31,682700
Aug 07 2015,13.64,13.84,13.50,13.83,13.12,431500
Aug 06 2015,14.22,14.22,13.46,13.71,13.01,1560500
Aug 05 2015,14.22,14.28,14.08,14.20,13.48,1037800
Aug 04 2015,14.05,14.31,14.02,14.13,13.41,629400
Aug 03 2015,14.33,14.33,14.00,14.06,13.34,1018100
Jul 31 2015,14.34,14.45,14.23,14.27,13.54,702600
Jul 30 2015,14.28,14.32,14.13,14.29,13.56,901200
Jul 29 2015,14.26,14.38,14.17,14.34,13.61,1447800
Jul 28 2015,14.45,14.45,14.00,14.29,13.56,688800
Jul 27 2015,14.40,14.62,14.30,14.35,13.62,1272100
Jul 24 2015,14.40,14.47,14.21,14.43,13.69,1434700
Jul 23 2015,14.25,14.41,14.16,14.41,13.68,922000
Jul 22 2015,14.21,14.36,14.12,14.26,13.53,972200
Jul 21 2015,14.43,14.46,14.22,14.24,13.51,740500
Jul 20 2015,14.40,14.49,14.31,14.48,13.74,571600
Jul 17 2015,14.35,14.42,14.23,14.35,13.62,893000
Jul 16 2015,14.17,14.29,14.14,14.29,13.56,619500
Jul 15 2015,14.02,14.11,13.95,14.10,13.38,822900
Jul 14 2015,13.96,14.04,13.91,14.02,13.31,472000
Jul 13 2015,13.91,14.08,13.90,14.00,13.29,1106400
Jul 10 2015,13.85,13.97,13.76,13.83,13.12,425900
Jul 09 2015,13.92,14.02,13.74,13.75,13.05,1022900
Jul 08 2015,13.94,13.99,13.77,13.81,13.11,1055600
Jul 07 2015,13.83,14.06,13.64,14.03,13.31,1439600
Jul 06 2015,14.05,14.09,13.79,13.83,13.12,2606800
Jul 02 2015,14.36,14.65,14.20,14.21,13.49,1097800
Jul 01 2015,14.35,14.40,14.22,14.30,13.57,1063600
Jun 30 2015,14.09,14.30,13.91,14.24,13.51,1557200
Jun 29 2015,14.54,14.61,14.02,14.03,13.31,1247600
Jun 26 2015,14.41,14.74,14.27,14.62,13.87,8440600
Jun 25 2015,14.48,14.54,14.33,14.34,13.61,1389500
Jun 24 2015,14.64,14.76,14.44,14.47,13.73,1724900
Jun 23 2015,14.68,14.80,14.66,14.66,13.91,1188800
Jun 22 2015,14.64,14.80,14.63,14.68,13.93,806300
Jun 19 2015,14.17,14.66,14.17,14.58,13.84,1702100
Jun 18 2015,14.04,14.32,14.04,14.23,13.50,1145000
Jun 17 2015,13.99,14.13,13.88,13.95,13.24,744500
Jun 16 2015,14.05,14.10,13.99,13.99,13.28,544700
Jun 15 2015,14.15,14.20,14.03,14.05,13.33,644200
Jun 12 2015,14.24,14.28,14.07,14.18,13.46,752600
Jun 11 2015,14.37,14.37,14.22,14.26,13.53,859100
Jun 10 2015,14.33,14.46,14.25,14.29,13.56,1272400
Jun 09 2015,14.60,14.60,14.29,14.30,13.57,866700
Jun 08 2015,14.59,14.68,14.55,14.57,13.83,613600
Jun 05 2015,14.73,14.73,14.56,14.64,13.89,781100
Jun 04 2015,14.89,14.94,14.69,14.72,13.97,605900
Jun 03 2015,14.94,15.03,14.86,14.94,14.18,495700
Jun 02 2015,14.94,15.04,14.86,14.91,14.15,706300
Jun 01 2015,14.97,15.06,14.86,15.00,14.24,601200
May 29 2015,15.06,15.13,14.91,14.95,14.19,887400
May 28 2015,15.08,15.10,14.99,15.10,14.33,760600
May 27 2015,15.09,15.26,15.00,15.13,14.36,766700
May 26 2015,15.22,15.31,14.96,15.04,14.27,848700
May 22 2015,15.32,15.35,15.20,15.25,14.47,528200
May 21 2015,15.28,15.39,15.25,15.36,14.58,404800
May 20 2015,15.38,15.43,15.31,15.33,14.55,790400
May 19 2015,15.39,15.42,15.26,15.39,14.61,454900
May 18 2015,15.24,15.39,15.12,15.35,14.57,1189400
May 15 2015,15.16,15.35,15.11,15.30,14.52,808100
May 14 2015,15.14,15.20,15.01,15.14,14.37,1001600
May 13 2015,15.20,15.24,15.08,15.10,14.33,1496900
May 12 2015,15.52,15.54,15.09,15.18,14.41,1409900
May 11 2015,15.07,15.70,15.02,15.59,14.79,2150400
May 08 2015,15.02,15.11,14.96,15.09,14.32,470100
May 07 2015,14.94,14.95,14.83,14.91,14.15,1733100
May 06 2015,15.21,15.22,14.78,14.91,14.15,3899100
May 05 2015,16.12,16.17,15.81,15.92,15.11,1543900
May 04 2015,15.90,16.08,15.84,16.07,15.25,855200
May 01 2015,15.69,15.94,15.67,15.93,15.12,1244200
Apr 30 2015,15.58,15.74,15.53,15.57,14.78,1836000
Apr 29 2015,15.80,15.88,15.65,15.66,14.86,1637400
Apr 28 2015,15.43,15.88,15.40,15.86,15.05,1510900
Apr 27 2015,15.45,15.74,15.45,15.47,14.68,1765700
Apr 24 2015,15.44,15.55,15.33,15.43,14.64,464000
Apr 23 2015,15.42,15.51,15.30,15.46,14.67,1023100
Apr 22 2015,15.34,15.51,15.26,15.41,14.62,2791400
Apr 21 2015,15.56,15.61,15.35,15.35,14.57,699500
Apr 20 2015,15.56,15.61,15.46,15.48,14.69,899300
Apr 17 2015,15.63,15.63,15.40,15.49,14.70,1129800
Apr 16 2015,15.81,15.81,15.57,15.70,14.90,1388100
Apr 15 2015,15.89,15.96,15.81,15.84,15.03,634300
Apr 14 2015,15.97,16.03,15.84,15.85,15.04,878900
Apr 13 2015,15.75,15.95,15.75,15.94,15.13,603400
Apr 10 2015,15.74,15.82,15.68,15.73,14.93,451500
Apr 09 2015,15.85,15.95,15.68,15.72,14.92,738200
Apr 08 2015,16.00,16.17,15.84,15.89,15.08,1189600
Apr 07 2015,16.06,16.16,15.95,15.95,15.14,325200
Apr 06 2015,15.93,16.20,15.87,16.09,15.27,282400
Apr 02 2015,15.95,16.06,15.86,15.99,15.17,596100
Apr 01 2015,15.86,15.97,15.74,15.93,15.12,1564600
Mar 31 2015,15.93,16.05,15.81,15.87,15.06,952700
Mar 30 2015,16.06,16.24,16.01,16.04,15.22,469300
Mar 27 2015,15.96,16.09,15.93,15.95,15.14,641900
Mar 26 2015,16.13,16.18,15.95,16.02,15.20,977400
Mar 25 2015,16.54,16.60,16.23,16.24,15.41,1304100
Mar 24 2015,16.57,16.65,16.46,16.56,15.72,1274800
Mar 23 2015,16.58,16.68,16.56,16.61,15.76,1044400
Mar 20 2015,16.46,16.67,16.46,16.54,15.70,603000
Mar 19 2015,16.52,16.52,16.24,16.40,15.56,1074900
Mar 18 2015,16.38,16.67,16.29,16.59,15.74,922200
Mar 17 2015,16.49,16.49,16.32,16.46,15.62,677900
Mar 16 2015,16.49,16.61,16.39,16.58,15.73,769400
Mar 13 2015,16.44,16.46,16.13,16.39,15.55,1472800
Mar 12 2015,16.15,16.48,16.15,16.44,15.60,537500
Mar 11 2015,16.01,16.12,15.88,16.06,15.24,993300
Mar 10 2015,16.21,16.30,15.90,15.93,15.12,1872200
Mar 09 2015,16.45,16.56,16.24,16.29,15.46,756200
Mar 06 2015,16.63,16.78,16.34,16.41,15.57,705500
Mar 05 2015,16.67,16.75,16.59,16.65,15.80,1211700
Mar 04 2015,16.68,16.74,16.46,16.62,15.77,1188700
Mar 03 2015,17.01,17.01,16.69,16.72,15.87,713100
Mar 02 2015,16.82,17.07,16.82,17.00,16.13,637200
Feb 27 2015,16.81,16.94,16.79,16.82,15.96,1153700
Feb 26 2015,16.94,17.07,16.79,16.86,16.00,773500
Feb 25 2015,16.95,17.11,16.91,17.01,16.14,896300
Feb 24 2015,16.87,16.98,16.72,16.91,16.05,1172600
Feb 23 2015,16.59,16.91,16.59,16.90,16.04,1342800
Feb 20 2015,16.57,16.76,16.35,16.67,15.82,712900
Feb 19 2015,16.51,16.57,16.40,16.55,15.71,360100
Feb 18 2015,16.59,16.61,16.40,16.51,15.67,633000
Feb 17 2015,16.34,16.57,16.31,16.56,15.72,719500
Feb 13 2015,16.41,16.55,16.37,16.41,15.57,456100
Feb 12 2015,16.40,16.49,16.27,16.36,15.53,437800
Feb 11 2015,16.25,16.41,16.22,16.30,15.47,1645800
Feb 10 2015,16.21,16.35,15.83,16.30,15.47,1920900
Feb 09 2015,15.76,16.24,15.76,16.17,15.35,1105900
Feb 06 2015,15.37,15.84,15.37,15.77,14.97,1517900
Feb 05 2015,15.18,15.28,14.98,15.22,14.44,882100
Feb 04 2015,15.05,15.21,15.03,15.11,14.34,801800
Feb 03 2015,14.54,15.20,14.54,15.13,14.36,1185000
Feb 02 2015,14.54,14.54,14.28,14.48,13.74,874500
Jan 30 2015,14.39,14.66,14.28,14.44,13.70,1946600
Jan 29 2015,14.75,14.80,14.27,14.46,13.72,734900
Jan 28 2015,14.96,14.97,14.72,14.75,14.00,1621900
Jan 27 2015,14.80,15.05,14.75,14.91,14.15,1151200
Jan 26 2015,14.89,14.99,14.56,14.98,14.22,413400
Jan 23 2015,14.66,14.84,14.60,14.66,13.91,720000
Jan 22 2015,14.49,14.77,14.37,14.70,13.95,711100
Jan 21 2015,14.43,14.52,14.28,14.45,13.71,457000
Jan 20 2015,14.57,14.58,14.25,14.44,13.70,753000
Jan 16 2015,14.56,14.62,14.48,14.54,13.80,316600
Jan 15 2015,14.70,14.70,14.47,14.54,13.80,991900
Jan 14 2015,14.57,14.66,14.28,14.63,13.88,1410700
Jan 13 2015,14.80,14.89,14.55,14.70,13.95,664500
Jan 12 2015,14.87,14.87,14.63,14.72,13.97,537100
Jan 09 2015,14.77,14.94,14.68,14.88,14.12,905500
Jan 08 2015,14.52,14.84,14.43,14.74,13.99,887000
Jan 07 2015,14.57,14.57,14.25,14.41,13.68,1074300
Jan 06 2015,14.65,14.67,14.32,14.47,13.73,1197100
Jan 05 2015,14.91,14.91,14.53,14.64,13.89,1018500
Jan 02 2015,15.13,15.28,14.80,14.98,14.22,905000
Dec 31 2014,15.20,15.32,15.07,15.08,14.31,644100
Dec 30 2014,15.12,15.24,14.95,15.18,14.41,695000
Dec 29 2014,15.06,15.20,15.03,15.13,14.36,518900
Dec 26 2014,15.00,15.05,14.95,15.04,14.27,492500
Dec 24 2014,15.04,15.04,14.77,14.92,14.16,331400
Dec 23 2014,14.77,15.07,14.74,14.99,14.23,1117900
Dec 22 2014,14.67,14.88,14.58,14.75,14.00,1629000
Dec 19 2014,14.52,14.68,14.52,14.59,13.85,2721900
Dec 18 2014,14.56,14.65,14.42,14.48,13.74,1226400
Dec 17 2014,14.27,14.42,14.17,14.37,13.64,1458600
Dec 16 2014,14.21,14.56,14.21,14.24,13.51,1635700
Dec 15 2014,14.76,14.76,14.24,14.25,13.52,2108900
Dec 12 2014,14.72,14.78,14.63,14.65,13.90,1970400
Dec 11 2014,15.02,15.06,14.77,14.78,14.03,1431700
Dec 10 2014,15.09,15.09,14.86,14.87,14.11,1923700
Dec 09 2014,14.91,15.11,14.87,15.11,14.34,3162200
Dec 08 2014,15.22,15.29,14.95,14.99,14.23,1668800
Dec 05 2014,15.15,15.25,15.10,15.23,14.45,2038500
Dec 04 2014,15.16,15.27,15.09,15.16,14.39,1956000
Dec 03 2014,15.29,15.29,15.12,15.25,14.47,2691700
Dec 02 2014,15.04,15.28,14.91,15.23,14.45,2036000
Dec 01 2014,14.97,15.18,14.96,15.05,14.28,2909000
Nov 28 2014,15.21,15.28,15.02,15.05,14.28,980200
Nov 26 2014,15.03,15.23,14.99,15.20,14.42,1732100
Nov 25 2014,15.06,15.13,15.01,15.02,14.25,2622900
Nov 24 2014,14.91,15.11,14.80,15.05,14.28,3770100
Nov 21 2014,14.94,14.99,14.80,14.83,14.07,2172400
Nov 20 2014,14.39,14.86,14.34,14.76,14.01,5445700
Nov 19 2014,14.92,15.02,14.83,14.98,14.22,4737900
Nov 18 2014,14.90,15.00,14.83,14.91,14.15,1958400
Nov 17 2014,14.91,15.07,14.78,14.94,14.18,2000000
Nov 14 2014,14.83,15.02,14.78,14.98,14.22,1165700
Nov 13 2014,15.07,15.07,14.67,14.82,14.06,1626300
Nov 12 2014,14.83,15.12,14.83,15.00,14.24,999400
Nov 11 2014,14.97,15.05,14.86,14.92,14.16,528700
Nov 10 2014,14.97,14.97,14.77,14.94,14.18,294200
Nov 07 2014,15.03,15.06,14.81,14.84,14.08,985000
Nov 06 2014,14.99,15.44,14.96,14.99,14.23,1647600
Nov 05 2014,14.88,15.00,14.77,14.86,14.10,311300
Nov 04 2014,15.00,15.11,14.69,14.74,13.99,621200
Nov 03 2014,15.02,15.23,15.02,15.10,14.33,349700
Oct 31 2014,15.27,15.36,14.91,15.05,14.28,375600
Oct 30 2014,15.09,15.19,14.98,15.06,14.29,475900
Oct 29 2014,15.07,15.22,15.01,15.14,14.37,635700
Oct 28 2014,15.10,15.14,14.92,15.07,14.30,946700
Oct 27 2014,15.31,15.31,15.01,15.07,14.30,440900
Oct 24 2014,15.09,15.36,15.09,15.32,14.54,798400
Oct 23 2014,15.00,15.22,14.99,15.10,14.33,810600
Oct 22 2014,15.07,15.07,14.84,14.86,14.10,3676800
Oct 21 2014,14.54,15.06,14.54,15.01,14.24,1449300
Oct 20 2014,14.21,14.43,14.21,14.43,13.69,1863700
Oct 17 2014,14.35,14.53,14.17,14.26,13.53,1807600
Oct 16 2014,14.26,14.46,14.09,14.24,13.51,2296300
Oct 15 2014,14.35,14.72,14.25,14.48,13.74,1407300
Oct 14 2014,14.54,14.71,14.52,14.58,13.84,744200
Oct 13 2014,14.89,15.05,14.51,14.53,13.79,682500
Oct 10 2014,15.24,15.30,14.95,14.97,14.21,952100
Oct 09 2014,15.70,15.70,15.18,15.26,14.48,730200
Oct 08 2014,15.27,15.75,15.24,15.74,14.94,987600
Oct 07 2014,15.72,15.75,15.32,15.33,14.55,550600
Oct 06 2014,15.76,15.89,15.72,15.76,14.96,789900
Oct 03 2014,15.78,15.82,15.71,15.76,14.96,653500
Oct 02 2014,15.75,15.94,15.53,15.65,14.85,833600
Oct 01 2014,16.06,16.10,15.76,15.82,15.01,1413100
Sep 30 2014,16.43,16.43,16.07,16.13,15.31,1591400
Sep 29 2014,16.49,16.61,16.41,16.50,15.66,1847000
Sep 26 2014,16.44,16.68,16.39,16.63,15.78,410800
Sep 25 2014,16.56,16.60,16.39,16.42,15.58,761200
Sep 24 2014,16.62,16.67,16.52,16.63,15.78,342800
Sep 23 2014,16.65,16.72,16.58,16.66,15.81,883300
Sep 22 2014,16.76,16.76,16.64,16.68,15.83,565500
Sep 19 2014,16.70,16.86,16.66,16.84,15.98,454600
Sep 18 2014,16.67,16.72,16.59,16.69,15.84,357100
Sep 17 2014,16.71,16.77,16.63,16.67,15.82,736200
Sep 16 2014,16.65,16.84,16.62,16.71,15.86,409100
Sep 15 2014,16.75,16.81,16.55,16.72,15.87,362100
Sep 12 2014,16.92,16.92,16.72,16.79,15.93,425900
Sep 11 2014,17.05,17.14,16.93,16.95,16.09,580500
Sep 10 2014,16.93,17.17,16.87,17.12,16.25,909800
Sep 09 2014,17.21,17.30,16.94,16.97,16.10,1540400
Sep 08 2014,17.31,17.35,17.21,17.26,16.38,704800
Sep 05 2014,17.32,17.41,17.25,17.39,16.50,605700
Sep 04 2014,17.29,17.44,17.24,17.30,16.42,678200
Sep 03 2014,17.17,17.27,17.17,17.25,16.37,1329500
Sep 02 2014,17.25,17.34,17.06,17.06,16.19,1021400
Aug 29 2014,17.35,17.35,17.16,17.26,16.38,706800
Aug 28 2014,17.22,17.36,16.99,17.29,16.41,542000
Aug 27 2014,17.29,17.32,17.19,17.29,16.41,844300
Aug 26 2014,17.28,17.31,17.23,17.25,16.37,359300
Aug 25 2014,17.22,17.32,17.10,17.31,16.43,1298000
Aug 22 2014,17.22,17.22,17.04,17.14,16.27,966500
Aug 21 2014,17.12,17.22,17.03,17.19,16.31,930800
Aug 20 2014,16.70,17.13,16.70,17.09,16.22,1115800
Aug 19 2014,16.88,16.88,16.70,16.75,15.90,290500
Aug 18 2014,16.94,17.13,16.78,16.84,15.98,1182900
Aug 15 2014,17.05,17.05,16.78,16.81,15.95,913200
Aug 14 2014,16.66,16.98,16.66,16.97,16.10,1081000
Aug 13 2014,16.94,16.94,16.63,16.76,15.91,653000
Aug 12 2014,16.89,17.06,16.81,16.83,15.97,697300
Aug 11 2014,16.86,17.03,16.73,16.94,16.08,711800
Aug 08 2014,16.89,16.89,16.01,16.75,15.90,2848000
Aug 07 2014,17.20,17.26,16.93,17.00,16.13,1064000
Aug 06 2014,17.13,17.19,17.05,17.15,16.28,724600
Aug 05 2014,17.34,17.34,17.16,17.22,16.34,867500
Aug 04 2014,17.36,17.43,17.18,17.39,16.50,432500
Aug 01 2014,17.15,17.40,17.10,17.36,16.47,384800
Jul 31 2014,17.23,17.44,17.17,17.21,16.33,729500
Jul 30 2014,17.42,17.50,17.28,17.38,16.49,607300
Jul 29 2014,17.48,17.65,17.34,17.39,16.50,538300
Jul 28 2014,17.57,17.66,17.37,17.49,16.60,489200
Jul 25 2014,17.70,17.70,17.56,17.61,16.71,843400
Jul 24 2014,17.51,17.74,17.51,17.73,16.83,804600
Jul 23 2014,17.47,17.55,17.36,17.55,16.66,442200
Jul 22 2014,17.63,17.67,17.46,17.51,16.62,283800
Jul 21 2014,17.63,17.72,17.52,17.54,16.65,504700
Jul 18 2014,17.54,17.75,17.49,17.65,16.75,1047400
Jul 17 2014,17.61,17.64,17.46,17.50,16.61,711900
Jul 16 2014,17.74,17.79,17.57,17.63,16.73,842700
Jul 15 2014,17.62,17.78,17.60,17.66,16.76,1359000
Jul 14 2014,17.71,17.71,17.49,17.59,16.69,759800
Jul 11 2014,17.52,17.67,17.46,17.56,16.66,870000
Jul 10 2014,17.51,17.59,17.39,17.51,16.62,757700
Jul 09 2014,17.64,17.78,17.56,17.67,16.77,673400
Jul 08 2014,17.62,17.67,17.46,17.58,16.68,1499400
Jul 07 2014,17.77,17.77,17.56,17.63,16.73,789200
Jul 03 2014,17.77,17.82,17.68,17.77,16.86,293200
Jul 02 2014,17.55,17.78,17.47,17.72,16.82,550600
Jul 01 2014,17.45,17.67,17.44,17.60,16.70,687600
Jun 30 2014,17.50,17.61,17.38,17.45,16.56,1063100
Jun 27 2014,17.44,17.60,17.35,17.55,16.66,1241700
Jun 26 2014,17.27,17.54,17.04,17.54,16.65,1889500
Jun 25 2014,17.00,17.27,16.90,17.20,16.32,652000
Jun 24 2014,16.84,17.13,16.84,17.00,16.13,662400
Jun 23 2014,17.04,17.14,16.77,16.84,15.98,469300
Jun 20 2014,17.13,17.30,16.85,17.11,16.24,625700
Jun 19 2014,17.16,17.18,16.77,17.16,16.28,538400
Jun 18 2014,16.76,17.09,16.74,17.07,16.20,730300
Jun 17 2014,16.75,16.87,16.58,16.81,15.95,404500
Jun 16 2014,16.64,16.74,16.43,16.73,15.88,827600
Jun 13 2014,16.91,16.91,16.64,16.73,15.88,343200
Jun 12 2014,17.07,17.07,16.84,16.85,15.99,611700
Jun 11 2014,17.15,17.27,17.05,17.17,16.29,524600
Jun 10 2014,17.20,17.29,17.07,17.18,16.30,396000
Jun 09 2014,17.23,17.52,17.18,17.25,16.37,441000
Jun 06 2014,17.28,17.44,17.17,17.27,16.39,731000
Jun 05 2014,17.08,17.27,16.88,17.27,16.39,568500
Jun 04 2014,16.93,17.16,16.88,17.01,16.14,321200
Jun 03 2014,16.80,17.03,16.73,16.92,16.06,598200
Jun 02 2014,16.65,16.82,16.57,16.78,15.92,1075200
May 30 2014,16.63,16.72,16.56,16.59,15.74,336200
May 29 2014,16.71,16.72,16.55,16.64,15.79,394200
May 28 2014,16.89,16.89,16.65,16.71,15.86,310200
May 27 2014,16.76,16.88,16.69,16.86,16.00,317400
May 23 2014,16.85,16.85,16.58,16.74,15.89,431300
May 22 2014,16.51,16.77,16.41,16.77,15.91,377400
May 21 2014,16.48,16.67,16.38,16.50,15.66,431200
May 20 2014,16.61,16.61,16.35,16.43,15.59,774400
May 19 2014,16.70,16.80,16.58,16.67,15.82,164500
May 16 2014,16.63,16.73,16.32,16.70,15.85,379900
May 15 2014,16.82,16.82,16.52,16.56,15.72,583700
May 14 2014,17.22,17.29,16.80,16.81,15.95,824100
May 13 2014,17.45,17.49,17.20,17.31,16.43,559500
May 12 2014,17.42,17.65,17.32,17.45,16.56,936600
May 09 2014,16.73,17.43,16.73,17.40,16.51,1558900
May 08 2014,16.59,16.62,16.35,16.57,15.73,652500
May 07 2014,16.74,16.74,16.42,16.54,15.70,603500
May 06 2014,16.78,16.80,16.63,16.65,15.80,478800
May 05 2014,16.68,16.92,16.67,16.84,15.98,611000
May 02 2014,16.79,16.96,16.70,16.83,15.97,607200
May 01 2014,16.60,16.87,16.58,16.76,15.91,592000
Apr 30 2014,16.81,16.81,16.34,16.54,15.70,1150200
Apr 29 2014,16.80,17.06,16.73,16.81,15.95,694500
Apr 28 2014,16.80,16.92,16.53,16.78,15.92,613500
Apr 25 2014,16.96,16.96,16.76,16.78,15.92,337600
Apr 24 2014,17.00,17.00,16.73,16.95,16.09,434400
Apr 23 2014,16.80,16.93,16.76,16.92,16.06,316300
Apr 22 2014,16.60,16.79,16.52,16.76,15.91,665100
Apr 21 2014,16.50,16.66,16.20,16.66,15.81,516300
Apr 17 2014,16.43,16.59,16.35,16.47,15.63,168200
Apr 16 2014,16.42,16.56,16.30,16.41,15.57,266900
Apr 15 2014,16.48,16.48,15.98,16.29,15.46,361100
Apr 14 2014,16.42,16.48,16.18,16.40,15.56,327900
Apr 11 2014,16.36,16.58,16.11,16.26,15.43,587600
Apr 10 2014,16.78,16.93,16.46,16.48,15.64,354300
Apr 09 2014,16.69,16.92,16.63,16.82,15.96,229600
Apr 08 2014,16.69,16.99,16.57,16.65,15.80,294200
Apr 07 2014,16.65,16.92,16.57,16.73,15.88,599300
Apr 04 2014,16.66,17.07,16.66,16.71,15.86,784300
Apr 03 2014,16.95,17.02,16.66,16.69,15.84,761700
Apr 02 2014,16.88,16.99,16.80,16.95,16.09,364900
Apr 01 2014,16.68,16.98,16.66,16.93,16.07,530400
Mar 31 2014,16.57,16.73,16.50,16.70,15.85,238600
Mar 28 2014,16.59,16.76,16.49,16.54,15.70,220100
Mar 27 2014,16.44,16.69,16.44,16.50,15.66,441900
Mar 26 2014,16.85,16.87,16.51,16.52,15.68,617700
Mar 25 2014,17.00,17.12,16.76,16.84,15.98,193300
Mar 24 2014,17.10,17.22,16.91,16.96,16.10,457500
Mar 21 2014,17.11,17.26,16.86,17.01,16.14,1579000
Mar 20 2014,17.14,17.23,16.97,17.11,16.24,475200
Mar 19 2014,17.32,17.41,17.12,17.24,16.36,763700
Mar 18 2014,17.07,17.43,17.05,17.35,16.47,780800
Mar 17 2014,17.15,17.25,16.91,17.08,16.21,652900
Mar 14 2014,16.98,17.20,16.95,17.05,16.18,805000
Mar 13 2014,17.61,17.61,17.03,17.07,16.20,516200
Mar 12 2014,17.33,17.59,17.10,17.50,16.61,687000
Mar 11 2014,17.48,17.52,17.29,17.37,16.48,853700
Mar 10 2014,17.64,17.64,17.33,17.48,16.59,586700
Mar 07 2014,17.98,17.98,17.47,17.54,16.65,391800
Mar 06 2014,17.86,18.01,17.75,17.86,16.95,321800
Mar 05 2014,17.85,18.02,17.70,17.89,16.98,541000
Mar 04 2014,17.82,17.94,17.79,17.89,16.98,638300
Mar 03 2014,17.71,17.89,17.51,17.70,16.80,654400
Feb 28 2014,17.70,17.97,17.51,17.89,16.98,662200
Feb 27 2014,17.56,17.68,17.49,17.66,16.76,550400
Feb 26 2014,17.71,17.73,17.51,17.59,16.69,860700
Feb 25 2014,17.58,17.71,17.58,17.62,16.72,1054800
Feb 24 2014,17.22,17.62,17.22,17.50,16.61,811600
Feb 21 2014,17.08,17.31,17.01,17.22,16.34,725200
Feb 20 2014,17.28,17.28,16.97,17.11,16.24,448100
Feb 19 2014,17.42,17.52,17.20,17.25,16.37,879700
Feb 18 2014,17.28,17.38,17.07,17.29,16.41,1097700
Feb 14 2014,17.18,17.39,17.11,17.22,16.34,637900
Feb 13 2014,17.26,17.39,17.02,17.26,16.38,540100
Feb 12 2014,17.45,17.58,17.24,17.30,16.42,443800
Feb 11 2014,17.14,17.55,17.08,17.50,16.61,1025800
Feb 10 2014,17.06,17.19,16.73,17.15,16.28,920700
Feb 07 2014,16.50,17.50,16.50,17.00,16.13,1909400
Feb 06 2014,15.40,15.74,15.18,15.66,14.86,1457800
Feb 05 2014,15.20,15.49,15.12,15.31,14.53,2498300
Feb 04 2014,15.18,15.36,15.00,15.07,14.30,4492500
Feb 03 2014,15.55,15.73,15.06,15.07,14.30,1966600
Jan 31 2014,15.63,15.82,15.58,15.61,14.81,783600
Jan 30 2014,16.05,16.05,15.75,15.80,14.99,1937300
Jan 29 2014,15.86,16.02,15.80,15.92,15.11,1283200
Jan 28 2014,16.10,16.27,16.00,16.01,15.19,1214600
Jan 27 2014,16.14,16.52,16.05,16.15,15.33,3012700
Jan 24 2014,16.40,16.73,16.06,16.15,15.33,838800
Jan 23 2014,16.58,16.58,16.39,16.55,15.71,372700
Jan 22 2014,16.74,17.01,16.57,16.67,15.82,644100
Jan 21 2014,17.12,17.12,16.66,16.76,15.91,885900
Jan 17 2014,16.96,17.08,16.88,17.02,16.15,813400
Jan 16 2014,17.06,17.17,16.99,17.04,16.17,506000
Jan 15 2014,17.25,17.25,17.09,17.15,16.28,480300
Jan 14 2014,17.08,17.29,17.08,17.24,16.36,594200
Jan 13 2014,17.28,17.37,17.03,17.08,16.21,458200
Jan 10 2014,17.28,17.41,17.23,17.34,16.46,303800
Jan 09 2014,17.33,17.47,17.20,17.30,16.42,594200
Jan 08 2014,17.26,17.33,17.07,17.24,16.36,630300
Jan 07 2014,17.51,17.55,17.22,17.32,16.44,1174400
Jan 06 2014,17.82,17.87,17.43,17.55,16.66,620000
Jan 03 2014,17.95,17.95,17.62,17.73,16.83,431600
Jan 02 2014,17.84,18.03,17.76,17.89,16.98,758500
Dec 31 2013,17.63,17.92,17.63,17.83,16.92,297100
Dec 30 2013,17.68,17.83,17.60,17.75,16.84,308400
Dec 27 2013,17.66,17.70,17.46,17.68,16.78,319700
Dec 26 2013,17.84,17.95,17.58,17.70,16.80,240200
Dec 24 2013,17.80,17.90,17.63,17.82,16.91,87700
Dec 23 2013,17.60,17.83,17.57,17.78,16.87,395900
Dec 20 2013,17.28,17.78,17.28,17.58,16.68,565100
Dec 19 2013,17.27,17.31,17.05,17.21,16.33,386800
Dec 18 2013,17.29,17.40,16.95,17.35,16.47,531000
Dec 17 2013,17.32,17.38,17.02,17.21,16.33,800900
Dec 16 2013,17.43,17.65,17.38,17.63,16.73,718700
Dec 13 2013,17.43,17.55,17.22,17.50,16.61,643300
Dec 12 2013,17.39,17.50,17.31,17.35,16.47,466800
Dec 11 2013,17.45,17.61,17.33,17.47,16.58,745800
Dec 10 2013,17.30,17.56,17.10,17.50,16.61,937700
Dec 09 2013,17.36,17.43,17.18,17.36,16.47,1985800
Dec 06 2013,17.47,17.61,17.21,17.36,16.47,1733400
Dec 05 2013,17.46,17.46,17.26,17.37,16.48,513200
Dec 04 2013,17.41,17.60,17.29,17.50,16.61,540200
Dec 03 2013,17.54,17.60,17.40,17.53,16.64,560400
Dec 02 2013,17.90,17.95,17.62,17.66,16.76,889300
Nov 29 2013,17.90,18.00,17.87,17.97,17.05,392000
Nov 27 2013,17.71,18.00,17.60,17.89,16.98,1039300
Nov 26 2013,17.60,17.82,17.50,17.76,16.85,1162100
Nov 25 2013,17.69,17.83,17.51,17.61,16.71,717400
Nov 22 2013,17.88,17.92,17.69,17.71,16.81,1203700
Nov 21 2013,17.84,17.97,17.76,17.80,16.89,299200
Nov 20 2013,17.75,18.00,17.70,17.85,16.94,805500
Nov 19 2013,17.67,17.91,17.61,17.73,16.83,471700
Nov 18 2013,18.03,18.07,17.61,17.69,16.79,795200
Nov 15 2013,17.60,18.08,17.60,18.02,17.10,842100
Nov 14 2013,17.50,17.67,17.47,17.51,16.62,573900
Nov 13 2013,17.41,17.60,17.27,17.53,16.64,833800
Nov 12 2013,17.39,17.65,17.00,17.49,16.60,1135600
Nov 11 2013,17.86,17.98,17.68,17.78,16.87,537400
Nov 08 2013,17.58,17.97,17.54,17.94,17.03,518800
Nov 07 2013,17.75,18.12,17.58,17.61,16.71,660600
Nov 06 2013,18.09,18.24,17.71,17.77,16.86,619800
Nov 05 2013,18.13,18.26,17.88,18.10,17.18,696300
Nov 04 2013,18.16,18.24,18.08,18.13,17.21,404700
Nov 01 2013,17.87,18.16,17.80,18.11,17.19,1295300
Oct 31 2013,17.81,18.14,17.73,17.93,17.02,1810300
Oct 30 2013,17.95,18.00,17.72,17.75,16.84,677500
Oct 29 2013,17.69,17.93,17.67,17.87,16.96,889500
Oct 28 2013,17.55,17.73,17.42,17.68,16.78,1045000
Oct 25 2013,17.73,17.74,17.50,17.56,16.66,1527000
Oct 24 2013,17.58,17.80,17.50,17.72,16.82,931700
Oct 23 2013,17.45,17.64,17.29,17.49,16.60,1532000
Oct 22 2013,17.36,17.53,17.28,17.45,16.56,1578100
Oct 21 2013,17.36,17.45,17.24,17.30,16.42,563900
Oct 18 2013,17.36,17.39,17.24,17.32,16.44,2034100
Oct 17 2013,17.19,17.27,17.10,17.26,16.38,861300
Oct 16 2013,17.20,17.29,17.08,17.26,16.38,1241700
Oct 15 2013,17.04,17.18,16.94,17.16,16.28,1436900
Oct 14 2013,16.76,17.14,16.75,17.06,16.19,754900
Oct 11 2013,16.60,17.06,16.60,16.92,16.06,2259400
Oct 10 2013,16.39,16.67,16.39,16.65,15.80,1069200
Oct 09 2013,16.21,16.40,16.17,16.34,15.51,4387600
Oct 08 2013,16.21,16.35,16.17,16.23,15.40,667400
Oct 07 2013,16.15,16.36,16.11,16.27,15.44,1107800
Oct 04 2013,16.24,16.40,16.20,16.27,15.44,1114000
Oct 03 2013,16.50,16.59,16.21,16.27,15.44,2186100
Oct 02 2013,16.17,16.57,16.02,16.49,15.65,1292300
Oct 01 2013,16.45,16.45,16.16,16.29,15.46,521200
Sep 30 2013,16.52,16.52,16.29,16.43,15.59,611800
Sep 27 2013,16.47,16.59,16.37,16.56,15.72,823300
Sep 26 2013,17.12,17.12,16.47,16.67,15.82,2539000
Sep 25 2013,17.23,17.30,16.99,17.09,16.22,1126100
Sep 24 2013,16.77,17.43,16.77,17.33,16.45,1402900
Sep 23 2013,16.82,16.85,16.61,16.79,15.93,703900
Sep 20 2013,17.10,17.23,16.72,16.91,16.05,1416500
Sep 19 2013,17.39,17.39,16.91,17.13,16.26,884200
Sep 18 2013,17.20,17.34,17.07,17.25,16.37,951800
Sep 17 2013,17.16,17.29,17.12,17.22,16.34,548600
Sep 16 2013,17.37,17.38,17.00,17.17,16.29,772100
Sep 13 2013,17.29,17.29,16.98,17.11,16.24,411600
Sep 12 2013,17.19,17.46,17.11,17.30,16.42,601600
Sep 11 2013,16.71,17.20,16.68,17.20,16.32,1531600
Sep 10 2013,16.53,16.72,16.41,16.72,15.87,846300
Sep 09 2013,16.33,16.50,16.30,16.49,15.65,772900
Sep 06 2013,16.43,16.49,16.23,16.34,15.51,1655900
Sep 05 2013,16.20,16.44,16.07,16.39,15.55,1912100
Sep 04 2013,15.90,16.28,15.90,16.21,15.38,2037400
Sep 03 2013,16.02,16.20,15.88,16.00,15.18,584400
Aug 30 2013,15.91,15.97,15.76,15.84,15.03,1583300
Aug 29 2013,15.98,16.09,15.83,15.96,15.15,797500
Aug 28 2013,15.97,16.02,15.89,15.97,15.16,7235800
Aug 27 2013,15.98,16.20,15.93,15.94,15.13,3848700
Aug 26 2013,15.94,16.13,15.94,16.06,15.24,1095300
Aug 23 2013,15.84,16.02,15.77,15.92,15.11,1676500
Aug 22 2013,15.99,16.03,15.82,15.88,15.07,1611600
Aug 21 2013,15.83,16.00,15.70,15.94,15.13,1948100
Aug 20 2013,15.91,15.98,15.72,15.88,15.07,993300
Aug 19 2013,16.21,16.22,15.88,15.89,15.08,610700
Aug 16 2013,16.26,16.45,16.16,16.19,15.36,2144700
Aug 15 2013,16.06,16.39,15.94,16.32,15.49,1351600
Aug 14 2013,16.00,16.21,15.87,16.18,15.35,2029000
Aug 13 2013,16.23,16.23,16.00,16.05,15.23,1643600
Aug 12 2013,16.10,16.30,15.97,16.11,15.29,1917600
Aug 09 2013,16.41,16.41,16.22,16.24,15.41,1370900
Aug 08 2013,16.32,16.51,16.15,16.38,15.54,2109500
Aug 07 2013,16.24,16.30,16.04,16.16,15.34,1239800
Aug 06 2013,16.13,16.45,16.03,16.39,15.55,1335300
Aug 05 2013,16.41,16.48,16.08,16.21,15.38,1127500
Aug 02 2013,16.29,16.64,16.25,16.50,15.66,2042800
Aug 01 2013,16.11,16.42,16.09,16.39,15.55,1951600
Jul 31 2013,16.09,16.37,16.04,16.09,15.27,2392800
Jul 30 2013,15.73,16.18,15.67,16.14,15.32,3438100
Jul 29 2013,15.98,16.07,15.61,15.71,14.91,3495600
Jul 26 2013,15.76,16.16,15.50,16.09,15.27,937600
Jul 25 2013,15.91,16.05,15.64,15.76,14.96,2097300
Jul 24 2013,15.79,16.05,15.62,15.92,15.11,2205100
Jul 23 2013,15.85,16.05,15.71,15.85,15.04,2104900
Jul 22 2013,16.15,16.26,15.75,15.90,15.09,2159200
Jul 19 2013,15.37,16.26,15.37,16.12,15.30,3735400
Jul 18 2013,16.04,16.25,15.46,15.60,14.80,2827900
Jul 17 2013,15.28,16.12,15.28,16.02,15.20,3737700
Jul 16 2013,14.71,15.47,14.70,15.39,14.61,2711100
Jul 15 2013,15.00,15.08,14.52,14.80,14.05,5331400
Jul 12 2013,15.00,15.18,14.97,14.99,14.23,3042300
Jul 11 2013,15.80,15.80,15.06,15.21,14.43,3630300
Jul 10 2013,15.50,15.60,15.22,15.45,14.66,3010500
Jul 09 2013,15.81,16.02,15.67,15.73,14.93,3656200
Jul 08 2013,15.83,16.08,15.55,16.02,15.20,4010700
Jul 05 2013,14.96,15.94,14.96,15.61,14.81,3470900
Jul 03 2013,14.88,15.12,14.84,14.97,14.21,2265100
Jul 02 2013,14.68,15.19,14.67,14.99,14.23,8682500
Jul 01 2013,15.48,15.50,14.84,14.87,14.11,4343500
Jun 28 2013,15.29,15.68,15.25,15.38,14.60,1793700
Jun 27 2013,14.78,15.74,14.66,15.37,14.59,3258000
Jun 26 2013,15.54,15.55,15.31,15.47,14.68,901000
Jun 25 2013,15.50,15.67,15.35,15.66,14.86,564400
Jun 24 2013,15.79,15.79,15.19,15.52,14.73,758300
Jun 21 2013,15.98,15.98,15.46,15.80,14.99,635300
Jun 20 2013,16.25,16.30,15.36,15.44,14.65,1874600

