Jan 08 2019,31.7000,32.0500,30.9100,31.8000,31.8000,18915200
Jan 07 2019,30.2000,31.3800,29.7700,31.3400,31.3400,19917800
Jan 04 2019,28.39,30.10,28.31,29.95,29.95,23412600
Jan 03 2019,28.38,29.18,27.94,27.99,27.99,19051700
Jan 02 2019,28.26,28.99,27.87,28.81,28.81,15053700
Dec 28 2018,28.93,29.14,27.84,28.49,28.49,9946242
Dec 27 2018,28.1400,28.9200,27.2600,28.6800,28.6800,31987700
Dec 26 2018,27.00,28.70,26.80,28.66,28.66,35529600
Dec 24 2018,26.55,27.27,26.26,26.45,26.45,18208300
Dec 21 2018,29.31,29.76,27.04,27.31,27.31,38714100
Dec 20 2018,32.59,32.72,28.51,29.29,29.29,51983000
Dec 19 2018,33.71,34.70,32.66,32.93,32.93,24784300
Dec 18 2018,33.63,34.17,33.08,33.74,33.74,18885100
Dec 17 2018,35.68,35.70,33.20,33.43,33.43,23880900
Dec 14 2018,35.25,36.62,35.05,35.87,35.87,19528500
Dec 13 2018,36.40,36.49,35.30,35.89,35.89,22831600
Dec 12 2018,34.97,37.14,34.85,36.25,36.25,32608500
Dec 11 2018,34.13,35.75,33.88,34.45,34.45,30118600
Dec 10 2018,32.73,33.64,32.26,33.43,33.43,19971100
Dec 07 2018,32.84,34.37,32.67,32.83,32.83,29497100
Dec 06 2018,32.46,32.97,31.11,32.96,32.96,25922800
Dec 04 2018,33.28,34.16,32.50,32.56,32.56,22472000
Dec 03 2018,32.24,33.85,32.21,33.66,33.66,24027100
Nov 30 2018,31.15,31.55,30.11,31.45,31.45,25833200
Nov 29 2018,32.46,32.54,29.87,31.30,31.30,50505700
Nov 28 2018,33.00,33.00,31.72,32.73,32.73,19073300
Nov 27 2018,32.44,33.10,32.36,32.61,32.61,10727400
Nov 26 2018,31.60,32.87,31.52,32.82,32.82,17096000
Nov 23 2018,31.30,31.96,31.11,31.12,31.12,5813900
Nov 21 2018,31.67,32.08,31.10,31.61,31.61,16466900
Nov 20 2018,29.97,31.74,29.94,31.06,31.06,20927600
Nov 19 2018,33.56,33.60,31.84,31.98,31.98,15745000
Nov 16 2018,32.83,33.92,32.60,33.67,33.67,17904100
Nov 15 2018,32.79,33.36,32.62,33.15,33.15,16824800
Nov 14 2018,32.89,33.85,32.75,32.91,32.91,19448700
Nov 13 2018,32.24,32.85,31.47,32.49,32.49,17206300
Nov 12 2018,34.00,34.10,31.78,32.01,32.01,18147500
Nov 09 2018,33.75,34.42,33.39,34.08,34.08,16034700
Nov 08 2018,34.88,34.99,33.87,34.18,34.18,15146400
Nov 07 2018,34.75,35.12,34.38,34.99,34.99,16802100
Nov 06 2018,33.96,34.81,33.84,34.42,34.42,15508300
Nov 05 2018,34.26,34.28,33.37,34.02,34.02,18214300
Nov 02 2018,34.87,35.35,33.85,34.30,34.30,23994800
Nov 01 2018,34.60,34.91,33.82,34.62,34.62,27498000
Oct 31 2018,34.37,35.64,34.35,34.75,34.75,33063700
Oct 30 2018,31.77,34.55,31.30,33.86,33.86,43678200
Oct 29 2018,32.46,33.75,31.62,32.39,32.39,40899900
Oct 26 2018,31.20,33.14,30.94,32.36,32.36,47747000
Oct 25 2018,31.32,33.67,30.76,31.80,31.80,79251000
Oct 24 2018,28.85,29.77,27.31,27.54,27.54,37910200
Oct 23 2018,28.48,29.02,28.07,28.77,28.77,26503600
Oct 22 2018,29.05,29.28,28.31,29.18,29.18,21719400
Oct 19 2018,29.33,29.79,28.68,28.83,28.83,20112900
Oct 18 2018,29.40,30.24,28.98,29.29,29.29,24174300
Oct 17 2018,29.95,30.14,28.96,29.55,29.55,19379400
Oct 16 2018,29.10,29.89,28.84,29.87,29.87,18443000
Oct 15 2018,27.85,29.05,27.59,28.61,28.61,20225200
Oct 12 2018,28.09,28.17,27.26,27.99,27.99,27127500
Oct 11 2018,26.35,27.58,26.19,27.00,27.00,33065300
Oct 10 2018,29.12,29.12,26.76,26.79,26.79,40399400
Oct 09 2018,28.70,29.57,28.34,29.27,29.27,22749300
Oct 08 2018,28.21,28.94,27.72,28.45,28.45,22114400
Oct 05 2018,28.34,28.96,27.97,28.39,28.39,28996100
Oct 04 2018,28.75,28.76,27.87,28.23,28.23,21120400
Oct 03 2018,28.38,29.12,28.25,29.01,29.01,19358700
Oct 02 2018,28.14,28.62,27.91,28.19,28.19,17714400
Oct 01 2018,28.51,28.70,28.00,28.31,28.31,20538900
Sep 28 2018,29.25,29.28,28.41,28.46,28.46,22719600
Sep 27 2018,29.06,29.69,28.88,29.42,29.42,14830500
Sep 26 2018,29.20,29.45,28.80,29.01,29.01,12742100
Sep 25 2018,28.75,29.24,28.44,29.11,29.11,16130300
Sep 24 2018,28.33,29.12,27.93,28.60,28.60,20249000
Sep 21 2018,29.86,29.95,28.49,28.50,28.50,43122600
Sep 20 2018,29.70,30.02,29.24,29.85,29.85,15373600
Sep 19 2018,29.15,29.56,28.82,29.52,29.52,16023500
Sep 18 2018,28.84,29.63,28.75,29.22,29.22,15856800
Sep 17 2018,29.05,29.28,28.43,28.86,28.86,30592300
Sep 14 2018,30.45,30.77,30.06,30.12,30.12,13474700
Sep 13 2018,30.10,30.57,29.86,30.39,30.39,18522500
Sep 12 2018,30.61,30.83,29.25,29.75,29.75,29845200
Sep 11 2018,30.44,31.44,30.35,30.89,30.89,16000100
Sep 10 2018,30.50,30.60,29.95,30.54,30.54,17805800
Sep 07 2018,30.31,31.39,29.82,30.49,30.49,31484200
Sep 06 2018,32.86,32.95,30.62,30.81,30.81,36023600
Sep 05 2018,34.65,34.70,32.51,32.73,32.73,36051100
Sep 04 2018,34.75,35.13,34.48,34.84,34.84,13567600
Aug 31 2018,35.57,35.72,34.59,35.18,35.18,19073900
Aug 30 2018,35.27,36.15,35.21,35.64,35.64,19217200
Aug 29 2018,35.41,35.60,34.81,35.35,35.35,17697200
Aug 28 2018,35.98,36.04,34.89,35.49,35.49,22281600
Aug 27 2018,34.66,36.00,34.48,35.89,35.89,28306300
Aug 24 2018,34.00,34.49,33.93,34.28,34.28,15214000
Aug 23 2018,33.90,34.74,33.72,33.88,33.88,25746300
Aug 22 2018,33.45,34.17,33.35,33.81,33.81,18576300
Aug 21 2018,32.75,34.14,32.60,33.69,33.69,29575700
Aug 20 2018,32.79,32.94,32.20,32.60,32.60,16535700
Aug 17 2018,32.74,33.09,32.34,32.73,32.73,14874600
Aug 16 2018,32.70,33.15,32.42,32.83,32.83,20873200
Aug 15 2018,32.81,33.23,31.95,32.38,32.38,26433400
Aug 14 2018,33.40,33.43,32.52,33.19,33.19,26442600
Aug 13 2018,32.04,33.62,32.02,32.80,32.80,44134600
Aug 10 2018,31.65,32.25,31.47,32.01,32.01,16073900
Aug 09 2018,31.85,32.38,31.61,31.96,31.96,17637600
Aug 08 2018,32.75,32.78,31.81,31.84,31.84,22539400
Aug 07 2018,33.10,33.61,32.55,32.67,32.67,24635600
Aug 06 2018,31.82,33.04,31.45,32.98,32.98,27512400
Aug 03 2018,32.58,32.99,31.80,31.96,31.96,26317000
Aug 02 2018,31.58,32.87,31.34,32.82,32.82,27088000
Aug 01 2018,32.25,32.59,31.46,31.91,31.91,33231700
Jul 31 2018,31.95,32.48,31.07,31.87,31.87,64392200
Jul 30 2018,34.17,34.26,31.07,31.38,31.38,77852400
Jul 27 2018,37.25,37.47,33.90,34.12,34.12,122752800
Jul 26 2018,42.87,43.41,42.14,42.94,42.94,30018700
Jul 25 2018,42.35,44.39,42.35,44.22,44.22,25140700
Jul 24 2018,43.77,43.80,41.59,42.17,42.17,22433900
Jul 23 2018,43.45,43.85,42.40,43.31,43.31,15251200
Jul 20 2018,43.50,44.13,43.23,43.42,43.42,10437700
Jul 19 2018,43.27,43.87,43.11,43.44,43.44,13366800
Jul 18 2018,44.19,44.75,42.74,43.34,43.34,26536800
Jul 17 2018,43.59,45.26,43.15,44.71,44.71,20122300
Jul 16 2018,44.30,44.73,43.91,44.26,44.26,13012800
Jul 13 2018,45.2800,45.3200,43.9300,44.4900,44.4900,16426700
Jul 12 2018,44.8000,45.3400,44.3600,45.2600,45.2600,27078500
Jul 11 2018,42.6300,44.1000,42.2200,43.8700,43.8700,35100100
Jul 10 2018,44.2000,45.2600,43.6300,43.7500,43.7500,38467400
Jul 09 2018,46.7400,46.9000,42.0800,44.1400,44.1400,107582400
Jul 06 2018,44.9100,46.7500,44.6100,46.6500,46.6500,23740700
Jul 05 2018,44.0700,45.1100,43.5500,45.0600,45.0600,16172000
Jul 03 2018,45.3600,45.4800,43.8000,43.8900,43.8900,14237500
Jul 02 2018,43.0600,45.0000,42.7500,44.9800,44.9800,16703600
Jun 29 2018,45.0500,45.2000,43.5600,43.6700,43.6700,24392900
Jun 28 2018,43.6500,44.8400,42.4900,44.7900,44.7900,18911200
Jun 27 2018,45.5000,46.2200,43.6800,43.7000,43.7000,25875500
Jun 26 2018,44.3600,45.3200,43.5100,44.8400,44.8400,20194100
Jun 25 2018,45.4700,45.5200,43.3300,44.1700,44.1700,31379300
Jun 22 2018,45.5800,46.0100,44.5000,45.8800,45.8800,28628900
Jun 21 2018,46.3600,46.8700,44.2000,45.2400,45.2400,32200300
Jun 20 2018,45.5600,46.9200,45.4400,46.1300,46.1300,31230200
Jun 19 2018,45.1900,45.7100,43.5700,44.9500,44.9500,39252000
Jun 18 2018,45.3400,46.2600,44.5000,46.0000,46.0000,26025600
Jun 15 2018,46.6200,47.7900,45.6400,45.8000,45.8000,51489600
Jun 14 2018,44.5500,46.8000,44.5000,46.7600,46.7600,50949100
Jun 13 2018,44.2400,44.5500,43.4200,44.0700,44.0700,35169200
Jun 12 2018,42.4700,44.3300,42.4100,43.4900,43.4900,51155000
Jun 11 2018,41.4200,41.6900,40.6600,41.4200,41.4200,24605300
Jun 08 2018,39.4900,41.2600,39.4200,41.2100,41.2100,34538900
Jun 07 2018,40.1400,40.1600,38.6400,39.7000,39.7000,41573400
Jun 06 2018,39.4200,40.2300,39.2100,40.1000,40.1000,147805700
Jun 05 2018,39.5300,40.1600,39.1900,39.8000,39.8000,66122200
Jun 04 2018,36.4500,37.9800,35.9500,37.8800,37.8800,32632800
Jun 01 2018,35.1400,36.6900,35.0900,36.6500,36.6500,29583100
May 31 2018,34.3900,34.9700,34.2500,34.7000,34.7000,14433200
May 30 2018,34.2000,34.6600,34.0800,34.3600,34.3600,14588200
May 29 2018,33.4200,34.8300,33.3500,34.0400,34.0400,22086700
May 25 2018,33.5400,33.9900,33.3100,33.6300,33.6300,10424400
May 24 2018,33.4400,33.7600,33.1200,33.5200,33.5200,14491900
May 23 2018,32.7000,33.4300,32.6000,33.4200,33.4200,13407500
May 22 2018,33.7800,33.8100,32.8300,32.8600,32.8600,15003200
May 21 2018,33.0200,34.0300,32.9000,33.6300,33.6300,21328400
May 18 2018,32.5500,32.9700,32.2100,32.6300,32.6300,10618900
May 17 2018,32.7800,33.0200,32.2800,32.5800,32.5800,10760200
May 16 2018,32.7500,33.2200,32.6700,32.7700,32.7700,10868700
May 15 2018,33.1700,33.1700,32.3600,32.7500,32.7500,15840800
May 14 2018,33.0700,33.5800,32.9300,33.3900,33.3900,18007000
May 11 2018,32.9400,33.1000,32.2500,32.7500,32.7500,14482600
May 10 2018,32.7100,33.7800,32.5800,32.8700,32.8700,20723500
May 09 2018,32.0700,32.7900,31.9400,32.4600,32.4600,20726500
May 08 2018,31.2000,32.0900,31.0300,31.8500,31.8500,19581200
May 07 2018,31.0600,31.8400,30.8800,31.3300,31.3300,18517500
May 04 2018,30.2200,31.3600,29.8500,31.0400,31.0400,21035200
May 03 2018,30.2100,31.0200,29.9700,30.6700,30.6700,19813500
May 02 2018,30.0000,31.2200,29.9500,30.5500,30.5500,22481700
May 01 2018,30.2100,31.0600,29.6000,30.3000,30.3000,30679200
Apr 30 2018,28.6200,30.7500,28.4300,30.3100,30.3100,41760200
Apr 27 2018,30.1700,30.3200,28.5900,29.0000,29.0000,37420100
Apr 26 2018,30.3500,31.4200,30.1200,30.2700,30.2700,43784200
Apr 25 2018,31.3500,32.0000,28.1400,29.7500,29.7500,93090400
Apr 24 2018,31.1800,31.6400,29.6300,30.4700,30.4700,41265300
Apr 23 2018,32.5100,32.6200,30.8500,31.2200,31.2200,29411000
Apr 20 2018,32.6500,33.1200,31.6500,31.9100,31.9100,34819700
Apr 19 2018,31.3700,32.2800,30.9600,31.5400,31.5400,22640100
Apr 18 2018,31.6700,32.0600,31.0700,31.5400,31.5400,25140000
Apr 17 2018,29.4500,32.0600,29.4300,31.8400,31.8400,46696000
Apr 16 2018,28.8500,28.9500,28.3600,28.5800,28.5800,11505300
Apr 13 2018,29.2400,29.4600,28.4300,28.7600,28.7600,12712600
Apr 12 2018,29.8900,29.9000,28.7800,29.0000,29.0000,17327000
Apr 11 2018,29.4600,29.8300,28.7300,29.3900,29.3900,25287900
Apr 10 2018,28.3600,30.3000,28.2800,29.5300,29.5300,28667400
Apr 09 2018,28.1000,28.7900,28.0000,28.0100,28.0100,13973200
Apr 06 2018,28.2800,29.0600,27.9700,28.1000,28.1000,15318000
Apr 05 2018,28.5100,29.3300,28.1000,28.6400,28.6400,24407300
Apr 04 2018,26.8500,28.3400,26.6000,28.2500,28.2500,22002000
Apr 03 2018,28.3600,28.8700,27.2200,27.5400,27.5400,26071700
Apr 02 2018,28.3700,28.7700,27.7500,28.0400,28.0400,24353100
Mar 29 2018,28.7600,29.3300,27.9000,29.0100,29.0100,36828400
Mar 28 2018,27.7800,29.1100,27.3900,28.4500,28.4500,47853600
Mar 27 2018,31.8500,31.9000,27.8800,28.0700,28.0700,80415500
Mar 26 2018,31.6900,32.4700,30.7000,31.9100,31.9100,25546300
Mar 23 2018,31.2600,32.0000,30.7900,31.0300,31.0300,24878100
Mar 22 2018,31.7700,32.1300,31.1800,31.2000,31.2000,29561900
Mar 21 2018,32.1900,33.1500,32.0500,32.7300,32.7300,43672100
Mar 20 2018,34.9200,34.9500,30.6100,31.3500,31.3500,82937600
Mar 19 2018,35.1300,35.7400,34.4100,34.9800,34.9800,22194800
Mar 16 2018,36.0000,36.2000,35.5200,35.5800,35.5800,13833800
Mar 15 2018,36.4100,36.4800,35.4000,35.8000,35.8000,20921800
Mar 14 2018,34.3000,36.8000,34.0900,36.6000,36.6000,41632800
Mar 13 2018,35.4000,35.5300,33.9000,34.1100,34.1100,22096900
Mar 12 2018,35.5300,35.7300,34.8300,35.5000,35.5000,21078900
Mar 09 2018,35.2000,35.5000,34.9400,35.3500,35.3500,19119500
Mar 08 2018,35.4200,35.8400,34.6800,34.8500,34.8500,24845300
Mar 07 2018,33.9900,35.8200,33.9900,35.7600,35.7600,33656100
Mar 06 2018,34.5800,34.9500,33.8600,34.4300,34.4300,22641000
Mar 05 2018,32.9000,34.9500,32.5800,34.5800,34.5800,34840000
Mar 02 2018,31.9300,33.0300,31.4900,33.0000,33.0000,24918900
Mar 01 2018,31.9500,32.5600,31.2600,32.2400,32.2400,25032500
Feb 28 2018,31.5000,32.8500,31.4700,31.8600,31.8600,24180100
Feb 27 2018,31.9100,32.2100,31.2600,31.3200,31.3200,16544000
Feb 26 2018,32.7000,32.7000,31.9600,32.1600,32.1600,15766300
Feb 23 2018,32.2000,32.6900,31.9700,32.6600,32.6600,17283400
Feb 22 2018,33.4300,33.4500,31.6300,32.1100,32.1100,29184100
Feb 21 2018,33.0300,34.0600,32.6500,33.3800,33.3800,29589300
Feb 20 2018,32.8800,33.5700,32.6800,32.8400,32.8400,22766700
Feb 16 2018,33.3700,33.5000,32.6800,33.0600,33.0600,27901000
Feb 15 2018,34.0300,34.3800,33.0600,33.6100,33.6100,32020500
Feb 14 2018,32.8500,33.9800,32.5500,33.7500,33.7500,39339200
Feb 13 2018,30.6700,33.6500,30.6400,33.4400,33.4400,57653000
Feb 12 2018,31.4400,31.9000,30.8600,30.9500,30.9500,37001000
Feb 09 2018,30.3700,31.8100,29.6800,31.5100,31.5100,67181200
Feb 08 2018,34.1500,35.0000,29.7100,30.1800,30.1800,162434400
Feb 07 2018,25.8300,27.0800,25.7600,26.9100,26.9100,48909300
Feb 06 2018,24.5900,25.5800,24.2000,25.2400,25.2400,26646500
Feb 05 2018,25.3700,26.6400,24.1000,25.1300,25.1300,33918400
Feb 02 2018,26.5600,27.0300,25.7000,25.9200,25.9200,32492100
Feb 01 2018,25.5200,27.3300,25.4400,27.1400,27.1400,47582600
Jan 31 2018,25.6100,26.6500,25.1400,25.8100,25.8100,40451900
Jan 30 2018,24.8300,26.4000,24.5500,25.6200,25.6200,52388100
Jan 29 2018,24.4000,25.5500,24.1000,25.1800,25.1800,52739600
Jan 26 2018,22.3900,24.3500,22.3000,24.2700,24.2700,49683900
Jan 25 2018,22.5000,22.6800,22.0400,22.1600,22.1600,15501700
Jan 24 2018,22.8400,23.0500,22.1000,22.3700,22.3700,23186500
Jan 23 2018,22.5100,23.1700,22.4100,22.7500,22.7500,35321200
Jan 22 2018,23.1700,23.5000,22.8600,23.3200,23.3200,23010600
Jan 19 2018,24.1200,24.2200,23.5000,23.6600,23.6600,17529700
Jan 18 2018,24.5000,24.5200,23.7200,24.0400,24.0400,21118500
Jan 17 2018,24.8400,24.9500,24.2200,24.5600,24.5600,17006600
Jan 16 2018,25.5800,25.7100,24.5100,24.6600,24.6600,32340700
Jan 12 2018,24.9400,25.8500,24.9300,25.4100,25.4100,37046100
Jan 11 2018,24.3000,24.3700,23.9000,24.3500,24.3500,11670400
Jan 10 2018,24.0000,24.4200,23.7600,24.2500,24.2500,10420700
Jan 09 2018,24.6300,24.7100,24.0700,24.1700,24.1700,12587100
Jan 08 2018,24.3700,24.7800,23.8800,24.5900,24.5900,17831300
Jan 05 2018,24.0700,24.5700,23.8800,24.3200,24.3200,14953200
Jan 04 2018,24.5000,24.5900,23.6900,23.9900,23.9900,17653500
Jan 03 2018,24.5600,24.6800,24.0700,24.4500,24.4500,12832600
Jan 02 2018,24.0700,24.5700,23.8500,24.5100,24.5100,15297200
Dec 29 2017,24.2700,24.3300,23.9100,24.0100,24.0100,10393700
Dec 28 2017,24.2500,24.6000,24.1700,24.3100,24.3100,9774700
Dec 27 2017,24.2600,24.5400,24.0700,24.2300,24.2300,9118100
Dec 26 2017,24.2600,24.5700,24.1300,24.2600,24.2600,10123100
Dec 22 2017,25.0300,25.2700,24.3800,24.4600,24.4600,16112900
Dec 21 2017,25.0600,25.5600,24.7000,25.0500,25.0500,19597700
Dec 20 2017,25.4400,25.4400,24.6900,25.2000,25.2000,20687700
Dec 19 2017,24.6100,25.4900,23.9200,25.0800,25.0800,46040800
Dec 18 2017,23.2300,24.7400,23.1300,24.6800,24.6800,48965900
Dec 15 2017,22.6100,22.8600,22.1900,22.2300,22.2300,17957600
Dec 14 2017,21.7900,23.2400,21.6200,22.5800,22.5800,34074300
Dec 13 2017,21.7700,21.9800,21.5200,21.6600,21.6600,17283600
Dec 12 2017,21.7700,22.2500,21.6300,21.6500,21.6500,14296800
Dec 11 2017,21.1000,22.2000,21.1000,22.0500,22.0500,17244400
Dec 08 2017,21.1500,21.4000,20.9500,21.1000,21.1000,14870500
Dec 07 2017,21.0600,21.4500,20.9700,21.0100,21.0100,11856400
Dec 06 2017,20.5200,21.4000,20.4000,21.0900,21.0900,14023500
Dec 05 2017,20.3000,20.9300,20.3000,20.7700,20.7700,10645300
Dec 04 2017,20.8500,20.9400,20.2300,20.4000,20.4000,11639800
Dec 01 2017,20.5200,20.9800,20.1200,20.7100,20.7100,15270800
Nov 30 2017,21.0100,21.1200,20.5100,20.5800,20.5800,15823200
Nov 29 2017,21.8200,22.1100,20.5200,20.7900,20.7900,23684000
Nov 28 2017,21.8500,22.1500,21.5600,21.8300,21.8300,13845600
Nov 27 2017,22.3600,22.4000,21.7000,21.8200,21.8200,19671400
Nov 24 2017,22.4000,22.4800,22.1700,22.4200,22.4200,7584000
Nov 22 2017,21.9000,22.4000,21.8000,22.2700,22.2700,21161800
Nov 21 2017,21.2000,21.9100,21.1500,21.8800,21.8800,18339800
Nov 20 2017,20.7800,21.2600,20.7000,21.1300,21.1300,16819900
Nov 17 2017,20.2600,20.7900,20.2500,20.7600,20.7600,12847000
Nov 16 2017,20.0600,20.4900,19.9900,20.3600,20.3600,12967800
Nov 15 2017,19.8200,20.3300,19.7300,19.9100,19.9100,11191100
Nov 14 2017,20.1700,20.4500,19.8800,20.0500,20.0500,11920100
Nov 13 2017,20.1600,20.3100,19.9300,20.1700,20.1700,11804900
Nov 10 2017,19.7900,20.5800,19.7400,20.3200,20.3200,16293300
Nov 09 2017,19.4000,20.2400,19.3600,19.9000,19.9000,20271000
Nov 08 2017,19.7000,19.9800,19.3700,19.5900,19.5900,16291300
Nov 07 2017,19.5500,20.1800,19.5100,19.6600,19.6600,22238300
Nov 06 2017,19.7800,19.8500,19.2600,19.3900,19.3900,25599300
Nov 03 2017,19.8700,20.2400,19.5200,19.9000,19.9000,22259600
Nov 02 2017,20.5000,20.6300,19.6400,19.7100,19.7100,24475100
Nov 01 2017,20.7400,20.9900,20.4000,20.6100,20.6100,18828800
Oct 31 2017,21.2600,21.5600,20.4600,20.6200,20.6200,28049200
Oct 30 2017,21.4000,21.7800,21.0600,21.2500,21.2500,34019400
Oct 27 2017,20.1800,21.9600,20.1500,21.6800,21.6800,63611100
Oct 26 2017,19.2200,20.6300,18.9000,20.3100,20.3100,112277600
Oct 25 2017,17.2000,17.4100,17.0300,17.1400,17.1400,19766500
Oct 24 2017,17.5000,17.6000,17.2300,17.2500,17.2500,12550400
Oct 23 2017,17.9400,17.9500,17.3400,17.3700,17.3700,14017700
Oct 20 2017,17.9800,18.0600,17.8300,17.8700,17.8700,7257700
Oct 19 2017,17.8400,17.9500,17.6500,17.8900,17.8900,9281300
Oct 18 2017,18.2300,18.3500,17.9700,18.0200,18.0200,7772000
Oct 17 2017,18.3100,18.4700,18.1100,18.2800,18.2800,8935400
Oct 16 2017,18.5900,18.6100,18.2300,18.3300,18.3300,13009300
Oct 13 2017,18.4500,18.7900,18.3500,18.6300,18.6300,15809900
Oct 12 2017,17.7700,18.6600,17.7300,18.4500,18.4500,30723700
Oct 11 2017,17.4700,17.7800,17.4300,17.7300,17.7300,9990900
Oct 10 2017,17.7700,17.9300,17.3900,17.4100,17.4100,10186100
Oct 09 2017,17.8200,18.0500,17.6500,17.6700,17.6700,8814400
Oct 06 2017,18.0300,18.1300,17.6600,17.8500,17.8500,16419000
Oct 05 2017,17.8000,18.2900,17.7400,18.2500,18.2500,21249600
Oct 04 2017,17.8200,17.8200,17.5000,17.7500,17.7500,17353800
Oct 03 2017,17.1300,17.6300,17.1200,17.5900,17.5900,13043700
Oct 02 2017,16.8000,17.1500,16.7800,17.0900,17.0900,8460300
Sep 29 2017,16.8900,17.0400,16.7500,16.8700,16.8700,9384600
Sep 28 2017,16.8700,16.9300,16.7500,16.8500,16.8500,7037200
Sep 27 2017,16.9000,17.0500,16.7600,16.9500,16.9500,9071300
Sep 26 2017,17.0300,17.1600,16.5700,16.5900,16.5900,12933200
Sep 25 2017,17.6000,17.7200,16.8200,16.9800,16.9800,13251700
Sep 22 2017,17.4900,17.6300,17.4200,17.6100,17.6100,5551500
Sep 21 2017,17.6000,17.6500,17.3500,17.5800,17.5800,6952100
Sep 20 2017,17.8000,17.8400,17.5100,17.6200,17.6200,7724700
Sep 19 2017,17.6600,17.8000,17.4800,17.7600,17.7600,7090700
Sep 18 2017,18.0100,18.0900,17.4700,17.6000,17.6000,14710700
Sep 15 2017,18.2500,18.4000,17.9500,18.0100,18.0100,12649400
Sep 14 2017,18.1500,18.2700,17.9400,18.2100,18.2100,9304100
Sep 13 2017,18.1500,18.4900,18.0900,18.2000,18.2000,13710700
Sep 12 2017,17.7000,18.2900,17.7000,18.1700,18.1700,19795400
Sep 11 2017,17.4700,17.7800,17.2700,17.6600,17.6600,14002000
Sep 08 2017,17.1900,17.4600,17.0800,17.4500,17.4500,11608200
Sep 07 2017,16.8500,17.4100,16.8300,17.2200,17.2200,14659900
Sep 06 2017,16.6500,17.0500,16.5200,16.8300,16.8300,12335500
Sep 05 2017,16.8200,16.9000,16.4400,16.6500,16.6500,10503800
Sep 01 2017,16.9700,17.0000,16.5800,16.8600,16.8600,8515200
Aug 31 2017,16.9900,17.1000,16.8800,16.9100,16.9100,7860200
Aug 30 2017,16.9200,17.0400,16.8000,16.9300,16.9300,6624600
Aug 29 2017,16.6100,17.0600,16.6000,16.9300,16.9300,11444400
Aug 28 2017,16.6100,16.8800,16.6100,16.7700,16.7700,7778800
Aug 25 2017,16.6500,16.8200,16.5100,16.6500,16.6500,11496800
Aug 24 2017,17.0700,17.0700,16.7800,16.8900,16.8900,10386600
Aug 23 2017,16.4600,17.0500,16.4400,16.9600,16.9600,15184700
Aug 22 2017,16.1400,16.6500,16.1400,16.6300,16.6300,11051600
Aug 21 2017,16.0000,16.2500,15.9300,16.1100,16.1100,12076600
Aug 18 2017,15.8500,16.0700,15.7700,15.9900,15.9900,7808400
Aug 17 2017,16.1500,16.2900,15.8600,15.8700,15.8700,9219000
Aug 16 2017,15.9700,16.3600,15.9600,16.1600,16.1600,15923100
Aug 15 2017,16.1200,16.2200,15.9300,15.9500,15.9500,5948100
Aug 14 2017,16.1500,16.2800,16.0100,16.0900,16.0900,9887000
Aug 11 2017,15.6700,16.0600,15.6700,15.9200,15.9200,8442500
Aug 10 2017,16.0300,16.1800,15.7300,15.7500,15.7500,11909200
Aug 09 2017,16.0400,16.1600,15.9600,16.1400,16.1400,7763700
Aug 08 2017,16.3300,16.4800,16.0500,16.1500,16.1500,12128300
Aug 07 2017,16.3800,16.4200,16.2400,16.4000,16.4000,9142300
Aug 04 2017,16.2000,16.4300,16.1300,16.2900,16.2900,15084800
Aug 03 2017,16.0700,16.4200,16.0500,16.1800,16.1800,15101600
Aug 02 2017,16.2100,16.2900,15.9500,16.0700,16.0700,13278700
Aug 01 2017,16.2000,16.3200,15.9100,16.2100,16.2100,21618200
Jul 31 2017,16.6000,16.6200,16.0000,16.0900,16.0900,35946100
Jul 28 2017,16.6600,17.2000,16.5200,16.7500,16.7500,26217600
Jul 27 2017,17.3600,17.6000,16.5000,16.8400,16.8400,86681700
Jul 26 2017,20.0000,20.0200,19.2700,19.6100,19.6100,24298900
Jul 25 2017,19.9800,20.1800,19.6900,19.9700,19.9700,13591600
Jul 24 2017,20.2800,20.6200,19.8200,20.0000,20.0000,17200900
Jul 21 2017,20.3500,20.3600,20.0000,20.1100,20.1100,15302900
Jul 20 2017,20.1800,20.8800,20.1800,20.5300,20.5300,24792700
Jul 19 2017,20.0300,20.2100,19.8300,20.1200,20.1200,13469800
Jul 18 2017,19.7600,19.9900,19.4100,19.9800,19.9800,15554500
Jul 17 2017,19.8000,20.2400,19.7300,19.9400,19.9400,24152800
Jul 14 2017,19.3500,19.9700,19.3300,19.6400,19.6400,20835500
Jul 13 2017,19.5400,19.6700,19.0800,19.3200,19.3200,17517400
Jul 12 2017,18.9200,19.5400,18.9100,19.2500,19.2500,30008100
Jul 11 2017,18.1400,18.6600,18.1000,18.6400,18.6400,18110900
Jul 10 2017,18.0500,18.1500,17.7700,18.0800,18.0800,8606700
Jul 07 2017,18.0000,18.3400,17.9700,18.0200,18.0200,13433900
Jul 06 2017,17.6500,18.5800,17.6300,17.9200,17.9200,18661100
Jul 05 2017,17.6800,17.9600,17.4200,17.8200,17.8200,8816000
Jul 03 2017,17.9400,18.0100,17.4100,17.6500,17.6500,9040400
Jun 30 2017,17.6600,18.0800,17.4700,17.8700,17.8700,13427000
Jun 29 2017,17.9300,17.9400,17.2300,17.6500,17.6500,18796500
Jun 28 2017,18.2200,18.2400,17.7500,17.9500,17.9500,17396100
Jun 27 2017,18.4300,18.6000,18.1200,18.1200,18.1200,14748900
Jun 26 2017,18.5500,19.0100,18.1100,18.2900,18.2900,17421400
Jun 23 2017,18.1500,18.6300,18.1500,18.5000,18.5000,24821400
Jun 22 2017,17.8500,18.3800,17.6600,18.1500,18.1500,20734500
Jun 21 2017,17.1100,18.0400,17.1100,17.7800,17.7800,23734800
Jun 20 2017,17.1500,17.1500,16.8400,16.9100,16.9100,8524600
Jun 19 2017,16.7700,17.0800,16.7500,17.0600,17.0600,11318900
Jun 16 2017,16.7500,16.8100,16.5500,16.6700,16.6700,9939400
Jun 15 2017,16.5300,16.8900,16.4600,16.8300,16.8300,11890500
Jun 14 2017,17.0500,17.1300,16.5700,16.7600,16.7600,12660500
Jun 13 2017,17.1200,17.2200,16.7600,16.9700,16.9700,13224900
Jun 12 2017,16.7300,17.0400,16.2700,17.0400,17.0400,20518300
Jun 09 2017,17.6500,17.6600,16.4500,16.9000,16.9000,21306200
Jun 08 2017,17.4400,17.6100,17.2700,17.5900,17.5900,10529000
Jun 07 2017,17.6200,17.7500,17.3000,17.4400,17.4400,15866200
Jun 06 2017,18.1000,18.1500,17.4700,17.5700,17.5700,22811800
Jun 05 2017,18.2900,18.3400,18.0200,18.2300,18.2300,10576500
Jun 02 2017,18.5300,18.5800,18.2200,18.3100,18.3100,9383100
Jun 01 2017,18.2200,18.6600,18.2000,18.5300,18.5300,13178600
May 31 2017,18.4800,18.6000,18.0800,18.3200,18.3200,17417200
May 30 2017,18.2100,18.7200,18.1800,18.4300,18.4300,18190700
May 26 2017,17.9900,18.3000,17.9500,18.2300,18.2300,10459400
May 25 2017,18.0400,18.2700,17.9400,17.9500,17.9500,9577600
May 24 2017,18.1000,18.3400,17.8300,17.9800,17.9800,15459900
May 23 2017,18.4100,18.5100,17.9800,18.1500,18.1500,16838500
May 22 2017,18.3500,18.5200,18.2700,18.4300,18.4300,11378300
May 19 2017,18.6800,18.9000,18.2700,18.3500,18.3500,16157800
May 18 2017,18.1700,18.6100,17.9700,18.5100,18.5100,19889000
May 17 2017,18.9900,19.2500,18.2200,18.2800,18.2800,30110500
May 16 2017,19.3800,19.7900,19.0900,19.4900,19.4900,35728100
May 15 2017,18.6900,19.3200,18.6300,19.2300,19.2300,22617500
May 12 2017,18.4500,19.0500,18.3400,18.6100,18.6100,22044000
May 11 2017,18.6300,18.7500,18.3100,18.3900,18.3900,12475400
May 10 2017,18.3700,18.5600,18.2500,18.5400,18.5400,9993900
May 09 2017,18.3100,18.4900,18.2000,18.3700,18.3700,12509700
May 08 2017,18.6800,18.6800,18.1600,18.3100,18.3100,18963300
May 05 2017,18.4500,18.7300,18.3700,18.6900,18.6900,15064300
May 04 2017,18.6000,18.8900,18.3600,18.4800,18.4800,24615100
May 03 2017,18.3700,18.6000,18.1500,18.5700,18.5700,29810300
May 02 2017,17.5700,18.5300,17.3500,18.2400,18.2400,64567800
May 01 2017,17.1400,17.6500,16.9700,17.5400,17.5400,47458300
Apr 28 2017,16.5000,16.7900,16.4300,16.4800,16.4800,25662200
Apr 27 2017,15.8000,16.6300,15.8000,16.6100,16.6100,41158100
Apr 26 2017,15.9000,16.4800,15.7600,15.8200,15.8200,79309100
Apr 25 2017,14.7100,14.9600,14.6300,14.6600,14.6600,20508000
Apr 24 2017,14.7000,14.8200,14.5600,14.7100,14.7100,12779200
Apr 21 2017,14.6500,14.7500,14.4100,14.6300,14.6300,13788600
Apr 20 2017,14.5800,14.7500,14.5100,14.6500,14.6500,9557300
Apr 19 2017,14.4400,14.7900,14.4400,14.5400,14.5400,14268100
Apr 18 2017,14.3700,14.5600,14.2700,14.4400,14.4400,9701900
Apr 17 2017,14.3000,14.5500,14.1200,14.4000,14.4000,10402700
Apr 13 2017,14.4900,14.5000,14.2200,14.3000,14.3000,10554100
Apr 12 2017,14.3400,14.7800,14.2600,14.4200,14.4200,12916400
Apr 11 2017,14.3000,14.4000,14.2000,14.3100,14.3100,7608800
Apr 10 2017,14.3000,14.4600,14.2000,14.3600,14.3600,10005900
Apr 07 2017,14.3600,14.4300,14.2500,14.2900,14.2900,8267400
Apr 06 2017,14.5300,14.6200,14.3000,14.3900,14.3900,18106700
Apr 05 2017,14.6100,14.8200,14.4100,14.5300,14.5300,13823700
Apr 04 2017,14.7500,14.7600,14.5800,14.6900,14.6900,8936100
Apr 03 2017,14.9700,14.9800,14.6500,14.8400,14.8400,11604900
Mar 31 2017,14.9300,15.0600,14.9100,14.9500,14.9500,8402600
Mar 30 2017,15.0500,15.0800,14.9000,14.9200,14.9200,8446400
Mar 29 2017,14.8600,15.0600,14.7000,15.0400,15.0400,11080000
Mar 28 2017,15.0000,15.1700,14.8000,14.9400,14.9400,14839700
Mar 27 2017,15.0200,15.0600,14.7500,14.9900,14.9900,10461300
Mar 24 2017,15.0600,15.3700,15.0300,15.1400,15.1400,15549200
Mar 23 2017,14.9900,15.0500,14.7300,14.9300,14.9300,11631900
Mar 22 2017,14.5000,14.9900,14.3200,14.9800,14.9800,21050300
Mar 21 2017,15.0800,15.1000,14.5000,14.5400,14.5400,19099000
Mar 20 2017,15.1100,15.1100,14.8200,15.0900,15.0900,12501900
Mar 17 2017,15.2000,15.2300,15.0300,15.0800,15.0800,10989800
Mar 16 2017,15.0800,15.2800,15.0400,15.1900,15.1900,11665900
Mar 15 2017,15.2500,15.3000,14.8500,15.0300,15.0300,19381800
Mar 14 2017,15.2000,15.5800,15.1500,15.3200,15.3200,15046500
Mar 13 2017,15.1000,15.2700,15.1000,15.2100,15.2100,8727500
Mar 10 2017,15.2300,15.2700,14.9400,15.1200,15.1200,13703000
Mar 09 2017,15.2400,15.3900,15.0300,15.2200,15.2200,10963500
Mar 08 2017,15.1900,15.3600,15.0800,15.2400,15.2400,12657100
Mar 07 2017,15.5200,15.7300,15.1600,15.1800,15.1800,16718600
Mar 06 2017,15.7500,15.7800,15.5000,15.5600,15.5600,11464000
Mar 03 2017,15.8400,16.1000,15.6800,15.7500,15.7500,15194500
Mar 02 2017,15.7700,16.0000,15.7200,15.7900,15.7900,12401100
Mar 01 2017,15.8700,15.9000,15.5900,15.7900,15.7900,18165300
Feb 28 2017,16.0000,16.0400,15.7400,15.7700,15.7700,10874200
Feb 27 2017,15.9300,16.1300,15.7200,16.0600,16.0600,13645500
Feb 24 2017,15.9500,15.9900,15.8500,15.9800,15.9800,9139800
Feb 23 2017,16.1200,16.2700,15.9000,16.0300,16.0300,15304500
Feb 22 2017,16.4000,16.5100,16.0100,16.0800,16.0800,13606200
Feb 21 2017,16.6400,16.6900,16.3000,16.4200,16.4200,16026800
Feb 17 2017,16.3600,16.6300,16.3600,16.6200,16.6200,14378200
Feb 16 2017,16.6900,16.7900,16.3200,16.3500,16.3500,21636200
Feb 15 2017,16.8500,16.8900,16.3000,16.7400,16.7400,35204800
Feb 14 2017,15.9200,16.6000,15.8500,16.5200,16.5200,34709300
Feb 13 2017,15.6300,15.9900,15.5100,15.8100,15.8100,29143700
Feb 10 2017,15.9600,16.0000,15.5000,15.5800,15.5800,73061200
Feb 09 2017,18.7200,18.7200,16.2600,16.4100,16.4100,109299300
Feb 08 2017,18.7700,18.7700,18.0500,18.7200,18.7200,37419100
Feb 07 2017,18.0000,18.6700,17.9900,18.2600,18.2600,26834800
Feb 06 2017,17.7000,17.9700,17.4100,17.9300,17.9300,13226700
Feb 03 2017,17.7200,17.8500,17.4400,17.6100,17.6100,14431300
Feb 02 2017,17.3300,17.8600,17.1200,17.7800,17.7800,19415600
Feb 01 2017,17.8400,17.9200,17.1000,17.2400,17.2400,21208100
Jan 31 2017,16.9500,17.7400,16.9100,17.6200,17.6200,25869200
Jan 30 2017,16.5700,17.1000,16.4100,16.9400,16.9400,18287900
Jan 27 2017,16.9100,16.9700,16.5300,16.5700,16.5700,11860600
Jan 26 2017,16.8600,17.0700,16.7900,16.8100,16.8100,10092900
Jan 25 2017,16.7000,16.7900,16.5900,16.7300,16.7300,10969300
Jan 24 2017,16.6100,16.6600,16.3300,16.5200,16.5200,12737200
Jan 23 2017,16.5700,16.8100,16.4600,16.6100,16.6100,11791500
Jan 20 2017,16.8200,16.9000,16.4600,16.5800,16.5800,14844700
Jan 19 2017,17.0900,17.1500,16.7500,16.7900,16.7900,12735500
Jan 18 2017,17.0100,17.1400,16.8300,17.1100,17.1100,12715300
Jan 17 2017,17.0700,17.0900,16.8600,16.9600,16.9600,13112700
Jan 13 2017,17.3800,17.6600,17.2300,17.2500,17.2500,11401400
Jan 12 2017,17.1300,17.3900,16.9600,17.3800,17.3800,12375600
Jan 11 2017,17.4600,17.6000,17.1700,17.3000,17.3000,10981500
Jan 10 2017,17.5100,17.7800,17.3200,17.3700,17.3700,10472800
Jan 09 2017,17.2200,17.5600,17.1900,17.5000,17.5000,11851500
Jan 06 2017,17.2400,17.4300,17.1100,17.1700,17.1700,14665100
Jan 05 2017,16.9100,17.2700,16.8000,17.0900,17.0900,17074400
Jan 04 2017,16.5000,16.9400,16.5000,16.8600,16.8600,15861300
Jan 03 2017,16.3100,16.4500,16.2100,16.4400,16.4400,11147900
Dec 30 2016,16.3100,16.5700,16.2200,16.3000,16.3000,14014500
Dec 29 2016,16.3900,16.6500,16.3000,16.3900,16.3900,14648300
Dec 28 2016,16.6300,16.7300,16.2900,16.3900,16.3900,13509200
Dec 27 2016,16.5200,16.8700,16.4200,16.6100,16.6100,13040500
Dec 23 2016,16.3400,16.6700,16.1600,16.5000,16.5000,17971900
Dec 22 2016,16.8200,16.8900,16.2700,16.4100,16.4100,27951800
Dec 21 2016,17.5200,17.5500,17.0100,17.0800,17.0800,34613900
Dec 20 2016,18.2300,18.3200,17.8700,17.9200,17.9200,16801700
Dec 19 2016,18.6000,18.7000,18.2200,18.2400,18.2400,12251100
Dec 16 2016,18.7600,18.8900,18.5300,18.6300,18.6300,14153600
Dec 15 2016,18.9400,19.1500,18.7100,18.7900,18.7900,11957900
Dec 14 2016,19.4000,19.6200,18.8900,18.9300,18.9300,13468900
Dec 13 2016,18.9700,19.5900,18.9400,19.3700,19.3700,15132200
Dec 12 2016,19.4800,19.7000,18.9000,18.9300,18.9300,15612400
Dec 09 2016,19.5600,19.8400,19.3800,19.6500,19.6500,15956100
Dec 08 2016,19.5000,19.7100,19.0800,19.6400,19.6400,19698300
Dec 07 2016,18.2600,19.5500,18.2000,19.4800,19.4800,32188600
Dec 06 2016,18.3100,18.5000,18.1300,18.2300,18.2300,14033000
Dec 05 2016,17.9600,18.3600,17.8700,18.2300,18.2300,12121700
Dec 02 2016,18.0000,18.1600,17.8600,17.9300,17.9300,12208700
Dec 01 2016,18.8200,18.8300,17.7400,18.0300,18.0300,19613000
Nov 30 2016,18.2000,18.8000,18.1800,18.4900,18.4900,20605400
Nov 29 2016,18.2200,18.6800,18.1300,18.1900,18.1900,13549100
Nov 28 2016,18.0000,18.3000,17.8500,18.3000,18.3000,19281800
Nov 25 2016,18.2700,18.3100,18.0300,18.0600,18.0600,7862700
Nov 23 2016,18.4500,18.5900,18.0800,18.2200,18.2200,16965900
Nov 22 2016,18.6600,18.8700,18.5100,18.6300,18.6300,10693400
Nov 21 2016,18.7200,18.9100,18.5900,18.6000,18.6000,13095600
Nov 18 2016,18.7300,18.9100,18.6400,18.7300,18.7300,12503200
Nov 17 2016,18.7000,18.9600,18.5300,18.5500,18.5500,16255700
Nov 16 2016,18.9800,19.1500,18.5900,18.6300,18.6300,14970300
Nov 15 2016,19.1500,19.5100,18.9100,18.9800,18.9800,19558000
Nov 14 2016,18.7500,19.2000,18.5000,19.1400,19.1400,23035600
Nov 11 2016,18.3500,18.7300,18.0700,18.5500,18.5500,15363800
Nov 10 2016,19.0400,19.3000,18.0300,18.3700,18.3700,31099100
Nov 09 2016,17.9600,19.2400,17.9100,19.1300,19.1300,34170200
Nov 08 2016,18.2200,18.5600,17.7700,18.3800,18.3800,19904400
Nov 07 2016,18.1100,18.6900,18.1100,18.4100,18.4100,26006200
Nov 04 2016,17.5200,18.3400,17.5000,18.0200,18.0200,30988700
Nov 03 2016,17.5500,17.8600,17.2600,17.5800,17.5800,17084600
Nov 02 2016,17.4300,17.9500,17.3800,17.6100,17.6100,20762800
Nov 01 2016,17.8400,18.0000,17.2600,17.4900,17.4900,22624800
Oct 31 2016,17.6500,18.0400,17.6400,17.9500,17.9500,19530500
Oct 28 2016,17.7000,18.0000,17.5000,17.6600,17.6600,29383300
Oct 27 2016,17.2900,18.1200,17.0700,17.4000,17.4000,63791900
Oct 26 2016,17.5800,17.6600,17.1700,17.2900,17.2900,35259300
Oct 25 2016,17.8200,17.8400,17.1500,17.2600,17.2600,32456200
Oct 24 2016,17.6000,18.3700,17.4900,18.0300,18.0300,41781100
Oct 21 2016,16.9500,18.3500,16.7400,18.0900,18.0900,58503900
Oct 20 2016,17.0400,17.0700,16.8200,16.9000,16.9000,15124000
Oct 19 2016,16.9400,17.2600,16.8800,17.0700,17.0700,17392400
Oct 18 2016,16.8600,17.1300,16.7900,16.8300,16.8300,18380300
Oct 17 2016,16.7600,16.9800,16.4300,16.7300,16.7300,25800600
Oct 14 2016,17.8800,18.0500,16.2800,16.8800,16.8800,73675300
Oct 13 2016,17.8600,17.9900,17.6700,17.7900,17.7900,18688300
Oct 12 2016,18.1900,18.1900,17.8100,18.0500,18.0500,23535100
Oct 11 2016,18.1800,18.2000,17.6500,18.0000,18.0000,49156900
Oct 10 2016,17.4900,18.2400,16.9300,17.5600,17.5600,104967200
Oct 07 2016,19.9500,20.5300,19.6500,19.8500,19.8500,38675700
Oct 06 2016,20.4600,21.0000,19.6000,19.8700,19.8700,109388200
Oct 05 2016,24.3200,25.2500,24.1300,24.8700,24.8700,63716800
Oct 04 2016,23.7500,23.7900,23.3400,23.5200,23.5200,22230700
Oct 03 2016,23.7800,24.2500,23.4600,24.0000,24.0000,37555700
Sep 30 2016,23.0200,23.2500,22.8200,23.0500,23.0500,17425200
Sep 29 2016,22.9200,23.3600,22.8600,23.0100,23.0100,26459800
Sep 28 2016,23.4200,23.6300,22.4400,22.9600,22.9600,44513700
Sep 27 2016,23.2100,23.9800,22.9000,23.7200,23.7200,65489500
Sep 26 2016,21.7900,23.5700,21.6500,23.3700,23.3700,95403500
Sep 23 2016,21.5000,22.8900,21.1100,22.6200,22.6200,192415300
Sep 22 2016,18.5200,18.9200,18.4400,18.6300,18.6300,16321100
Sep 21 2016,18.4400,18.5000,18.1300,18.4900,18.4900,16211500
Sep 20 2016,18.3000,18.6400,18.2300,18.3900,18.3900,15910300
Sep 19 2016,19.2200,19.2400,18.2800,18.3600,18.3600,23199800
Sep 16 2016,18.9000,19.2500,18.7400,19.1100,19.1100,40346700
Sep 15 2016,18.3000,18.4200,18.0600,18.3000,18.3000,14452700
Sep 14 2016,17.9300,18.3900,17.9000,18.0800,18.0800,16142100
Sep 13 2016,17.9900,18.1000,17.5200,17.7600,17.7600,15890000
Sep 12 2016,17.9600,18.2400,17.6800,18.1500,18.1500,18286500
Sep 09 2016,18.4000,18.8200,17.9200,18.1100,18.1100,30859200
Sep 08 2016,18.8100,19.3100,18.5900,18.7000,18.7000,44853100
Sep 07 2016,20.0500,20.6500,19.8000,19.8700,19.8700,26593100
Sep 06 2016,19.7400,20.1400,19.4800,19.9300,19.9300,24174800
Sep 02 2016,19.6200,19.8700,19.3500,19.5500,19.5500,19891600
Sep 01 2016,19.3700,20.1400,19.2700,19.5000,19.5000,39755900
Aug 31 2016,18.3900,19.6000,18.3800,19.2100,19.2100,34222600
Aug 30 2016,18.5900,18.6900,18.3200,18.3800,18.3800,8908400
Aug 29 2016,18.3900,18.5500,18.3000,18.4700,18.4700,11274300
Aug 26 2016,18.4000,18.5300,18.1000,18.3000,18.3000,11225900
Aug 25 2016,18.3300,18.6500,18.2300,18.3200,18.3200,13276500
Aug 24 2016,18.8000,18.9700,18.2000,18.2500,18.2500,16788800
Aug 23 2016,18.6500,18.9300,18.6500,18.6900,18.6900,14089300
Aug 22 2016,18.9500,18.9600,18.5200,18.5500,18.5500,17497600
Aug 19 2016,18.9600,19.3100,18.7600,18.9800,18.9800,17026100
Aug 18 2016,19.5600,19.6000,18.9200,19.0000,19.0000,47582500
Aug 17 2016,20.4300,20.4400,19.9000,20.1700,20.1700,22762800
Aug 16 2016,20.7800,20.7900,20.2900,20.4000,20.4000,23527700
Aug 15 2016,19.8500,21.1000,19.8300,20.8600,20.8600,58856800
Aug 12 2016,19.7100,19.7100,19.0100,19.5400,19.5400,28403200
Aug 11 2016,19.1700,19.8300,19.1100,19.7800,19.7800,30807900
Aug 10 2016,18.6700,19.5700,18.5600,19.0400,19.0400,28645000
Aug 09 2016,18.1700,18.7900,17.9700,18.6800,18.6800,19311400
Aug 08 2016,18.2500,18.4800,17.9300,18.2000,18.2000,15502800
Aug 05 2016,18.1900,18.5800,18.1400,18.2600,18.2600,22811700
Aug 04 2016,17.5700,18.3100,17.3600,18.1300,18.1300,32960600
Aug 03 2016,16.3400,17.8800,16.3300,17.6100,17.6100,55611400
Aug 02 2016,16.6100,16.7000,16.2000,16.4200,16.4200,16611300
Aug 01 2016,16.6500,16.8500,16.4000,16.6400,16.6400,26053200
Jul 29 2016,16.3900,16.7400,16.2400,16.6400,16.6400,26057200
Jul 28 2016,15.8900,16.3400,15.8800,16.3100,16.3100,31442400
Jul 27 2016,16.3400,16.5900,15.6900,15.7700,15.7700,82727800
Jul 26 2016,18.5200,18.6500,18.1600,18.4500,18.4500,44132800
Jul 25 2016,18.4300,18.7000,18.1700,18.6500,18.6500,21485300
Jul 22 2016,18.1200,18.3900,17.7600,18.3700,18.3700,19639500
Jul 21 2016,18.5700,18.8000,18.3500,18.3900,18.3900,13907800
Jul 20 2016,18.5200,18.7600,18.4500,18.5600,18.5600,15029200
Jul 19 2016,18.5100,18.9000,18.2700,18.3300,18.3300,27283400
Jul 18 2016,18.2900,18.7500,18.0500,18.6500,18.6500,29731200
Jul 15 2016,17.9800,18.1800,17.8100,18.0800,18.0800,17371200
Jul 14 2016,18.0200,18.2800,17.9100,17.9600,17.9600,19585300
Jul 13 2016,18.2100,18.3200,17.5000,17.7400,17.7400,17931900
Jul 12 2016,17.9800,18.3800,17.9200,18.1000,18.1000,23816200
Jul 11 2016,17.5900,17.8800,17.5200,17.7100,17.7100,24041900
Jul 08 2016,17.5300,18.1600,17.4700,18.0800,18.0800,24884000
Jul 07 2016,17.2400,17.6800,17.2400,17.3700,17.3700,13423100
Jul 06 2016,17.0200,17.3400,16.8100,17.2000,17.2000,15665700
Jul 05 2016,17.2500,17.2800,16.7600,17.1400,17.1400,15718000
Jul 01 2016,16.9300,17.5000,16.9000,17.2800,17.2800,20744500
Jun 30 2016,16.8000,17.0000,16.7300,16.9100,16.9100,14111000
Jun 29 2016,16.6000,17.0100,16.4300,16.8300,16.8300,18236000
Jun 28 2016,16.2400,16.6400,16.1600,16.4200,16.4200,18717300
Jun 27 2016,16.2900,16.4000,15.4600,15.8400,15.8400,23461800
Jun 24 2016,16.2400,16.9000,16.2000,16.4400,16.4400,31560100
Jun 23 2016,16.3000,17.0700,16.2800,17.0400,17.0400,25373100
Jun 22 2016,16.2700,16.3200,16.0500,16.1300,16.1300,13791500
Jun 21 2016,16.4800,16.5600,16.1700,16.3200,16.3200,15086500
Jun 20 2016,16.3400,16.6400,16.1500,16.3400,16.3400,22876100
Jun 17 2016,16.1600,16.3700,15.9600,16.1000,16.1000,32254100
Jun 16 2016,15.9000,15.9500,15.4000,15.8700,15.8700,23618700
Jun 15 2016,15.7100,16.4400,15.7100,15.9600,15.9600,53535200
Jun 14 2016,14.8200,15.4200,14.8000,15.3600,15.3600,37395700
Jun 13 2016,14.6300,15.3000,14.5100,14.5500,14.5500,43160900
Jun 10 2016,14.4500,14.4500,14.0000,14.0200,14.0200,22092800
Jun 09 2016,14.8400,14.8600,14.5900,14.6000,14.6000,12398100
Jun 08 2016,15.0700,15.1200,14.8100,14.9500,14.9500,12991000
Jun 07 2016,15.3600,15.3700,14.9100,15.0000,15.0000,16518000
Jun 06 2016,15.2200,15.4500,15.1800,15.2700,15.2700,13768500
Jun 03 2016,15.1100,15.3500,14.9600,15.2000,15.2000,15496600
Jun 02 2016,15.0400,15.2600,14.8500,15.2000,15.2000,13114300
Jun 01 2016,15.2200,15.2200,14.6200,15.0200,15.0200,18249900
May 31 2016,15.1200,15.4900,15.0800,15.2200,15.2200,24296600
May 27 2016,14.2500,15.1000,14.2300,15.1000,15.1000,28360000
May 26 2016,14.4500,14.4800,14.1900,14.3000,14.3000,21048200
May 25 2016,14.0700,14.5700,14.0600,14.4100,14.4100,23176700
May 24 2016,14.2200,14.2200,13.7300,14.0300,14.0300,36233900
May 23 2016,14.4000,14.6000,14.3300,14.4100,14.4100,12879200
May 20 2016,14.2000,14.5100,14.1600,14.4300,14.4300,18497400
May 19 2016,14.1500,14.3100,14.0400,14.1500,14.1500,15882200
May 18 2016,14.3500,14.5700,14.0500,14.1400,14.1400,14290100
May 17 2016,14.2100,14.5900,14.1300,14.3400,14.3400,15580900
May 16 2016,14.0900,14.3700,14.0600,14.2900,14.2900,11578600
May 13 2016,14.0600,14.2800,14.0000,14.1000,14.1000,12711600
May 12 2016,14.6300,14.6800,14.0000,14.0800,14.0800,19863300
May 11 2016,14.6100,14.8600,14.4400,14.5900,14.5900,13790200
May 10 2016,14.1700,14.6900,14.1600,14.6300,14.6300,14517700
May 09 2016,14.2800,14.4700,14.1500,14.2000,14.2000,11481000
May 06 2016,14.1200,14.4000,13.9800,14.4000,14.4000,21219400
May 05 2016,14.9300,14.9800,14.0800,14.1200,14.1200,29135600
May 04 2016,13.9500,14.8800,13.9200,14.8400,14.8400,41538800
May 03 2016,14.2200,14.2500,13.9000,14.0100,14.0100,26044600
May 02 2016,14.7300,14.7700,14.1700,14.4000,14.4000,26129200
Apr 29 2016,14.7000,14.9300,14.3200,14.6200,14.6200,26882400
Apr 28 2016,14.8500,15.0900,14.6200,14.6400,14.6400,34792400
Apr 27 2016,15.1500,15.2800,14.8100,14.8600,14.8600,84880300
Apr 26 2016,17.2100,17.9800,17.0800,17.7500,17.7500,44649400
Apr 25 2016,17.2000,17.7500,16.8800,17.0900,17.0900,18992700
Apr 22 2016,17.3300,17.5100,17.0200,17.2300,17.2300,14878000
Apr 21 2016,17.4800,17.7700,17.4200,17.5100,17.5100,13616700
Apr 20 2016,16.9400,17.5200,16.9000,17.4000,17.4000,17775000
Apr 19 2016,17.3700,17.3900,16.6800,16.9200,16.9200,24789800
Apr 18 2016,17.7100,17.7200,17.0600,17.3100,17.3100,17254700
Apr 15 2016,17.5200,17.9100,17.3100,17.5800,17.5800,16350400
Apr 14 2016,17.3800,17.7000,17.1400,17.5300,17.5300,16140400
Apr 13 2016,16.6800,17.4000,16.6800,17.3700,17.3700,22648300
Apr 12 2016,16.5000,16.7700,16.1500,16.5700,16.5700,14862700
Apr 11 2016,16.7400,16.9800,16.4100,16.5100,16.5100,14205400
Apr 08 2016,17.1200,17.2500,16.4100,16.6500,16.6500,18684000
Apr 07 2016,16.8800,17.5900,16.8500,16.9800,16.9800,23324200
Apr 06 2016,17.1200,17.4800,16.9000,17.2600,17.2600,23100700
Apr 05 2016,17.5900,17.8300,16.8900,17.0500,17.0500,41742200
Apr 04 2016,16.0000,17.5400,15.9600,17.0900,17.0900,38258800
Apr 01 2016,16.4100,16.4300,15.8300,15.9800,15.9800,21009400
Mar 31 2016,16.4000,16.8400,16.2100,16.5500,16.5500,18894800
Mar 30 2016,16.1600,16.7200,16.0100,16.3600,16.3600,19380800
Mar 29 2016,15.6900,15.9900,15.3300,15.9700,15.9700,16923700
Mar 28 2016,15.9800,16.0100,15.4000,15.6000,15.6000,14147700
Mar 24 2016,15.9400,15.9900,15.5700,15.9100,15.9100,14902100
Mar 23 2016,16.8600,16.9100,16.0100,16.0100,16.0100,18009200
Mar 22 2016,16.7500,17.0100,16.7000,16.8600,16.8600,9566100
Mar 21 2016,16.8300,17.0500,16.6800,16.8900,16.8900,12560200
Mar 18 2016,17.0800,17.3800,16.7600,16.8500,16.8500,21159300
Mar 17 2016,16.6500,17.1500,16.6200,16.8500,16.8500,17061900
Mar 16 2016,16.3300,16.7700,16.1300,16.7000,16.7000,24783600
Mar 15 2016,17.0000,17.0400,16.1400,16.1900,16.1900,19717500
Mar 14 2016,16.8100,17.3200,16.7900,17.1200,17.1200,16524500
Mar 11 2016,16.7700,16.9400,16.4600,16.8100,16.8100,21494600
Mar 10 2016,17.6900,17.7700,16.3800,16.6100,16.6100,33135200
Mar 09 2016,18.6100,18.7400,17.5200,17.6600,17.6600,21555600
Mar 08 2016,19.1000,19.1500,18.3300,18.3300,18.3300,16402800
Mar 07 2016,19.1100,19.7300,18.7700,19.1700,19.1700,19750200
Mar 04 2016,19.4500,20.3200,19.0600,19.3600,19.3600,30105000
Mar 03 2016,18.5300,19.4400,18.4800,19.3100,19.3100,23200100
Mar 02 2016,17.8500,18.7400,17.7200,18.5400,18.5400,17218600
Mar 01 2016,18.4700,18.4800,17.5900,17.8500,17.8500,19333800
Feb 29 2016,17.9600,18.5700,17.7800,18.1200,18.1200,17398700
Feb 26 2016,17.7200,18.0300,17.5000,17.9400,17.9400,16344100
Feb 25 2016,17.9300,17.9500,17.3100,17.5900,17.5900,22336600
Feb 24 2016,18.0000,18.0900,17.1100,18.0000,18.0000,26694200
Feb 23 2016,18.5600,18.9600,18.1000,18.3000,18.3000,25768300
Feb 22 2016,18.6200,18.6800,17.7600,18.3000,18.3000,25021600
Feb 19 2016,18.1600,18.8800,17.7700,18.3100,18.3100,24004200
Feb 18 2016,18.1000,18.5500,17.5200,18.4300,18.4300,34586300
Feb 17 2016,16.4700,17.6000,16.4300,17.4600,17.4600,25837500
Feb 16 2016,16.0900,16.4000,15.6700,16.3600,16.3600,17286100
Feb 12 2016,14.5400,15.9400,14.5300,15.8800,15.8800,35703900
Feb 11 2016,14.0700,14.7900,13.9100,14.3100,14.3100,38657700
Feb 10 2016,14.5500,15.2800,14.5200,14.9800,14.9800,41086100
Feb 09 2016,14.6200,15.5500,14.3100,14.4000,14.4000,26408800
Feb 08 2016,15.5100,15.5500,14.7300,14.9000,14.9000,24962700
Feb 05 2016,16.6100,16.6400,15.6200,15.7200,15.7200,24130500
Feb 04 2016,16.4000,17.1800,16.2900,16.9100,16.9100,18125800
Feb 03 2016,16.3300,16.7400,15.5500,16.5600,16.5600,24312600
Feb 02 2016,17.2200,17.2700,16.0100,16.0800,16.0800,31835100
Feb 01 2016,17.8900,18.7700,17.3000,17.9100,17.9100,49994400
Jan 29 2016,16.6400,17.0700,16.5100,16.8000,16.8000,16882500
Jan 28 2016,17.2100,17.3400,16.4500,16.4900,16.4900,16835100
Jan 27 2016,17.0100,17.6200,16.7700,16.7800,16.7800,16826700
Jan 26 2016,17.2200,17.2800,16.4000,17.0100,17.0100,21998100
Jan 25 2016,16.8000,17.4500,16.5100,17.0200,17.0200,33661100
Jan 22 2016,18.2900,18.5600,17.7300,17.8400,17.8400,15622800
Jan 21 2016,17.4400,18.3200,16.8000,17.8300,17.8300,26342100
Jan 20 2016,16.1600,19.0400,15.4800,17.3800,17.3800,69194900
Jan 19 2016,18.1800,18.1800,16.4300,16.6900,16.6900,24284700
Jan 15 2016,18.2300,18.5300,17.6100,17.9400,17.9400,24600000
Jan 14 2016,18.5500,19.1600,17.2700,19.0000,19.0000,37117100
Jan 13 2016,19.7000,19.7600,18.4700,18.6800,18.6800,35876000
Jan 12 2016,19.8700,20.4100,19.3200,19.6200,19.6200,14601300
Jan 11 2016,20.1200,20.2000,19.2600,19.6500,19.6500,21287900
Jan 08 2016,20.5100,20.7200,19.6000,19.9800,19.9800,21832300
Jan 07 2016,21.0000,21.4800,20.2000,20.2600,20.2600,20759800
Jan 06 2016,21.6200,22.1800,21.1800,21.3900,21.3900,14033600
Jan 05 2016,22.7900,23.0000,21.8500,21.9200,21.9200,17077700
Jan 04 2016,22.6400,22.8400,22.1100,22.5600,22.5600,15325000
Dec 30 2015,22.4500,22.9400,22.2100,22.2300,22.2300,15323700
Dec 29 2015,22.6300,22.8200,22.3100,22.4700,22.4700,11211100
Dec 28 2015,22.9000,23.3200,22.5000,22.5300,22.5300,13675000
Dec 24 2015,22.7000,23.0600,22.5500,22.9700,22.9700,7910500
Dec 23 2015,22.6800,22.9500,22.3700,22.6700,22.6700,13167600
Dec 22 2015,22.2600,22.6700,22.0900,22.5600,22.5600,13668000
Dec 21 2015,23.0200,23.0400,21.9900,22.1400,22.1400,22910600
Dec 18 2015,23.3500,23.4400,22.6600,22.9900,22.9900,23066200
Dec 17 2015,24.4700,24.7500,23.2900,23.3100,23.3100,17879200
Dec 16 2015,23.9600,24.4800,23.8000,24.3000,24.3000,24063300
Dec 15 2015,24.5200,24.6900,23.7000,23.9500,23.9500,23106600
Dec 14 2015,24.6800,24.9400,23.7000,24.9200,24.9200,18053800
Dec 11 2015,25.9100,26.2000,24.8000,24.8400,24.8400,23061300
Dec 10 2015,24.3600,26.2500,24.3400,25.9100,25.9100,27945200
Dec 09 2015,24.9800,24.9800,24.1900,24.3100,24.3100,14683700
Dec 08 2015,24.0400,25.1000,23.5400,24.9900,24.9900,23621800
Dec 07 2015,24.9900,25.1600,24.1300,24.4600,24.4600,16872100
Dec 04 2015,25.8100,25.8500,25.0100,25.0200,25.0200,16828200
Dec 03 2015,25.4800,26.0600,24.9100,25.9000,25.9000,23850700
Dec 02 2015,25.3100,25.7200,25.1700,25.4000,25.4000,11845600
Dec 01 2015,25.3900,25.5800,25.0000,25.5300,25.5300,14799300
Nov 30 2015,25.7800,25.8200,25.0600,25.4000,25.4000,17913600
Nov 27 2015,25.9800,26.0700,25.6700,25.7500,25.7500,4179400
Nov 25 2015,25.6200,26.4100,25.5900,26.0600,26.0600,13067000
Nov 24 2015,25.1700,25.5500,25.0200,25.5200,25.5200,10428500
Nov 23 2015,26.1100,26.2700,25.0200,25.2000,25.2000,18169900
Nov 20 2015,26.3200,26.7000,26.0300,26.2700,26.2700,10835300
Nov 19 2015,25.9400,26.5800,25.9300,26.3200,26.3200,14231900
Nov 18 2015,25.1700,26.0900,25.1600,25.9000,25.9000,13976000
Nov 17 2015,25.5400,25.6900,24.9000,25.2300,25.2300,13259000
Nov 16 2015,25.3300,25.7800,25.0000,25.4100,25.4100,12262800
Nov 13 2015,25.8900,26.1600,25.1600,25.1800,25.1800,14333800
Nov 12 2015,26.0800,26.6100,25.8500,26.1300,26.1300,12580200
Nov 11 2015,27.0800,27.1400,26.3700,26.5000,26.5000,12777200
Nov 10 2015,26.8100,27.1700,26.2500,27.0500,27.0500,16552100
Nov 09 2015,28.0700,28.2100,26.6800,27.0900,27.0900,25624300
Nov 06 2015,28.5800,28.7000,28.0500,28.2800,28.2800,13592100
Nov 05 2015,29.4700,29.5500,28.4500,28.6600,28.6600,15525300
Nov 04 2015,29.3600,30.1500,29.2300,29.3600,29.3600,18668200
Nov 03 2015,29.0900,29.6300,29.0400,29.1300,29.1300,16706000
Nov 02 2015,28.5400,29.2900,28.0500,29.2000,29.2000,18549700
Oct 30 2015,29.1300,29.5700,28.3500,28.4600,28.4600,21933100
Oct 29 2015,30.5800,30.7000,28.9300,29.0600,29.0600,33012100
Oct 28 2015,28.1300,31.3400,27.7600,30.8700,30.8700,88974900
Oct 27 2015,31.0200,31.8700,30.6500,31.3400,31.3400,44502900
Oct 26 2015,30.6300,31.2200,30.4800,30.8900,30.8900,16787000
Oct 23 2015,29.9700,30.7200,29.6100,30.2800,30.2800,19855700
Oct 22 2015,29.2400,29.8000,28.7400,29.1500,29.1500,17424000
Oct 21 2015,29.5000,29.6600,28.6500,29.3000,29.3000,30359000
Oct 20 2015,30.9400,31.3900,30.4100,30.9100,30.9100,15727900
Oct 19 2015,31.1500,31.6000,30.5700,30.9100,30.9100,23958100
Oct 16 2015,30.0800,31.4000,29.3600,31.1500,31.1500,44564000
Oct 15 2015,29.4600,30.2800,29.0100,29.7100,29.7100,15838900
Oct 14 2015,29.4600,29.8200,28.3800,29.3800,29.3800,27554400
Oct 13 2015,29.5500,30.6800,28.8400,29.0600,29.0600,45783200
Oct 12 2015,30.3000,30.7700,28.6000,28.7500,28.7500,30619500
Oct 09 2015,30.9000,31.4100,30.2800,30.8500,30.8500,27453600
Oct 08 2015,29.5700,31.5000,29.0300,30.3200,30.3200,36431800
Oct 07 2015,28.3500,29.9500,28.0100,29.8300,29.8300,34460700
Oct 06 2015,28.1600,28.4000,26.7500,27.6200,27.6200,31294500
Oct 05 2015,26.9900,28.2500,26.3300,28.1500,28.1500,31012900
Oct 02 2015,24.5000,26.4800,24.3400,26.3100,26.3100,23542300
Oct 01 2015,26.4700,26.8400,24.6500,24.6800,24.6800,30953500
Sep 30 2015,25.9400,27.3300,25.8800,26.9400,26.9400,25208200
Sep 29 2015,25.2300,25.7600,24.9200,25.5900,25.5900,13421600
Sep 28 2015,24.9600,25.6100,24.6000,25.2600,25.2600,17452800
Sep 25 2015,26.8400,26.9100,25.1400,25.2900,25.2900,14572000
Sep 24 2015,26.5100,26.6400,25.4000,26.6000,26.6000,21349400
Sep 23 2015,26.9700,27.2800,26.5800,26.7900,26.7900,10840000
Sep 22 2015,27.0500,27.4800,26.6200,26.8300,26.8300,13461300
Sep 21 2015,27.9800,28.0900,27.1900,27.3800,27.3800,10542000
Sep 18 2015,27.0400,28.2500,26.9900,27.9600,27.9600,16951400
Sep 17 2015,27.5400,27.9300,27.0300,27.4100,27.4100,13073200
Sep 16 2015,27.1400,28.0000,27.0000,27.7500,27.7500,13335400
Sep 15 2015,27.0400,27.5500,27.0000,27.1700,27.1700,10098100
Sep 14 2015,27.2100,27.5500,26.8000,26.9000,26.9000,11564000
Sep 11 2015,27.6300,27.6500,27.1700,27.3900,27.3900,8830100
Sep 10 2015,27.0700,27.8300,26.9500,27.7100,27.7100,11240300
Sep 09 2015,27.1700,27.8500,26.4200,27.1800,27.1800,19277800
Sep 08 2015,28.1500,28.2000,27.0100,27.1800,27.1800,19225500
Sep 04 2015,27.9500,28.5500,27.8000,28.1500,28.1500,13537900
Sep 03 2015,28.0300,29.0000,27.8100,28.3000,28.3000,21349200
Sep 02 2015,27.4700,27.8300,26.8700,27.8200,27.8200,14402000
Sep 01 2015,27.2300,28.1200,26.7700,27.0300,27.0300,21163500
Aug 31 2015,27.6400,28.4900,27.3500,27.7900,27.7900,30540400
Aug 28 2015,26.1900,26.9300,26.0600,26.8300,26.8300,12426200
Aug 27 2015,25.4400,26.8000,25.2400,26.4600,26.4600,22493000
Aug 26 2015,24.8000,25.2900,23.8300,25.0300,25.0300,20576600
Aug 25 2015,26.2900,26.3300,24.3800,24.3800,24.3800,19918700
Aug 24 2015,23.6100,26.2300,21.0100,25.1700,25.1700,30106400
Aug 21 2015,25.6500,26.7400,25.5100,25.8700,25.8700,23733200
Aug 20 2015,27.1500,27.4800,25.9200,26.0000,26.0000,25257800
Aug 19 2015,28.0600,28.0900,27.1600,27.6100,27.6100,19964000
Aug 18 2015,28.9100,29.0000,28.3000,28.3000,28.3000,9662800
Aug 17 2015,29.1900,29.3400,28.9300,29.0600,29.0600,9557300
Aug 14 2015,28.5000,29.2700,28.4500,29.0600,29.0600,16489700
Aug 13 2015,29.6000,29.6000,28.4400,28.5400,28.5400,15004000
Aug 12 2015,29.1100,29.5000,28.5100,29.3900,29.3900,18513100
Aug 11 2015,29.0100,29.8900,28.5300,29.6200,29.6200,27749200
Aug 10 2015,28.0900,29.6300,27.8200,29.5000,29.5000,42547100
Aug 07 2015,27.8000,27.9000,26.8700,27.0400,27.0400,18392600
Aug 06 2015,28.4000,28.4300,27.2300,27.5400,27.5400,27612200
Aug 05 2015,29.4100,29.5000,28.4300,28.4800,28.4800,21223300
Aug 04 2015,29.1100,29.9000,28.9000,29.3400,29.3400,21900300
Aug 03 2015,30.8500,31.0900,28.6900,29.2700,29.2700,46637100
Jul 31 2015,31.3800,31.6200,30.8500,31.0100,31.0100,18150300
Jul 30 2015,31.1000,31.8300,31.0500,31.4700,31.4700,29438800
Jul 29 2015,32.5900,33.2400,31.0600,31.2400,31.2400,92939900
Jul 28 2015,34.7000,36.6700,34.1400,36.5400,36.5400,57688600
Jul 27 2015,35.1100,35.1500,33.8800,34.7000,34.7000,24629100
Jul 24 2015,36.4100,36.4100,35.3000,35.4200,35.4200,13000800
Jul 23 2015,36.0000,36.7300,35.9500,36.1900,36.1900,10407800
Jul 22 2015,36.2300,36.3700,35.5100,36.0900,36.0900,11772300
Jul 21 2015,35.8200,36.7500,35.7100,36.6300,36.6300,12536200
Jul 20 2015,35.7500,35.9900,35.2100,35.8100,35.8100,9889700
Jul 17 2015,36.4600,36.6600,35.6000,35.6700,35.6700,12838500
Jul 16 2015,35.8900,36.4500,35.7500,36.1000,36.1000,11367700
Jul 15 2015,36.6600,37.0900,35.5500,35.6600,35.6600,18296800
Jul 14 2015,35.7800,38.8200,35.7700,36.7200,36.7200,50102500
Jul 13 2015,34.9900,36.1400,34.7500,35.7800,35.7800,17118200
Jul 10 2015,34.6800,35.1200,34.4600,34.9100,34.9100,10639700
Jul 09 2015,35.1700,35.4300,34.3100,34.3600,34.3600,14099300
Jul 08 2015,35.4100,36.0500,34.6700,34.7600,34.7600,15522300
Jul 07 2015,35.3500,35.7200,34.5500,35.5200,35.5200,14203200
Jul 06 2015,35.1700,35.6900,35.0000,35.4300,35.4300,11325400
Jul 02 2015,35.4000,35.9700,35.1000,35.7200,35.7200,17664000
Jul 01 2015,36.0500,36.1100,35.2400,35.4000,35.4000,23674600
Jun 30 2015,34.5000,36.4200,34.4400,36.2200,36.2200,26095600
Jun 29 2015,34.4700,35.0900,34.1500,34.2100,34.2100,25220700
Jun 26 2015,34.9700,35.3300,34.6700,35.2600,35.2600,17388000
Jun 25 2015,35.3600,35.3600,34.9700,35.1700,35.1700,10756800
Jun 24 2015,35.4000,35.7500,35.1000,35.1700,35.1700,13021000
Jun 23 2015,35.7800,36.2000,34.9600,35.3700,35.3700,25891400
Jun 22 2015,35.9500,36.0000,35.3400,35.5500,35.5500,21456400
Jun 19 2015,34.9700,36.2800,34.8500,35.8600,35.8600,33674900
Jun 18 2015,34.6300,35.0400,34.4500,34.6600,34.6600,19447100
Jun 17 2015,34.9900,35.1200,34.1700,34.6900,34.6900,27278500
Jun 16 2015,34.2300,35.2000,33.5100,34.8200,34.8200,49856100
Jun 15 2015,35.2400,35.2600,34.3100,34.6700,34.6700,32932100
Jun 12 2015,36.9000,37.2500,35.5500,35.9000,35.9000,60914400
Jun 11 2015,35.9200,36.1700,35.7900,35.8400,35.8400,20547000
Jun 10 2015,36.0100,36.1700,35.6000,35.8500,35.8500,12634800
Jun 09 2015,36.5000,36.5000,35.5700,35.8800,35.8800,14034500
Jun 08 2015,36.9100,36.9800,36.4100,36.4600,36.4600,11718100
Jun 05 2015,36.7900,37.2300,36.6500,37.0000,37.0000,11854300
Jun 04 2015,37.1700,37.7900,36.5100,36.7100,36.7100,23762900
Jun 03 2015,36.5100,37.1700,36.4800,37.0000,37.0000,14023500
Jun 02 2015,36.4500,36.6000,36.1600,36.4000,36.4000,13078400
Jun 01 2015,36.6900,36.8300,36.4300,36.6300,36.6300,10008300
May 29 2015,37.0500,37.0700,36.5300,36.6700,36.6700,16515400
May 28 2015,36.4900,37.3300,36.3700,36.8300,36.8300,17912100
May 27 2015,36.5000,36.6500,36.1000,36.4100,36.4100,14463600
May 26 2015,36.6700,36.8300,36.3700,36.5100,36.5100,13068500
May 22 2015,36.7000,36.9800,36.5700,36.6000,36.6000,9861800
May 21 2015,36.8100,36.9400,36.3900,36.6800,36.6800,17447700
May 20 2015,37.4900,37.9400,36.5400,36.7800,36.7800,23404500
May 19 2015,37.1400,37.8800,36.9000,37.5000,37.5000,26942000
May 18 2015,37.1000,37.5700,36.9000,37.2800,37.2800,11207300
May 15 2015,37.3600,37.8000,37.0000,37.1000,37.1000,16799100
May 14 2015,37.9300,38.0900,37.2700,37.3300,37.3300,14259600
May 13 2015,37.6600,38.2000,37.5300,37.7200,37.7200,14075300
May 12 2015,37.2900,37.8000,37.0600,37.4800,37.4800,11792900
May 11 2015,37.5800,37.8600,37.2000,37.3100,37.3100,12329500
May 08 2015,38.0200,38.2000,37.5500,37.5900,37.5900,14395800
May 07 2015,37.2400,37.8800,36.9500,37.7100,37.7100,21258800
May 06 2015,37.6900,37.7800,36.5200,37.2600,37.2600,29107900
May 05 2015,38.0000,38.6100,37.3600,37.4200,37.4200,22605000
May 04 2015,38.7200,38.9600,37.5500,37.8800,37.8800,27622500
May 01 2015,39.1900,39.2400,37.3700,37.8400,37.8400,37785500
Apr 30 2015,39.2800,39.7400,38.4800,38.9600,38.9600,46651500
Apr 29 2015,40.2100,41.0900,38.0700,38.4900,38.4900,120488600
Apr 28 2015,52.1600,52.2200,38.3800,42.2700,42.2700,77336600
Apr 27 2015,50.8400,52.5400,50.8200,51.6600,51.6600,23991900
Apr 24 2015,51.8500,51.9600,50.2400,50.8200,50.8200,14896900
Apr 23 2015,51.8700,52.2000,51.2200,51.4100,51.4100,11490400
Apr 22 2015,51.4800,52.0900,51.3200,51.7300,51.7300,11479500
Apr 21 2015,51.6800,51.8500,51.1000,51.3200,51.3200,8461300
Apr 20 2015,51.0700,51.4800,50.5100,51.4000,51.4000,10978300
Apr 17 2015,51.7100,52.1600,50.1900,50.6600,50.6600,16576000
Apr 16 2015,51.3000,52.3400,51.1400,52.0300,52.0300,14313300
Apr 15 2015,51.3300,51.8700,50.9100,51.3000,51.3000,13192100
Apr 14 2015,51.7500,51.8100,50.6800,51.2000,51.2000,12176100
Apr 13 2015,51.9900,52.2900,51.4500,51.6200,51.6200,12306500
Apr 10 2015,52.2900,52.4500,51.3800,51.9400,51.9400,13271200
Apr 09 2015,52.1500,52.9900,51.5400,52.1700,52.1700,17877700
Apr 08 2015,53.3200,53.4900,51.9500,52.3000,52.3000,22368900
Apr 07 2015,51.0100,53.2800,50.8600,52.8700,52.8700,37080800
Apr 06 2015,50.0300,51.1600,49.8700,50.8400,50.8400,14539700
Apr 02 2015,50.6400,50.9500,49.8800,50.4200,50.4200,13423900
Apr 01 2015,51.0000,51.6900,50.1700,50.4700,50.4700,24232400
Mar 31 2015,49.6200,51.2400,49.5400,50.0800,50.0800,23898400
Mar 30 2015,50.4500,50.7100,48.6600,49.8900,49.8900,20365400
Mar 27 2015,50.3500,50.8900,49.9400,50.0100,50.0100,14775000
Mar 26 2015,49.6500,50.9000,49.4000,49.9200,49.9200,24385800
Mar 25 2015,51.5000,51.8700,49.3100,49.5000,49.5000,31694600
Mar 24 2015,48.6700,51.7900,48.5400,51.4700,51.4700,38181800
Mar 23 2015,48.2400,49.2500,47.8700,48.4600,48.4600,16328700
Mar 20 2015,48.3600,49.1500,48.2500,48.4400,48.4400,18676500
Mar 19 2015,46.9600,48.1500,46.4500,47.9300,47.9300,15957100
Mar 18 2015,46.7500,47.3900,46.1600,47.2000,47.2000,13067900
Mar 17 2015,46.6600,47.2900,46.4400,46.9300,46.9300,13300400
Mar 16 2015,46.9000,47.0700,46.0500,46.4300,46.4300,10243200
Mar 13 2015,46.9400,47.7200,46.4500,46.6600,46.6600,13368100
Mar 12 2015,46.5700,47.3200,46.5100,47.0700,47.0700,12204800
Mar 11 2015,45.6600,46.7400,45.1300,46.2700,46.2700,12273800
Mar 10 2015,47.2300,47.2600,45.7900,45.8400,45.8400,17125400
Mar 09 2015,47.2200,48.0800,47.1300,47.5900,47.5900,13635900
Mar 06 2015,47.2600,48.0700,46.5700,46.7500,46.7500,11534900
Mar 05 2015,47.5900,48.4300,47.2000,47.3500,47.3500,13511900
Mar 04 2015,47.5100,47.8500,46.4100,47.5700,47.5700,14227800
Mar 03 2015,48.1300,48.8000,47.4400,47.7100,47.7100,16754400
Mar 02 2015,48.2600,48.3000,47.3100,48.1500,48.1500,13430900
Feb 27 2015,49.1900,49.9000,47.9600,48.0800,48.0800,15004500
Feb 26 2015,48.8100,50.0100,48.6400,49.4100,49.4100,22340900
Feb 25 2015,48.8000,49.1800,48.2500,48.5500,48.5500,11663200
Feb 24 2015,48.3300,49.3000,48.0600,48.6900,48.6900,11002800
Feb 23 2015,49.0200,49.2400,48.3500,48.4700,48.4700,12541400
Feb 20 2015,48.7600,49.8800,48.6500,49.1100,49.1100,20755600
Feb 19 2015,47.8400,48.9400,47.4200,48.7000,48.7000,18153400
Feb 18 2015,48.0000,48.7900,47.3600,47.8200,47.8200,15449900
Feb 17 2015,48.2000,49.0900,47.8900,48.0300,48.0300,16670200
Feb 13 2015,47.9300,48.8200,47.5700,48.5000,48.5000,20809600
Feb 12 2015,47.9800,48.4500,46.8800,47.9500,47.9500,23071600
Feb 11 2015,46.2700,47.7800,46.1100,47.5000,47.5000,24747000
Feb 10 2015,47.3500,47.3900,45.5700,46.2600,46.2600,32287800
Feb 09 2015,46.7300,47.6900,46.5000,47.3200,47.3200,36177900
Feb 06 2015,46.1200,48.5000,45.8000,48.0100,48.0100,102669800
Feb 05 2015,42.0400,42.4700,40.9100,41.2600,41.2600,61997300
Feb 04 2015,40.0500,40.8300,39.8200,40.7200,40.7200,23116800
Feb 03 2015,38.0000,40.1900,37.6900,39.7900,39.7900,28149600
Feb 02 2015,37.7000,38.0700,36.9200,37.4600,37.4600,13895900
Jan 30 2015,36.6500,38.1500,36.4100,37.5300,37.5300,15390200
Jan 29 2015,37.3900,37.5700,36.0700,36.6800,36.6800,20088500
Jan 28 2015,38.4300,38.7800,37.0300,37.1500,37.1500,22367600
Jan 27 2015,39.5600,39.6100,38.3800,38.9200,38.9200,15746400
Jan 26 2015,39.3300,40.1300,39.0400,40.1000,40.1000,13838200
Jan 23 2015,39.4800,39.9700,38.7800,39.4200,39.4200,16409300
Jan 22 2015,37.9800,39.2500,37.5500,39.0700,39.0700,20451700
Jan 21 2015,37.6500,38.2700,37.3300,37.8300,37.8300,12181300
Jan 20 2015,37.5900,38.1400,36.5400,37.5700,37.5700,17560700
Jan 16 2015,37.1800,38.1300,36.8500,37.3100,37.3100,14966100
Jan 15 2015,39.7000,39.7000,36.8600,36.9300,36.9300,23042000
Jan 14 2015,38.8900,40.1800,38.8000,39.8500,39.8500,16054700
Jan 13 2015,39.7400,40.3500,39.2300,39.6500,39.6500,18395500
Jan 12 2015,40.2800,40.9500,39.3000,39.3700,39.3700,27639000
Jan 09 2015,39.2200,40.3400,38.2600,40.1700,40.1700,24599900
Jan 08 2015,37.4200,39.1900,37.0900,39.0900,39.0900,19190400
Jan 07 2015,39.1000,39.1000,37.0600,37.2800,37.2800,22675700
Jan 06 2015,36.2700,39.4500,36.0400,38.7600,38.7600,33050800
Jan 05 2015,36.2600,37.1100,35.6400,36.3800,36.3800,15062700
Jan 02 2015,36.2300,36.7400,35.5400,36.5600,36.5600,12062500
Dec 31 2014,35.8900,36.4900,35.4700,35.8700,35.8700,17650100
Dec 30 2014,36.0200,36.2400,35.4600,35.8600,35.8600,19494600
Dec 29 2014,37.3900,37.5100,36.3800,36.4200,36.4200,13565400
Dec 26 2014,37.7600,38.1000,37.5400,37.6000,37.6000,7324000
Dec 24 2014,37.6700,38.3500,37.5600,37.6100,37.6100,6254200
Dec 23 2014,38.5800,39.2500,37.4600,37.5700,37.5700,16858000
Dec 22 2014,37.5000,38.8200,37.3100,38.4300,38.4300,20079000
Dec 19 2014,36.7000,37.4500,36.5000,37.0800,37.0800,16068700
Dec 18 2014,36.1300,37.2700,35.9500,36.7300,36.7300,19087500
Dec 17 2014,35.5600,35.9000,34.9500,35.5700,35.5700,18544800
Dec 16 2014,36.5000,36.7100,35.0900,35.1300,35.1300,19241200
Dec 15 2014,38.1300,38.3800,36.7300,36.8500,36.8500,16833000
Dec 12 2014,36.3100,37.7100,36.1000,37.1000,37.1000,15222500
Dec 11 2014,36.4500,37.2300,36.2500,36.7000,36.7000,15707100
Dec 10 2014,36.9100,37.7800,36.2500,36.3500,36.3500,16497700
Dec 09 2014,34.9700,37.0900,34.6200,37.0500,37.0500,20542800
Dec 08 2014,38.0800,38.1200,35.7500,36.2900,36.2900,30112800
Dec 05 2014,38.9700,39.0700,38.3500,38.4900,38.4900,12587700
Dec 04 2014,38.8000,39.6600,38.6200,38.7900,38.7900,13012200
Dec 03 2014,39.0000,39.4200,38.3800,39.0600,39.0600,13241300
Dec 02 2014,39.4000,39.4000,38.3300,38.9100,38.9100,16430300
Dec 01 2014,41.2900,41.2900,39.0000,39.0400,39.0400,22214000
Nov 28 2014,41.0900,42.0800,40.8300,41.7400,41.7400,11113900
Nov 26 2014,39.8300,41.5600,39.7400,41.1300,41.1300,23773300
Nov 25 2014,40.1200,40.3000,39.5600,39.7600,39.7600,16165100
Nov 24 2014,39.9900,40.4700,39.5800,40.1900,40.1900,15176000
Nov 21 2014,40.2500,40.2800,39.8000,40.0300,40.0300,12066600
Nov 20 2014,39.4900,40.5500,39.3200,39.8100,39.8100,13717100
Nov 19 2014,40.3500,40.4700,39.2100,39.7100,39.7100,19050100
Nov 18 2014,40.6900,41.1700,39.9500,40.6100,40.6100,18605000
Nov 17 2014,41.4600,41.6800,40.4100,40.4700,40.4700,20665200
Nov 14 2014,40.0200,41.8500,39.7700,41.8500,41.8500,33059800
Nov 13 2014,43.5500,43.9500,39.9500,40.0400,40.0400,67287400
Nov 12 2014,39.9400,42.9400,39.6000,42.5400,42.5400,51814100
Nov 11 2014,39.3100,39.8400,38.8100,39.5900,39.5900,19176600
Nov 10 2014,40.3400,40.6900,39.4200,39.5900,39.5900,19069300
Nov 07 2014,40.7400,40.7400,39.7000,40.3100,40.3100,18558900
Nov 06 2014,40.1900,41.3500,40.1000,40.8400,40.8400,16292100
Nov 05 2014,41.6900,41.8000,40.1300,40.3700,40.3700,19742200
Nov 04 2014,40.0300,41.1000,39.7500,40.9000,40.9000,19544300
Nov 03 2014,40.5500,41.2000,40.1600,40.2100,40.2100,31441900
Oct 31 2014,42.6900,42.8500,41.3400,41.4700,41.4700,23895100
Oct 30 2014,41.5600,42.4800,39.9400,41.8000,41.8000,42012600
Oct 29 2014,43.8500,44.1600,41.8100,42.0800,42.0800,40261900
Oct 28 2014,42.2500,44.5800,41.7600,43.7800,43.7800,83514000
Oct 27 2014,50.0200,50.2400,47.1800,48.5600,48.5600,51896300
Oct 24 2014,50.1600,50.1900,49.1500,49.9500,49.9500,12035200
Oct 23 2014,50.1300,50.4000,49.2000,49.6700,49.6700,23099800
Oct 22 2014,51.1300,51.8400,49.0000,49.0800,49.0800,26147900
Oct 21 2014,51.7600,52.1500,50.3000,50.6300,50.6300,21351000
Oct 20 2014,49.0700,50.8900,48.8000,50.7000,50.7000,17781100
Oct 17 2014,49.7200,50.2500,48.6500,48.7700,48.7700,24630600
Oct 16 2014,48.3400,49.8200,47.1700,48.2300,48.2300,30818800
Oct 15 2014,47.1100,50.5200,46.3800,49.9900,49.9900,34371500
Oct 14 2014,49.0600,49.5300,47.0800,48.5800,48.5800,29723600
Oct 13 2014,50.5400,51.9100,48.2600,48.4900,48.4900,35326800
Oct 10 2014,54.5700,55.6600,50.3000,50.4000,50.4000,46727300
Oct 09 2014,55.2900,55.9900,54.9200,55.2900,55.2900,29741400
Oct 08 2014,53.6200,55.6700,52.6000,55.4200,55.4200,31098500
Oct 07 2014,53.1200,54.9900,53.1000,53.5300,53.5300,26082300
Oct 06 2014,53.9400,54.4500,53.2300,53.4900,53.4900,20033400
Oct 03 2014,52.7500,54.7300,52.1100,53.9400,53.9400,31227200
Oct 02 2014,51.0300,52.1000,50.0100,51.8500,51.8500,27056500
Oct 01 2014,51.0800,51.2900,49.1500,50.0600,50.0600,24733500
Sep 30 2014,52.0000,52.1900,51.1700,51.5800,51.5800,12315700
Sep 29 2014,51.0900,52.1800,50.8800,51.7400,51.7400,15404300
Sep 26 2014,51.9700,52.6100,51.7000,51.8900,51.8900,14125300
Sep 25 2014,52.7100,53.2300,51.2700,51.4500,51.4500,21071500
Sep 24 2014,52.5500,53.3400,52.1300,52.9600,52.9600,17656100
Sep 23 2014,51.4600,52.5600,51.0200,52.1700,52.1700,19990500
Sep 22 2014,52.3800,52.9000,51.3600,51.9400,51.9400,21744400
Sep 19 2014,50.7800,53.0000,50.1800,53.0000,53.0000,38192600
Sep 18 2014,50.9700,51.8800,50.5300,50.8800,50.8800,22484800
Sep 17 2014,50.9700,51.6000,50.1600,50.7000,50.7000,22874400
Sep 16 2014,48.7000,50.9100,48.4000,50.8300,50.8300,26744800
Sep 15 2014,51.6000,51.9300,47.5600,49.3800,49.3800,38374100
Sep 12 2014,52.5500,52.8200,52.0200,52.1100,52.1100,22913800
Sep 11 2014,52.5500,53.6400,52.1800,52.6400,52.6400,38055400
Sep 10 2014,52.1100,53.3300,51.8500,52.9100,52.9100,38057700
Sep 09 2014,52.2300,52.4000,50.2200,50.6100,50.6100,25034400
Sep 08 2014,51.8000,52.6800,51.6800,52.0000,52.0000,30836400
Sep 05 2014,50.0900,50.8800,49.5200,50.7000,50.7000,20251400
Sep 04 2014,49.6900,50.8600,49.2200,50.2400,50.2400,24413100
Sep 03 2014,51.8300,51.8500,49.0500,49.3300,49.3300,34411200
Sep 02 2014,50.0200,51.3400,49.9000,51.0200,51.0200,28267200
Aug 29 2014,49.8900,50.3500,49.1300,49.7500,49.7500,31926900
Aug 28 2014,47.9800,49.8800,47.8600,49.4300,49.4300,35076300
Aug 27 2014,48.2400,48.4600,47.1800,48.0600,48.0600,26127600
Aug 26 2014,46.1000,48.2000,46.0400,48.1700,48.1700,27716200
Aug 25 2014,46.2200,46.3600,45.7000,46.1000,46.1000,17583500
Aug 22 2014,45.0400,46.1400,44.8000,45.9800,45.9800,19429800
Aug 21 2014,45.2900,45.3500,44.8400,45.1100,45.1100,10619300
Aug 20 2014,44.9300,45.2100,44.7600,45.0600,45.0600,10383200
Aug 19 2014,45.2400,45.4500,45.0300,45.0900,45.0900,11903400
Aug 18 2014,45.0600,45.3300,44.7700,45.1200,45.1200,14835400
Aug 15 2014,45.4700,45.5000,44.4400,44.7600,44.7600,17776700
Aug 14 2014,44.4000,45.3400,44.0400,45.3300,45.3300,23638900
Aug 13 2014,44.1200,44.3400,43.6200,44.1500,44.1500,16180800
Aug 12 2014,44.3800,44.7200,43.6100,43.8100,43.8100,29582300
Aug 11 2014,43.4800,43.6000,42.7100,43.2700,43.2700,18420300
Aug 08 2014,43.0200,43.3600,42.5100,43.1300,43.1300,14967900
Aug 07 2014,43.3700,44.3700,42.8900,43.0000,43.0000,25389100
Aug 06 2014,43.3900,44.0400,42.7500,43.4600,43.4600,20355300
Aug 05 2014,43.2500,44.4800,43.0200,43.8300,43.8300,26404100
Aug 04 2014,43.7000,44.5300,43.4400,43.4700,43.4700,22425000
Aug 01 2014,45.0100,45.5400,43.8100,44.1300,44.1300,37194800
Jul 31 2014,44.6200,45.8400,44.3000,45.1900,45.1900,47170200
Jul 30 2014,47.0100,48.0000,45.6500,46.3000,46.3000,116195900
Jul 29 2014,38.1100,38.9200,37.9900,38.5900,38.5900,65338000
Jul 28 2014,38.3000,38.4400,37.5600,37.9300,37.9300,16781700
Jul 25 2014,38.2000,38.8000,38.0200,38.1600,38.1600,15980800
Jul 24 2014,38.7100,39.0000,37.8500,38.7100,38.7100,22105600
Jul 23 2014,37.6500,38.1900,37.5600,37.7500,37.7500,13220700
Jul 22 2014,38.3100,38.6000,37.4500,37.6500,37.6500,16837800
Jul 21 2014,37.2300,38.2900,36.8500,38.0500,38.0500,19685400
Jul 18 2014,36.8100,37.0800,35.9500,37.0500,37.0500,26435500
Jul 17 2014,36.8000,37.1700,36.3800,36.8700,36.8700,22631500
Jul 16 2014,38.3100,38.5200,37.1000,37.4300,37.4300,19687200
Jul 15 2014,38.5900,38.9900,37.6200,37.8800,37.8800,24630600
Jul 14 2014,38.5700,39.3800,38.2000,38.3100,38.3100,19705000
Jul 11 2014,38.1500,38.7900,38.0000,38.3300,38.3300,21084800
Jul 10 2014,36.4900,38.1000,36.1100,37.8400,37.8400,26549700
Jul 09 2014,37.8200,38.3500,37.3500,38.0600,38.0600,26838300
Jul 08 2014,39.9600,40.0400,36.8400,37.4100,37.4100,49952000
Jul 07 2014,41.0800,41.4500,40.1400,40.2300,40.2300,21454500
Jul 03 2014,41.9400,42.0000,40.8300,41.3300,41.3300,15795100
Jul 02 2014,42.8300,42.8300,41.4200,41.7700,41.7700,24377500
Jul 01 2014,42.0600,42.9500,41.9100,42.0500,42.0500,36019300
Jun 30 2014,40.8100,41.3400,40.3500,40.9700,40.9700,22747500
Jun 27 2014,40.7000,41.1500,40.1100,40.9300,40.9300,48253400
Jun 26 2014,40.0500,42.0000,39.8100,41.4400,41.4400,45348500
Jun 25 2014,38.2400,39.5900,38.0100,39.4600,39.4600,25457200
Jun 24 2014,39.4400,39.6400,38.2600,38.4800,38.4800,24477900
Jun 23 2014,39.0700,39.5800,38.7300,39.5200,39.5200,22591300
Jun 20 2014,38.8200,39.2400,37.7700,39.2400,39.2400,41501100
Jun 19 2014,38.7300,39.3000,38.3200,38.9000,38.9000,24648300
Jun 18 2014,38.1600,38.8300,37.7500,38.7400,38.7400,23707500
Jun 17 2014,38.0300,38.5500,37.3000,38.0200,38.0200,30321500
Jun 16 2014,36.7000,38.1700,36.4400,38.0200,38.0200,29889300
Jun 13 2014,36.8500,37.2500,35.9000,36.9000,36.9000,29129900
Jun 12 2014,35.0600,37.2700,35.0600,36.7900,36.7900,58146100
Jun 11 2014,35.0700,35.9700,34.9300,35.5400,35.5400,30021300
Jun 10 2014,34.7300,35.5000,34.6600,35.3700,35.3700,36572200
Jun 09 2014,33.2400,34.5500,33.0900,34.4700,34.4700,23397200
Jun 06 2014,34.1400,34.4100,33.2200,33.3300,33.3300,23353200
Jun 05 2014,33.6700,34.8900,33.1100,33.8900,33.8900,40904900
Jun 04 2014,32.4900,33.3200,31.8500,32.9000,32.9000,24863000
Jun 03 2014,31.7300,32.6900,31.6500,32.5800,32.5800,19934400
Jun 02 2014,32.8900,33.2000,31.6200,31.7500,31.7500,31209800
May 30 2014,33.7300,33.8600,32.1100,32.4400,32.4400,40566000
May 29 2014,34.6700,35.1400,33.8800,34.0000,34.0000,54016300
May 28 2014,31.5000,33.8400,31.0900,33.7700,33.7700,60302800
May 27 2014,30.9400,31.2000,30.3800,30.5100,30.5100,25240100
May 23 2014,31.5100,31.6800,30.4500,30.5000,30.5000,27448000
May 22 2014,31.3300,32.2500,30.5200,31.5200,31.5200,35566200
May 21 2014,31.8500,31.9500,31.1500,31.7500,31.7500,15562600
May 20 2014,32.0000,32.3900,31.5200,31.7700,31.7700,16580500
May 19 2014,32.0500,32.4400,31.6400,32.0700,32.0700,15952800
May 16 2014,32.9500,33.2100,32.0200,32.2600,32.2600,21391400
May 15 2014,33.0200,33.2900,32.1600,32.7700,32.7700,22030500
May 14 2014,33.3500,33.8300,32.6200,32.8500,32.8500,20029400
May 13 2014,33.8400,34.0600,32.8900,33.3900,33.3900,24676800
May 12 2014,33.0800,34.1000,32.4000,33.9400,33.9400,34712700
May 09 2014,32.2300,33.1100,31.7500,32.0500,32.0500,31888800
May 08 2014,31.4800,32.9800,31.1300,31.9600,31.9600,51282800
May 07 2014,31.9700,32.0000,29.5100,30.6600,30.6600,68876300
May 06 2014,35.6100,36.1000,31.7200,31.8500,31.8500,134710000
May 05 2014,38.5200,39.6000,38.0500,38.7500,38.7500,10405200
May 02 2014,39.2000,39.8600,38.7000,39.0200,39.0200,12729500
May 01 2014,39.0100,40.7700,38.9700,39.0900,39.0900,15759800
Apr 30 2014,37.6600,38.9800,37.2400,38.9700,38.9700,38397900
Apr 29 2014,40.5300,43.9700,40.1700,42.6200,42.6200,28127700
Apr 28 2014,41.7600,42.3500,39.3000,40.7300,40.7300,14358900
Apr 25 2014,44.2900,44.4400,41.3100,41.6100,41.6100,13712400
Apr 24 2014,46.7100,46.7900,43.6300,44.8200,44.8200,11011700
Apr 23 2014,45.8800,46.1700,44.8700,45.9500,45.9500,7340200
Apr 22 2014,46.2300,47.0900,45.8000,46.0200,46.0200,6996900
Apr 21 2014,44.9600,46.3000,44.6400,46.1300,46.1300,6921200
Apr 17 2014,44.6600,46.5500,43.9100,45.0100,45.0100,12304400
Apr 16 2014,45.4200,45.5600,43.5400,44.4200,44.4200,13919600
Apr 15 2014,41.2800,45.5500,40.7600,45.5200,45.5200,24285100
Apr 14 2014,41.4000,41.9500,40.1200,40.8700,40.8700,10414200
Apr 11 2014,40.7900,41.1000,39.6800,40.0500,40.0500,9999700
Apr 10 2014,42.8500,43.2500,40.9300,41.3400,41.3400,10720900
Apr 09 2014,42.2300,43.0600,41.7700,42.4900,42.4900,14330700
Apr 08 2014,43.4200,43.4200,41.5500,41.7800,41.7800,14514500
Apr 07 2014,42.8700,44.6000,42.2600,42.4500,42.4500,12053000
Apr 04 2014,44.2000,44.8700,42.3700,43.1400,43.1400,13824400
Apr 03 2014,45.4800,45.6100,43.3800,44.0500,44.0500,11175800
Apr 02 2014,47.4000,47.4400,45.5100,45.7300,45.7300,7911300
Apr 01 2014,46.7100,47.5900,46.1800,46.9800,46.9800,6916100
Mar 31 2014,47.5500,47.7500,46.4300,46.6700,46.6700,5794500
Mar 28 2014,46.6500,47.3400,45.7000,47.3000,47.3000,9610500
Mar 27 2014,45.0900,46.4000,43.3100,46.3200,46.3200,15507600
Mar 26 2014,48.0600,48.3000,44.2500,44.4300,44.4300,16079700
Mar 25 2014,49.3500,49.7000,47.5800,47.8800,47.8800,8225600
Mar 24 2014,50.6900,50.9400,47.7700,48.7700,48.7700,12325700
Mar 21 2014,50.2400,50.9200,49.5100,50.9200,50.9200,11801400
Mar 20 2014,51.0000,51.6600,49.6400,50.1200,50.1200,10086200
Mar 19 2014,50.8000,51.9800,50.7100,51.2400,51.2400,7624200
Mar 18 2014,52.0300,52.2100,50.2900,51.1300,51.1300,12228900
Mar 17 2014,52.0800,52.4900,51.3500,52.0500,52.0500,6600900
Mar 14 2014,53.4000,53.9100,51.8000,51.9200,51.9200,9570400
Mar 13 2014,54.9000,55.4500,53.2000,53.5700,53.5700,7671500
Mar 12 2014,54.2500,55.3000,53.8800,54.5000,54.5000,5818400
Mar 11 2014,54.1600,55.8400,53.8000,54.0200,54.0200,11762600
Mar 10 2014,54.0900,54.5900,53.3800,53.8800,53.8800,5759600
Mar 07 2014,55.1800,55.2000,53.3100,53.5300,53.5300,7311500
Mar 06 2014,54.9100,56.0900,54.7000,54.8300,54.8300,9005700
Mar 05 2014,54.5300,55.0300,53.7500,54.3800,54.3800,5672000
Mar 04 2014,54.2500,55.2800,54.1200,54.2800,54.2800,6706300
Mar 03 2014,53.8900,54.4000,52.9000,53.7100,53.7100,9602300
Feb 28 2014,55.9300,56.0000,54.1300,54.9100,54.9100,8137200
Feb 27 2014,56.3400,56.6900,55.4000,55.7700,55.7700,6537700
Feb 26 2014,55.0000,56.9900,54.9000,55.8700,55.8700,12116000
Feb 25 2014,55.8900,55.9500,54.5000,54.9600,54.9600,9288500
Feb 24 2014,56.0300,56.4900,55.3000,55.7800,55.7800,8451200
Feb 21 2014,57.1000,57.2000,55.7000,55.9200,55.9200,7714300
Feb 20 2014,55.8200,57.0800,54.6500,56.6300,56.6300,12097500
Feb 19 2014,58.4700,58.9500,54.6200,55.5000,55.5000,25772100
Feb 18 2014,57.8800,58.6400,56.7700,58.1800,58.1800,10719500
Feb 14 2014,57.0200,57.8600,56.7000,57.4400,57.4400,12512400
Feb 13 2014,56.0700,58.9800,55.4600,56.4700,56.4700,26009500
Feb 12 2014,55.0500,57.0000,54.7600,56.8500,56.8500,20040400
Feb 11 2014,53.2000,54.4000,53.1000,54.0000,54.0000,13162900
Feb 10 2014,54.5000,54.5900,52.3400,52.9200,52.9200,15857400
Feb 07 2014,51.2300,54.9200,50.7500,54.3500,54.3500,32204400
Feb 06 2014,50.6100,53.9000,49.9900,50.0300,50.0300,64856500
Feb 05 2014,67.1600,67.2400,64.8000,65.9700,65.9700,31504900
Feb 04 2014,66.2500,66.3700,64.5000,66.3200,66.3200,13017400
Feb 03 2014,65.9200,66.4800,64.2100,65.2500,65.2500,17890300
Jan 31 2014,63.3900,65.3700,62.6500,64.5000,64.5000,15498800
Jan 30 2014,63.9800,65.2400,62.8000,63.4700,63.4700,17424300
Jan 29 2014,59.6200,60.9500,58.6000,59.4500,59.4500,9140000
Jan 28 2014,57.4400,60.8500,57.3500,60.4400,60.4400,9346800
Jan 27 2014,61.7700,61.7700,56.1000,57.9100,57.9100,18982700
Jan 24 2014,62.1700,63.6200,61.3000,61.7400,61.7400,12942200
Jan 23 2014,61.4500,62.8100,60.8800,62.8000,62.8000,10183700
Jan 22 2014,63.1100,63.8000,61.7600,62.4400,62.4400,12039000
Jan 21 2014,63.3300,63.4400,61.5000,62.5300,62.5300,13733200
Jan 17 2014,63.6000,64.6900,61.5900,62.2000,62.2000,28391100
Jan 16 2014,61.4500,62.4000,60.4600,60.5700,60.5700,16589400
Jan 15 2014,59.1100,61.7500,58.3200,61.5700,61.5700,21537300
Jan 14 2014,58.8800,59.0200,57.3600,58.2100,58.2100,14778000
Jan 13 2014,59.9800,60.3800,57.2900,57.8200,57.8200,20978100
Jan 10 2014,57.5000,58.7600,55.8700,57.0000,57.0000,22375900
Jan 09 2014,59.5400,60.8100,55.5900,57.0500,57.0500,31092100
Jan 08 2014,58.7100,61.2600,57.9200,59.2900,59.2900,27263200
Jan 07 2014,67.6700,67.7300,61.3900,61.4600,61.4600,31748400
Jan 06 2014,64.8300,66.8700,63.5000,66.2900,66.2900,27243700
Jan 03 2014,69.0000,70.4300,68.4300,69.0000,69.0000,33207200
Jan 02 2014,65.0000,67.5000,64.4000,67.5000,67.5000,29246400
Dec 31 2013,62.3600,65.2200,61.6500,63.6500,63.6500,27814600
Dec 30 2013,60.2700,63.7100,58.5700,60.5100,60.5100,55538300
Dec 27 2013,70.1000,71.2500,63.6900,63.7500,63.7500,60418700
Dec 26 2013,72.8800,74.7300,69.1300,73.3100,73.3100,82761100
Dec 24 2013,66.3400,70.8700,65.5600,69.9600,69.9600,35802700
Dec 23 2013,59.8500,64.9900,59.7000,64.5400,64.5400,22163800
Dec 20 2013,58.5100,60.2500,58.0100,60.0100,60.0100,26207400
Dec 19 2013,55.0800,57.7500,55.0000,57.4900,57.4900,13152500
Dec 18 2013,57.0000,57.0000,54.2300,55.5100,55.5100,16659800
Dec 17 2013,56.9700,57.3800,54.6200,56.4500,56.4500,22115200
Dec 16 2013,57.8600,60.2400,55.7600,56.6100,56.6100,39310800
Dec 13 2013,56.2000,59.4100,55.4500,59.0000,59.0000,38979600
Dec 12 2013,52.2000,55.8700,50.6900,55.3300,55.3300,23446900
Dec 11 2013,52.4000,53.8700,51.0000,52.3400,52.3400,26631500
Dec 10 2013,48.9000,52.5800,48.7000,51.9900,51.9900,25792000
Dec 09 2013,45.5900,49.8400,45.0200,49.1400,49.1400,17366600
Dec 06 2013,45.7500,45.8000,44.5400,44.9500,44.9500,6230000
Dec 05 2013,43.4500,46.3500,42.8300,45.6200,45.6200,11729400
Dec 04 2013,41.2700,43.9200,41.2700,43.6900,43.6900,11014900
Dec 03 2013,40.6900,41.6000,40.5400,41.3700,41.3700,5771000
Dec 02 2013,41.7900,42.0000,40.4000,40.7800,40.7800,6424300
Nov 29 2013,41.4000,41.5800,40.9000,41.5700,41.5700,4107000
Nov 27 2013,40.4700,41.4000,40.3500,40.9000,40.9000,5536300
Nov 26 2013,39.1600,40.5500,38.9200,40.1800,40.1800,9828400
Nov 25 2013,41.0800,41.1400,38.8000,39.0600,39.0600,14333300
Nov 22 2013,41.8100,42.2800,40.9700,41.0000,41.0000,6185200
Nov 21 2013,41.2500,42.4900,40.3700,42.0600,42.0600,8324700
Nov 20 2013,41.4000,41.7500,40.5100,41.0500,41.0500,5767300
Nov 19 2013,41.3900,41.9000,40.0000,41.7500,41.7500,7436600
Nov 18 2013,43.5000,43.9500,40.8500,41.1400,41.1400,12810600
Nov 15 2013,45.2500,45.2700,43.4300,43.9800,43.9800,8010600
Nov 14 2013,42.3400,45.6700,42.2400,44.6900,44.6900,11099400
Nov 13 2013,41.0300,42.8700,40.7600,42.6000,42.6000,8688300
Nov 12 2013,43.6600,43.7800,41.8300,41.9000,41.9000,6316700
Nov 11 2013,40.5000,43.0000,39.4000,42.9000,42.9000,16113900
Nov 08 2013,45.9300,46.9400,40.6900,41.6500,41.6500,27925300

