Jan 08 2019,66.86,66.86,65.55,66.57,66.57,912800
Jan 07 2019,66.84,67.26,65.65,65.95,65.95,1341600
Jan 04 2019,65.47,67.03,65.15,66.94,66.94,970900
Jan 03 2019,66.19,66.35,63.78,64.23,64.23,1243100
Jan 02 2019,65.71,66.68,64.44,66.51,66.51,990900
Dec 28 2018,65.60,66.32,65.00,65.30,65.30,782800
Dec 27 2018,62.88,65.35,62.55,65.35,65.35,790800
Dec 26 2018,61.69,64.30,60.65,64.27,64.27,806200
Dec 24 2018,62.98,63.16,61.33,61.38,61.38,542800
Dec 21 2018,63.94,65.10,62.86,63.44,63.44,2237100
Dec 20 2018,64.67,65.14,62.65,63.86,63.86,1835100
Dec 19 2018,65.68,66.97,64.40,65.13,65.13,1390200
Dec 18 2018,64.75,65.65,63.76,64.39,64.39,1164900
Dec 17 2018,65.22,66.24,64.01,64.30,64.30,1356200
Dec 14 2018,64.80,66.13,64.61,65.44,65.44,983900
Dec 13 2018,65.92,66.21,65.10,65.59,65.59,792600
Dec 12 2018,66.67,67.30,65.56,65.63,65.63,700600
Dec 11 2018,67.16,67.57,65.01,65.42,65.42,726000
Dec 10 2018,65.69,66.17,64.66,65.90,65.90,713300
Dec 07 2018,67.00,68.23,65.04,65.69,65.69,1102400
Dec 06 2018,66.81,66.91,65.01,66.83,66.83,1954700
Dec 04 2018,72.08,72.42,67.96,68.04,68.04,1286100
Dec 03 2018,74.81,75.09,72.12,72.30,72.30,1421600
Nov 30 2018,71.36,73.09,70.96,72.98,72.98,1547800
Nov 29 2018,70.96,71.61,70.22,71.30,71.30,790100
Nov 28 2018,69.84,71.13,68.87,71.13,71.13,744200
Nov 27 2018,69.17,69.83,68.53,69.51,69.51,1038100
Nov 26 2018,68.81,69.58,68.40,69.57,69.57,1087700
Nov 23 2018,67.74,68.54,67.73,68.02,68.02,375900
Nov 21 2018,67.60,69.10,67.60,68.27,68.27,1398900
Nov 20 2018,68.61,69.05,67.17,67.22,67.22,1625100
Nov 19 2018,70.59,70.92,69.16,69.45,69.45,673600
Nov 16 2018,70.23,71.51,70.01,70.87,70.87,1000500
Nov 15 2018,67.60,70.70,67.30,70.45,70.45,814300
Nov 14 2018,69.35,70.01,67.58,68.14,68.14,1115000
Nov 13 2018,69.17,70.13,68.31,68.78,68.78,794200
Nov 12 2018,71.02,71.42,68.86,68.99,68.99,1244600
Nov 09 2018,71.26,71.31,69.92,70.88,70.88,1040000
Nov 08 2018,71.25,72.18,71.08,71.56,71.56,920500
Nov 07 2018,70.63,71.56,69.58,71.50,71.50,1198400
Nov 06 2018,68.46,70.07,68.26,69.85,69.85,1326900
Nov 05 2018,68.35,68.83,67.29,68.51,68.51,1260700
Nov 02 2018,69.39,69.65,67.82,68.02,68.02,1232600
Nov 01 2018,65.97,69.01,65.58,68.75,68.75,1501000
Oct 31 2018,65.45,66.54,65.00,65.58,65.58,1957700
Oct 29 2018,67.66,68.25,64.75,65.70,65.49,1592100
Oct 26 2018,65.96,67.38,65.33,66.52,66.31,1196000
Oct 25 2018,66.42,67.27,65.96,66.85,66.63,1303000
Oct 24 2018,68.52,68.95,65.85,65.93,65.72,1612400
Oct 23 2018,67.89,68.93,67.12,68.36,68.14,1617900
Oct 22 2018,69.41,69.73,68.70,69.35,69.13,811400
Oct 19 2018,70.32,70.32,68.91,69.27,69.05,878500
Oct 18 2018,70.86,71.34,69.40,69.89,69.66,1112700
Oct 17 2018,71.58,72.10,70.67,71.34,71.11,882900
Oct 16 2018,70.58,71.80,70.12,71.75,71.52,1100200
Oct 15 2018,69.55,70.18,69.20,69.72,69.50,1042600
Oct 12 2018,70.10,70.94,68.44,69.77,69.55,1898200
Oct 11 2018,71.74,72.09,69.00,69.04,68.82,1715900
Oct 10 2018,74.10,74.20,72.07,72.14,71.91,1400200
Oct 09 2018,77.54,77.82,74.35,74.42,74.18,1859400
Oct 08 2018,77.80,78.40,77.22,77.74,77.49,965500
Oct 05 2018,80.31,80.57,78.47,79.31,79.05,834600
Oct 04 2018,80.33,80.85,79.67,80.29,80.03,817700
Oct 03 2018,79.98,80.83,79.41,80.61,80.35,1216800
Oct 02 2018,80.54,81.08,80.04,80.41,80.15,666800
Oct 01 2018,80.66,80.96,80.06,80.64,80.38,534200
Sep 28 2018,80.28,80.94,79.70,79.87,79.61,731000
Sep 27 2018,80.39,81.18,80.10,80.29,80.03,691000
Sep 26 2018,80.22,80.81,80.03,80.14,79.88,559700
Sep 25 2018,80.26,80.49,79.69,80.14,79.88,735400
Sep 24 2018,81.09,81.09,79.90,80.06,79.80,874000
Sep 21 2018,81.57,82.17,80.83,81.22,80.96,1156800
Sep 20 2018,81.68,82.28,81.05,81.39,81.13,749000
Sep 19 2018,81.99,82.44,81.29,81.34,81.08,759900
Sep 18 2018,81.48,81.92,80.82,81.87,81.61,832900
Sep 17 2018,81.03,81.67,80.77,81.54,81.28,820500
Sep 14 2018,80.73,81.18,80.46,80.93,80.67,750700
Sep 13 2018,80.82,81.32,80.12,80.78,80.52,862100
Sep 12 2018,79.80,80.45,79.64,80.02,79.76,911000
Sep 11 2018,79.62,79.97,78.90,79.80,79.54,843700
Sep 10 2018,79.00,80.49,78.79,79.90,79.64,1286900
Sep 07 2018,77.89,78.77,77.03,78.67,78.42,1396800
Sep 06 2018,77.67,78.87,77.67,78.41,78.16,997600
Sep 05 2018,76.07,78.21,75.73,77.71,77.46,1268500
Sep 04 2018,75.66,75.76,75.08,75.66,75.42,499700
Aug 31 2018,75.69,76.27,75.50,75.91,75.67,636800
Aug 30 2018,76.67,76.91,75.72,75.91,75.67,603400
Aug 29 2018,76.78,77.36,76.18,76.42,75.96,839600
Aug 27 2018,76.00,76.77,75.56,76.64,76.18,777900
Aug 24 2018,75.34,75.58,74.96,75.52,75.07,624400
Aug 23 2018,75.28,75.41,74.69,74.90,74.45,721900
Aug 22 2018,76.04,76.04,75.22,75.32,74.87,865100
Aug 21 2018,75.65,76.36,75.55,76.16,75.71,823400
Aug 20 2018,76.00,76.43,75.47,75.81,75.36,933800
Aug 17 2018,74.86,75.85,74.76,75.43,74.98,2399800
Aug 16 2018,74.61,75.17,74.41,74.76,74.31,813400
Aug 15 2018,74.17,74.35,73.14,74.31,73.87,860500
Aug 14 2018,75.09,75.54,74.69,74.75,74.30,938000
Aug 13 2018,75.80,76.12,74.70,74.92,74.47,838700
Aug 10 2018,76.47,76.71,75.72,75.80,75.35,881800
Aug 09 2018,76.82,77.58,76.21,76.69,76.23,703900
Aug 08 2018,76.60,77.19,75.87,76.86,76.40,691200
Aug 07 2018,76.48,77.12,76.27,76.72,76.26,1064100
Aug 06 2018,76.13,76.33,75.73,76.07,75.62,950400
Aug 03 2018,74.17,76.01,74.17,76.00,75.55,1123900
Aug 02 2018,74.17,75.20,73.69,75.03,74.58,1891200
Aug 01 2018,76.49,76.50,74.51,74.92,74.47,1993500
Jul 31 2018,71.81,77.14,71.50,76.56,76.10,3565600
Jul 30 2018,70.40,71.11,69.91,70.03,69.61,1460000
Jul 27 2018,70.44,70.72,69.89,70.19,69.77,847100
Jul 26 2018,69.18,70.42,68.95,70.32,69.90,723900
Jul 25 2018,68.07,69.14,68.07,69.08,68.67,1126300
Jul 24 2018,68.27,68.65,67.86,68.30,67.89,1007900
Jul 23 2018,69.20,69.20,67.16,67.79,67.39,1332100
Jul 20 2018,68.55,70.54,68.55,69.57,69.16,1634600
Jul 19 2018,68.06,68.73,68.04,68.58,68.17,896600
Jul 18 2018,68.10,68.32,67.82,68.19,67.78,711700
Jul 17 2018,67.36,67.89,66.99,67.80,67.40,642700
Jul 16 2018,68.35,68.61,67.25,67.40,67.00,819400
Jul 13 2018,68.04,68.61,67.67,68.52,68.11,809800
Jul 12 2018,67.12,68.31,66.73,68.07,67.66,1287100
Jul 11 2018,66.56,67.61,66.46,66.70,66.30,1465800
Jul 10 2018,68.12,68.60,67.80,68.19,67.78,1616000
Jul 09 2018,67.18,68.24,67.04,68.04,67.63,1038700
Jul 06 2018,66.96,67.07,66.52,66.81,66.41,1219800
Jul 05 2018,67.42,67.71,66.72,67.12,66.72,1860300
Jul 03 2018,67.89,68.04,66.88,67.06,66.66,755800
Jul 02 2018,66.75,67.64,66.15,67.58,67.18,1005100
Jun 29 2018,66.74,67.69,66.56,67.38,66.98,1455200
Jun 28 2018,66.42,66.72,65.81,66.33,65.93,1163800
Jun 27 2018,66.99,67.90,66.20,66.40,66.00,1228200
Jun 26 2018,66.60,67.07,66.49,66.58,66.18,1199800
Jun 25 2018,66.00,66.48,65.55,66.27,65.87,1059900
Jun 22 2018,66.85,68.09,66.08,66.45,66.05,2181400
Jun 21 2018,69.07,69.34,66.27,66.51,66.11,1531100
Jun 20 2018,69.31,69.75,69.04,69.35,68.94,997900
Jun 19 2018,70.87,71.01,68.58,68.81,68.40,1969500
Jun 18 2018,70.75,71.70,70.63,71.59,71.16,914400
Jun 15 2018,71.45,71.51,70.36,71.35,70.92,2032600
Jun 14 2018,71.80,72.48,71.34,71.73,71.30,965900
Jun 13 2018,71.43,71.80,71.35,71.66,71.23,1324700
Jun 12 2018,71.81,72.18,70.94,71.39,70.96,1152200
Jun 11 2018,73.39,73.75,71.81,71.82,71.39,1276700
Jun 08 2018,73.06,73.30,71.81,73.27,72.83,747300
Jun 07 2018,72.75,73.20,72.69,73.11,72.67,949200
Jun 06 2018,71.86,72.66,71.53,72.62,72.19,738400
Jun 05 2018,71.68,71.86,71.25,71.66,71.23,674500
Jun 04 2018,72.19,72.57,71.33,71.46,71.03,742200
Jun 01 2018,71.12,72.11,70.79,71.84,71.41,1030800
May 31 2018,71.55,71.55,70.21,70.40,69.98,1303200
May 30 2018,70.91,71.87,70.70,71.49,71.06,793700
May 29 2018,70.82,71.35,69.96,70.55,70.13,1012900
May 25 2018,71.66,72.04,71.13,71.40,70.97,732800
May 24 2018,71.40,72.04,71.02,72.01,71.58,652500
May 23 2018,71.75,71.95,71.01,71.55,71.12,838300
May 21 2018,72.06,73.13,72.06,73.03,72.38,886000
May 18 2018,71.42,72.13,71.42,71.64,71.01,3018700
May 17 2018,71.31,71.98,71.23,71.47,70.84,1026100
May 16 2018,72.08,72.34,71.21,71.45,70.82,1238100
May 15 2018,72.98,73.18,71.56,72.07,71.43,1365300
May 14 2018,73.81,74.10,73.02,73.47,72.82,1828500
May 11 2018,72.80,73.60,72.78,73.53,72.88,1737100
May 10 2018,72.20,73.03,72.08,72.61,71.97,1150000
May 09 2018,71.29,72.06,70.67,71.92,71.28,1538300
May 08 2018,69.75,71.01,69.75,70.85,70.22,1530700
May 07 2018,70.08,70.68,69.80,70.02,69.40,943800
May 04 2018,69.22,70.34,68.76,70.08,69.46,1044900
May 03 2018,68.43,70.10,68.09,69.63,69.01,2118400
May 02 2018,69.94,70.73,68.69,68.88,68.27,1953300
May 01 2018,72.09,72.13,68.13,70.37,69.75,2955600
Apr 30 2018,73.97,74.29,72.79,72.90,72.25,1823500
Apr 27 2018,74.68,74.77,73.27,73.71,73.06,1545500
Apr 26 2018,75.59,75.59,74.09,74.73,74.07,1265200
Apr 25 2018,75.55,75.92,74.80,75.53,74.86,1089800
Apr 24 2018,78.81,79.38,74.66,75.49,74.82,1252700
Apr 23 2018,79.28,79.79,78.18,78.51,77.81,857300
Apr 20 2018,78.80,79.43,78.56,79.27,78.57,679000
Apr 19 2018,78.99,79.37,78.40,78.75,78.05,1156000
Apr 18 2018,79.08,79.62,78.59,79.22,78.52,1067100
Apr 17 2018,78.42,79.31,78.24,78.88,78.18,1003500
Apr 16 2018,77.50,77.99,77.08,77.79,77.10,719300
Apr 13 2018,77.50,77.78,76.44,76.83,76.15,625000
Apr 12 2018,76.64,77.39,76.51,77.12,76.44,747100
Apr 11 2018,76.09,76.71,75.73,76.19,75.52,982700
Apr 10 2018,76.67,77.30,76.26,76.78,76.10,832100
Apr 09 2018,75.86,76.98,75.61,75.71,75.04,567200
Apr 06 2018,76.90,77.26,74.57,75.40,74.73,1176500
Apr 05 2018,77.16,78.12,77.06,77.60,76.91,839900
Apr 04 2018,75.42,76.82,75.04,76.76,76.08,1022500
Apr 03 2018,75.26,76.80,74.67,76.70,76.02,1245500
Apr 02 2018,76.92,77.16,74.41,75.10,74.43,944100
Mar 29 2018,76.34,77.53,76.04,76.92,76.24,894800
Mar 28 2018,76.53,76.91,75.34,75.81,75.14,949600
Mar 27 2018,78.14,78.55,75.96,76.32,75.64,789100
Mar 26 2018,76.74,77.95,76.24,77.88,77.19,927800
Mar 23 2018,77.57,78.03,75.53,75.69,75.02,981700
Mar 22 2018,78.62,79.30,77.29,77.38,76.69,839800
Mar 21 2018,79.04,79.83,78.72,79.34,78.64,845000
Mar 20 2018,78.31,79.45,78.19,79.02,78.32,671000
Mar 19 2018,78.02,78.50,77.41,78.17,77.48,878000
Mar 16 2018,77.93,78.69,77.67,78.45,77.76,1056500
Mar 15 2018,77.43,78.08,77.06,77.64,76.95,628200
Mar 14 2018,78.43,78.43,76.98,77.11,76.43,831800
Mar 13 2018,78.35,79.03,77.69,77.98,77.29,700400
Mar 12 2018,79.50,79.67,77.81,78.09,77.40,882900
Mar 09 2018,77.70,79.52,77.59,79.48,78.78,1202300
Mar 08 2018,76.79,77.26,75.82,77.19,76.51,1092900
Mar 07 2018,74.45,76.54,74.36,76.38,75.70,1229500
Mar 06 2018,74.24,75.36,74.23,75.28,74.61,907500
Mar 05 2018,73.21,74.09,72.55,73.86,73.21,1023100
Mar 02 2018,72.75,73.75,72.28,73.51,72.86,910100
Mar 01 2018,74.50,74.71,72.44,73.27,72.62,1520100
Feb 28 2018,75.78,76.68,74.56,74.58,73.92,1001300
Feb 27 2018,76.37,76.62,75.73,75.75,75.08,813700
Feb 26 2018,76.25,76.61,75.55,76.26,75.58,1014100
Feb 23 2018,75.13,75.96,74.80,75.93,75.26,443500
Feb 22 2018,75.57,76.04,74.87,75.05,74.39,704600
Feb 21 2018,75.02,76.35,74.90,75.18,74.51,1011400
Feb 20 2018,75.03,75.91,74.51,74.73,74.07,1170000
Feb 16 2018,74.54,75.90,74.37,75.23,74.56,955500
Feb 15 2018,73.89,74.83,73.18,74.73,74.07,1302700
Feb 14 2018,72.17,73.51,71.96,73.31,72.66,1369000
Feb 12 2018,71.27,72.60,71.00,71.93,71.09,1040500
Feb 09 2018,70.98,71.30,68.38,70.82,69.99,1725200
Feb 08 2018,71.74,72.15,70.21,70.24,69.42,1495000
Feb 07 2018,71.27,72.86,71.12,71.79,70.95,1748800
Feb 06 2018,71.65,71.85,69.69,71.33,70.49,2295200
Feb 05 2018,75.22,76.17,72.61,72.66,71.81,2214300
Feb 02 2018,74.95,76.81,74.65,75.66,74.77,2171800
Feb 01 2018,72.50,75.68,72.50,74.84,73.96,1817600
Jan 31 2018,73.26,73.99,72.09,72.26,71.41,1638300
Jan 30 2018,72.84,73.52,72.60,73.07,72.21,835900
Jan 29 2018,74.07,74.48,73.23,73.41,72.55,791500
Jan 26 2018,73.50,74.44,73.38,74.41,73.54,804400
Jan 25 2018,72.92,73.55,72.36,73.24,72.38,709400
Jan 24 2018,72.75,73.15,72.12,72.57,71.72,620100
Jan 23 2018,72.50,72.77,72.19,72.61,71.76,856000
Jan 22 2018,71.95,72.66,71.50,72.65,71.80,794700
Jan 19 2018,71.54,75.16,71.23,71.91,71.07,1222000
Jan 18 2018,70.84,71.28,70.74,71.11,70.28,1022100
Jan 17 2018,71.00,71.24,70.70,71.02,70.19,957200
Jan 16 2018,70.88,71.49,70.12,70.54,69.71,940100
Jan 12 2018,70.11,70.79,70.05,70.46,69.63,847700
Jan 11 2018,68.82,69.98,68.60,69.97,69.15,880900
Jan 10 2018,69.31,69.40,68.65,69.00,68.19,784900
Jan 09 2018,69.56,69.87,69.38,69.50,68.69,687600
Jan 08 2018,69.20,69.59,68.85,69.48,68.67,554700
Jan 05 2018,69.50,69.54,69.04,69.23,68.42,666800
Jan 04 2018,69.03,69.64,69.03,69.36,68.55,796500
Jan 03 2018,67.99,68.91,67.97,68.90,68.09,778800
Jan 02 2018,68.21,68.21,67.50,68.07,67.27,877800
Dec 29 2017,68.53,68.80,67.92,68.20,67.40,1046700
Dec 28 2017,68.21,68.33,67.77,68.25,67.45,466300
Dec 27 2017,67.74,68.40,67.66,68.23,67.43,517300
Dec 26 2017,67.68,67.75,67.40,67.50,66.71,219200
Dec 22 2017,67.94,67.95,67.20,67.58,66.79,335900
Dec 21 2017,68.21,68.63,67.63,67.75,66.96,650000
Dec 20 2017,68.24,68.37,67.77,67.82,67.03,543100
Dec 19 2017,68.19,68.29,67.69,67.86,67.06,739200
Dec 18 2017,68.04,68.44,67.60,67.90,67.10,1088100
Dec 15 2017,67.25,68.00,67.21,67.57,66.78,1818800
Dec 14 2017,67.50,67.59,66.65,66.70,65.92,997400
Dec 13 2017,67.66,68.02,67.31,67.49,66.70,979600
Dec 12 2017,67.53,67.96,66.80,67.54,66.75,999000
Dec 11 2017,68.38,68.40,67.13,67.28,66.49,721200
Dec 08 2017,68.51,68.52,68.08,68.19,67.39,681300
Dec 07 2017,67.93,68.78,67.64,68.38,67.58,744500
Dec 06 2017,67.84,68.25,67.40,67.98,67.18,1079900
Dec 05 2017,68.75,69.12,67.70,67.84,67.04,738300
Dec 04 2017,69.50,69.88,68.66,68.77,67.96,825600
Dec 01 2017,69.38,69.67,67.86,69.01,68.20,674800
Nov 30 2017,68.20,69.69,68.08,69.34,68.53,1524600
Nov 29 2017,68.60,68.79,67.99,68.20,67.40,899700
Nov 28 2017,67.87,68.54,67.39,68.52,67.72,691200
Nov 27 2017,67.48,67.80,67.41,67.64,66.85,492400
Nov 24 2017,67.51,67.99,67.32,67.69,66.90,195900
Nov 22 2017,67.41,67.90,67.02,67.35,66.56,420300
Nov 21 2017,67.33,67.50,67.04,67.41,66.62,1119400
Nov 20 2017,66.50,67.01,66.20,66.99,66.20,330800
Nov 17 2017,66.17,66.65,65.68,66.42,65.64,561000
Nov 16 2017,65.90,66.74,65.74,66.48,65.70,465600
Nov 15 2017,65.96,66.18,65.69,65.90,65.13,493600
Nov 14 2017,65.91,66.43,65.91,66.34,65.56,610900
Nov 13 2017,66.11,66.37,65.89,66.03,65.26,480700
Nov 10 2017,66.28,66.46,65.81,66.25,65.47,504000
Nov 09 2017,66.12,66.48,65.68,66.28,65.50,391100
Nov 08 2017,66.61,67.03,66.29,66.55,65.77,487800
Nov 07 2017,66.59,66.82,66.16,66.61,65.83,518000
Nov 06 2017,66.66,67.20,66.00,66.54,65.76,654700
Nov 03 2017,66.98,67.04,66.46,66.57,65.79,632700
Nov 02 2017,66.27,67.09,65.41,67.06,66.27,1198600
Nov 01 2017,67.02,67.48,65.98,66.15,65.37,776600
Oct 30 2017,64.70,65.06,64.41,64.64,63.71,782000
Oct 27 2017,64.94,64.94,64.33,64.86,63.93,668200
Oct 26 2017,64.80,65.10,64.46,64.81,63.88,1056600
Oct 25 2017,64.83,64.88,64.13,64.53,63.60,809900
Oct 24 2017,64.13,64.90,63.81,64.83,63.90,1051700
Oct 23 2017,64.12,64.61,63.43,63.68,62.76,916600
Oct 20 2017,64.29,64.38,64.02,64.23,63.31,815500
Oct 19 2017,63.54,63.93,63.14,63.89,62.97,605400
Oct 18 2017,63.35,63.80,63.02,63.68,62.76,1116800
Oct 17 2017,65.43,65.70,62.24,63.23,62.32,3114600
Oct 16 2017,65.07,66.28,64.89,65.96,65.01,1360600
Oct 13 2017,65.10,65.42,64.62,64.71,63.78,548000
Oct 12 2017,64.21,64.89,64.05,64.88,63.95,880900
Oct 11 2017,64.61,64.75,64.20,64.31,63.38,540800
Oct 10 2017,64.84,64.93,64.41,64.63,63.70,392300
Oct 09 2017,64.63,64.86,64.41,64.65,63.72,598100
Oct 06 2017,64.33,64.65,64.16,64.56,63.63,806100
Oct 05 2017,64.58,64.61,64.00,64.47,63.54,758200
Oct 04 2017,63.99,64.66,63.73,64.52,63.59,1024600
Oct 03 2017,63.39,63.93,62.87,63.93,63.01,1170600
Oct 02 2017,62.82,63.34,62.64,63.32,62.41,937100
Sep 29 2017,62.38,62.81,62.19,62.63,61.73,1030600
Sep 28 2017,62.91,63.04,62.24,62.45,61.55,1348100
Sep 27 2017,63.45,63.56,62.84,63.00,62.09,1528400
Sep 26 2017,64.56,64.69,63.27,63.34,62.43,1570800
Sep 25 2017,64.63,64.80,64.25,64.46,63.53,765700
Sep 22 2017,64.01,64.80,63.95,64.75,63.82,776100
Sep 21 2017,64.10,64.38,63.91,63.93,63.01,794100
Sep 20 2017,63.79,64.08,63.59,64.04,63.12,715700
Sep 19 2017,63.79,64.49,63.66,63.83,62.91,725800
Sep 18 2017,63.44,63.76,63.37,63.66,62.74,669600
Sep 15 2017,62.94,63.56,62.81,63.30,62.39,1277000
Sep 14 2017,62.65,63.12,62.51,63.01,62.10,754500
Sep 13 2017,62.84,63.04,62.49,63.01,62.10,614600
Sep 12 2017,63.09,63.42,62.71,62.93,62.02,644200
Sep 11 2017,63.07,63.44,62.65,62.97,62.06,981000
Sep 08 2017,62.37,63.15,62.34,62.78,61.88,722900
Sep 07 2017,62.06,62.59,61.91,62.48,61.58,608500
Sep 06 2017,62.13,62.34,61.54,62.02,61.13,721400
Sep 05 2017,61.90,62.49,61.62,61.90,61.01,927200
Sep 01 2017,62.18,62.41,61.88,61.97,61.08,572400
Aug 31 2017,61.85,62.15,61.50,62.07,61.18,814500
Aug 30 2017,61.05,61.59,61.00,61.55,60.66,675900
Aug 29 2017,60.68,61.22,60.44,61.11,60.23,712500
Aug 25 2017,60.38,60.73,60.27,60.48,59.43,555500
Aug 24 2017,59.99,60.21,59.96,60.10,59.06,790300
Aug 23 2017,59.63,60.15,59.53,59.99,58.95,838800
Aug 22 2017,59.35,59.98,59.29,59.96,58.92,514400
Aug 21 2017,58.96,59.37,58.87,59.31,58.28,498700
Aug 18 2017,58.70,59.33,58.62,59.03,58.01,630900
Aug 17 2017,59.72,59.95,58.93,58.95,57.93,613700
Aug 16 2017,59.88,60.03,59.81,59.93,58.89,420600
Aug 15 2017,59.85,60.33,59.71,59.86,58.82,706700
Aug 14 2017,59.57,60.28,59.39,59.88,58.84,719700
Aug 11 2017,58.78,59.36,58.58,59.12,58.10,506100
Aug 10 2017,59.62,59.87,58.89,58.98,57.96,598300
Aug 09 2017,59.83,60.32,59.63,59.71,58.68,1134000
Aug 08 2017,59.74,60.25,59.66,59.84,58.81,908500
Aug 07 2017,59.93,60.14,59.66,60.04,59.00,870300
Aug 04 2017,59.87,60.14,59.35,60.02,58.98,1361800
Aug 03 2017,59.77,59.80,59.14,59.56,58.53,1090700
Aug 02 2017,59.46,60.71,59.37,59.92,58.88,1351900
Aug 01 2017,57.62,59.77,57.62,59.30,58.27,2588800
Jul 31 2017,57.05,57.31,56.55,56.73,55.75,2195600
Jul 28 2017,56.75,57.13,56.58,56.93,55.95,1099800
Jul 27 2017,56.88,57.13,56.33,56.87,55.89,1304600
Jul 26 2017,57.31,57.51,56.89,56.89,55.91,773200
Jul 25 2017,58.22,58.23,57.19,57.21,56.22,1203900
Jul 24 2017,57.47,57.85,57.21,57.72,56.72,1093700
Jul 21 2017,56.79,57.66,56.65,57.62,56.62,1169800
Jul 20 2017,57.08,57.10,56.68,56.93,55.95,756300
Jul 19 2017,56.57,57.09,56.51,57.07,56.08,704600
Jul 18 2017,56.57,56.62,56.18,56.42,55.44,954500
Jul 17 2017,55.95,56.93,55.90,56.72,55.74,1165200
Jul 14 2017,55.87,56.18,55.80,56.10,55.13,935500
Jul 13 2017,55.51,55.89,55.20,55.84,54.87,1226400
Jul 12 2017,54.83,55.64,54.81,55.32,54.36,1249000
Jul 11 2017,54.59,54.66,54.08,54.34,53.40,898200
Jul 10 2017,54.78,55.07,54.52,54.61,53.67,2410600
Jul 07 2017,54.56,55.16,54.34,54.95,54.00,1347500
Jul 06 2017,54.89,55.07,54.32,54.38,53.44,2193600
Jul 05 2017,55.41,55.59,54.52,54.94,53.99,2073000
Jul 03 2017,55.77,55.88,55.16,55.45,54.49,619800
Jun 30 2017,54.97,55.68,54.90,55.43,54.47,1814300
Jun 29 2017,55.02,55.45,54.54,54.90,53.95,2108700
Jun 28 2017,54.75,55.03,54.35,54.97,54.02,1321100
Jun 27 2017,54.68,54.82,54.34,54.50,53.56,1234800
Jun 26 2017,54.39,54.84,54.16,54.68,53.73,2000800
Jun 23 2017,53.83,54.53,53.78,54.33,53.39,1151600
Jun 22 2017,53.55,53.99,53.30,53.85,52.92,1012400
Jun 21 2017,53.95,54.09,53.28,53.54,52.61,1027600
Jun 20 2017,53.99,54.24,53.69,53.88,52.95,704700
Jun 19 2017,54.25,54.39,53.81,54.17,53.23,605300
Jun 16 2017,54.01,54.29,53.63,54.05,53.12,1606300
Jun 15 2017,53.43,53.96,53.23,53.96,53.03,825000
Jun 14 2017,53.73,53.89,53.33,53.66,52.73,1068000
Jun 13 2017,53.96,54.10,53.40,53.79,52.86,996300
Jun 12 2017,54.00,54.09,53.61,54.02,53.09,1065000
Jun 09 2017,53.65,54.02,53.61,53.97,53.04,1149700
Jun 08 2017,53.46,53.60,52.86,53.58,52.65,1926700
Jun 07 2017,52.83,53.63,52.71,53.46,52.54,2016900
Jun 06 2017,52.94,53.24,52.54,52.69,51.78,882100
Jun 05 2017,53.00,53.50,52.89,53.20,52.28,1119100
Jun 02 2017,52.22,53.17,52.20,53.00,52.08,929300
Jun 01 2017,52.44,52.95,52.16,52.44,51.53,1467000
May 31 2017,51.85,52.40,51.64,52.14,51.24,1600500
May 30 2017,51.40,52.00,51.29,51.79,50.89,802000
May 26 2017,52.03,52.19,51.35,51.41,50.52,1000600
May 25 2017,52.70,52.87,51.89,52.13,51.23,1972300
May 24 2017,52.69,52.97,52.29,52.61,51.70,675900
May 23 2017,52.15,52.94,51.87,52.80,51.89,1291100
May 19 2017,51.75,52.34,51.54,52.01,50.93,711000
May 18 2017,51.47,51.75,51.03,51.48,50.42,968700
May 17 2017,51.77,51.81,51.11,51.55,50.48,1073400
May 16 2017,52.33,52.80,51.37,51.77,50.70,1109000
May 15 2017,51.76,52.79,51.76,52.29,51.21,1637800
May 12 2017,50.86,51.20,50.56,50.98,49.93,982900
May 11 2017,50.82,50.97,50.12,50.88,49.83,929000
May 10 2017,51.79,51.99,50.87,51.04,49.98,1054100
May 09 2017,52.15,52.43,51.60,51.85,50.78,1187800
May 08 2017,52.17,52.77,52.11,52.20,51.12,1436600
May 05 2017,51.73,52.37,51.62,52.30,51.22,1235700
May 04 2017,50.04,51.60,49.81,51.52,50.45,2264300
May 03 2017,50.34,50.51,49.71,49.96,48.93,1265500
May 02 2017,51.78,52.44,50.28,50.41,49.37,2205700
May 01 2017,51.46,51.46,51.00,51.32,50.26,1140200
Apr 28 2017,51.66,51.79,51.25,51.41,50.35,1224400
Apr 27 2017,51.54,51.77,51.35,51.62,50.55,755100
Apr 26 2017,51.76,51.98,51.45,51.45,50.39,1197400
Apr 25 2017,51.73,52.03,51.30,51.81,50.74,1366400
Apr 24 2017,51.64,51.69,51.09,51.47,50.41,1796500
Apr 21 2017,50.28,50.77,50.00,50.65,49.60,1499700
Apr 20 2017,49.66,50.37,49.57,50.22,49.18,1191300
Apr 19 2017,49.41,49.49,49.05,49.33,48.31,1292200
Apr 18 2017,49.15,49.57,48.97,49.13,48.11,1116400
Apr 17 2017,49.11,49.49,48.86,49.46,48.44,790100
Apr 13 2017,49.27,49.56,48.81,48.88,47.87,1039800
Apr 12 2017,50.57,50.70,49.28,49.38,48.36,2104500
Apr 11 2017,50.65,50.78,50.28,50.67,49.62,980700
Apr 10 2017,50.80,51.25,50.40,50.74,49.69,1099300
Apr 07 2017,50.88,51.25,50.68,50.83,49.78,1355700
Apr 06 2017,50.53,51.40,50.37,50.92,49.87,1288400
Apr 05 2017,50.73,51.33,50.36,50.43,49.39,2417600
Apr 04 2017,50.01,50.86,50.00,50.37,49.33,2379800
Apr 03 2017,50.22,50.33,49.17,49.45,48.43,2097500
Mar 31 2017,49.79,50.50,49.77,50.22,49.18,1230100
Mar 30 2017,49.43,50.11,49.18,49.90,48.87,969200
Mar 29 2017,49.55,49.79,49.29,49.39,48.37,1046700
Mar 28 2017,49.00,49.95,48.77,49.67,48.64,995200
Mar 27 2017,48.48,49.26,48.13,49.10,48.08,878900
Mar 24 2017,49.14,49.61,48.97,49.22,48.20,1336200
Mar 23 2017,49.30,49.39,48.70,48.89,47.88,1142200
Mar 22 2017,48.16,49.37,47.92,49.28,48.26,1719800
Mar 21 2017,49.03,49.21,47.95,48.06,47.07,1611400
Mar 20 2017,49.25,49.27,48.80,48.83,47.82,951800
Mar 17 2017,48.88,49.30,48.64,49.16,48.14,1855900
Mar 16 2017,48.72,48.87,48.19,48.75,47.74,1187300
Mar 15 2017,48.32,48.90,48.27,48.56,47.56,1532200
Mar 14 2017,48.30,48.43,47.73,48.05,47.06,920000
Mar 13 2017,48.27,48.72,48.26,48.52,47.52,1333800
Mar 10 2017,48.13,48.47,47.75,48.26,47.26,1911000
Mar 09 2017,47.48,48.10,47.37,47.67,46.68,1026300
Mar 08 2017,48.71,48.91,47.50,47.55,46.57,2220800
Mar 07 2017,48.45,49.01,48.32,48.78,47.77,1614900
Mar 06 2017,48.29,48.89,48.26,48.53,47.53,1300100
Mar 03 2017,48.91,49.12,48.55,48.73,47.72,1658900
Mar 02 2017,49.50,49.55,48.76,48.89,47.88,1856400
Mar 01 2017,48.70,49.70,48.65,49.55,48.53,1657100
Feb 28 2017,48.76,49.08,48.10,48.12,47.12,1711700
Feb 27 2017,47.81,48.96,47.81,48.95,47.94,2046300
Feb 24 2017,46.95,48.13,46.95,47.90,46.91,1744400
Feb 23 2017,48.63,48.85,47.19,47.52,46.54,1227100
Feb 22 2017,47.59,48.31,47.59,48.25,47.25,2005200
Feb 21 2017,47.82,48.47,47.55,48.33,47.33,1450500
Feb 17 2017,47.55,47.81,47.17,47.80,46.81,2819400
Feb 16 2017,47.70,47.93,47.46,47.75,46.76,1183000
Feb 15 2017,47.52,47.94,47.37,47.67,46.68,1303200
Feb 14 2017,48.02,48.22,47.32,47.65,46.66,1747700
Feb 10 2017,47.81,48.28,47.48,47.88,46.72,1409900
Feb 09 2017,47.00,47.75,46.86,47.62,46.46,1606100
Feb 08 2017,47.16,47.22,46.86,47.00,45.86,1608600
Feb 07 2017,47.27,47.84,46.78,47.22,46.07,1841500
Feb 06 2017,49.05,49.05,46.67,47.18,46.03,3267700
Feb 03 2017,49.37,49.55,48.82,49.25,48.05,2139000
Feb 02 2017,49.15,50.16,48.52,48.80,47.61,2546600
Feb 01 2017,49.05,49.66,48.45,49.15,47.95,2180300
Jan 31 2017,49.21,49.37,48.50,49.31,48.11,1421700
Jan 30 2017,49.87,49.99,49.09,49.50,48.30,1114800
Jan 27 2017,50.29,50.66,49.94,50.05,48.83,1321100
Jan 26 2017,50.11,50.51,49.83,50.09,48.87,1067400
Jan 25 2017,49.40,50.55,49.39,50.15,48.93,2138900
Jan 24 2017,48.65,49.27,48.59,49.07,47.88,2637900
Jan 23 2017,49.02,49.11,48.28,48.50,47.32,660300
Jan 20 2017,49.20,49.38,48.87,49.06,47.87,867700
Jan 19 2017,48.67,49.22,48.67,49.05,47.86,1966400
Jan 18 2017,48.27,48.66,48.11,48.43,47.25,1438500
Jan 17 2017,48.70,48.70,47.92,48.20,47.03,1228600
Jan 13 2017,48.17,49.15,48.07,48.76,47.57,2811300
Jan 12 2017,49.26,49.37,47.97,48.30,47.12,1784600
Jan 11 2017,49.25,49.50,49.01,49.40,48.20,1974100
Jan 10 2017,49.31,49.51,49.07,49.14,47.94,1642500
Jan 09 2017,49.55,49.60,49.16,49.37,48.17,1090400
Jan 06 2017,50.01,50.13,49.56,49.58,48.37,1561600
Jan 05 2017,50.18,50.50,49.68,49.93,48.72,1846000
Jan 04 2017,49.71,50.45,49.71,50.39,49.16,1703000
Jan 03 2017,49.95,50.25,49.21,49.65,48.44,1596700
Dec 30 2016,49.98,50.00,49.36,49.52,48.32,646200
Dec 29 2016,50.03,50.22,49.68,49.77,48.56,626200
Dec 28 2016,50.98,51.15,49.91,49.94,48.73,740100
Dec 27 2016,51.00,51.22,50.67,50.86,49.62,466600
Dec 23 2016,51.08,51.18,50.84,51.01,49.77,539500
Dec 22 2016,51.00,51.23,50.81,51.13,49.89,1003000
Dec 21 2016,50.85,51.14,50.66,50.83,49.59,1018300
Dec 20 2016,50.87,51.06,50.55,50.92,49.68,953500
Dec 19 2016,50.09,50.81,49.88,50.76,49.53,1081100
Dec 16 2016,50.16,50.79,49.92,50.10,48.88,2332400
Dec 15 2016,50.40,51.02,50.09,50.14,48.92,1516600
Dec 14 2016,50.94,51.48,50.41,50.57,49.34,1095500
Dec 13 2016,51.06,51.23,50.50,50.99,49.75,969000
Dec 12 2016,51.41,51.53,50.91,50.99,49.75,1063200
Dec 09 2016,51.85,51.85,51.12,51.48,50.23,814100
Dec 08 2016,52.13,52.29,51.40,51.89,50.63,1317500
Dec 07 2016,52.20,52.40,51.46,52.06,50.79,1982000
Dec 06 2016,51.77,52.18,51.60,52.17,50.90,1474000
Dec 05 2016,52.11,52.22,51.62,51.72,50.46,1212200
Dec 02 2016,51.90,51.99,51.45,51.80,50.54,912600
Dec 01 2016,51.90,52.05,51.49,51.81,50.55,1734000
Nov 30 2016,51.87,52.05,51.20,51.58,50.33,1520800
Nov 29 2016,51.49,51.84,50.78,51.34,50.09,1634200
Nov 28 2016,52.37,52.69,51.60,51.64,50.38,1901500
Nov 25 2016,52.95,52.97,52.59,52.92,51.63,1023400
Nov 23 2016,53.00,53.02,52.68,52.86,51.57,1926000
Nov 22 2016,53.49,53.64,52.92,52.92,51.63,1540200
Nov 21 2016,53.53,53.70,53.06,53.46,52.16,895700
Nov 18 2016,53.89,53.96,53.09,53.29,51.99,1517000
Nov 17 2016,54.73,54.99,53.99,54.01,52.70,1453800
Nov 16 2016,54.50,54.89,53.82,54.35,53.03,1966600
Nov 15 2016,53.06,54.79,52.65,54.75,53.42,2630200
Nov 14 2016,52.97,53.28,52.30,53.24,51.94,1417800
Nov 11 2016,52.56,53.13,52.20,52.75,51.47,1333000
Nov 10 2016,51.10,52.86,51.08,52.74,51.46,2260400
Nov 09 2016,48.73,51.01,48.71,50.66,49.43,1954000
Nov 08 2016,48.49,49.50,48.45,49.30,48.10,1730400
Nov 07 2016,48.15,48.60,47.75,48.56,47.38,1342200
Nov 03 2016,47.12,47.55,46.81,47.24,45.94,1385500
Nov 02 2016,47.57,48.08,46.90,46.96,45.67,1890100
Nov 01 2016,46.83,47.36,45.60,47.19,45.89,2936600
Oct 31 2016,48.74,48.85,48.29,48.33,47.00,1966400
Oct 28 2016,48.04,49.28,48.04,48.61,47.27,1442900
Oct 27 2016,48.57,48.57,47.83,48.03,46.71,1182500
Oct 26 2016,47.86,48.59,47.69,48.39,47.06,1182500
Oct 25 2016,48.58,48.64,47.97,48.03,46.71,1176100
Oct 24 2016,49.09,49.22,48.55,48.64,47.30,1093600
Oct 21 2016,48.52,48.88,48.34,48.84,47.50,1633900
Oct 20 2016,49.17,49.42,48.87,48.92,47.57,1152400
Oct 19 2016,49.33,49.58,49.10,49.47,48.11,805900
Oct 18 2016,49.73,49.85,48.83,49.15,47.80,1536600
Oct 17 2016,49.58,49.72,49.15,49.20,47.85,1269300
Oct 14 2016,49.99,50.15,49.46,49.47,48.11,931900
Oct 13 2016,49.63,49.89,49.15,49.66,48.29,1289900
Oct 12 2016,49.84,50.31,49.67,50.11,48.73,1193700
Oct 11 2016,50.35,50.37,49.43,49.70,48.33,1023300
Oct 10 2016,51.12,51.20,50.30,50.38,48.99,1031400
Oct 07 2016,51.83,51.83,50.57,50.76,49.36,1442600
Oct 06 2016,51.87,51.93,51.22,51.83,50.40,993700
Oct 05 2016,52.54,52.80,51.93,51.95,50.52,1063200
Oct 04 2016,53.25,53.25,51.99,52.26,50.82,1232400
Oct 03 2016,52.11,52.80,51.82,52.47,51.03,884600
Sep 30 2016,52.00,52.71,51.91,52.45,51.01,1070100
Sep 29 2016,51.93,52.36,51.64,51.82,50.39,1200500
Sep 28 2016,52.31,52.59,51.93,52.21,50.77,1213300
Sep 27 2016,51.33,52.13,50.87,52.10,50.67,1179500
Sep 26 2016,51.22,51.66,50.94,51.49,50.07,1463800
Sep 23 2016,52.61,52.61,51.49,51.55,50.13,1002500
Sep 22 2016,52.19,52.68,51.96,52.62,51.17,1042900
Sep 21 2016,51.00,51.85,50.97,51.81,50.38,1007200
Sep 20 2016,50.85,50.99,50.60,50.74,49.34,724200
Sep 19 2016,50.26,50.76,50.16,50.53,49.14,701300
Sep 16 2016,50.09,50.09,49.64,49.96,48.59,1305500
Sep 15 2016,49.54,50.47,49.46,50.26,48.88,774400
Sep 14 2016,49.46,49.89,49.17,49.49,48.13,1074100
Sep 13 2016,49.37,49.98,49.21,49.48,48.12,1634600
Sep 12 2016,48.29,49.86,48.00,49.81,48.44,1980300
Sep 09 2016,50.57,50.57,48.65,48.65,47.31,1447800
Sep 08 2016,50.95,51.23,50.83,51.05,49.65,701600
Sep 07 2016,50.77,51.05,50.65,50.94,49.54,1231700
Sep 06 2016,51.09,51.48,50.55,50.97,49.57,792100
Sep 02 2016,50.76,51.22,50.53,50.92,49.52,933900
Sep 01 2016,50.77,51.08,50.05,50.41,49.02,1138000
Aug 31 2016,50.95,51.07,50.64,50.86,49.46,859000
Aug 30 2016,51.06,51.12,50.89,50.97,49.57,736000
Aug 29 2016,50.89,51.18,50.69,50.98,49.58,996600
Aug 25 2016,50.59,50.63,50.41,50.58,49.04,706500
Aug 24 2016,50.80,50.95,50.60,50.66,49.12,655900
Aug 23 2016,51.13,51.36,50.87,50.90,49.35,1128500
Aug 22 2016,51.35,51.79,50.89,51.05,49.49,1655000
Aug 19 2016,50.35,50.88,50.12,50.80,49.25,989400
Aug 18 2016,50.38,50.51,50.22,50.44,48.90,794500
Aug 17 2016,50.00,50.47,49.56,50.34,48.81,901300
Aug 16 2016,50.30,50.48,49.87,50.20,48.67,1950500
Aug 15 2016,49.20,50.51,49.20,50.32,48.79,1818500
Aug 12 2016,48.48,48.69,48.22,48.45,46.97,1224000
Aug 11 2016,48.00,48.81,48.00,48.54,47.06,882500
Aug 10 2016,47.94,48.02,47.75,47.89,46.43,647000
Aug 09 2016,47.60,47.97,47.38,47.93,46.47,628900
Aug 08 2016,47.31,47.67,47.05,47.49,46.04,698700
Aug 05 2016,47.04,47.35,46.97,47.35,45.91,619700
Aug 04 2016,46.26,47.30,46.26,46.92,45.49,887500
Aug 03 2016,46.40,46.40,45.98,46.23,44.82,996400
Aug 02 2016,46.88,46.88,45.73,46.41,44.99,1926800
Aug 01 2016,47.92,47.94,47.51,47.81,46.35,1250300
Jul 29 2016,47.72,47.96,47.47,47.81,46.35,681700
Jul 28 2016,47.71,48.06,47.60,47.89,46.43,630700
Jul 27 2016,47.77,48.02,47.54,47.78,46.32,529700
Jul 26 2016,46.94,47.80,46.86,47.78,46.32,1081300
Jul 25 2016,46.89,46.98,46.61,46.85,45.42,458700
Jul 22 2016,46.71,47.07,46.62,46.96,45.53,763100
Jul 21 2016,47.18,47.31,46.56,46.74,45.31,681800
Jul 20 2016,47.07,47.37,46.92,47.20,45.76,641000
Jul 19 2016,46.96,47.26,46.82,47.18,45.74,985500
Jul 18 2016,47.07,47.27,46.85,46.99,45.56,597500
Jul 15 2016,46.99,47.07,46.85,47.05,45.62,1051500
Jul 14 2016,47.42,47.53,46.83,46.83,45.40,1204000
Jul 13 2016,47.14,47.65,46.90,47.02,45.59,928700
Jul 12 2016,47.29,47.83,47.10,47.12,45.68,1249300
Jul 11 2016,46.72,47.14,46.72,46.99,45.56,1176500
Jul 08 2016,46.00,46.50,45.93,46.41,44.99,1109100
Jul 07 2016,45.71,45.85,45.28,45.63,44.24,1481700
Jul 06 2016,44.75,45.58,44.44,45.58,44.19,1487000
Jul 05 2016,44.79,44.94,44.59,44.84,43.47,1519300
Jul 01 2016,44.66,44.89,44.57,44.87,43.50,1199100
Jun 30 2016,43.82,44.69,43.81,44.65,43.29,1755200
Jun 29 2016,43.56,43.72,43.41,43.65,42.32,1085100
Jun 28 2016,43.21,43.34,42.82,43.06,41.75,1596900
Jun 27 2016,43.69,43.81,42.52,42.72,41.42,1680800
Jun 24 2016,44.55,45.31,44.13,44.14,42.79,2883400
Jun 23 2016,46.39,46.48,46.14,46.35,44.94,624900
Jun 22 2016,46.12,46.23,45.89,45.91,44.51,899200
Jun 21 2016,46.13,46.31,45.93,45.99,44.59,854400
Jun 20 2016,46.10,46.67,45.95,46.10,44.69,1183400
Jun 17 2016,45.46,45.80,45.36,45.53,44.14,1734300
Jun 16 2016,45.45,45.50,44.97,45.37,43.99,1679000
Jun 15 2016,45.81,45.97,45.55,45.59,44.20,1260400
Jun 14 2016,45.50,45.71,45.40,45.65,44.26,1322700
Jun 13 2016,45.71,45.88,45.51,45.67,44.28,1375300
Jun 10 2016,46.04,46.12,45.81,45.92,44.52,1002000
Jun 09 2016,46.15,46.45,45.15,46.30,44.89,1243700
Jun 08 2016,46.10,46.59,46.05,46.46,45.04,1241600
Jun 07 2016,45.70,46.08,45.64,45.98,44.58,719100
Jun 06 2016,45.57,45.79,45.38,45.69,44.30,1002200
Jun 03 2016,45.21,45.54,44.97,45.48,44.09,1278000
Jun 02 2016,44.72,45.21,44.68,45.21,43.83,1007100
Jun 01 2016,44.32,44.82,44.21,44.82,43.45,995300
May 31 2016,44.70,44.80,44.40,44.66,43.30,1256400
May 27 2016,44.74,44.85,44.48,44.57,43.21,1141500
May 26 2016,44.82,45.00,44.57,44.74,43.38,758900
May 25 2016,44.75,44.86,44.48,44.72,43.36,1340400
May 24 2016,43.62,44.50,43.51,44.46,43.10,1351300
May 23 2016,43.35,43.58,43.07,43.50,42.17,713400
May 19 2016,42.90,43.13,42.71,43.07,41.61,899300
May 18 2016,43.29,43.66,43.02,43.26,41.79,1441000
May 17 2016,43.33,43.87,43.22,43.48,42.00,1679800
May 16 2016,43.25,43.69,43.22,43.43,41.96,1050200
May 13 2016,43.23,43.41,42.89,43.15,41.69,1417200
May 12 2016,43.00,43.28,42.67,43.24,41.77,1144400
May 11 2016,42.56,42.99,42.53,42.88,41.42,1436000
May 10 2016,41.71,42.54,41.67,42.53,41.09,1238600
May 09 2016,41.83,41.83,41.51,41.60,40.19,545100
May 06 2016,41.43,41.94,41.25,41.89,40.47,1122400
May 05 2016,41.60,41.77,41.25,41.53,40.12,1660800
May 04 2016,41.76,41.76,40.95,41.25,39.85,1424900
May 03 2016,41.92,42.27,41.11,41.88,40.46,1773500
May 02 2016,41.85,42.48,41.82,42.25,40.82,1727700
Apr 29 2016,42.16,42.16,41.65,41.78,40.36,1795300
Apr 28 2016,42.58,42.73,42.02,42.17,40.74,1135100
Apr 27 2016,42.84,43.02,42.55,42.90,41.44,1081800
Apr 26 2016,42.47,43.04,42.42,42.86,41.41,1943600
Apr 25 2016,42.29,42.51,42.02,42.21,40.78,1100600
Apr 22 2016,41.96,42.49,41.83,42.46,41.02,1893700
Apr 21 2016,42.17,42.22,41.72,41.84,40.42,1407700
Apr 20 2016,42.71,42.81,42.16,42.17,40.74,1036300
Apr 19 2016,42.75,42.96,42.56,42.71,41.26,880600
Apr 18 2016,42.25,42.65,42.03,42.61,41.16,1334400
Apr 15 2016,41.99,42.30,41.70,42.28,40.84,1217300
Apr 14 2016,42.02,42.24,41.73,41.99,40.56,1123600
Apr 13 2016,41.75,41.90,41.54,41.84,40.42,1100600
Apr 12 2016,41.37,41.93,41.31,41.65,40.24,1250300
Apr 11 2016,41.12,41.49,40.76,41.23,39.83,1415100
Apr 08 2016,41.29,41.52,41.00,41.22,39.82,918200
Apr 07 2016,40.99,41.00,40.60,40.89,39.50,1133800
Apr 06 2016,41.04,41.20,40.54,41.19,39.79,1193600
Apr 05 2016,41.21,41.46,40.68,41.01,39.62,1412600
Apr 04 2016,41.11,41.16,40.61,40.78,39.40,1231700
Apr 01 2016,40.64,41.33,40.47,41.25,39.85,1295100
Mar 31 2016,41.01,41.06,40.62,40.90,39.51,1696700
Mar 30 2016,41.00,41.21,40.72,41.04,39.65,1385000
Mar 29 2016,39.92,40.66,39.86,40.64,39.26,1450200
Mar 28 2016,39.82,39.98,39.66,39.90,38.55,980100
Mar 24 2016,39.04,39.82,39.01,39.82,38.47,1786500
Mar 23 2016,39.21,39.53,38.93,39.37,38.03,1255300
Mar 22 2016,39.16,39.58,39.10,39.40,38.06,914200
Mar 21 2016,39.06,39.46,38.95,39.42,38.08,1351300
Mar 18 2016,38.99,39.66,38.97,39.47,38.13,2879300
Mar 17 2016,38.74,39.21,38.66,39.01,37.69,1452300
Mar 16 2016,37.96,38.80,37.69,38.63,37.32,1391900
Mar 15 2016,37.71,38.24,37.58,38.14,36.85,1307800
Mar 14 2016,38.21,38.45,38.06,38.07,36.78,1198800
Mar 11 2016,38.20,38.48,38.00,38.45,37.14,1691500
Mar 10 2016,38.01,38.28,37.58,37.92,36.63,1031500
Mar 09 2016,38.08,38.21,37.88,38.15,36.86,1458400
Mar 08 2016,38.34,38.53,37.84,37.91,36.62,1112800
Mar 07 2016,38.09,38.55,38.09,38.55,37.24,1345700
Mar 04 2016,38.07,38.33,37.99,38.22,36.92,1494600
Mar 03 2016,38.04,38.17,37.86,38.17,36.87,1167400
Mar 02 2016,37.79,38.04,37.59,38.03,36.74,1859100
Mar 01 2016,37.71,38.04,37.45,37.94,36.65,1430700
Feb 29 2016,37.77,37.86,37.41,37.41,36.14,1219000
Feb 26 2016,37.73,37.85,37.54,37.72,36.44,1830000
Feb 25 2016,37.57,37.63,37.31,37.56,36.29,1504100
Feb 24 2016,37.00,37.50,36.83,37.47,36.20,1360400
Feb 23 2016,37.51,37.74,37.23,37.32,36.05,1144000
Feb 22 2016,37.46,37.87,37.37,37.64,36.36,1500100
Feb 19 2016,37.29,37.29,36.42,37.03,35.77,5043300
Feb 18 2016,37.74,37.89,37.26,37.53,36.26,1377100
Feb 17 2016,37.33,37.85,37.06,37.66,36.38,2219200
Feb 16 2016,37.38,37.49,36.69,37.00,35.74,2144300
Feb 11 2016,35.90,36.48,35.44,36.21,34.83,1750300
Feb 10 2016,36.84,37.07,36.39,36.43,35.05,1574000
Feb 09 2016,35.97,37.05,35.78,36.71,35.32,1947400
Feb 08 2016,36.22,36.49,35.77,36.22,34.84,2206400
Feb 05 2016,37.06,37.46,36.25,36.66,35.27,2398900
Feb 04 2016,36.06,38.08,35.47,37.08,35.67,3962700
Feb 03 2016,35.30,35.85,34.71,35.67,34.32,1946400
Feb 02 2016,35.08,35.14,34.57,34.86,33.54,1256100
Feb 01 2016,35.64,35.93,35.11,35.62,34.27,1269000
Jan 29 2016,35.14,35.95,35.05,35.95,34.58,1827000
Jan 28 2016,35.23,35.36,34.74,34.95,33.62,1523800
Jan 27 2016,34.54,35.86,34.38,34.89,33.56,1987600
Jan 26 2016,33.99,34.67,33.79,34.55,33.24,1841100
Jan 25 2016,33.91,33.99,33.51,33.74,32.46,1133900
Jan 22 2016,33.79,34.12,33.47,34.03,32.74,827500
Jan 21 2016,32.97,33.57,32.65,33.23,31.97,1444200
Jan 20 2016,32.44,33.10,31.67,32.80,31.55,1489200
Jan 19 2016,33.47,33.53,32.61,32.96,31.71,1068500
Jan 15 2016,32.73,33.10,32.61,32.98,31.73,1260300
Jan 14 2016,33.50,33.77,33.11,33.57,32.29,1482400
Jan 13 2016,34.39,34.51,33.32,33.38,32.11,1228500
Jan 12 2016,34.35,34.55,33.86,34.27,32.97,781000
Jan 11 2016,34.51,34.57,33.69,34.08,32.79,852900
Jan 08 2016,34.87,35.03,34.28,34.37,33.06,1471500
Jan 07 2016,35.17,35.27,34.49,34.70,33.38,1555400
Jan 06 2016,36.43,36.61,35.22,35.62,34.27,1866000
Jan 05 2016,36.06,36.20,35.51,36.07,34.70,1075400
Jan 04 2016,35.92,36.19,35.60,36.08,34.71,1353400
Dec 31 2015,36.67,36.84,36.45,36.50,35.11,635100
Dec 30 2015,37.10,37.22,36.85,36.87,35.47,439500
Dec 29 2015,37.20,37.46,36.98,37.10,35.69,780500
Dec 28 2015,36.97,36.99,36.67,36.94,35.54,630100
Dec 24 2015,37.08,37.26,36.96,37.07,35.66,294200
Dec 23 2015,36.73,37.28,36.66,37.13,35.72,667300
Dec 22 2015,36.31,36.53,36.03,36.50,35.11,804400
Dec 21 2015,36.13,36.31,35.88,36.14,34.77,662300
Dec 18 2015,36.26,36.31,35.81,35.84,34.48,1973700
Dec 17 2015,37.42,37.63,36.45,36.46,35.08,1178500
Dec 16 2015,36.93,37.63,36.80,37.46,36.04,1227000
Dec 15 2015,36.89,37.07,36.65,36.70,35.31,1389500
Dec 14 2015,36.27,36.67,36.19,36.64,35.25,1340600
Dec 11 2015,36.20,36.77,36.13,36.22,34.84,1499800
Dec 10 2015,36.14,36.97,36.14,36.70,35.31,1188600
Dec 09 2015,36.10,36.80,35.93,36.26,34.88,1154600
Dec 08 2015,36.47,36.65,36.20,36.28,34.90,785200
Dec 07 2015,37.42,37.56,36.78,36.91,35.51,638100
Dec 04 2015,36.78,37.69,36.78,37.65,36.22,1247300
Dec 03 2015,37.04,37.19,36.43,36.74,35.34,734800
Dec 02 2015,37.45,37.58,36.87,36.95,35.55,615600
Dec 01 2015,37.37,37.76,37.32,37.64,36.21,756900
Nov 30 2015,37.58,37.71,37.25,37.32,35.90,1470200
Nov 27 2015,37.53,37.62,37.28,37.58,36.15,514200
Nov 25 2015,37.49,37.86,37.38,37.66,36.23,916200
Nov 24 2015,37.26,37.61,37.10,37.48,36.06,1044000
Nov 23 2015,37.56,37.85,37.40,37.55,36.12,870600
Nov 20 2015,37.83,38.00,37.45,37.50,36.08,1300900
Nov 19 2015,37.42,37.77,37.09,37.67,36.24,1137400
Nov 18 2015,37.15,37.50,37.01,37.46,36.04,1775200
Nov 17 2015,36.66,37.14,36.46,37.00,35.59,1600500
Nov 16 2015,35.80,36.69,35.74,36.60,35.21,1467900
Nov 13 2015,35.82,36.27,35.68,35.89,34.53,937800
Nov 12 2015,36.53,36.75,35.74,35.80,34.44,1542200
Nov 11 2015,37.00,37.26,36.93,36.97,35.57,780300
Nov 10 2015,36.34,36.93,36.24,36.93,35.53,958800
Nov 09 2015,36.79,36.92,36.31,36.45,35.07,905600
Nov 06 2015,36.66,36.92,36.39,36.92,35.52,843400
Nov 05 2015,36.60,36.94,36.31,36.79,35.39,889400
Nov 04 2015,36.60,36.90,36.47,36.65,35.26,1008600
Nov 03 2015,36.65,36.91,36.40,36.58,35.19,1658900
Nov 02 2015,36.35,36.82,36.18,36.65,35.26,974100
Oct 29 2015,35.82,36.74,35.82,36.34,34.82,1769300
Oct 28 2015,35.97,36.60,35.70,36.38,34.86,1557300
Oct 27 2015,35.57,35.96,35.28,35.85,34.35,2315800
Oct 26 2015,36.14,36.31,35.64,35.91,34.41,1340600
Oct 23 2015,35.90,36.22,35.76,36.19,34.68,1524600
Oct 22 2015,34.86,35.83,34.86,35.62,34.13,1415100
Oct 21 2015,34.97,35.24,34.64,34.72,33.27,1396900
Oct 20 2015,34.56,35.18,34.41,34.88,33.43,1205300
Oct 19 2015,34.51,34.67,34.23,34.64,33.20,1297500
Oct 16 2015,34.69,34.77,34.01,34.74,33.29,2124400
Oct 15 2015,33.94,34.82,33.67,34.74,33.29,1909200
Oct 14 2015,34.29,34.50,33.82,33.87,32.46,1424500
Oct 13 2015,34.33,34.85,34.22,34.33,32.90,1806700
Oct 12 2015,34.85,34.96,34.61,34.64,33.20,1003200
Oct 09 2015,35.08,35.35,34.71,34.89,33.44,1946200
Oct 08 2015,33.94,35.24,33.88,34.99,33.53,1770100
Oct 07 2015,33.59,34.19,33.38,34.04,32.62,1669800
Oct 06 2015,33.51,33.84,33.36,33.39,32.00,1679200
Oct 05 2015,33.58,33.84,33.36,33.56,32.16,2376800
Oct 02 2015,32.25,33.54,32.16,33.51,32.11,1451100
Oct 01 2015,32.88,33.20,32.42,32.69,31.33,1498600
Sep 30 2015,32.22,32.95,32.03,32.85,31.48,1705900
Sep 29 2015,32.21,32.44,31.90,31.99,30.66,1344100
Sep 28 2015,32.06,32.27,31.95,32.07,30.73,2123200
Sep 25 2015,32.65,32.78,32.32,32.47,31.12,2088300
Sep 24 2015,31.60,32.73,31.27,32.52,31.16,2303600
Sep 23 2015,32.47,32.66,31.76,31.78,30.45,1046900
Sep 22 2015,32.16,32.50,32.01,32.40,31.05,1333500
Sep 21 2015,32.45,33.00,32.13,32.63,31.27,1905700
Sep 18 2015,32.56,32.68,32.17,32.25,30.91,1505300
Sep 17 2015,33.32,33.56,32.98,33.08,31.70,1461500
Sep 16 2015,33.00,33.44,32.96,33.37,31.98,1089400
Sep 15 2015,32.39,33.13,32.23,33.03,31.65,1870300
Sep 14 2015,32.45,32.48,32.02,32.22,30.88,1258400
Sep 11 2015,32.04,32.49,31.89,32.49,31.14,1463900
Sep 10 2015,31.99,32.42,31.83,32.13,30.79,1398900
Sep 09 2015,32.82,32.89,32.05,32.11,30.77,1334700
Sep 08 2015,32.26,32.54,32.12,32.44,31.09,1398100
Sep 04 2015,31.89,32.24,31.66,31.68,30.36,1702200
Sep 03 2015,31.82,32.61,31.82,32.35,31.00,1931300
Sep 02 2015,31.60,31.82,31.20,31.38,30.07,1913200
Sep 01 2015,31.76,32.03,30.98,31.13,29.83,973000
Aug 31 2015,32.43,32.68,32.05,32.45,31.10,1025600
Aug 27 2015,31.77,32.40,31.61,32.37,30.89,1697100
Aug 26 2015,31.00,31.44,30.78,31.38,29.94,2430400
Aug 25 2015,31.93,31.98,30.43,30.46,29.06,2221500
Aug 24 2015,30.49,31.92,29.90,30.91,29.49,2479100
Aug 21 2015,32.48,32.58,32.05,32.07,30.60,1535200
Aug 20 2015,32.84,33.12,32.65,32.66,31.16,1047000
Aug 19 2015,33.23,33.36,32.93,33.15,31.63,692600
Aug 18 2015,33.78,33.80,33.38,33.41,31.88,995700
Aug 17 2015,33.55,33.79,33.33,33.77,32.22,1057500
Aug 14 2015,33.62,33.77,33.28,33.70,32.16,1194900
Aug 13 2015,33.62,33.72,33.42,33.49,31.96,1368500
Aug 12 2015,33.32,33.74,33.18,33.66,32.12,975800
Aug 11 2015,33.72,33.82,33.48,33.58,32.04,1081400
Aug 10 2015,33.82,34.16,33.72,34.09,32.53,1165600
Aug 07 2015,33.64,33.86,33.38,33.50,31.96,887700
Aug 06 2015,33.95,34.13,33.57,33.68,32.14,1507800
Aug 05 2015,33.98,34.30,33.65,33.89,32.34,1276700
Aug 04 2015,33.88,34.18,33.66,33.74,32.19,1043200
Aug 03 2015,34.50,34.50,33.60,33.85,32.30,1104500
Jul 31 2015,35.26,35.46,34.34,34.53,32.95,1142500
Jul 30 2015,34.91,35.66,34.73,35.22,33.61,1029300
Jul 29 2015,34.76,35.32,34.64,35.23,33.62,886300
Jul 28 2015,34.56,34.94,34.50,34.78,33.19,1400100
Jul 27 2015,34.32,34.49,34.25,34.40,32.82,1366600
Jul 24 2015,34.61,34.68,34.49,34.63,33.04,1121900
Jul 23 2015,34.97,35.13,34.57,34.67,33.08,1125100
Jul 22 2015,35.00,35.20,34.86,34.98,33.38,968700
Jul 21 2015,35.70,35.71,35.09,35.19,33.58,951200
Jul 20 2015,35.82,35.93,35.71,35.77,34.13,556300
Jul 17 2015,35.92,36.03,35.69,35.81,34.17,514800
Jul 16 2015,36.22,36.38,35.80,36.02,34.37,562000
Jul 15 2015,36.46,36.58,35.90,35.95,34.30,611400
Jul 14 2015,36.04,36.71,35.75,36.49,34.82,1899000
Jul 13 2015,35.70,36.09,35.52,36.06,34.41,920400
Jul 10 2015,35.91,35.95,35.35,35.39,33.77,1670300
Jul 09 2015,36.01,36.25,35.54,35.54,33.91,668600
Jul 08 2015,36.10,36.27,35.46,35.57,33.94,657400
Jul 07 2015,36.24,36.41,35.62,36.38,34.71,863100
Jul 06 2015,36.33,36.49,36.04,36.25,34.59,938100
Jul 02 2015,36.89,37.01,36.52,36.73,35.05,698300
Jul 01 2015,37.32,37.32,36.69,36.81,35.12,1183300
Jun 30 2015,36.77,37.35,36.53,37.07,35.37,2068400
Jun 29 2015,36.70,36.75,36.25,36.26,34.60,987600
Jun 26 2015,37.03,37.18,36.88,36.94,35.25,3002800
Jun 25 2015,37.24,37.34,36.89,36.96,35.27,863100
Jun 24 2015,37.20,37.34,37.07,37.25,35.54,1060600
Jun 23 2015,36.97,37.70,36.96,37.30,35.59,1732500
Jun 22 2015,36.95,37.07,36.57,37.00,35.30,981600
Jun 19 2015,36.83,36.83,36.40,36.44,34.77,1299100
Jun 18 2015,36.51,37.12,36.39,36.90,35.21,841100
Jun 17 2015,36.58,36.84,36.23,36.38,34.71,814500
Jun 16 2015,36.24,36.56,36.00,36.45,34.78,750000
Jun 15 2015,36.36,36.43,36.05,36.12,34.46,575600
Jun 12 2015,36.81,36.90,36.43,36.54,34.87,443700
Jun 11 2015,36.55,36.99,36.44,36.91,35.22,725500
Jun 10 2015,36.31,36.64,36.23,36.52,34.85,648300
Jun 09 2015,36.21,36.39,36.04,36.10,34.45,292700
Jun 08 2015,36.36,36.51,36.07,36.14,34.48,447800
Jun 05 2015,36.21,36.41,36.08,36.38,34.71,725200
Jun 04 2015,36.75,36.75,36.32,36.42,34.75,612400
Jun 03 2015,36.69,37.04,36.57,36.96,35.27,455100
Jun 02 2015,36.52,37.07,36.43,36.69,35.01,1009200
Jun 01 2015,36.73,36.76,36.31,36.60,34.92,762000
May 29 2015,36.70,36.87,36.42,36.57,34.89,1274000
May 28 2015,36.36,36.81,36.16,36.70,35.02,1088700
May 27 2015,36.41,36.57,36.19,36.50,34.83,589600
May 26 2015,36.78,36.85,36.27,36.34,34.67,482000
May 21 2015,36.75,37.20,36.72,37.14,35.30,1343000
May 20 2015,36.78,36.95,36.64,36.81,34.99,533100
May 19 2015,37.05,37.14,36.67,36.78,34.96,630600
May 18 2015,36.83,37.05,36.75,37.01,35.18,618200
May 15 2015,37.08,37.15,36.68,36.83,35.01,918000
May 14 2015,36.96,37.10,36.78,37.09,35.26,834800
May 13 2015,36.66,36.97,36.65,36.79,34.97,942200
May 12 2015,36.55,36.73,36.26,36.49,34.69,821600
May 11 2015,36.85,37.12,36.74,36.81,34.99,976000
May 08 2015,37.11,37.16,36.85,36.90,35.07,1238200
May 07 2015,36.52,36.71,36.24,36.69,34.88,636400
May 06 2015,36.77,36.90,36.27,36.53,34.72,774600
May 05 2015,36.99,37.48,36.57,36.64,34.83,946900
May 04 2015,37.16,37.25,36.73,36.90,35.07,920200
May 01 2015,37.29,37.32,36.23,37.14,35.30,1650300
Apr 30 2015,36.65,37.48,36.13,37.02,35.19,1920800
Apr 29 2015,36.16,36.77,36.15,36.63,34.82,1706100
Apr 28 2015,36.13,36.38,35.92,36.37,34.57,913100
Apr 27 2015,35.73,36.31,35.70,36.30,34.50,798400
Apr 24 2015,35.88,35.97,35.40,35.63,33.87,673900
Apr 23 2015,35.49,36.19,35.37,35.90,34.12,816000
Apr 22 2015,35.40,35.47,35.09,35.46,33.71,513100
Apr 21 2015,35.52,35.68,35.09,35.36,33.61,521300
Apr 20 2015,35.36,35.57,35.26,35.46,33.71,659700
Apr 17 2015,35.51,35.51,34.96,35.14,33.40,1145300
Apr 16 2015,35.40,36.03,35.25,35.83,34.06,914000
Apr 15 2015,35.32,35.72,35.27,35.49,33.73,1276200
Apr 14 2015,35.07,35.36,35.02,35.20,33.46,779100
Apr 13 2015,35.09,35.42,35.08,35.16,33.42,663500
Apr 10 2015,35.11,35.31,34.98,35.20,33.46,1463700
Apr 09 2015,35.14,35.23,34.80,34.96,33.23,1404300
Apr 08 2015,35.96,36.12,35.01,35.25,33.51,1642000
Apr 07 2015,36.02,36.21,35.88,36.07,34.29,916400
Apr 06 2015,35.48,36.30,35.48,36.07,34.29,779100
Apr 02 2015,35.43,36.01,35.31,35.79,34.02,873600
Apr 01 2015,35.48,35.63,34.95,35.41,33.66,1057400
Mar 31 2015,35.25,35.25,34.73,35.02,33.29,789300
Mar 30 2015,35.03,35.41,35.03,35.35,33.60,696500
Mar 27 2015,34.61,35.08,34.54,34.97,33.24,1070300
Mar 26 2015,34.54,34.80,34.46,34.67,32.96,676200
Mar 25 2015,35.22,35.22,34.74,34.74,33.02,772200
Mar 24 2015,35.06,35.26,34.89,35.07,33.34,964700
Mar 23 2015,35.27,35.60,35.10,35.10,33.36,1406000
Mar 20 2015,35.84,36.04,35.77,35.99,34.21,1424000
Mar 19 2015,35.74,35.76,35.35,35.54,33.78,883500
Mar 18 2015,34.56,36.00,34.36,35.87,34.10,1209100
Mar 17 2015,34.95,34.95,34.51,34.67,32.96,683500
Mar 16 2015,34.78,35.04,34.59,35.03,33.30,766900
Mar 13 2015,35.16,35.19,34.41,34.61,32.90,1423800
Mar 12 2015,34.67,35.27,34.62,35.17,33.43,815000
Mar 11 2015,34.72,34.72,34.19,34.58,32.87,959600
Mar 10 2015,34.81,34.90,34.58,34.70,32.98,1159300
Mar 09 2015,35.23,35.47,35.12,35.25,33.51,849600
Mar 06 2015,35.31,35.58,35.06,35.17,33.43,1722100
Mar 05 2015,35.69,35.90,35.44,35.58,33.82,871800
Mar 04 2015,35.90,35.90,35.52,35.69,33.92,965900
Mar 03 2015,36.03,36.38,35.94,36.10,34.31,816500
Mar 02 2015,35.70,36.25,35.54,36.17,34.38,822400
Feb 27 2015,35.71,35.95,35.58,35.70,33.93,663200
Feb 26 2015,36.06,36.06,35.64,35.77,34.00,906600
Feb 25 2015,35.90,36.28,35.90,36.04,34.26,788200
Feb 24 2015,35.74,36.03,35.70,35.96,34.18,730700
Feb 23 2015,35.97,36.12,35.57,35.81,34.04,934700
Feb 20 2015,35.60,36.17,35.37,36.03,34.25,770600
Feb 19 2015,35.69,35.97,35.55,35.66,33.90,962900
Feb 18 2015,35.88,36.10,35.69,35.83,34.06,609400
Feb 17 2015,35.99,36.03,35.53,35.88,34.11,836000
Feb 13 2015,35.60,36.10,35.39,36.06,34.28,1057700
Feb 11 2015,35.27,35.39,35.02,35.25,33.37,729500
Feb 10 2015,35.23,35.44,35.01,35.39,33.51,1244600
Feb 09 2015,35.10,35.67,34.95,35.11,33.24,1828700
Feb 06 2015,34.87,35.40,34.75,35.19,33.32,1974600
Feb 05 2015,34.88,35.39,34.41,34.86,33.00,2360500
Feb 04 2015,35.18,35.37,34.71,34.89,33.03,1372200
Feb 03 2015,35.03,35.48,34.86,35.39,33.51,1196900
Feb 02 2015,34.25,34.81,33.81,34.74,32.89,1554400
Jan 30 2015,33.92,34.40,33.91,34.10,32.29,1633000
Jan 29 2015,34.19,34.37,33.54,34.16,32.34,1959500
Jan 28 2015,34.90,35.25,34.17,34.26,32.44,802200
Jan 27 2015,34.60,34.91,34.42,34.74,32.89,661400
Jan 26 2015,35.12,35.25,34.83,35.19,33.32,691100
Jan 23 2015,35.20,35.52,35.17,35.17,33.30,596900
Jan 22 2015,35.32,35.54,34.96,35.33,33.45,871700
Jan 21 2015,34.25,35.14,34.25,35.10,33.23,918900
Jan 20 2015,34.60,34.72,34.04,34.40,32.57,971200
Jan 16 2015,34.04,34.49,33.98,34.47,32.64,905400
Jan 15 2015,34.63,34.90,34.20,34.22,32.40,974400
Jan 14 2015,34.04,34.66,33.93,34.46,32.63,640700
Jan 13 2015,34.72,35.18,34.15,34.68,32.83,1139500
Jan 12 2015,35.34,35.39,34.38,34.60,32.76,1437500
Jan 09 2015,36.08,36.11,35.32,35.37,33.49,757000
Jan 08 2015,36.01,36.09,35.68,36.05,34.13,821800
Jan 07 2015,35.87,36.00,35.25,35.78,33.88,1038600
Jan 06 2015,35.70,35.92,35.11,35.50,33.61,1333200
Jan 05 2015,37.34,37.42,35.67,35.71,33.81,1369900
Jan 02 2015,38.40,38.59,37.50,38.08,36.05,605900
Dec 31 2014,38.65,38.65,38.04,38.07,36.04,466700
Dec 30 2014,38.82,38.91,38.42,38.43,36.38,437700
Dec 29 2014,38.93,39.17,38.80,38.86,36.79,351800
Dec 26 2014,38.88,39.15,38.88,38.95,36.88,249400
Dec 24 2014,38.75,39.07,38.74,38.76,36.70,302200
Dec 23 2014,38.92,39.23,38.66,38.72,36.66,645300
Dec 22 2014,38.74,38.99,38.47,38.74,36.68,467200
Dec 19 2014,38.25,38.70,38.06,38.59,36.54,1534200
Dec 18 2014,37.57,38.10,37.23,38.10,36.07,698900
Dec 17 2014,36.23,37.00,35.69,36.91,34.95,1241600
Dec 16 2014,36.07,37.05,36.07,36.27,34.34,712900
Dec 15 2014,36.43,36.73,36.01,36.24,34.31,724500
Dec 12 2014,36.61,37.00,36.19,36.20,34.27,722700
Dec 11 2014,37.01,37.45,36.89,36.98,35.01,586000
Dec 10 2014,37.94,38.02,36.77,36.84,34.88,781000
Dec 09 2014,37.39,38.18,37.39,38.12,36.09,616100
Dec 08 2014,38.57,38.75,37.74,37.82,35.81,468800
Dec 05 2014,38.67,38.80,38.46,38.59,36.54,392200
Dec 04 2014,38.81,38.81,38.32,38.57,36.52,443000
Dec 03 2014,38.01,38.99,38.01,38.89,36.82,691700
Dec 02 2014,38.50,38.76,37.97,38.02,36.00,964300
Dec 01 2014,38.11,38.47,37.84,38.44,36.39,850000
Nov 28 2014,38.46,38.69,38.19,38.34,36.30,676400
Nov 26 2014,38.36,38.56,38.07,38.54,36.49,550900
Nov 25 2014,38.50,38.59,38.09,38.39,36.35,772700
Nov 24 2014,38.29,38.57,38.24,38.40,36.36,643300
Nov 21 2014,37.95,38.50,37.73,38.25,36.21,1030600
Nov 20 2014,37.14,37.54,36.99,37.46,35.47,610700
Nov 19 2014,38.02,38.11,37.14,37.34,35.35,857300
Nov 18 2014,37.71,38.49,37.55,38.21,36.18,908400
Nov 17 2014,37.60,37.86,37.46,37.73,35.72,700900
Nov 14 2014,37.38,37.63,37.10,37.62,35.62,1101500
Nov 13 2014,37.44,37.63,37.21,37.45,35.46,1109100
Nov 12 2014,37.23,37.56,37.08,37.55,35.55,762500
Nov 11 2014,37.24,37.37,37.04,37.35,35.36,534600
Nov 10 2014,37.13,37.36,37.00,37.28,35.30,625800
Nov 07 2014,37.10,37.25,36.82,37.04,35.07,669300
Nov 06 2014,36.41,37.12,36.26,37.11,35.14,1218200
Nov 05 2014,36.32,36.45,35.97,36.39,34.45,823700
Nov 04 2014,35.91,36.20,35.79,35.94,34.03,693800
Nov 03 2014,36.34,36.43,35.87,36.04,34.12,781100
Oct 31 2014,36.44,36.60,36.03,36.36,34.42,1161000
Oct 30 2014,35.45,36.05,35.07,35.81,33.90,658400
Oct 29 2014,36.55,36.74,35.55,35.71,33.81,907400
Oct 28 2014,35.47,36.50,34.64,36.48,34.54,1857800
Oct 27 2014,35.02,35.26,34.61,35.02,33.16,1397900
Oct 23 2014,34.48,35.30,34.39,35.05,33.06,945000
Oct 22 2014,34.58,34.71,34.01,34.06,32.13,919400
Oct 21 2014,33.99,34.65,33.87,34.51,32.56,1314100
Oct 20 2014,34.14,34.29,33.55,33.71,31.80,1385400
Oct 17 2014,34.33,34.66,33.81,34.21,32.27,1407900
Oct 16 2014,32.59,34.29,32.47,34.04,32.11,1921100
Oct 15 2014,32.23,33.70,31.80,33.30,31.41,2094300
Oct 14 2014,32.37,33.26,32.32,32.70,30.85,1382100
Oct 13 2014,32.55,32.82,31.88,31.91,30.10,1173000
Oct 10 2014,33.32,33.39,32.50,32.50,30.66,1116300
Oct 09 2014,34.50,34.58,33.32,33.38,31.49,667400
Oct 08 2014,34.07,34.66,33.68,34.63,32.67,1073100
Oct 07 2014,35.28,35.28,34.14,34.15,32.22,1199000
Oct 06 2014,35.15,35.63,35.07,35.58,33.56,1036900
Oct 03 2014,35.23,35.30,34.92,35.07,33.08,1223200
Oct 02 2014,34.81,35.05,34.19,35.01,33.03,1028300
Oct 01 2014,35.45,35.53,34.68,34.86,32.89,997000
Sep 30 2014,36.18,36.23,35.38,35.49,33.48,1101900
Sep 29 2014,36.20,36.35,36.06,36.25,34.20,574900
Sep 26 2014,36.49,36.69,36.27,36.60,34.53,425000
Sep 25 2014,37.16,37.18,36.48,36.51,34.44,1059300
Sep 24 2014,37.32,37.52,37.05,37.38,35.26,1036700
Sep 23 2014,37.14,37.67,36.95,37.39,35.27,884100
Sep 22 2014,37.71,37.71,37.13,37.33,35.22,623400
Sep 19 2014,37.79,37.95,37.48,37.77,35.63,1491000
Sep 18 2014,37.50,37.84,37.32,37.77,35.63,668300
Sep 17 2014,37.45,37.76,37.23,37.40,35.28,484200
Sep 16 2014,37.13,37.65,37.04,37.51,35.39,598000
Sep 15 2014,37.16,37.33,37.04,37.18,35.07,403900
Sep 12 2014,37.43,37.50,37.02,37.15,35.05,414600
Sep 11 2014,37.14,37.55,37.12,37.41,35.29,496700
Sep 10 2014,37.37,37.41,36.96,37.32,35.21,314600
Sep 09 2014,37.56,37.72,37.28,37.37,35.25,489000
Sep 08 2014,37.59,37.73,37.44,37.67,35.54,710500
Sep 04 2014,37.89,38.34,37.79,37.88,35.61,1065000
Sep 03 2014,38.17,38.26,37.74,37.85,35.58,751000
Sep 02 2014,37.50,38.10,37.38,38.06,35.78,930900
Aug 29 2014,37.37,37.48,36.95,37.26,35.03,395200
Aug 28 2014,37.35,37.40,37.15,37.26,35.03,547000
Aug 27 2014,37.65,37.65,37.25,37.43,35.19,324400
Aug 26 2014,37.88,38.04,37.64,37.65,35.40,314600
Aug 25 2014,37.59,37.88,37.43,37.82,35.56,402700
Aug 22 2014,37.66,37.73,37.36,37.40,35.16,578700
Aug 21 2014,38.06,38.06,37.69,37.78,35.52,432400
Aug 20 2014,37.51,38.13,37.46,38.01,35.74,899500
Aug 19 2014,37.43,37.60,37.38,37.51,35.27,575800
Aug 18 2014,37.01,37.41,36.98,37.40,35.16,539200
Aug 15 2014,36.89,37.05,36.48,36.72,34.52,680800
Aug 14 2014,36.72,36.88,36.57,36.69,34.49,342600
Aug 13 2014,36.61,36.79,36.44,36.74,34.54,553300
Aug 12 2014,36.55,37.07,36.44,36.51,34.33,753200
Aug 11 2014,36.25,36.73,36.24,36.56,34.37,710000
Aug 08 2014,36.02,36.17,35.79,36.06,33.90,1029100
Aug 07 2014,35.90,36.23,35.65,36.04,33.88,1650200
Aug 06 2014,35.28,35.92,35.25,35.64,33.51,1061700
Aug 05 2014,35.15,35.92,35.11,35.63,33.50,1247500
Aug 04 2014,35.05,35.41,34.77,35.30,33.19,1167100
Aug 01 2014,35.18,35.23,34.86,34.98,32.89,1630000
Jul 31 2014,36.22,36.49,35.26,35.29,33.18,1195900
Jul 30 2014,37.47,37.51,36.42,36.43,34.25,1653800
Jul 29 2014,37.38,38.87,37.19,37.20,34.97,2247900
Jul 28 2014,36.85,36.85,36.34,36.46,34.28,1560300
Jul 25 2014,36.96,37.02,36.70,36.84,34.64,1494100
Jul 24 2014,37.45,37.52,37.08,37.21,34.98,590100
Jul 23 2014,37.60,37.75,37.21,37.33,35.10,526400
Jul 22 2014,37.78,38.04,37.56,37.60,35.35,547600
Jul 21 2014,37.41,37.83,37.26,37.65,35.40,622000
Jul 18 2014,36.82,37.49,36.59,37.45,35.21,587500
Jul 17 2014,37.27,37.27,36.68,36.73,34.53,785900
Jul 16 2014,37.36,37.61,37.01,37.59,35.34,723900
Jul 15 2014,37.51,37.75,36.92,37.23,35.00,1077100
Jul 14 2014,37.28,37.60,37.11,37.52,35.27,956100
Jul 11 2014,37.24,37.33,36.77,37.10,34.88,1030000
Jul 10 2014,36.99,37.53,36.70,37.24,35.01,725700
Jul 09 2014,37.45,37.63,37.28,37.54,35.29,690700
Jul 08 2014,37.82,37.87,37.11,37.36,35.12,1299800
Jul 07 2014,38.83,38.83,37.84,38.00,35.73,1026900
Jul 03 2014,38.88,39.16,38.77,39.02,36.68,433400
Jul 02 2014,39.06,39.23,38.45,38.65,36.34,759000
Jul 01 2014,39.33,39.43,39.08,39.13,36.79,644200
Jun 30 2014,39.22,39.31,38.92,39.08,36.74,846000
Jun 27 2014,38.97,39.32,38.97,39.25,36.90,1616200
Jun 26 2014,38.60,39.50,38.60,39.13,36.79,760100
Jun 25 2014,39.07,39.44,39.07,39.37,37.01,809800
Jun 24 2014,39.64,40.00,39.14,39.23,36.88,908000
Jun 23 2014,39.72,39.96,39.43,39.78,37.40,1028400
Jun 20 2014,39.42,39.84,39.03,39.67,37.30,1568800
Jun 19 2014,39.00,39.47,38.59,39.34,36.99,995400
Jun 18 2014,38.71,39.08,38.25,38.92,36.59,889200
Jun 17 2014,38.32,38.73,38.13,38.58,36.27,678600
Jun 16 2014,38.49,38.74,38.33,38.47,36.17,869800
Jun 13 2014,37.74,38.65,37.73,38.60,36.29,1301400
Jun 12 2014,37.84,38.04,37.46,37.77,35.51,2333400
Jun 11 2014,37.96,37.98,37.52,37.96,35.69,759900
Jun 10 2014,38.03,38.27,37.74,38.13,35.85,811000
Jun 09 2014,37.57,38.50,37.57,38.11,35.83,1028100
Jun 06 2014,37.21,37.80,36.96,37.75,35.49,1426100
Jun 05 2014,36.95,37.49,36.89,37.37,35.13,1182200
Jun 04 2014,37.18,37.31,36.83,36.88,34.67,913600
Jun 03 2014,37.34,37.43,37.20,37.23,35.00,1268100
Jun 02 2014,37.39,37.66,37.06,37.53,35.28,1171300
May 30 2014,36.72,37.34,36.72,37.30,35.07,1674200
May 29 2014,38.13,38.18,36.50,36.75,34.55,2807700
May 28 2014,38.50,38.63,38.14,38.16,35.88,741300
May 27 2014,38.56,38.91,38.43,38.54,36.23,550000
May 23 2014,37.93,38.65,37.76,38.42,36.12,1272000
May 22 2014,37.82,38.21,37.65,37.95,35.68,952700
May 21 2014,37.35,38.34,37.29,37.82,35.56,2069200
May 20 2014,37.81,37.94,37.10,37.28,35.05,1014700
May 19 2014,36.74,37.95,36.61,37.90,35.63,940000
May 15 2014,37.57,37.70,37.04,37.23,34.88,668400
May 14 2014,37.95,38.02,37.53,37.76,35.38,649400
May 13 2014,38.15,38.37,37.87,37.96,35.56,785600
May 12 2014,37.46,38.06,37.31,38.03,35.63,714100
May 09 2014,37.18,37.19,36.75,37.19,34.84,432500
May 08 2014,38.50,38.50,36.93,37.30,34.95,702600
May 07 2014,37.18,37.28,36.69,37.22,34.87,641100
May 06 2014,36.71,37.14,36.53,36.93,34.60,716200
May 05 2014,36.63,37.02,36.33,36.77,34.45,527800
May 02 2014,37.00,37.36,36.83,36.86,34.53,776700
May 01 2014,37.53,37.61,36.72,36.96,34.63,1230400
Apr 30 2014,37.15,37.64,36.63,37.59,35.22,1765900
Apr 29 2014,37.39,37.58,36.08,36.44,34.14,1478300
Apr 28 2014,35.67,35.73,34.93,35.36,33.13,1091300
Apr 25 2014,35.63,35.63,35.02,35.41,33.18,929100
Apr 24 2014,35.91,36.20,35.43,35.80,33.54,834300
Apr 23 2014,35.61,35.90,35.57,35.68,33.43,510100
Apr 22 2014,35.53,35.94,35.38,35.71,33.46,635200
Apr 21 2014,35.31,35.59,35.02,35.52,33.28,606200
Apr 17 2014,35.53,35.73,35.23,35.30,33.07,1431800
Apr 16 2014,35.15,35.76,34.93,35.49,33.25,1106600
Apr 15 2014,35.12,35.18,34.50,34.89,32.69,1391700
Apr 14 2014,35.45,35.47,34.77,35.12,32.90,1137700
Apr 11 2014,35.97,36.29,35.11,35.22,33.00,1295000
Apr 10 2014,37.12,37.12,35.88,35.91,33.64,1586100
Apr 09 2014,36.21,37.03,35.98,37.01,34.67,813100
Apr 08 2014,36.23,36.55,35.97,36.04,33.77,1469300
Apr 07 2014,37.22,37.35,36.05,36.38,34.08,1380900
Apr 04 2014,37.47,37.88,37.25,37.30,34.95,1543700
Apr 03 2014,37.80,37.93,37.24,37.27,34.92,1576500
Apr 02 2014,37.14,37.78,36.95,37.77,35.39,1345700
Apr 01 2014,36.47,37.25,36.35,37.15,34.81,1385500
Mar 31 2014,36.22,36.51,36.10,36.42,34.12,771500
Mar 28 2014,35.83,36.31,35.78,36.00,33.73,626300
Mar 27 2014,35.73,35.95,35.34,35.78,33.52,974900
Mar 26 2014,36.77,36.95,35.82,35.84,33.58,762200
Mar 25 2014,35.97,36.82,35.97,36.62,34.31,1431400
Mar 24 2014,36.42,36.72,35.70,35.71,33.46,1100800
Mar 21 2014,36.64,36.76,36.25,36.28,33.99,2900600
Mar 20 2014,36.29,36.58,35.88,36.34,34.05,1077500
Mar 19 2014,36.78,36.87,36.15,36.44,34.14,810100
Mar 18 2014,36.90,36.93,36.71,36.78,34.46,920000
Mar 17 2014,36.95,37.22,36.64,36.81,34.49,953900
Mar 14 2014,36.65,37.18,36.65,36.79,34.47,863000
Mar 13 2014,37.49,37.70,36.56,36.74,34.42,1083400
Mar 12 2014,37.60,37.82,37.25,37.40,35.04,930800
Mar 11 2014,38.00,38.39,37.73,37.85,35.46,1349700
Mar 10 2014,38.50,38.58,37.83,38.05,35.65,970400
Mar 07 2014,38.55,38.84,38.35,38.64,36.20,1323900
Mar 06 2014,38.50,38.86,38.26,38.30,35.88,1523100
Mar 05 2014,38.67,38.93,38.47,38.50,36.07,1163100
Mar 04 2014,38.98,39.20,38.57,38.79,36.34,1493200
Mar 03 2014,39.14,39.24,38.34,38.60,36.16,1407700
Feb 28 2014,39.28,39.54,39.06,39.35,36.87,866900
Feb 27 2014,39.24,39.47,38.93,39.37,36.89,573400
Feb 26 2014,38.93,39.44,38.71,39.25,36.77,1059500
Feb 25 2014,39.45,39.60,38.66,38.76,36.31,919700
Feb 24 2014,38.92,39.79,38.77,39.40,36.91,1167700
Feb 21 2014,38.80,39.07,38.71,38.86,36.41,1321000
Feb 20 2014,37.76,38.79,37.66,38.71,36.27,852200
Feb 19 2014,38.53,38.75,37.53,37.62,35.25,1100200
Feb 18 2014,38.24,38.73,38.07,38.57,36.14,1426000
Feb 14 2014,37.73,38.06,37.71,38.05,35.65,881200
Feb 12 2014,37.25,37.59,37.22,37.40,34.92,1110000
Feb 11 2014,37.01,37.41,36.85,37.10,34.64,1414400
Feb 10 2014,37.00,37.13,36.41,36.88,34.44,835900
Feb 07 2014,36.74,37.22,36.66,36.96,34.51,1436100
Feb 06 2014,35.59,36.65,35.59,36.46,34.04,1622500
Feb 05 2014,36.31,36.48,35.39,35.52,33.17,2203800
Feb 04 2014,34.86,36.42,34.42,36.27,33.87,3716300
Feb 03 2014,33.36,33.52,32.63,32.80,30.63,3086600
Jan 31 2014,33.00,33.39,32.62,33.36,31.15,1939700
Jan 30 2014,33.57,33.68,33.33,33.36,31.15,1397700
Jan 29 2014,33.71,34.32,33.21,33.24,31.04,1217300
Jan 28 2014,33.54,34.01,33.43,33.91,31.66,909500
Jan 27 2014,33.71,33.80,33.08,33.39,31.18,1654700
Jan 24 2014,35.24,35.31,33.64,33.68,31.45,1574700
Jan 23 2014,36.24,36.32,35.29,35.44,33.09,1027100
Jan 22 2014,36.27,36.64,36.00,36.49,34.07,1207400
Jan 21 2014,36.69,36.73,35.67,35.92,33.54,1515000
Jan 17 2014,36.76,37.05,36.43,36.57,34.15,868300
Jan 16 2014,36.28,37.01,36.10,36.64,34.21,1238300
Jan 15 2014,35.78,36.44,35.78,36.37,33.96,2145200
Jan 14 2014,35.04,35.59,34.86,35.58,33.22,1716700
Jan 13 2014,34.89,35.30,34.83,35.02,32.70,1856700
Jan 10 2014,34.55,35.29,34.55,34.91,32.60,955700
Jan 09 2014,34.55,34.77,34.37,34.63,32.33,760800
Jan 08 2014,34.44,34.63,34.13,34.49,32.20,1235000
Jan 07 2014,34.47,34.84,34.40,34.51,32.22,611100
Jan 06 2014,34.64,34.89,34.33,34.41,32.13,849400
Jan 03 2014,34.15,34.85,34.15,34.47,32.19,454500
Jan 02 2014,34.39,34.50,33.99,34.16,31.90,765100
Dec 31 2013,34.65,34.87,34.59,34.60,32.31,558000
Dec 30 2013,34.49,34.84,34.44,34.58,32.29,561700
Dec 27 2013,34.69,34.88,34.47,34.55,32.26,242700
Dec 26 2013,34.51,34.79,34.48,34.69,32.39,270800
Dec 24 2013,34.23,34.50,34.18,34.33,32.05,311200
Dec 23 2013,34.31,34.55,34.17,34.19,31.92,704900
Dec 20 2013,34.29,34.46,33.95,34.08,31.82,1959300
Dec 19 2013,34.52,34.79,34.07,34.16,31.90,1205100
Dec 18 2013,34.20,34.74,33.96,34.70,32.40,1218900
Dec 17 2013,33.85,34.11,33.72,34.10,31.84,1044000
Dec 16 2013,33.87,34.23,33.79,33.89,31.64,867300
Dec 13 2013,33.53,33.90,33.51,33.81,31.57,1077600
Dec 12 2013,32.94,33.68,32.79,33.51,31.29,1312600
Dec 11 2013,33.51,33.56,32.89,32.91,30.73,938200
Dec 10 2013,33.53,33.93,33.53,33.54,31.32,785500
Dec 09 2013,33.64,33.95,33.55,33.63,31.40,980400
Dec 06 2013,34.08,34.08,33.41,33.51,31.29,1535600
Dec 05 2013,33.52,33.98,33.43,33.78,31.54,1124500
Dec 04 2013,33.45,33.73,33.07,33.56,31.34,1062500
Dec 03 2013,33.85,34.08,33.17,33.58,31.35,2468700
Dec 02 2013,34.68,34.68,33.85,33.91,31.66,1295200
Nov 29 2013,34.76,34.86,34.53,34.56,32.27,563800
Nov 27 2013,34.79,34.85,34.54,34.77,32.47,368700
Nov 26 2013,34.61,34.82,34.37,34.67,32.37,822000
Nov 25 2013,34.60,34.88,34.37,34.53,32.24,1008900
Nov 22 2013,34.56,34.66,34.33,34.58,32.29,1158600
Nov 21 2013,34.40,34.72,34.24,34.58,32.29,1410800
Nov 20 2013,34.39,34.93,34.06,34.30,32.03,1382800
Nov 19 2013,33.95,34.28,33.95,34.15,31.89,1273100
Nov 18 2013,34.47,34.53,33.84,33.94,31.69,999500
Nov 15 2013,34.37,34.65,34.22,34.47,32.19,795100
Nov 14 2013,34.45,34.59,33.92,34.38,32.10,1167100
Nov 13 2013,33.81,34.34,33.63,34.32,32.05,987700
Nov 12 2013,33.82,34.09,33.63,33.94,31.69,1118800
Nov 11 2013,33.98,34.17,33.83,33.96,31.71,842600
Nov 08 2013,33.14,34.07,33.12,33.98,31.73,1457300
Nov 07 2013,33.59,33.69,33.05,33.11,30.92,1592000
Nov 06 2013,33.88,33.93,33.17,33.51,31.29,1935000
Nov 05 2013,33.75,33.87,33.47,33.75,31.51,1612900
Nov 04 2013,33.39,34.10,33.27,33.91,31.66,1749800
Nov 01 2013,34.53,34.64,32.98,33.22,31.02,3774800
Oct 31 2013,33.45,34.66,33.39,34.50,32.21,2501000
Oct 30 2013,32.48,33.56,32.33,33.48,31.26,3006300
Oct 29 2013,33.13,33.80,31.56,32.53,30.37,7931900
Oct 28 2013,28.94,29.12,28.62,28.93,27.01,1647800
Oct 25 2013,28.74,29.02,28.61,28.99,27.07,983700
Oct 24 2013,28.37,28.75,28.30,28.69,26.79,781800
Oct 23 2013,28.14,28.42,27.99,28.34,26.46,983500
Oct 22 2013,28.35,28.43,27.91,28.21,26.34,1403900
Oct 21 2013,27.82,28.35,27.74,28.33,26.45,2116000
Oct 17 2013,27.84,27.91,27.37,27.49,25.56,2235100
Oct 16 2013,28.02,28.05,27.76,27.92,25.96,1117200
Oct 15 2013,28.04,28.24,27.88,27.92,25.96,1376400
Oct 14 2013,28.04,28.24,27.96,28.17,26.19,1045600
Oct 11 2013,27.85,28.15,27.70,28.10,26.13,943100
Oct 10 2013,27.49,27.96,27.46,27.93,25.97,728000
Oct 09 2013,27.48,27.53,26.99,27.21,25.30,1478300
Oct 08 2013,28.00,28.08,27.39,27.40,25.48,1093400
Oct 07 2013,27.97,28.11,27.89,28.00,26.03,1045600
Oct 04 2013,27.90,28.27,27.80,28.18,26.20,624700
Oct 03 2013,28.02,28.12,27.71,27.90,25.94,1390600
Oct 02 2013,28.03,28.12,27.82,28.12,26.15,1601300
Oct 01 2013,27.96,28.28,27.93,28.24,26.26,1110400
Sep 30 2013,27.77,27.98,27.71,27.93,25.97,1112900
Sep 27 2013,28.06,28.15,27.89,27.99,26.03,1658800
Sep 26 2013,28.02,28.40,28.02,28.23,26.25,2730700
Sep 25 2013,27.41,27.61,27.38,27.53,25.60,1673200
Sep 24 2013,27.04,27.47,27.00,27.36,25.44,1378800
Sep 23 2013,27.12,27.28,26.94,27.00,25.11,980600
Sep 20 2013,27.66,27.72,27.15,27.17,25.26,3528000
Sep 19 2013,27.57,28.09,27.34,27.51,25.58,2545300
Sep 18 2013,27.22,27.66,26.71,27.49,25.56,2833300
Sep 17 2013,27.17,27.30,27.01,27.25,25.34,1527000
Sep 16 2013,27.26,27.30,27.05,27.16,25.25,2203800
Sep 13 2013,26.93,26.99,26.84,26.95,25.06,2205300
Sep 12 2013,27.05,27.09,26.89,26.96,25.07,1407500
Sep 11 2013,27.01,27.18,27.00,27.11,25.21,3056900
Sep 10 2013,26.89,27.16,26.87,27.07,25.17,1922100
Sep 09 2013,26.23,26.85,26.22,26.78,24.90,1924200
Sep 06 2013,26.08,26.36,25.78,26.17,24.33,1870000
Sep 05 2013,25.50,26.01,25.50,25.91,24.09,1055800
Sep 04 2013,25.04,25.65,25.04,25.50,23.71,913000
Sep 03 2013,25.03,25.16,24.95,25.08,23.32,1935800
Aug 30 2013,24.94,24.94,24.68,24.78,23.04,1844200
Aug 28 2013,24.22,24.54,24.22,24.51,22.68,840000
Aug 27 2013,24.41,24.48,24.18,24.27,22.46,1338000
Aug 26 2013,24.35,24.69,24.35,24.58,22.75,1059400
Aug 23 2013,24.45,24.50,24.27,24.30,22.49,1656000
Aug 22 2013,24.20,24.48,24.14,24.38,22.56,1113400
Aug 21 2013,24.42,24.53,24.19,24.19,22.39,1029200
Aug 20 2013,24.60,24.61,24.26,24.30,22.49,1491300
Aug 19 2013,24.57,24.76,24.43,24.62,22.79,832900
Aug 16 2013,24.64,24.70,24.29,24.52,22.69,1352500
Aug 15 2013,24.78,24.96,24.60,24.72,22.88,3129200
Aug 14 2013,25.00,25.03,24.83,24.99,23.13,1350200
Aug 13 2013,24.95,25.03,24.77,24.97,23.11,1580000
Aug 12 2013,24.88,25.02,24.72,24.83,22.98,1474400
Aug 09 2013,24.93,25.06,24.82,24.98,23.12,2123200
Aug 08 2013,25.08,25.21,24.95,24.98,23.12,1776200
Aug 07 2013,25.36,25.36,24.82,24.90,23.04,2168600
Aug 06 2013,25.26,25.48,25.20,25.43,23.53,1934500
Aug 05 2013,25.17,25.40,25.06,25.28,23.40,1635900
Aug 02 2013,25.09,25.41,25.04,25.27,23.39,1796500
Aug 01 2013,25.18,25.43,24.91,25.19,23.31,5562300
Jul 31 2013,25.45,25.45,24.79,24.93,23.07,6312300
Jul 30 2013,26.00,26.68,23.61,25.54,23.64,10022400
Jul 29 2013,28.47,28.66,28.42,28.46,26.34,659300
Jul 26 2013,28.59,28.87,28.49,28.67,26.53,632100
Jul 25 2013,28.49,28.94,28.49,28.83,26.68,826600
Jul 24 2013,28.74,28.87,28.52,28.59,26.46,546400
Jul 23 2013,28.90,28.91,28.65,28.71,26.57,897900
Jul 22 2013,28.84,29.00,28.68,28.87,26.72,560600
Jul 19 2013,28.76,28.96,28.64,28.79,26.64,602800
Jul 18 2013,28.76,29.25,28.76,28.93,26.77,609600
Jul 17 2013,28.75,28.82,28.55,28.63,26.50,539100
Jul 16 2013,29.13,29.18,28.56,28.58,26.45,901700
Jul 15 2013,29.21,29.30,29.06,29.06,26.89,903700
Jul 12 2013,29.03,29.21,28.92,29.08,26.91,671000
Jul 11 2013,29.38,29.79,28.93,29.03,26.87,1195100
Jul 10 2013,28.54,29.05,28.50,28.97,26.81,1069100
Jul 09 2013,28.34,29.01,28.30,28.54,26.41,1425600
Jul 08 2013,28.06,28.27,28.01,28.16,26.06,759400
Jul 05 2013,27.78,28.00,27.65,27.98,25.89,570100
Jul 03 2013,27.39,27.71,27.34,27.63,25.57,330300
Jul 02 2013,27.59,27.71,27.39,27.50,25.45,1432800
Jul 01 2013,27.12,28.50,27.12,27.65,25.59,1479900
Jun 28 2013,26.50,27.04,26.43,26.94,24.93,1758900
Jun 27 2013,26.23,26.63,26.13,26.63,24.65,1213800
Jun 26 2013,26.07,26.18,25.98,26.08,24.14,971200
Jun 25 2013,25.95,26.10,25.81,25.93,24.00,1245000
Jun 24 2013,25.89,26.02,25.56,25.77,23.85,1399900
Jun 21 2013,26.62,26.70,25.87,26.10,24.16,1933200
Jun 20 2013,26.99,27.12,26.39,26.41,24.44,1268200
Jun 19 2013,27.65,27.69,27.24,27.25,25.22,605400
Jun 18 2013,27.36,27.67,27.35,27.66,25.60,666700
Jun 17 2013,27.26,27.54,27.07,27.27,25.24,750600
Jun 14 2013,27.24,27.51,27.05,27.12,25.10,349600
Jun 13 2013,26.94,27.39,26.91,27.27,25.24,805800
Jun 12 2013,27.48,27.48,26.96,27.01,25.00,834400
Jun 11 2013,27.25,27.49,27.11,27.21,25.18,654300
Jun 10 2013,27.63,27.63,27.30,27.50,25.45,625100
Jun 07 2013,27.48,27.80,27.33,27.55,25.50,866300
Jun 06 2013,26.50,27.44,26.49,27.30,25.27,867900
Jun 05 2013,27.82,27.86,27.19,27.20,25.17,668800
Jun 04 2013,28.24,28.47,27.73,27.86,25.78,479800
Jun 03 2013,28.22,28.39,27.77,28.25,26.14,1013600
May 31 2013,28.41,28.70,28.14,28.14,26.04,910900
May 30 2013,28.13,28.68,28.05,28.55,26.42,1034500
May 29 2013,27.90,28.13,27.77,28.05,25.96,888000
May 28 2013,28.17,28.39,27.98,28.06,25.97,715900
May 24 2013,27.85,27.96,27.61,27.85,25.77,582600
May 23 2013,28.28,28.45,27.92,28.05,25.96,931600
May 22 2013,28.68,28.97,28.37,28.51,26.39,1412200
May 21 2013,28.90,29.19,28.68,28.70,26.56,450100
May 20 2013,28.77,29.15,28.64,28.88,26.73,666600
May 16 2013,28.59,28.95,28.59,28.64,26.40,799000
May 15 2013,28.19,28.94,28.13,28.60,26.36,1695900
May 14 2013,27.61,28.40,27.59,28.31,26.09,1665300
May 13 2013,27.75,27.82,27.35,27.54,25.39,1150200
May 10 2013,27.96,28.09,27.70,27.80,25.62,863900
May 09 2013,28.12,28.20,27.79,27.88,25.70,924000
May 08 2013,27.71,28.20,27.64,28.11,25.91,1139700
May 07 2013,27.53,27.83,27.46,27.68,25.51,1070100
May 06 2013,27.38,27.66,27.26,27.41,25.27,1050600
May 03 2013,27.74,27.74,27.24,27.36,25.22,1387000
May 02 2013,27.51,27.71,27.41,27.44,25.29,1041300
May 01 2013,27.61,27.70,27.12,27.50,25.35,1728700
Apr 30 2013,27.81,28.10,26.38,27.75,25.58,2809700
Apr 29 2013,27.76,28.29,27.69,28.25,26.04,664400
Apr 26 2013,27.88,27.88,27.53,27.71,25.54,721500
Apr 25 2013,27.79,27.95,27.74,27.86,25.68,1025000
Apr 24 2013,27.46,27.97,27.46,27.69,25.52,630400
Apr 23 2013,26.92,27.43,26.92,27.39,25.25,621900
Apr 22 2013,26.96,27.11,26.64,26.84,24.74,907000
Apr 19 2013,27.10,27.39,26.93,26.99,24.88,789500
Apr 18 2013,27.37,27.52,26.88,27.04,24.92,772800
Apr 17 2013,27.48,27.61,27.02,27.28,25.15,1192600
Apr 16 2013,27.53,27.69,27.25,27.66,25.50,1391500
Apr 15 2013,28.20,28.36,27.29,27.42,25.27,1603800
Apr 12 2013,28.71,28.76,28.42,28.60,26.36,618600
Apr 11 2013,28.65,28.86,28.47,28.86,26.60,924700
Apr 10 2013,28.05,28.69,28.03,28.69,26.45,1110000
Apr 09 2013,27.85,28.03,27.59,27.96,25.77,754000
Apr 08 2013,27.59,27.85,27.38,27.85,25.67,642000
Apr 05 2013,27.41,27.65,27.20,27.60,25.44,1421700
Apr 04 2013,27.16,27.72,27.16,27.72,25.55,982500
Apr 03 2013,27.15,27.33,26.80,27.12,25.00,1416400
Apr 02 2013,27.42,27.66,27.12,27.22,25.09,552600
Apr 01 2013,27.56,27.65,27.04,27.25,25.12,661400
Mar 28 2013,27.37,27.59,27.26,27.56,25.40,1392700
Mar 27 2013,27.50,27.54,27.28,27.29,25.15,1269700
Mar 26 2013,27.82,27.97,27.57,27.69,25.52,1082400
Mar 25 2013,28.64,28.64,27.57,27.73,25.56,865100
Mar 22 2013,28.69,28.76,28.35,28.44,26.21,1154600
Mar 21 2013,28.32,28.76,28.27,28.56,26.33,1205900
Mar 20 2013,28.63,28.76,28.36,28.51,26.28,709300
Mar 19 2013,28.85,28.85,28.21,28.44,26.21,548400
Mar 18 2013,28.66,28.98,28.55,28.78,26.53,502000
Mar 15 2013,28.59,29.03,28.45,28.96,26.69,1381200
Mar 14 2013,28.57,28.82,28.53,28.71,26.46,524100
Mar 13 2013,28.52,28.57,28.37,28.47,26.24,608500
Mar 12 2013,28.70,28.74,28.33,28.53,26.30,988600
Mar 11 2013,28.47,28.96,28.45,28.76,26.51,910400
Mar 08 2013,28.58,28.69,28.20,28.43,26.21,1790000
Mar 07 2013,29.06,29.49,28.32,28.40,26.18,2082000
Mar 06 2013,28.57,29.43,28.56,29.34,27.04,1701300
Mar 05 2013,27.68,28.51,27.67,28.45,26.22,1210600
Mar 04 2013,27.39,27.51,27.14,27.49,25.34,682900
Mar 01 2013,27.32,27.66,26.94,27.49,25.34,865600
Feb 28 2013,27.53,27.77,27.45,27.50,25.35,771500
Feb 27 2013,27.00,27.55,26.94,27.47,25.32,1019100
Feb 26 2013,27.14,27.23,26.80,27.00,24.89,1204400
Feb 25 2013,28.02,28.16,27.02,27.02,24.91,1093800
Feb 22 2013,27.75,27.86,27.60,27.79,25.62,483600
Feb 21 2013,27.85,28.05,27.52,27.68,25.51,1037700
Feb 20 2013,28.71,28.76,27.93,27.96,25.77,765800
Feb 19 2013,28.36,28.85,28.36,28.76,26.51,1186200
Feb 15 2013,28.22,28.47,28.02,28.28,26.07,806500
Feb 13 2013,28.00,28.37,27.94,28.26,25.94,622300
Feb 12 2013,27.52,28.10,27.48,27.95,25.66,905000
Feb 11 2013,27.11,27.53,27.02,27.46,25.21,875100
Feb 08 2013,27.01,27.64,27.01,27.09,24.87,1206300
Feb 07 2013,28.03,28.03,26.84,26.91,24.70,1576400
Feb 06 2013,27.61,28.03,27.54,27.85,25.57,1350700
Feb 05 2013,27.73,27.99,27.65,27.77,25.49,695300
Feb 04 2013,27.87,27.90,27.50,27.55,25.29,914100
Feb 01 2013,28.00,28.31,27.91,28.01,25.71,1239100
Jan 31 2013,27.93,28.01,27.89,27.93,25.64,922700
Jan 30 2013,27.95,28.16,27.90,27.94,25.65,811100
Jan 29 2013,27.88,28.01,27.81,27.97,25.68,1000700
Jan 28 2013,27.76,28.00,27.55,27.92,25.63,874100
Jan 25 2013,28.09,28.14,27.56,27.70,25.43,831400
Jan 24 2013,27.86,28.26,27.80,27.98,25.69,1095100
Jan 23 2013,27.62,27.92,27.58,27.90,25.61,977400
Jan 22 2013,27.65,27.68,27.34,27.68,25.41,1457900
Jan 18 2013,27.55,27.55,27.14,27.51,25.25,711400
Jan 17 2013,27.06,27.47,26.83,27.42,25.17,653400
Jan 16 2013,27.03,27.12,26.65,26.95,24.74,431800
Jan 15 2013,27.10,27.16,26.73,27.13,24.91,734400
Jan 14 2013,27.09,27.24,26.75,27.21,24.98,417400
Jan 11 2013,27.58,27.60,27.09,27.18,24.95,353400
Jan 10 2013,27.34,27.55,27.12,27.48,25.23,842000
Jan 09 2013,26.82,27.14,26.76,27.10,24.88,985500
Jan 08 2013,26.93,26.94,26.39,26.68,24.49,1084500
Jan 07 2013,27.19,27.32,26.93,27.01,24.79,481300
Jan 04 2013,27.51,27.64,27.25,27.37,25.13,563400
Jan 03 2013,27.50,27.79,27.24,27.41,25.16,610800
Jan 02 2013,27.63,27.99,27.42,27.50,25.24,927300
Dec 31 2012,26.36,27.11,26.34,27.10,24.88,536900
Dec 28 2012,26.60,26.74,26.41,26.43,24.26,402400
Dec 27 2012,26.76,26.92,26.49,26.85,24.65,392300
Dec 26 2012,26.92,27.05,26.70,26.78,24.58,298600
Dec 24 2012,26.79,26.89,26.62,26.87,24.67,286800
Dec 21 2012,26.43,26.81,26.22,26.76,24.57,2001200
Dec 20 2012,27.54,27.64,26.49,26.84,24.64,1646100
Dec 19 2012,27.25,27.67,27.06,27.57,25.31,1007300
Dec 18 2012,26.63,27.24,26.38,27.20,24.97,1044100
Dec 17 2012,26.79,26.84,26.45,26.55,24.37,681500
Dec 14 2012,26.68,26.89,26.51,26.76,24.57,591700
Dec 13 2012,26.80,26.93,26.54,26.69,24.50,520800
Dec 12 2012,26.67,26.99,26.67,26.79,24.59,749300
Dec 11 2012,26.48,26.75,26.36,26.63,24.45,777600
Dec 10 2012,26.37,26.53,26.22,26.48,24.31,638200
Dec 07 2012,26.23,26.38,26.02,26.38,24.22,530100
Dec 06 2012,26.00,26.09,25.60,26.09,23.95,613300
Dec 05 2012,25.76,26.23,25.61,26.00,23.87,663800
Dec 04 2012,25.74,25.91,25.58,25.70,23.59,531100
Dec 03 2012,26.25,26.31,25.73,25.77,23.66,648400
Nov 30 2012,26.11,26.31,25.95,26.09,23.95,970800
Nov 29 2012,26.03,26.18,25.82,26.13,23.99,584200
Nov 28 2012,25.51,25.97,25.41,25.94,23.81,662400
Nov 27 2012,25.79,25.89,25.47,25.63,23.53,633600
Nov 26 2012,25.42,25.96,25.42,25.86,23.74,873000
Nov 23 2012,25.39,25.52,25.18,25.52,23.43,341100
Nov 21 2012,25.05,25.41,25.00,25.34,23.26,546100
Nov 20 2012,24.82,25.17,24.77,25.12,23.06,775300
Nov 19 2012,24.49,24.99,24.45,24.84,22.80,884000
Nov 16 2012,24.02,24.22,23.92,24.19,22.21,984400
Nov 15 2012,24.02,24.34,23.92,24.03,22.06,769800
Nov 14 2012,24.54,24.56,23.94,24.05,22.08,1002000
Nov 13 2012,24.63,25.00,24.53,24.53,22.52,704700
Nov 12 2012,24.78,24.91,24.38,24.76,22.73,966600
Nov 09 2012,24.87,25.06,24.68,24.71,22.68,1445600
Nov 08 2012,25.24,25.41,24.91,24.92,22.88,1120100
Nov 07 2012,25.77,25.96,25.29,25.31,23.23,1158000
Nov 06 2012,26.01,26.14,25.87,26.05,23.91,1512100
Nov 05 2012,25.63,26.14,25.61,26.00,23.87,1349600
Nov 02 2012,25.60,26.12,25.38,25.63,23.53,1503900
Nov 01 2012,24.34,25.49,24.26,25.40,23.32,1534900
Oct 31 2012,24.11,24.55,23.70,24.26,22.27,1763600
Oct 26 2012,23.74,24.05,23.52,23.59,21.66,1096300
Oct 25 2012,23.66,24.03,23.59,23.71,21.77,1296100
Oct 24 2012,24.30,24.30,23.41,23.44,21.52,1154600
Oct 23 2012,23.99,24.23,23.79,24.20,22.22,1365300
Oct 22 2012,24.22,24.32,23.85,24.29,22.30,771400
Oct 19 2012,24.59,24.59,23.90,24.22,22.23,1757500
Oct 18 2012,24.68,24.72,24.13,24.64,22.62,1419600
Oct 16 2012,24.83,25.43,24.61,25.37,23.20,881300
Oct 15 2012,24.68,24.83,24.34,24.73,22.61,620800
Oct 12 2012,24.59,24.88,24.52,24.61,22.50,1001800
Oct 11 2012,24.70,24.78,24.27,24.32,22.24,832900
Oct 10 2012,24.77,24.84,24.47,24.56,22.45,717600
Oct 09 2012,25.12,25.17,24.75,24.79,22.67,920100
Oct 08 2012,25.07,25.14,24.90,25.11,22.96,434200
Oct 05 2012,25.32,25.49,25.03,25.14,22.99,717000
Oct 04 2012,25.15,25.28,24.98,25.15,22.99,903800
Oct 03 2012,25.35,25.35,24.90,25.02,22.88,887000
Oct 02 2012,25.29,25.49,25.06,25.25,23.09,1068500
Oct 01 2012,25.25,25.50,24.84,25.24,23.08,1838000
Sep 28 2012,25.17,25.34,24.99,25.15,22.99,1537800
Sep 27 2012,25.14,25.50,24.97,25.30,23.13,944500
Sep 26 2012,25.44,25.53,24.81,24.98,22.84,1355000
Sep 25 2012,25.55,25.71,25.40,25.41,23.23,1661700
Sep 24 2012,25.30,25.59,25.26,25.50,23.31,919800
Sep 21 2012,25.70,25.78,25.36,25.44,23.26,1292900
Sep 20 2012,25.68,25.92,25.25,25.60,23.41,1498300
Sep 19 2012,25.66,26.00,25.58,25.98,23.75,1004500
Sep 18 2012,25.26,25.71,25.22,25.71,23.51,1182400
Sep 17 2012,25.57,25.59,25.11,25.34,23.17,799300
Sep 14 2012,25.38,25.68,25.31,25.57,23.38,1722500
Sep 13 2012,25.06,25.45,24.80,25.36,23.19,754700
Sep 12 2012,25.40,25.47,24.82,25.00,22.86,789000
Sep 11 2012,24.63,25.47,24.57,25.38,23.20,985400
Sep 10 2012,24.87,25.00,24.57,24.58,22.47,864400
Sep 07 2012,25.49,25.51,24.87,25.10,22.95,627600
Sep 06 2012,24.31,24.97,24.30,24.97,22.83,689400
Sep 05 2012,24.04,24.23,23.91,24.07,22.01,1199600
Sep 04 2012,24.23,24.24,23.81,24.00,21.94,915000
Aug 31 2012,24.33,24.33,23.94,24.29,22.21,1153800
Aug 30 2012,23.88,24.19,23.85,24.09,22.03,503100
Aug 29 2012,24.07,24.15,23.88,24.01,21.95,597700
Aug 28 2012,23.93,24.57,23.93,24.05,21.99,517400
Aug 27 2012,24.67,24.68,24.11,24.14,22.07,662900
Aug 24 2012,24.58,24.72,24.35,24.50,22.40,581300
Aug 23 2012,24.97,25.11,24.53,24.63,22.52,630900
Aug 21 2012,25.40,25.71,25.20,25.20,22.95,608600
Aug 20 2012,25.30,25.40,25.06,25.29,23.03,710600
Aug 17 2012,24.95,25.19,24.89,25.14,22.89,718700
Aug 16 2012,24.25,25.06,24.25,24.94,22.71,942100
Aug 15 2012,24.03,24.29,23.94,24.29,22.12,475700
Aug 14 2012,24.67,24.82,23.96,24.06,21.91,609400
Aug 13 2012,24.44,24.67,24.27,24.51,22.32,330100
Aug 10 2012,24.36,24.72,24.26,24.46,22.27,627400
Aug 09 2012,24.21,24.64,24.09,24.47,22.28,470700
Aug 08 2012,24.10,24.23,23.90,24.15,21.99,488300
Aug 07 2012,24.24,24.27,24.08,24.24,22.07,678300
Aug 06 2012,24.11,24.25,23.83,24.13,21.97,701900
Aug 03 2012,23.65,24.15,23.65,24.03,21.88,1228700
Aug 02 2012,23.38,23.71,22.43,23.57,21.46,1850800
Aug 01 2012,24.06,24.19,23.54,23.90,21.76,1666500
Jul 31 2012,24.17,24.22,23.95,23.98,21.84,631500
Jul 30 2012,24.17,24.28,24.01,24.20,22.04,626300
Jul 27 2012,23.92,24.29,23.76,24.20,22.04,810700
Jul 26 2012,24.25,24.25,23.69,23.73,21.61,1402200
Jul 25 2012,23.72,23.99,23.52,23.91,21.77,568800
Jul 24 2012,23.82,23.95,23.37,23.59,21.48,790900
Jul 23 2012,23.41,24.00,23.31,23.88,21.74,660800
Jul 20 2012,23.93,24.21,23.72,23.79,21.66,570900
Jul 19 2012,23.96,24.16,23.66,24.12,21.96,689600
Jul 18 2012,23.52,24.07,23.52,23.93,21.79,684800
Jul 17 2012,23.35,23.68,23.19,23.65,21.54,1377700
Jul 16 2012,23.24,23.48,23.00,23.16,21.09,990600
Jul 13 2012,23.23,23.85,23.22,23.31,21.23,1232600
Jul 12 2012,23.71,23.71,23.17,23.18,21.11,1070500
Jul 11 2012,24.35,24.35,23.30,23.93,21.79,1620500
Jul 10 2012,25.09,25.45,24.28,24.36,22.18,916200
Jul 09 2012,25.09,25.25,24.77,25.00,22.76,692700
Jul 06 2012,25.22,25.50,25.15,25.20,22.95,433100
Jul 05 2012,25.55,25.70,25.33,25.53,23.25,620100
Jul 03 2012,24.99,25.68,24.94,25.68,23.38,324900
Jul 02 2012,25.27,25.46,24.90,25.04,22.80,708700
Jun 29 2012,25.28,25.51,25.03,25.17,22.92,1590300
Jun 28 2012,23.60,24.61,23.02,24.59,22.39,1942900
Jun 27 2012,24.02,24.35,23.85,24.29,22.12,1045100
Jun 26 2012,23.62,24.07,23.48,23.92,21.78,1163900
Jun 25 2012,23.70,23.79,23.21,23.61,21.50,1097600
Jun 22 2012,24.39,24.39,23.89,24.02,21.87,1268800
Jun 21 2012,25.17,25.45,24.27,24.28,22.11,1418600
Jun 20 2012,25.03,25.05,24.49,24.72,22.51,1123100
Jun 19 2012,25.25,25.60,25.05,25.08,22.84,1441400
Jun 18 2012,25.21,25.28,24.95,25.13,22.88,860500
Jun 15 2012,25.14,25.43,24.92,25.32,23.06,3023700
Jun 14 2012,25.21,25.25,24.92,25.00,22.76,1478400
Jun 13 2012,25.34,25.50,25.07,25.17,22.92,891300
Jun 12 2012,25.50,25.67,25.35,25.58,23.29,1222700
Jun 11 2012,26.29,26.33,25.45,25.51,23.23,816100
Jun 08 2012,25.71,26.09,25.32,25.92,23.60,862300
Jun 07 2012,26.63,26.63,25.59,25.74,23.44,802100
Jun 06 2012,24.89,25.49,24.89,25.49,23.21,553800
Jun 05 2012,24.38,24.66,23.94,24.58,22.38,499600
Jun 04 2012,24.48,24.55,24.03,24.51,22.32,643400
Jun 01 2012,24.71,25.03,24.45,24.48,22.29,1379300
May 31 2012,25.54,25.55,24.97,25.33,23.07,1021600
May 30 2012,25.46,25.84,25.27,25.45,23.17,591900
May 29 2012,25.79,26.34,25.74,25.89,23.58,801000
May 25 2012,26.19,26.31,25.61,25.65,23.36,677800
May 24 2012,25.94,26.14,25.77,26.14,23.80,528800
May 23 2012,25.36,25.79,24.83,25.79,23.48,1252500
May 22 2012,25.47,25.85,25.37,25.59,23.30,957900
May 21 2012,24.78,25.51,24.69,25.34,23.07,1096700
May 18 2012,24.42,24.87,24.42,24.67,22.46,994800
May 17 2012,25.34,25.36,24.42,24.42,22.24,1455900
May 15 2012,25.38,25.57,25.17,25.21,22.86,565500
May 14 2012,25.83,26.05,25.43,25.43,23.06,567200
May 11 2012,26.00,26.47,25.92,26.03,23.61,625800
May 10 2012,26.30,26.56,26.05,26.14,23.71,701500
May 09 2012,25.91,26.39,25.61,26.13,23.70,923400
May 08 2012,26.10,26.44,25.65,26.36,23.91,925900
May 07 2012,26.39,26.64,26.13,26.21,23.77,995000
May 04 2012,27.30,27.30,26.45,26.45,23.99,870000
May 03 2012,27.69,27.72,27.05,27.30,24.76,990000
May 02 2012,27.45,27.95,27.40,27.76,25.18,835000
May 01 2012,27.91,28.32,27.58,27.66,25.09,638900
Apr 30 2012,28.32,28.32,27.81,27.88,25.29,364000
Apr 27 2012,28.14,28.52,28.14,28.38,25.74,642700
Apr 26 2012,27.64,28.10,27.63,28.10,25.49,459100
Apr 25 2012,27.34,27.81,27.34,27.70,25.12,569600
Apr 24 2012,26.95,27.50,26.90,27.10,24.58,518100
Apr 23 2012,27.06,27.06,26.52,26.89,24.39,556500
Apr 20 2012,27.18,27.64,27.07,27.36,24.81,807500
Apr 19 2012,27.61,27.97,26.90,27.10,24.58,1061300
Apr 18 2012,27.12,27.73,27.04,27.65,25.08,1118700
Apr 17 2012,27.29,27.31,26.85,27.20,24.67,540600
Apr 16 2012,27.11,27.30,26.50,26.90,24.40,850400
Apr 13 2012,27.10,27.21,26.79,26.83,24.33,492700
Apr 12 2012,26.91,27.39,26.87,27.32,24.78,646500
Apr 11 2012,27.19,27.30,26.83,27.00,24.49,810200
Apr 10 2012,27.24,27.34,26.58,26.94,24.43,909900
Apr 09 2012,27.47,27.55,27.20,27.36,24.81,495500
Apr 05 2012,27.75,28.23,27.75,27.97,25.37,477500
Apr 04 2012,27.91,27.94,27.58,27.80,25.21,1070400
Apr 03 2012,28.33,28.55,27.93,28.25,25.62,1034300
Apr 02 2012,27.71,28.35,27.70,28.32,25.68,817100
Mar 30 2012,27.83,27.86,27.40,27.75,25.17,1310900
Mar 29 2012,27.81,27.81,27.25,27.66,25.09,855500
Mar 28 2012,27.96,28.11,27.54,27.96,25.36,918000
Mar 27 2012,27.92,28.02,27.61,27.99,25.39,601000
Mar 26 2012,27.37,27.86,27.37,27.85,25.26,642100
Mar 23 2012,27.37,27.37,27.06,27.20,24.67,519500
Mar 22 2012,27.12,27.37,26.98,27.22,24.69,665800
Mar 21 2012,27.30,27.56,27.25,27.33,24.79,872000
Mar 20 2012,27.85,27.92,27.08,27.31,24.77,993200
Mar 19 2012,28.21,28.50,27.88,27.94,25.34,796500
Mar 16 2012,28.74,28.87,28.17,28.19,25.57,903100
Mar 15 2012,28.39,28.84,28.06,28.73,26.06,689200
Mar 14 2012,28.41,28.48,28.20,28.36,25.72,1183100
Mar 13 2012,27.64,28.44,27.64,28.42,25.78,861600
Mar 12 2012,27.38,27.63,27.26,27.53,24.97,879800
Mar 09 2012,26.57,27.36,26.53,27.25,24.71,719500
Mar 08 2012,26.30,26.70,25.97,26.62,24.14,894800
Mar 07 2012,26.09,26.30,25.74,26.21,23.77,933200
Mar 06 2012,25.95,26.02,25.39,25.85,23.44,1334200
Mar 05 2012,26.60,26.70,26.04,26.22,23.78,1339800
Mar 02 2012,26.37,26.95,26.37,26.60,24.12,1594900
Mar 01 2012,26.03,26.73,25.79,26.69,24.21,1801400
Feb 28 2012,27.24,27.24,26.12,26.84,24.25,3443900
Feb 27 2012,27.10,27.40,26.87,27.36,24.72,1429000
Feb 24 2012,27.89,27.94,27.24,27.26,24.63,827900
Feb 23 2012,27.52,27.83,27.30,27.78,25.10,335900
Feb 22 2012,27.66,28.06,27.48,27.53,24.87,467500
Feb 21 2012,27.66,28.12,27.51,27.82,25.13,753500
Feb 17 2012,27.26,27.63,27.17,27.59,24.93,583500
Feb 16 2012,27.02,27.32,26.96,27.15,24.53,639700
Feb 15 2012,26.97,27.11,26.87,27.00,24.39,1071300
Feb 14 2012,26.90,27.21,26.82,26.92,24.32,926400
Feb 13 2012,27.35,27.35,26.83,27.03,24.42,638900
Feb 10 2012,26.96,27.13,26.83,27.07,24.46,527300
Feb 09 2012,27.35,27.40,26.91,27.13,24.51,721500
Feb 08 2012,27.16,27.39,26.80,27.39,24.74,737900
Feb 07 2012,26.70,27.35,26.53,27.22,24.59,963800
Feb 06 2012,26.90,27.12,26.64,26.78,24.19,655100
Feb 03 2012,26.96,27.08,26.57,27.03,24.42,719800
Feb 02 2012,26.86,26.99,26.62,26.65,24.08,715200
Feb 01 2012,26.02,26.85,25.92,26.82,24.23,816600
Jan 31 2012,26.11,26.25,25.65,25.91,23.41,792700
Jan 30 2012,25.65,25.96,25.50,25.92,23.42,475300
Jan 27 2012,25.61,25.98,25.61,25.81,23.32,685900
Jan 26 2012,26.68,26.85,25.76,25.94,23.43,850000
Jan 25 2012,26.04,26.63,25.82,26.60,24.03,881800
Jan 24 2012,25.69,26.21,25.60,26.14,23.62,761400
Jan 23 2012,26.45,26.60,25.56,25.75,23.26,842800
Jan 20 2012,26.62,26.68,26.30,26.36,23.81,1014900
Jan 19 2012,27.00,27.29,26.44,26.62,24.05,838000
Jan 18 2012,25.51,27.04,25.43,26.99,24.38,1453700
Jan 17 2012,25.90,26.28,25.59,25.63,23.15,465400
Jan 13 2012,25.45,25.68,25.34,25.63,23.15,886200
Jan 12 2012,26.08,26.14,25.68,25.70,23.22,709300
Jan 11 2012,25.46,26.26,25.39,26.06,23.54,1066300
Jan 10 2012,25.46,25.70,25.25,25.58,23.11,1048300
Jan 09 2012,25.16,25.42,24.82,25.27,22.83,558700
Jan 06 2012,25.54,25.62,25.12,25.17,22.74,524400
Jan 05 2012,25.78,25.81,24.87,25.60,23.13,2270700
Jan 04 2012,25.07,26.07,24.84,25.97,23.46,1391900
Jan 03 2012,26.02,26.43,25.07,25.14,22.71,1059100
Dec 30 2011,25.99,25.99,25.14,25.69,23.21,1169700
Dec 29 2011,25.67,26.46,25.50,25.95,23.44,3975200
Dec 28 2011,25.11,25.76,25.11,25.56,23.09,917700
Dec 27 2011,24.84,25.05,24.47,25.05,22.63,664400
Dec 23 2011,24.83,25.16,24.70,24.91,22.50,575000
Dec 22 2011,25.07,25.65,24.80,24.83,22.43,971100
Dec 21 2011,24.45,25.03,24.02,24.92,22.51,2177400
Dec 20 2011,24.59,24.72,23.96,24.31,21.96,1190000
Dec 19 2011,24.67,24.86,24.15,24.25,21.91,1107200
Dec 16 2011,24.14,24.94,24.01,24.67,22.29,2925700
Dec 15 2011,23.55,24.06,23.44,23.92,21.61,1074900
Dec 14 2011,23.60,23.60,22.93,23.41,21.15,1736000
Dec 13 2011,24.02,24.45,23.71,23.85,21.55,1652500
Dec 12 2011,23.95,24.19,23.24,23.92,21.61,1213400
Dec 09 2011,24.07,24.46,23.96,24.35,22.00,549800
Dec 08 2011,24.45,24.55,23.80,23.88,21.57,938700
Dec 07 2011,24.72,24.83,23.86,24.57,22.20,951200
Dec 06 2011,25.02,25.07,24.51,24.83,22.43,662800
Dec 05 2011,24.57,25.15,24.41,25.09,22.67,930900
Dec 02 2011,25.48,25.48,24.22,24.25,21.91,1208900
Dec 01 2011,23.81,24.36,23.65,24.27,21.93,1046700
Nov 30 2011,24.06,24.20,23.33,23.90,21.59,2320800
Nov 29 2011,23.51,23.60,23.17,23.27,21.02,1222400
Nov 28 2011,23.66,24.18,23.14,23.49,21.22,1567300
Nov 25 2011,23.45,23.45,22.88,23.00,20.78,991100
Nov 23 2011,23.27,23.75,22.88,23.68,21.39,1009700
Nov 22 2011,25.02,26.14,22.67,23.63,21.35,2126400
Nov 21 2011,23.70,23.81,23.34,23.62,21.34,1282100
Nov 18 2011,23.88,24.14,23.72,23.93,21.62,1426200
Nov 17 2011,24.00,24.19,23.66,23.85,21.55,1279200
Nov 16 2011,23.95,24.60,23.78,24.12,21.79,1804600
Nov 15 2011,23.94,24.37,23.82,23.99,21.67,1657700
Nov 14 2011,23.58,24.10,23.49,23.93,21.62,1339000
Nov 10 2011,24.48,24.71,23.52,23.65,21.28,1166000
Nov 09 2011,24.35,25.00,23.84,23.89,21.49,1570900
Nov 08 2011,25.10,25.35,24.76,24.94,22.44,2024100
Nov 07 2011,24.91,25.48,24.37,24.60,22.13,2703500
Nov 04 2011,26.17,26.59,24.88,25.19,22.66,1923300
Nov 03 2011,26.94,27.07,26.38,26.39,23.74,1615000
Nov 02 2011,27.40,27.40,25.79,26.62,23.95,2476700
Nov 01 2011,25.60,28.28,25.15,27.31,24.57,6095200
Oct 31 2011,26.25,26.74,25.25,26.74,24.05,15106000
Oct 28 2011,25.50,25.82,25.25,25.82,23.23,584700
Oct 27 2011,25.25,25.95,25.25,25.62,23.05,405400
Oct 26 2011,26.09,26.09,24.86,25.02,22.51,657300
Oct 25 2011,25.88,26.08,25.00,25.75,23.16,546800
Oct 24 2011,25.50,25.85,25.50,25.77,23.18,371300
Oct 21 2011,25.00,25.75,24.95,25.54,22.98,1764500
Oct 20 2011,24.80,25.03,24.33,24.75,22.26,549700
Oct 19 2011,25.25,25.35,24.75,24.75,22.26,722200
Oct 18 2011,25.06,25.36,24.90,25.24,22.71,423500
Oct 17 2011,25.50,25.80,25.16,25.16,22.63,583400
Oct 14 2011,24.36,25.49,24.36,25.35,22.80,402600

